id,movie_title,y_true,y_image_pred
rw1668379,Mission: Impossible (1966–1973),4.0,3.382433668801464
rw0704620,The Matrix Reloaded (2003),4.0,3.3733989021043
rw0481138,Star Wars: Episode I - The Phantom Menace (1999),3.0,3.3733989021043
rw2350502,The Mask of Zorro (1998),5.0,3.3865507776761206
rw5075161,Ambili (2019),5.0,3.3865507776761206
rw3809975,Mother! (2017),1.0,3.3865507776761206
rw3054540,"Sinbad, the Sailor (1947)",3.5,3.382433668801464
rw4144651,Avengers: Infinity War (2018),4.0,3.382433668801464
rw2682263,Upside Down (I) (2012),4.0,3.380832570905764
rw1072383,Pearl Harbor (2001),1.0,3.3865507776761206
rw1507820,Stormbreaker (2006),4.0,3.3733989021043
rw3441405,Sahara (I) (1943),3.5,3.3733989021043
rw3701319,The Beast of Hollow Mountain (1956),3.0,3.380832570905764
rw4235288,Star Trek: Voyager (1995–2001),4.5,3.3733989021043
rw1778781,White Dog (1982),3.5,3.39535681610247
rw4285422,Their Purple Moment (1928),3.0,3.380832570905764
rw2486516,Fright Night (2011),4.0,3.3865507776761206
rw2452468,Contract Killers (2008),4.0,3.380832570905764
rw0510926,The Matrix (1999),4.0,3.3733989021043
rw3595309,Vertigo (1958),4.0,3.39535681610247
rw5424977,Cats (2019),0.5,3.3733989021043
rw4431432,Snoopy Come Home (1972),4.0,3.3733989021043
rw5610960,Incendies (2010),2.0,3.382433668801464
rw6192864,Tremors: Shrieker Island (2020 Video),3.0,3.380832570905764
rw4906305,The Man in the Iron Mask (1939),1.5,3.39535681610247
rw3827518,Jay and Silent Bob Strike Back (2001),5.0,3.39535681610247
rw1940123,An American Crime (2007),3.0,3.380832570905764
rw4458032,Person of Interest (2011–2016),4.0,3.3733989021043
rw4576899,The Falling (2014),3.0,3.3733989021043
rw1552238,Joseph and the Amazing Technicolor Dreamcoat (1999 Video),3.5,3.380832570905764
rw2953735,The Counselor (2013),0.5,3.39535681610247
rw2434791,Surveillance (I) (2008),1.5,3.39535681610247
rw5064992,Crawl (I) (2019),3.5,3.39535681610247
rw0989173,Funeral Home (1980),2.0,3.380832570905764
rw5932054,Warpath (2020),1.5,3.3865507776761206
rw1989291,Hancock (2008),0.5,3.3733989021043
rw2389529,Cousin cousine (1975),2.0,3.3733989021043
rw0001585,The Heart of Texas Ryan (1917),5.0,3.380832570905764
rw0034701,Lonesome Lenny (1946),5.0,3.3733989021043
rw2787063,Thor (2011),4.0,3.382433668801464
rw1141336,Stranger Than Paradise (1984),0.5,3.3733989021043
rw5707404,Mrs. Serial Killer (2020),4.0,3.382433668801464
rw3209061,Western Mail (1942),4.5,3.3733989021043
rw5702779,Ex Machina (2014),4.0,3.380832570905764
rw3733461,American Flyers (1985),3.5,3.380832570905764
rw6007269,Promised (2019),5.0,3.39535681610247
rw4881364,Nonsense (2018),4.5,3.3733989021043
rw0577133,Ghost Dog: The Way of the Samurai (1999),3.5,3.380832570905764
rw2331408,Robin Hood (2010),2.5,3.382433668801464
rw5597159,The Drone (2019),1.5,3.3733989021043
rw3823038,The Bad Batch (2016),2.0,3.3733989021043
rw1234514,"The Chronicles of Narnia: The Lion, the Witch and the Wardrobe (2005)",5.0,3.39535681610247
rw3149615,American Guinea Pig: Bouquet of Guts and Gore (2014),5.0,3.39535681610247
rw5483444,Band of the Hand (1986),2.5,3.3733989021043
rw3734261,Beauty and the Beast (I) (2017),5.0,3.3865507776761206
rw6109568,The Scapegoat (1959),2.5,3.3865507776761206
rw5680677,Spirited Away (2001),3.0,3.39535681610247
rw2586273,The Thomas Crown Affair (1999),3.5,3.3733989021043
rw3683843,Quo vado? (2016),3.5,3.382433668801464
rw3313449,War Room (2015),5.0,3.382433668801464
rw1846318,Play Dead (1983),1.0,3.3733989021043
rw5710334,Love & Mercy (2014),2.5,3.380832570905764
rw1792133,Life as a House (2001),4.0,3.39535681610247
rw5743435,Forbidden Planet (1956),3.5,3.380832570905764
rw3877042,Eye See You (2002),1.5,3.3865507776761206
rw6018527,Greyhound (2020),3.0,3.380832570905764
rw5266596,Hollywood Vice Squad (1986),3.5,3.3865507776761206
rw4990199,Aziz Ansari: Right Now (2019 TV Special),3.5,3.382433668801464
rw6450596,Alice in Wonderland (1966 TV Movie),4.0,3.39535681610247
rw3324500,Standing on the Shoulders of Kubrick: The Legacy of 2001 (2007 Video),2.0,3.380832570905764
rw4666236,Alita: Battle Angel (2019),4.5,3.380832570905764
rw6201224,Batman: Mask of the Phantasm (1993),4.0,3.3733989021043
rw6357668,Underworld: Blood Wars (2016),0.5,3.3733989021043
rw4351444,College Romance (2018– ),5.0,3.39535681610247
rw5883263,Hold the Dark (2018),0.5,3.3733989021043
rw1424814,Lady in the Water (2006),4.0,3.39535681610247
rw4794492,The Village (2004),4.0,3.382433668801464
rw3775567,The Guest Book (2017–2018),5.0,3.3865507776761206
rw1251957,Nobody Knows (2004),2.5,3.382433668801464
rw4577912,The Accidental Prime Minister (2019),5.0,3.380832570905764
rw3494730,Dying of the Light (2014),2.0,3.380832570905764
rw1346430,La niña de la mochila azul (1979),3.5,3.39535681610247
rw2867447,This Is the End (2013),0.5,3.382433668801464
rw0030514,Henry V (1944),4.0,3.3733989021043
rw0058555,The Man Who Knew Too Much (1956),3.0,3.380832570905764
rw1751803,The Shadow (1940),3.0,3.3733989021043
rw0450534,Enemy of the State (1998),5.0,3.382433668801464
rw1552439,The Pursuit of Happyness (2006),5.0,3.382433668801464
rw6139005,The Mentalist (2008–2015),5.0,3.380832570905764
rw2577648,Paan Singh Tomar (2012),5.0,3.3733989021043
rw4278264,Interstellar (2014),5.0,3.380832570905764
rw6107628,Witness for the Prosecution (1982 TV Movie),3.5,3.382433668801464
rw0627489,The Blair Witch Project (1999),4.0,3.39535681610247
rw2478675,Assassin's Creed (2007 Video Game),5.0,3.380832570905764
rw6377744,Fishtales (2007),1.5,3.3865507776761206
rw5811617,Fifty Shades of Grey (2015),5.0,3.380832570905764
rw0960897,Kung Pow: Enter the Fist (2002),5.0,3.39535681610247
rw5317571,Tall Girl (2019),0.5,3.382433668801464
rw4727414,Badla (2019),1.5,3.3865507776761206
rw4877476,Baby (I) (2015),4.5,3.39535681610247
rw5780311,The Last Dance (2020),4.0,3.380832570905764
rw5598316,Dia (2020),4.5,3.3733989021043
rw5175387,The Other End of the Line (2008),4.5,3.380832570905764
rw4574764,Do You Trust This Computer? (2018),5.0,3.39535681610247
rw6222270,Leaving D.C. (2012),3.0,3.382433668801464
rw0668451,Ginger Snaps (2000),4.0,3.3733989021043
rw0789924,Crossroads (I) (2002),4.0,3.380832570905764
rw3748276,Snowfall (2017– ),4.0,3.380832570905764
rw1551006,Holiday (1938),4.5,3.39535681610247
rw4339744,Bleach (2018),4.0,3.380832570905764
rw2556535,Take Shelter (2011),4.0,3.3733989021043
rw6444544,Good Time (2017),4.5,3.39535681610247
rw3543005,Night in Paradise (1946),3.5,3.39535681610247
rw0325642,Much Ado About Nothing (1993),5.0,3.39535681610247
rw4005228,Equity (I) (2016),3.0,3.3865507776761206
rw6245111,The Shack (I) (2017),5.0,3.3733989021043
rw4939993,For The People (2018–2019),1.5,3.3865507776761206
rw0495577,Shrek (2001),4.5,3.3865507776761206
rw5184959,The Art of Self-Defense (2019),3.5,3.382433668801464
rw1884218,Arroseur et arrosé (1896),3.0,3.3865507776761206
rw0983249,Basic (2003),1.0,3.39535681610247
rw4863663,Ride (III) (2018),2.0,3.380832570905764
rw2350425,Louis Sullivan: the Struggle for American Architecture (2010),5.0,3.39535681610247
rw2575921,Watch on the Rhine (1943),3.5,3.382433668801464
rw4714701,The Order (2019–2020),5.0,3.39535681610247
rw3506419,Boot Camp (2008),2.0,3.3865507776761206
rw4548380,Insidious: The Last Key (2018),3.5,3.3865507776761206
rw4273335,The Room (2003),5.0,3.3865507776761206
rw5170345,Baba Yaga (1973),1.0,3.3733989021043
rw1827367,Annabelle's Affairs (1931),4.0,3.3733989021043
rw2147318,Infestation (2009),3.0,3.3865507776761206
rw2491614,Sanctum (2011),0.5,3.382433668801464
rw1876194,The Forbidden Kingdom (2008),4.5,3.380832570905764
rw2245208,Stepping Out (1991),1.5,3.3865507776761206
rw3799369,King Arthur: Legend of the Sword (2017),3.5,3.39535681610247
rw0229518,Aliens (1986),4.0,3.380832570905764
rw3001610,The Skeleton Key (2005),4.5,3.39535681610247
rw3559176,Lights Out (II) (2016),4.0,3.3865507776761206
rw0980290,The Perfect Pitch (2002 TV Short),5.0,3.39535681610247
rw5125739,Mission Over Mars (2019– ),5.0,3.39535681610247
rw2601383,Wolf (1994),3.0,3.3733989021043
rw2542040,A Gifted Man (2011–2012),5.0,3.382433668801464
rw1854242,Conversations with Other Women (2005),3.5,3.3733989021043
rw2425778,Tere Bin Laden (2010),3.0,3.3865507776761206
rw5521089,Ford v Ferrari (2019),3.5,3.380832570905764
rw0853625,Cradle 2 the Grave (2003),0.5,3.3733989021043
rw2850332,The Fosters (2013–2018),4.0,3.3865507776761206
rw4618317,The 5th Wave (2016),2.0,3.382433668801464
rw3127142,Love Is Strange (2014),3.5,3.3733989021043
rw3361158,Dick Tracy (1990),4.0,3.380832570905764
rw2965291,Rock 'n' Roll High School (1979),3.0,3.39535681610247
rw3557817,Turkey Shoot (1982),3.0,3.380832570905764
rw4341450,The Red Pill (2016),3.5,3.39535681610247
rw0828919,The Rules of Attraction (2002),3.5,3.3733989021043
rw2123484,A Double Life (1947),4.5,3.3865507776761206
rw2376444,Akira (1988),5.0,3.382433668801464
rw3234271,Avengers: Age of Ultron (2015),4.0,3.39535681610247
rw6289910,Merry In-Laws (2012 TV Movie),4.0,3.380832570905764
rw2255505,Reality Bites (1994),1.0,3.3733989021043
rw5978361,Little Voice (2020– ),4.5,3.3733989021043
rw2002203,American Gangster (2007),4.0,3.3865507776761206
rw2429807,As Tears Go By (1988),4.0,3.3865507776761206
rw4573648,Roma (2018),4.0,3.382433668801464
rw5931696,Dil Bechara (2020),5.0,3.382433668801464
rw5037750,We Belong Together (2018),0.5,3.3865507776761206
rw4164600,The Man from U.N.C.L.E. (2015),3.0,3.3733989021043
rw5889832,Escape from New York (1981),3.5,3.39535681610247
rw4837924,Chernobyl (2019),5.0,3.380832570905764
rw1899749,Limbo (II) (2004),5.0,3.380832570905764
rw2522633,North by Northwest (1959),4.0,3.39535681610247
rw5754736,Alien (1979),5.0,3.39535681610247
rw0504469,Dinosaur (2000),3.5,3.3733989021043
rw1395413,Mozart and the Whale (2005),1.0,3.382433668801464
rw5415810,Raatchasan (2018),5.0,3.382433668801464
rw3631486,Woman of Straw (1964),3.5,3.39535681610247
rw3417071,Eddie the Eagle (2015),5.0,3.39535681610247
rw0184808,Excalibur (1981),4.5,3.382433668801464
rw1129747,Dinner Rush (2000),4.5,3.380832570905764
rw2558860,Apocalypse (2011),3.5,3.382433668801464
rw0183619,Conan the Barbarian (1982),4.5,3.380832570905764
rw4774034,Serpent (2017),1.5,3.39535681610247
rw3282112,Terminator Genisys (2015),3.5,3.380832570905764
rw4186510,The Place (2017),2.0,3.382433668801464
rw0467787,Pushing Tin (1999),2.5,3.380832570905764
rw2715665,Memorial Day (2012),5.0,3.380832570905764
rw3536038,Badlapur (2015),3.0,3.3733989021043
rw2220798,Butterfly on a Wheel (2007),3.5,3.3733989021043
rw0479393,Fantasia 2000 (1999),5.0,3.382433668801464
rw1053190,Shadow of the Thin Man (1941),3.5,3.39535681610247
rw5754587,Rim of the World (2019),4.5,3.3865507776761206
rw1302445,Dogville (2003),5.0,3.3865507776761206
rw2108866,The Awful Truth (1937),1.5,3.39535681610247
rw3335668,The Ouija Exorcism (2015),1.0,3.39535681610247
rw6261562,Ludo (2020),0.5,3.382433668801464
rw2967922,Zoolander (2001),1.5,3.39535681610247
rw2058126,Unstable (2009 TV Movie),4.0,3.39535681610247
rw1940366,Nim's Island (2008),3.5,3.39535681610247
rw3632104,Show Girl in Hollywood (1930),3.0,3.3865507776761206
rw6161156,I Still See You (2018),3.0,3.39535681610247
rw3543917,Anthropoid (2016),4.0,3.380832570905764
rw4104300,Verónica (I) (2017),0.5,3.3865507776761206
rw2567496,Grimm (2011–2017),2.0,3.3865507776761206
rw6135388,Unknown Origins (2020),3.0,3.3865507776761206
rw2746318,Annie Oakley (1894),3.5,3.380832570905764
rw5313390,鋒迴路轉 (2019),1.5,3.382433668801464
rw5062610,When They See Us (2019),1.5,3.39535681610247
rw1086579,Star Wars: Episode III - Revenge of the Sith (2005),5.0,3.3865507776761206
rw0655407,Sexy Beast (2000),4.0,3.3733989021043
rw4318272,Jack Ryan (2018– ),4.5,3.39535681610247
rw4027939,Modern Family (2009–2020),5.0,3.382433668801464
rw1041150,Heaven Can Wait (1943),4.0,3.380832570905764
rw4542762,Amityville: The Awakening (2017),4.5,3.39535681610247
rw1815864,All the King's Men (1949),5.0,3.382433668801464
rw3540622,Your Name. (2016),5.0,3.3733989021043
rw4186664,Game of Thrones (2011–2019),4.5,3.39535681610247
rw1790911,Sweeney Todd: The Demon Barber of Fleet Street (2007),4.0,3.3733989021043
rw2844831,Michael Clayton (2007),5.0,3.3733989021043
rw5896733,Greyhound (2020),4.0,3.39535681610247
rw2455131,Rubber (2010),0.5,3.39535681610247
rw2853993,United (I) (2011),2.5,3.380832570905764
rw3115116,Reign (2013–2017),3.5,3.39535681610247
rw5344354,Togo (2019),4.5,3.380832570905764
rw3497582,Tremors (1990),5.0,3.382433668801464
rw5601145,Matrimony's Speed Limit (1913),3.5,3.3865507776761206
rw6112280,One Night in Bangkok (2020),0.5,3.3865507776761206
rw5397200,Death in Paradise (2011– ),4.0,3.3865507776761206
rw4960103,Dark (2017–2020),4.0,3.382433668801464
rw0587758,The Sixth Sense (1999),5.0,3.380832570905764
rw1858991,Tara Road (2005),3.0,3.380832570905764
rw5848724,Underwater (2020),2.0,3.39535681610247
rw5729788,Person of Interest (2011–2016),5.0,3.380832570905764
rw2263562,Splice (2009),1.5,3.382433668801464
rw0589629,Pirates of Silicon Valley (1999 TV Movie),4.0,3.3865507776761206
rw5053294,Magnum P.I. (2018– ),4.0,3.380832570905764
rw2236237,Ronin (1998),5.0,3.382433668801464
rw1530789,Bloodsport III (1996 Video),3.5,3.3865507776761206
rw0712788,Mimic 2 (2001 Video),3.5,3.3733989021043
rw0366113,Last of the Dogmen (1995),4.5,3.382433668801464
rw5711310,The Manxman (1929),3.0,3.380832570905764
rw1636805,Nobi (1959),5.0,3.380832570905764
rw1687901,Zoom (2006),2.0,3.380832570905764
rw5797805,The Expanse (2015– ),5.0,3.3865507776761206
rw3610796,The Girl with All the Gifts (2016),4.5,3.3865507776761206
rw2718501,異形奇花 (1986),4.0,3.382433668801464
rw4425085,Werewolf in a Girls' Dormitory (1961),2.0,3.3733989021043
rw3677852,Unleashed (I) (2016),5.0,3.380832570905764
rw2197046,六壯士 (1961),4.0,3.382433668801464
rw0295623,JFK (1991),5.0,3.39535681610247
rw0416124,The Fifth Element (1997),5.0,3.380832570905764
rw2194764,阿凡達 (2009),5.0,3.3865507776761206
rw4067235,Hell House LLC (2015),5.0,3.3733989021043
rw2164683,2012 (I) (2009),0.5,3.380832570905764
rw5327815,Wendigo (2001),2.0,3.380832570905764
rw1044103,Hero (2002),4.5,3.3865507776761206
rw2802957,Max Payne (2001 Video Game),5.0,3.380832570905764
rw1038380,Murder in the First (1995),5.0,3.3865507776761206
rw1913757,The Dark Knight (2008),5.0,3.39535681610247
rw4083944,Oculus (2013),3.5,3.39535681610247
rw0724113,Wit (2001 TV Movie),5.0,3.382433668801464
rw5089440,The Lonely Guy (1984),1.0,3.39535681610247
rw3395561,Peter Pan (1953),4.0,3.3865507776761206
rw3737703,Pinched (2010),4.5,3.382433668801464
rw5193385,口是心非 (2009),3.5,3.3865507776761206
rw6012145,Unfriended: Dark Web (2018),3.0,3.380832570905764
rw5302882,The Christmas Club (2019 TV Movie),4.0,3.382433668801464
rw4275220,Mission: Impossible - Fallout (2018),4.0,3.382433668801464
rw2928977,The Wolf of Wall Street (2013),5.0,3.39535681610247
rw1105961,One Flew Over the Cuckoo's Nest (1975),5.0,3.382433668801464
rw6411020,The Man Who Invented Christmas (2017),2.0,3.382433668801464
rw3463623,Beat the Clock (1950–1961),5.0,3.3733989021043
rw2326716,Role Models (2008),4.5,3.39535681610247
rw0664660,Fourplay (2001),5.0,3.3733989021043
rw3289764,Drishyam (2015),5.0,3.380832570905764
rw5631317,Wes Craven's New Nightmare (1994),4.0,3.3733989021043
rw4930578,Vice (2013– ),1.0,3.39535681610247
rw4779999,The Silence (II) (2019),0.5,3.3733989021043
rw5986017,Gunjan Saxena: The Kargil Girl (2020),5.0,3.39535681610247
rw1692452,Gosford Park (2001),5.0,3.3733989021043
rw1666409,Eko eko azaraku III (1998),3.0,3.39535681610247
rw5289836,Zombie with a Shotgun (2019),5.0,3.380832570905764
rw0212498,The Lift (1983),3.0,3.3865507776761206
rw0027598,The Talk of the Town (1942),5.0,3.3733989021043
rw4907699,Pulp Fiction (1994),3.5,3.382433668801464
rw1571977,The Producers (2005),4.0,3.39535681610247
rw0086068,Mary Poppins (1964),5.0,3.3733989021043
rw2875181,Vikingdom (2013),5.0,3.3865507776761206
rw6326350,Weekend at Dunkirk (1964),3.5,3.380832570905764
rw6272543,Twilight (I) (2008),3.0,3.380832570905764
rw2024010,The Curious Case of Benjamin Button (2008),1.5,3.382433668801464
rw1684226,The Departed (2006),2.0,3.39535681610247
rw2251692,Pan's Labyrinth (2006),5.0,3.380832570905764
rw2365597,Exam (2009),4.0,3.380832570905764
rw6146878,Spider-Man 2 (2004),3.5,3.380832570905764
rw2625269,Hangman's Knot (1952),3.5,3.39535681610247
rw5290110,冰雪奇緣2 (2019),5.0,3.3733989021043
rw2775589,The Call (II) (2013),2.0,3.39535681610247
rw1429843,The Bong Connection (2006),5.0,3.380832570905764
rw5075296,#Followme (2019),1.0,3.380832570905764
rw2432258,The Human Experience (2008),5.0,3.39535681610247
rw3511217,The World's End (2013),5.0,3.39535681610247
rw4897724,Wine Country (2019),1.0,3.3733989021043
rw0529442,Surrender Dorothy (1998),5.0,3.3865507776761206
rw1051109,Feardotcom (2002),0.5,3.3865507776761206
rw5576547,The Letter for the King (2020– ),4.0,3.3733989021043
rw5664860,Terminator Salvation (2009),4.0,3.3733989021043
rw1729754,3:10 to Yuma (2007),2.0,3.39535681610247
rw1514347,The Odyssey (1997),2.5,3.3733989021043
rw2917667,Murder by Numbers (2002),3.5,3.3733989021043
rw6040816,Tokyo Ghoul (2014),5.0,3.380832570905764
rw2370333,P.S. I Love You (2007),3.0,3.39535681610247
rw6156583,Deadly Switch (2019),2.5,3.3733989021043
rw0737969,Billy Elliot (2000),4.5,3.3733989021043
rw6276965,The Traitor (2019),5.0,3.39535681610247
rw6057425,Mirzapur (2018– ),4.5,3.382433668801464
rw1286245,Kuffs (1992),0.5,3.39535681610247
rw5858787,The Predator (2018),2.5,3.380832570905764
rw3263566,The Wiz (1978),3.5,3.3733989021043
rw5198104,功夫熊貓2 (2011),2.5,3.3733989021043
rw3209867,Pinocchio (1940),4.0,3.39535681610247
rw5515674,The Whistlers (2019),5.0,3.380832570905764
rw5403977,Red Room (2017),0.5,3.3865507776761206
rw5123002,Saaho (2019),2.0,3.39535681610247
rw5603705,Yol (1982),3.5,3.380832570905764
rw4122127,Elements of Matter (2018),0.5,3.3733989021043
rw2983047,Alpha and Omega 2: A Howl-iday Adventure (2013 Video),2.0,3.39535681610247
rw1593367,Old Joy (2006),1.5,3.39535681610247
rw1163772,Army of Darkness (1992),0.5,3.39535681610247
rw1414760,Barney's Great Adventure (1998),4.0,3.3865507776761206
rw2228635,Final Solution (2004),5.0,3.39535681610247
rw3849882,No Man of Her Own (1950),5.0,3.3733989021043
rw4366097,Chekka Chivantha Vaanam (2018),0.5,3.39535681610247
rw2364934,Sullivan's Travels (1941),4.0,3.382433668801464
rw1625787,Turistas (2006),4.0,3.39535681610247
rw5347148,Cash on Demand (1961),2.5,3.380832570905764
rw4616516,Bright (I) (2017),3.0,3.380832570905764
rw5910162,Rogue One: A Star Wars Story (2016),4.5,3.3865507776761206
rw4538491,Bird Box (2018),3.0,3.380832570905764
rw3373087,Barbara (I) (2012),3.5,3.3865507776761206
rw2164952,Ghoulies II (1987),2.5,3.3733989021043
rw0295679,JFK (1991),4.0,3.380832570905764
rw2237225,The Life and Death of Peter Sellers (2004),5.0,3.382433668801464
rw2481722,The Yin and the Yang of Mr. Go (1970),4.0,3.3865507776761206
rw4525363,Andhadhun (2018),5.0,3.382433668801464
rw3414819,Pride and Prejudice and Zombies (2016),4.5,3.382433668801464
rw4986115,Elmo Saves Christmas (1996 Video),0.5,3.3733989021043
rw4966350,Child's Play (2019),0.5,3.3865507776761206
rw2110655,Nos jours heureux (2006),3.5,3.380832570905764
rw0846799,Old School (2003),5.0,3.3733989021043
rw0570877,American Pie (1999),4.5,3.3733989021043
rw2145415,Edmond (2005),3.0,3.3733989021043
rw1500229,Marie-Martine (1943),4.0,3.380832570905764
rw5690362,The Little Prince (1974),4.0,3.380832570905764
rw3381495,The Revenant (2015),5.0,3.3733989021043
rw2982668,Dallas Buyers Club (2013),5.0,3.39535681610247
rw1876911,Clearing the Range (1931),3.0,3.380832570905764
rw0894507,Troy (2004),3.0,3.39535681610247
rw4448571,Daredevil (2015–2018),5.0,3.39535681610247
rw5258475,Toto le héros (1991),5.0,3.3865507776761206
rw5909710,"Standing Up, Falling Down (2019)",3.5,3.39535681610247
rw2952456,Cloud Atlas (2012),5.0,3.382433668801464
rw2884332,Oszukane (2013),3.0,3.39535681610247
rw1070565,Calamity Jane (1953),5.0,3.382433668801464
rw1697614,Leopard Fist Ninja (1982),2.5,3.3865507776761206
rw1059116,Holy Smoke (1999),2.0,3.382433668801464
rw1200996,Akira (1988),5.0,3.3865507776761206
rw1269228,Swept Away (2002),3.5,3.382433668801464
rw2927046,American Pie (1972),3.5,3.39535681610247
rw0237252,Ruthless People (1986),3.5,3.380832570905764
rw2649818,Roadracers (1994 TV Movie),4.5,3.39535681610247
rw4751097,Scarface (1983),4.0,3.382433668801464
rw5956736,Eden Lake (2008),1.5,3.382433668801464
rw0913136,Fei teng de qun shan (1976),5.0,3.380832570905764
rw1242058,David & Layla (2005),5.0,3.3733989021043
rw2975787,Soccer Mom (I) (2008),3.0,3.380832570905764
rw0113192,Scrooge (1970),5.0,3.3733989021043
rw3272626,Pitch Perfect 2 (2015),4.0,3.3865507776761206
rw4117289,Legion (2017–2019),2.5,3.39535681610247
rw4826216,Avengers: Endgame (2019),3.5,3.3733989021043
rw6300821,Network (1976),4.5,3.39535681610247
rw5668846,Albion: The Enchanted Stallion (2016),3.5,3.3865507776761206
rw2351801,Ichiban utsukushiku (1944),5.0,3.3733989021043
rw2512855,Friday the 13th Part VII: The New Blood (1988),3.5,3.380832570905764
rw1309462,La Terra Trema (1948),2.5,3.382433668801464
rw1203689,Garden State (2004),4.0,3.382433668801464
rw4918218,Pokémon Detective Pikachu (2019),4.5,3.3865507776761206
rw1693691,Strike the Tent (2005),2.5,3.3865507776761206
rw6364878,Upload (2020– ),5.0,3.382433668801464
rw4902265,"Love, Romance, & Chocolate (2019 TV Movie)",3.0,3.380832570905764
rw0358145,Casino (1995),4.5,3.3865507776761206
rw5486287,Love Aaj Kal (2020),0.5,3.382433668801464
rw5691315,Journey of a Woman (2007),2.5,3.3733989021043
rw1693328,The Four Horsemen of the Apocalypse (1962),2.5,3.3865507776761206
rw4573620,The Shape of Water (2017),3.0,3.382433668801464
rw1104677,My Blind Brother (2003),4.5,3.380832570905764
rw3874065,Dark (2017–2020),2.5,3.3733989021043
rw0183686,Conan the Barbarian (1982),5.0,3.3865507776761206
rw3798548,Slaughter Daughter (2012),5.0,3.382433668801464
rw1272875,The Circle (2002),5.0,3.382433668801464
rw3295000,Snoopy's Reunion (1991 TV Short),4.0,3.382433668801464
rw6318411,Happiest Season (2020),5.0,3.382433668801464
rw5513084,The Man Who Knew Too Much (1934),3.5,3.3733989021043
rw4600960,Dragon Ball Super: Broly (2018),5.0,3.380832570905764
rw3800060,Happy-Go-Nutty (1944),4.5,3.39535681610247
rw1941478,A Woman Under the Influence (1974),2.0,3.3733989021043
rw1704334,Comet in Moominland (1992),4.0,3.3865507776761206
rw0630096,Silicon Towers (1999),0.5,3.382433668801464
rw2075561,The Prophecy (1995),2.0,3.3733989021043
rw0544512,High Fidelity (2000),3.0,3.382433668801464
rw4343242,Mandy (I) (2018),4.0,3.39535681610247
rw5489892,War Machine (2017),1.5,3.3733989021043
rw5316573,Mnemophrenia (2019),4.5,3.380832570905764
rw2145942,Ecstasy (1933),4.5,3.39535681610247
rw0894002,Troy (2004),4.5,3.3865507776761206
rw3664393,The Great Wall (I) (2016),2.0,3.39535681610247
rw4359160,Memento (2000),4.0,3.380832570905764
rw2683627,The Only Way (1970),4.0,3.39535681610247
rw2624876,Y Tu Mamá También (2001),5.0,3.380832570905764
rw1844719,Incubus (2006),1.5,3.3865507776761206
rw2897195,500 Days of Summer (2009),4.0,3.380832570905764
rw3248742,My Haunted House (2013– ),0.5,3.3865507776761206
rw1935282,Hamlet 2 (2008),5.0,3.39535681610247
rw0136448,The Lords of Flatbush (1974),2.5,3.382433668801464
rw5796674,Inception (2010),5.0,3.380832570905764
rw0568947,Hanging Up (2000),3.0,3.382433668801464
rw5256323,Vaxxed II: The People's Truth (2019),0.5,3.382433668801464
rw0693752,Pay It Forward (2000),3.5,3.380832570905764
rw3296423,Se diu ying hung: Dung sing sai jau (1993),5.0,3.380832570905764
rw4462519,Climax (I) (2018),2.5,3.3733989021043
rw3191120,The Imitation Game (2014),4.5,3.380832570905764
rw5941860,Dil Bechara (2020),0.5,3.380832570905764
rw2376995,This Earth Is Mine (1959),2.0,3.39535681610247
rw2149620,The Magnificent Seven (1960),3.0,3.3733989021043
rw0150419,Taxi Driver (1976),5.0,3.39535681610247
rw2159253,Adoration (2008),3.5,3.39535681610247
rw4718562,The Bra (2018),3.0,3.382433668801464
rw4192443,The Sea Wolf (1941),4.0,3.382433668801464
rw5186892,Fractured (I) (2019),3.5,3.39535681610247
rw0245387,Hope and Glory (1987),4.5,3.380832570905764
rw4796544,Captain Marvel (2019),2.0,3.380832570905764
rw3218347,Robot Revolution (2015),0.5,3.380832570905764
rw3335782,Tomorrowland (2015),0.5,3.3733989021043
rw4098093,"Re: Zero, Starting Life in Another World (2016– )",5.0,3.3733989021043
rw0406227,In the Mood for Love (2000),5.0,3.382433668801464
rw2125183,The Eagle Has Landed (1976),5.0,3.380832570905764
rw2079966,Barton Fink (1991),4.0,3.3733989021043
rw5029107,Aranyélet (2015–2018),5.0,3.39535681610247
rw2947258,Desert Sands (1955),4.0,3.382433668801464
rw3319674,Total Recall (I) (2012),3.0,3.380832570905764
rw5931011,Dil Bechara (2020),5.0,3.382433668801464
rw2535268,Life's Too Short (2011–2013),3.5,3.39535681610247
rw3222793,Mountain Monsters (2013– ),5.0,3.39535681610247
rw5457464,Altered Carbon (2018–2020),5.0,3.39535681610247
rw1321110,The Brain That Wouldn't Die (1962),1.5,3.39535681610247
rw2742405,U.F.O. (2012),2.0,3.380832570905764
rw5188653,My Haunted House (2013– ),5.0,3.3733989021043
rw1781992,Alvin and the Chipmunks (2007),3.5,3.3865507776761206
rw1791162,Planet of the Apes (1968),5.0,3.382433668801464
rw1617125,The U.S. vs. John Lennon (2006),3.5,3.380832570905764
rw0598976,Gladiator (2000),5.0,3.3733989021043
rw5700062,Mrs. Serial Killer (2020),0.5,3.3733989021043
rw4274691,Mulk (I) (2018),0.5,3.382433668801464
rw3149523,魔法黑森林 (2014),0.5,3.39535681610247
rw5058749,The Great Hack (2019),5.0,3.382433668801464
rw1277296,Brokeback Mountain (2005),4.5,3.39535681610247
rw2985715,The Picture of Dorian Gray (1945),3.5,3.382433668801464
rw4658013,The Gunman (2015),1.5,3.380832570905764
rw4145170,Avengers: Infinity War (2018),4.0,3.3865507776761206
rw6251108,Laxmii (2020),0.5,3.3865507776761206
rw1618116,Chimera (1991– ),3.5,3.380832570905764
rw2827962,A Prophet (2009),5.0,3.3733989021043
rw1485502,The Last Kiss (2006),2.5,3.3865507776761206
rw3760794,Jack Reacher: Never Go Back (2016),0.5,3.380832570905764
rw5839909,Becky (II) (2020),4.0,3.380832570905764
rw2810899,A Way Back Home (2013 TV Movie),3.5,3.3733989021043
rw1259238,Let's Do It Again (1975),2.5,3.3865507776761206
rw0560284,Croupier (1998),3.5,3.382433668801464
rw2328698,The Disembodied (1957),1.0,3.39535681610247
rw6125399,Utopia (2020),5.0,3.3865507776761206
rw1553224,Marie Antoinette (2006),0.5,3.380832570905764
rw2059053,Summoner (2000 Video Game),2.0,3.380832570905764
rw5525699,The Verdict (1982),2.5,3.382433668801464
rw4874021,Cool Cat Kids Superhero (2018),5.0,3.3733989021043
rw1887873,The Adventures of Sharkboy and Lavagirl 3-D (2005),2.5,3.3733989021043
rw2863466,Rush (I) (2013),3.5,3.3733989021043
rw2331952,Up (2009),4.5,3.382433668801464
rw6333967,Freaky (2020),2.5,3.380832570905764
rw1212175,Little Big League (1994),3.5,3.380832570905764
rw1570262,Canvas (2006),4.0,3.382433668801464
rw2201807,House of 9 (2005),1.5,3.3865507776761206
rw0788078,24 Hour Party People (2002),4.0,3.3733989021043
rw3773955,When Strangers Marry (1944),4.0,3.39535681610247
rw4056057,The Shawshank Redemption (1994),5.0,3.380832570905764
rw3371377,Into the Badlands (2015–2019),3.5,3.3865507776761206
rw3039728,Snow White and the Seven Dwarfs (1937),5.0,3.3733989021043
rw2537727,Ten Days in Paris (1940),2.5,3.39535681610247
rw4554102,The Gallows (2015),2.5,3.39535681610247
rw4816360,Mulholland Dr. (2001),2.0,3.382433668801464
rw5228120,Angel of Mine (2019),2.0,3.380832570905764
rw6162031,28 Days Later... (2002),1.0,3.39535681610247
rw0632814,Anatomy (2000),5.0,3.3865507776761206
rw6136981,The Old Guard (2020),4.5,3.382433668801464
rw1610258,Timeline (2003),3.0,3.380832570905764
rw2573161,Top Hat (1935),4.5,3.3865507776761206
rw1358885,The Silence of the Lambs (1991),4.0,3.3733989021043
rw1381176,Big Fish (2003),5.0,3.3865507776761206
rw2368195,Quantum of Solace (2008),3.0,3.380832570905764
rw2377939,One Fine Day (1996),3.5,3.39535681610247
rw5515262,The Face of Another (1966),4.0,3.39535681610247
rw5988374,Gunjan Saxena: The Kargil Girl (2020),4.5,3.39535681610247
rw4931447,The Beach Bum (2019),1.0,3.382433668801464
rw5922294,X-Men: Dark Phoenix (2019),2.0,3.3865507776761206
rw6415544,Devil's Bait (1959),4.5,3.39535681610247
rw2937722,You're Next (2011),3.0,3.3865507776761206
rw3658530,Inception (2010),5.0,3.3865507776761206
rw1349560,Silent Hill (2006),5.0,3.3733989021043
rw3675182,Kong: Skull Island (2017),3.0,3.3733989021043
rw3522874,Die Pilgerin (2014– ),2.0,3.3733989021043
rw3715175,Attack on Titan Part 2 (2015),2.0,3.39535681610247
rw5958387,Black Is King (2020),5.0,3.39535681610247
rw1595993,Derailed (2002),1.0,3.3733989021043
rw1433878,My Super Ex-Girlfriend (2006),4.5,3.3733989021043
rw0382408,DragonHeart (1996),2.0,3.382433668801464
rw5561630,Derry Girls (2018– ),5.0,3.382433668801464
rw3843054,The Void (I) (2016),4.0,3.3865507776761206
rw1553905,A Christmas Story (1983),4.0,3.3865507776761206
rw0469645,Saving Private Ryan (1998),2.0,3.3865507776761206
rw2546677,Justice League of America (1997 TV Movie),2.0,3.3733989021043
rw5500098,Parasite (2019),3.5,3.380832570905764
rw1304178,Gung Ho (1986),3.0,3.382433668801464
rw1893114,Vacancy (2007),0.5,3.3733989021043
rw2731844,Fly Away Baby (1937),2.5,3.380832570905764
rw5101549,Unforgettable (II) (2017),2.0,3.382433668801464
rw3745441,Snow Angels (I) (2007),4.0,3.382433668801464
rw2597516,The Vampire Diaries (2009–2017),5.0,3.380832570905764
rw5561245,Jumanji: The Next Level (2019),4.0,3.380832570905764
rw0186905,Killjoy (1981 TV Movie),4.5,3.39535681610247
rw4834043,Meteorites! (1998 TV Movie),1.0,3.3865507776761206
rw6093390,Heroes Reborn (2015–2016),1.0,3.3865507776761206
rw5842239,The Green Mile (1999),4.5,3.380832570905764
rw2282130,Inception (2010),5.0,3.3865507776761206
rw6336675,The Fury (1978),3.5,3.39535681610247
rw3758236,What the Health (2017),5.0,3.382433668801464
rw0806448,Tuck Everlasting (2002),4.5,3.382433668801464
rw1688436,Samouraïs (2002),2.5,3.39535681610247
rw5181254,A Talent for Murder (1984 TV Movie),1.0,3.380832570905764
rw2523148,Teenage Caveman (2002 TV Movie),1.5,3.3733989021043
rw5146245,Little Baby (2019),5.0,3.382433668801464
rw5164667,小丑 (2019),5.0,3.382433668801464
rw1662768,Pirates of the Caribbean: At World's End (2007),4.5,3.3733989021043
rw0801217,Final Stab (2001 Video),2.0,3.380832570905764
rw1952258,Bang Bang Kid (1967),1.0,3.382433668801464
rw0582546,The Lord of the Rings: The Return of the King (2003),5.0,3.39535681610247
rw1794031,There Will Be Blood (2007),5.0,3.3733989021043
rw1341921,Till Human Voices Wake Us (2002),5.0,3.380832570905764
rw2392202,Classroom 216 (2011),5.0,3.382433668801464
rw6315163,12 Pups of Christmas (2019),1.0,3.380832570905764
rw1932506,Batman Returns (1992),2.5,3.3733989021043
rw4197043,Forever My Girl (2018),1.0,3.39535681610247
rw1157300,Creep (I) (2004),3.5,3.382433668801464
rw5704236,Planet of the Humans (2019),5.0,3.3865507776761206
rw2962407,The Dark Knight (2008),5.0,3.382433668801464
rw5907107,Archive (2020),4.5,3.380832570905764
rw5167554,The K2 (2016),1.0,3.3865507776761206
rw0593399,American Beauty (1999),1.5,3.3865507776761206
rw4087322,Nikita (2010–2013),4.0,3.39535681610247
rw0300300,Terminator 2: Judgment Day (1991),4.5,3.39535681610247
rw3354802,Bloodsucking Freaks (1976),1.0,3.39535681610247
rw4843550,Spare Parts (I) (2015),5.0,3.39535681610247
rw1158903,Trancado por Dentro (1989),5.0,3.39535681610247
rw1444659,Raw Deal: A Question of Consent (2001),3.5,3.3865507776761206
rw3277155,From Dusk Till Dawn (1996),2.5,3.382433668801464
rw2633910,西雅圖夜未眠 (1993),5.0,3.3733989021043
rw3747448,Agonie (I) (2016),2.0,3.382433668801464
rw5641053,Funny Games (2007),5.0,3.382433668801464
rw1930428,Kibakichi: Bakko-yokaiden (2004),0.5,3.3865507776761206
rw0992431,Bridget Jones: The Edge of Reason (2004),1.0,3.3733989021043
rw1192732,Fight Club (1999),5.0,3.39535681610247
rw2548060,Bicycle Thieves (1948),5.0,3.380832570905764
rw0300290,Terminator 2: Judgment Day (1991),4.5,3.382433668801464
rw6020670,Flesh (2020),5.0,3.39535681610247
rw4984002,Article 15 (2019),4.5,3.3865507776761206
rw3016214,The Frightened Man (1952),3.0,3.382433668801464
rw5190636,Artifice (I) (2019),4.5,3.380832570905764
rw4636484,Nautanki Saala! (2013),4.5,3.3733989021043
rw0669099,The Weight of Water (2000),2.5,3.380832570905764
rw1286133,Something New (I) (2006),5.0,3.39535681610247
rw2523585,Greenberg (2010),4.0,3.380832570905764
rw5870645,Vice (I) (2018),3.0,3.3733989021043
rw1725919,Superman II: The Richard Donner Cut (1980 Video),4.0,3.3733989021043
rw1598007,Berlin - Ecke Schönhauser (1957),3.0,3.380832570905764
rw0791318,Lilo & Stitch (2002),3.0,3.3733989021043
rw1365934,Misery (1990),4.5,3.3733989021043
rw1744838,An Inconvenient Truth (2006),0.5,3.382433668801464
rw2519351,My Sassy Girl (2008– ),5.0,3.382433668801464
rw1533816,Beethoven's 4th (2001 Video),1.5,3.39535681610247
rw3708071,Snatched (2017),3.0,3.3865507776761206
rw2174150,Hakuôki (1959),4.0,3.39535681610247
rw2547798,Men in Black II (2002),3.0,3.382433668801464
rw2716247,Khiladi 786 (2012),1.0,3.380832570905764
rw6453516,Mosaic (2007 Video),4.0,3.380832570905764
rw1376156,The Island (2005),2.0,3.3865507776761206
rw4205051,Upgrade (2018),4.0,3.382433668801464
rw4323560,Chicken Girls (2017– ),5.0,3.39535681610247
rw1930985,Crazy (II) (2008),4.5,3.3865507776761206
rw0834029,xXx (2002),2.0,3.39535681610247
rw2362275,"Naval Cadets, Charge! (1988– )",5.0,3.380832570905764
rw1275463,The Graduate (1967),4.0,3.3865507776761206
rw2049971,Ken Park (2002),1.0,3.3733989021043
rw6117355,Better Man (2013),0.5,3.3865507776761206
rw0910927,The Cat Returns (2002),2.0,3.3733989021043
rw2378377,Ju-on: The Curse (2000 Video),5.0,3.382433668801464
rw1790266,Jesus Camp (2006),0.5,3.39535681610247
rw1908567,Rambo (2008),5.0,3.382433668801464
rw4344192,All This Mayhem (2014),4.5,3.39535681610247
rw3355685,All the Time in the World (2014),5.0,3.3733989021043
rw4528385,Sabrina (2018),0.5,3.39535681610247
rw2604918,The Avengers (2012),4.5,3.3865507776761206
rw3606318,Apollo 13 (I) (1995),4.5,3.382433668801464
rw3284333,Younger (2015– ),4.5,3.39535681610247
rw4623474,Lethal Weapon (2016–2019),0.5,3.3733989021043
rw3400263,Bolishopping (2013),4.0,3.39535681610247
rw1941531,Firing Line (1966–2020),3.5,3.39535681610247
rw4015205,Scenes from the Class Struggle in Beverly Hills (1989),1.5,3.39535681610247
rw4800661,Book Club (I) (2018),0.5,3.3865507776761206
rw5663451,Gang of Roses (2003),1.5,3.380832570905764
rw6370939,Wonder Woman 1984 (2020),5.0,3.380832570905764
rw1312484,Goodfellas (1990),5.0,3.380832570905764
rw2144086,"I Love You, Man (2009)",4.5,3.39535681610247
rw6286910,The Corporation (2003),3.5,3.3733989021043
rw4989250,Documental (2016– ),5.0,3.3733989021043
rw0704443,The Matrix Reloaded (2003),4.0,3.3733989021043
rw2332895,Saw 3D (2010),4.0,3.382433668801464
rw5436129,Time Lapse (2014),2.5,3.3733989021043
rw6407166,Wonder Woman 1984 (2020),0.5,3.39535681610247
rw2064003,"Same Time, Next Year (1978)",5.0,3.3733989021043
rw1609417,十月的天空 (1999),4.5,3.3865507776761206
rw6386884,Unlocking Christmas (2020 TV Movie),5.0,3.3733989021043
rw1073584,The Best Years of Our Lives (1946),5.0,3.382433668801464
rw4535782,Master Z: The Ip Man Legacy (2018),4.0,3.3865507776761206
rw3049370,Reykjavík-Rotterdam (2008),2.5,3.382433668801464
rw5434780,Vis a vis (2015–2019),5.0,3.382433668801464
rw1977547,Mother of Tears (2007),4.0,3.382433668801464
rw3466195,London Has Fallen (2016),4.0,3.380832570905764
rw0734712,In the Bedroom (2001),4.5,3.39535681610247
rw2259893,I Love You Phillip Morris (2009),0.5,3.39535681610247
rw4674943,The Autopsy of Jane Doe (2016),3.5,3.3865507776761206
rw4425110,Tomb Raider (2018),4.5,3.3865507776761206
rw1955386,Beauty and the Beast (1987–1990),5.0,3.39535681610247
rw2958792,La Jetée (1962),5.0,3.39535681610247
rw4440954,The Resident (2018– ),5.0,3.3733989021043
rw2141324,Play It to the Bone (1999),3.5,3.39535681610247
rw0676312,Citizen Toxie: The Toxic Avenger IV (2000),5.0,3.382433668801464
rw5531479,Anna (II) (2019),2.5,3.39535681610247
rw4244305,The Girl Next Door (2007),1.5,3.380832570905764
rw5102198,It Chapter Two (2019),3.5,3.380832570905764
rw3677125,The Accountant (2016),3.5,3.380832570905764
rw4268703,Father of the Year (2018),2.0,3.3733989021043
rw4319256,The Con is On (2018),5.0,3.380832570905764
rw4233478,Guest in the House (1944),3.0,3.382433668801464
rw2233513,Harmony Trail (1944),3.5,3.3865507776761206
rw2867762,The Case for a Creator (2006 TV Movie),5.0,3.382433668801464
rw2304815,Heavy Metal in Baghdad (2007),4.0,3.3733989021043
rw1295887,A History of Violence (2005),1.0,3.382433668801464
rw4619267,Miss Bala (2019),4.0,3.3865507776761206
rw0121166,Bad Company (1972),3.5,3.3733989021043
rw6107480,L'ultimo guerriero (1984),2.0,3.39535681610247
rw1743440,Moonlight (2007–2008),4.5,3.3865507776761206
rw2291075,Inception (2010),3.5,3.3865507776761206
rw4113216,Your Name. (2016),3.5,3.39535681610247
rw1710448,Panic in Year Zero (1962),1.5,3.382433668801464
rw5861764,Batman (1989),4.0,3.380832570905764
rw4706078,Captain Marvel (2019),2.5,3.3865507776761206
rw3745079,Guardians of the Galaxy (2014),4.0,3.3733989021043
rw4753266,The Highwaymen (2019),4.0,3.3865507776761206
rw5729051,Midnight Special (2016),4.0,3.39535681610247
rw3296707,Shaun the Sheep Movie (2015),4.0,3.3865507776761206
rw5875683,Kaali (2020– ),5.0,3.380832570905764
rw2706887,迷魂記 (1958),5.0,3.380832570905764
rw5374241,Avane Srimannarayana (2019),4.0,3.382433668801464
rw4091839,Mayumi (1990),4.5,3.39535681610247
rw4096546,The Shawshank Redemption (1994),5.0,3.39535681610247
rw1554226,When a Stranger Calls (2006),1.5,3.380832570905764
rw2831832,Me and You and Everyone We Know (2005),0.5,3.39535681610247
rw0299493,The Silence of the Lambs (1991),0.5,3.380832570905764
rw3843687,Bokeh (I) (2017),0.5,3.3733989021043
rw4966327,Kabir Singh (2019),0.5,3.382433668801464
rw6387972,The Hound of the Baskervilles (1939),3.5,3.3733989021043
rw5260840,Angel Has Fallen (2019),2.0,3.3733989021043
rw2877423,Xi Yang Yang Yu Hui Tai Lang Zhi Niu Qi Chong Tian (2009),0.5,3.3865507776761206
rw3866303,Billy Lynn's Long Halftime Walk (2016),3.0,3.382433668801464
rw4523940,The Wolf of Wall Street (2013),3.5,3.39535681610247
rw4557288,Aquaman (2018),2.0,3.380832570905764
rw3170860,The Dead of Night (2010 Video),1.5,3.3733989021043
rw1725132,Death Sentence (2007),0.5,3.380832570905764
rw3097641,The Giver (2014),0.5,3.3733989021043
rw2912344,The Hunger Games: Catching Fire (2013),3.0,3.39535681610247
rw0764247,Men with Brooms (2002),1.0,3.380832570905764
rw5261451,Dickinson (2019– ),4.0,3.382433668801464
rw3039265,Batman Returns (1992),5.0,3.3865507776761206
rw3518544,Good Will Hunting (1997),5.0,3.3865507776761206
rw4745590,Deadly Class (2018–2019),5.0,3.382433668801464
rw3001960,The Bag Man (I) (2014),4.0,3.39535681610247
rw1184083,Serenity (2005),2.0,3.382433668801464
rw2009113,Shakespeare in Love (1998),2.5,3.3733989021043
rw3014480,Heat (1995),3.0,3.3733989021043
rw1708828,Transformers (2007),2.0,3.380832570905764
rw5783947,Uncivilized (2020),5.0,3.39535681610247
rw4360434,Footsteps in the Night (1957),2.5,3.3733989021043
rw6112537,Chernobyl (2019),5.0,3.39535681610247
rw5729089,Janara (2015),1.5,3.3865507776761206
rw1943793,Baby Mama (2008),2.0,3.3733989021043
rw5391109,A Star Is Born (2018),2.0,3.380832570905764
rw4975094,Julie (1956),3.0,3.380832570905764
rw2607027,Schlafkrankheit (2011),4.0,3.3865507776761206
rw0995892,Two Lords (2002),5.0,3.3733989021043
rw4608273,Somewhere Between (2017),4.0,3.3733989021043
rw2288016,Dinner for Schmucks (2010),4.5,3.3865507776761206
rw5377755,In the Shadow of the Moon (2019),4.0,3.3865507776761206
rw3629746,Life (I) (2015),3.0,3.380832570905764
rw0523756,Intolerable Cruelty (2003),1.5,3.3733989021043
rw5743778,Home Education (2016),3.0,3.39535681610247
rw3686783,Terminator Genisys (2015),3.5,3.380832570905764
rw1768375,American Gangster (2007),2.5,3.3865507776761206
rw2428396,Man on the Moon (1999),3.5,3.3865507776761206
rw1332244,Hung (2005),4.0,3.380832570905764
rw3361619,The Smurfs: A Christmas Carol (2011),3.0,3.39535681610247
rw5703584,The Godfather (1972),4.5,3.3733989021043
rw3428335,All This and Rabbit Stew (1941),1.5,3.382433668801464
rw1691397,Mortal Kombat: Annihilation (1997),1.5,3.3865507776761206
rw2363706,Rage (I) (2009),3.0,3.382433668801464
rw5671375,The Corpse of Anna Fritz (2015),3.5,3.3733989021043
rw6354648,Left Behind (I) (2014),1.0,3.380832570905764
rw6097110,3 Idiots (2009),5.0,3.3865507776761206
rw6351659,Case 39 (2009),5.0,3.380832570905764
rw5327704,Don't Let Him In (2011),0.5,3.380832570905764
rw2880892,Gravity (2013),1.0,3.3733989021043
rw4628114,The Captain (2017),3.5,3.39535681610247
rw1552205,Home Alone 2: Lost in New York (1992),4.5,3.3733989021043
rw5794260,Sexy Beast (2000),1.0,3.3733989021043
rw2032051,Watchmen (2009),4.0,3.382433668801464
rw1788951,Blue Velvet (1986),5.0,3.3865507776761206
rw4757003,Traitors (2019– ),4.0,3.382433668801464
rw0948664,Team America: World Police (2004),0.5,3.380832570905764
rw0719001,Exit Wounds (2001),4.0,3.3733989021043
rw4094444,Poltergeist (1982),5.0,3.39535681610247
rw6164945,Running with Beto (2019),5.0,3.39535681610247
rw2318773,Queen of the Damned (2002),3.0,3.380832570905764
rw0113639,The Touch of Satan (1971),0.5,3.380832570905764
rw4732710,Strike Back (2010–2020),5.0,3.380832570905764
rw0479364,Fantasia 2000 (1999),5.0,3.3733989021043
rw4338501,Get the Gringo (2012),4.5,3.3733989021043
rw2780076,There Will Be Blood (2007),3.0,3.380832570905764
rw0148770,Murder by Death (1976),4.5,3.39535681610247
rw4248632,The Hurricane Heist (2018),0.5,3.3865507776761206
rw1256069,Wagon Master (1950),5.0,3.3733989021043
rw6208230,Ad Astra (2019),1.0,3.39535681610247
rw6032788,Flesh (2020),0.5,3.39535681610247
rw4568708,When Angels Sleep (2018),0.5,3.39535681610247
rw2689913,普羅米修斯 (I) (2012),0.5,3.382433668801464
rw1283828,Harry Potter and the Prisoner of Azkaban (2004),5.0,3.39535681610247
rw4181792,The Delta Force (1986),2.5,3.3865507776761206
rw1882040,Runaway Bride (1999),5.0,3.382433668801464
rw1260765,The Opposite Sex (1956),5.0,3.3733989021043
rw1616871,"Lex, the Wonder Dog (1973)",3.5,3.380832570905764
rw2969175,The Missing Scarf (2013),3.5,3.380832570905764
rw5493259,Birds of Prey (2020),5.0,3.380832570905764
rw2791453,Brazil (1985),5.0,3.3865507776761206
rw3492606,Sunday Bloody Sunday (1971),4.0,3.382433668801464
rw6165682,Dolly Kitty and Those Twinkling Stars (2019),5.0,3.3865507776761206
rw0657345,The Iceman Cometh (1960 TV Movie),5.0,3.3865507776761206
rw4308916,Hereditary (2018),0.5,3.3865507776761206
rw5859231,Mrs. Serial Killer (2020),4.0,3.382433668801464
rw1532454,The Silencers (1966),3.5,3.382433668801464
rw3117528,Tammy (2014),2.0,3.382433668801464
rw4338848,Summer of 84 (2018),0.5,3.3865507776761206
rw2327078,Night of the Demons (2009),4.0,3.3865507776761206
rw6424890,Soul (2020),4.5,3.380832570905764
rw1680959,Blood and Chocolate (2007),3.5,3.39535681610247
rw1248492,Animal Farm (1954),4.5,3.3733989021043
rw1880078,Choose Me (1984),0.5,3.382433668801464
rw4683746,Spider-Man: Into the Spider-Verse (2018),4.0,3.382433668801464
rw0053435,Seven Samurai (1954),4.5,3.382433668801464
rw2424129,Abbott and Costello Go to Mars (1953),2.5,3.382433668801464
rw5639828,Tiger King (2020),2.5,3.39535681610247
rw6213412,The Fast and the Furious: Tokyo Drift (2006),2.5,3.3865507776761206
rw4603413,Downrange (2017),4.0,3.382433668801464
rw2000105,The Passion of the Christ (2004),1.0,3.3733989021043
rw6141107,Khaali Peeli (2020),1.0,3.380832570905764
rw5427792,Kingsman: The Golden Circle (2017),5.0,3.3733989021043
rw3874835,Chronesthesia (2016),5.0,3.39535681610247
rw3365146,Spectre (I) (2015),5.0,3.39535681610247
rw3079700,Dawn of the Planet of the Apes (2014),2.0,3.3733989021043
rw4582492,The Waltons (1972–1981),5.0,3.3733989021043
rw5405881,Chernobyl Diaries (2012),2.5,3.3865507776761206
rw6355992,We Are Who We Are (2020),3.5,3.380832570905764
rw2605710,Zodiac (2007),3.0,3.3733989021043
rw0762402,Empire (2002),1.5,3.382433668801464
rw1820179,The Way of All Flesh (1940),4.5,3.3865507776761206
rw4110987,The Outsider (I) (2018),5.0,3.380832570905764
rw1001374,Billy Elliot (2000),3.0,3.382433668801464
rw3127135,The Fountain (2006),5.0,3.380832570905764
rw2152522,Taken (I) (2008),3.0,3.39535681610247
rw4938598,Jinn (2019– ),0.5,3.39535681610247
rw4215177,Climax (I) (2018),4.5,3.380832570905764
rw3280074,Terminator Genisys (2015),3.0,3.3865507776761206
rw0878283,La fleur du mal (2003),1.5,3.380832570905764
rw3117438,Forrest Gump (1994),4.0,3.3733989021043
rw5733010,The Prestige (2006),5.0,3.380832570905764
rw1650724,Deja Vu (2006),5.0,3.3733989021043
rw4297743,Grown Ups (I) (2010),3.0,3.39535681610247
rw1503113,The People Under the Stairs (1991),3.0,3.380832570905764
rw5585668,Licence to Kill (1989),2.5,3.380832570905764
rw1530815,Devon's Ghost: Legend of the Bloody Boy (2005 Video),0.5,3.380832570905764
rw2427815,Dracula (1931),4.0,3.3733989021043
rw0159019,Death Dimension (1978),3.0,3.3865507776761206
rw5441815,Tall Girl (2019),1.5,3.3865507776761206
rw3726111,Before the Flood (2016),3.5,3.382433668801464
rw5889500,Suzi Q (2019),5.0,3.39535681610247
rw1931287,The Deer Hunter (1978),5.0,3.39535681610247
rw1712805,Hannah Montana (2006–2011),5.0,3.382433668801464
rw0468191,Resident Evil (2002),4.5,3.382433668801464
rw2967288,Gunday (2014),3.5,3.3733989021043
rw3673186,Altered Hours (2016),4.5,3.3865507776761206
rw0124323,Junior Bonner (1972),5.0,3.3865507776761206
rw4438781,Andhadhun (2018),5.0,3.3733989021043
rw5291873,玩命關頭 (2001),1.5,3.3865507776761206
rw2985123,Pirates of the Caribbean: Dead Man's Chest (2006),1.0,3.3733989021043
rw3540665,Kill Bill: Vol. 1 (2003),4.5,3.3865507776761206
rw6306432,Oldboy (2013),0.5,3.39535681610247
rw4011869,Bright (I) (2017),4.0,3.380832570905764
rw5270712,Humans (2015–2018),2.0,3.3865507776761206
rw2026303,Identity Theft (2004 TV Movie),2.0,3.380832570905764
rw4600760,Glass (2019),3.0,3.3865507776761206
rw4962659,Breath (I) (2017),2.5,3.380832570905764
rw6331816,"Sacred Cow: The Nutritional, Environmental and Ethical Case for Better Meat (2020)",5.0,3.382433668801464
rw1541783,Robinson Crusoe (1997),1.5,3.39535681610247
rw4198554,The Great Train Robbery (1978),3.0,3.382433668801464
rw0334597,Anjaam (1994),5.0,3.3733989021043
rw1781026,Little Man Tate (1991),4.0,3.380832570905764
rw5354276,2036 Origin Unknown (2018),0.5,3.382433668801464
rw1213790,Deewaar (1975),4.5,3.382433668801464
rw2258169,District 9 (2009),4.5,3.39535681610247
rw1541015,Bobby (I) (2006),2.5,3.380832570905764
rw4508167,Aquaman (2018),0.5,3.39535681610247
rw3668871,Your Name. (2016),4.5,3.382433668801464
rw4710042,Captain Marvel (2019),5.0,3.382433668801464
rw6415089,The Midnight Sky (2020),1.5,3.3865507776761206
rw2845948,The Purge (I) (2013),3.0,3.382433668801464
rw2001413,Secret Honor (1984),4.0,3.380832570905764
rw5663357,The Quatermass Xperiment (1955),4.0,3.3733989021043
rw0906097,Mix (I) (2004),3.5,3.3733989021043
rw5457485,A Twelve-Year Night (2018),3.0,3.3865507776761206
rw0193015,The Evil Dead (1981),5.0,3.382433668801464
rw5926139,Fairy Tail (2009–2019),4.5,3.3865507776761206
rw5787738,Mrs. Serial Killer (2020),5.0,3.3865507776761206
rw3310198,Les témoins (2014– ),3.5,3.382433668801464
rw0321790,The Fugitive (1993),5.0,3.380832570905764
rw2462832,200 Cigarettes (1999),4.5,3.39535681610247
rw5263571,Mutant (1984),3.5,3.3733989021043
rw0910170,Sky Captain and the World of Tomorrow (2004),5.0,3.39535681610247
rw3827191,Joseph Smith: Prophet of the Restoration (2005),2.5,3.3865507776761206
rw4947113,Murder Mystery (2019),3.0,3.3733989021043
rw3271012,Maggie (I) (2015),5.0,3.39535681610247
rw2412263,Pie in the Sky (1994–1997),4.0,3.3865507776761206
rw5121357,It Chapter Two (2019),3.5,3.39535681610247
rw4290761,Deadpool 2 (2018),3.5,3.380832570905764
rw5023376,The Blue Elephant 2 (2019),5.0,3.382433668801464
rw5197464,Emergence (2019–2020),4.0,3.382433668801464
rw4730000,Triple Frontier (2019),2.5,3.3733989021043
rw4881096,Lucifer (2016– ),5.0,3.39535681610247
rw5502180,Sweethearts (2019),1.0,3.3865507776761206
rw5557691,The Pale Horse (2020),1.5,3.39535681610247
rw0838554,Shrek 2 (2004),3.5,3.3865507776761206
rw0789508,Stranded (2002 Video),1.0,3.3733989021043
rw5125536,Carrie (1976),4.5,3.382433668801464
rw1943102,Battlestar Galactica (2004–2009),5.0,3.382433668801464
rw4049065,Vodka Diaries (2018),5.0,3.3865507776761206
rw5508452,The House of Exorcism (1975),1.0,3.380832570905764
rw4282505,Dog Days (I) (2018),5.0,3.3865507776761206
rw3448028,The Wild Wild West (1965–1969),0.5,3.380832570905764
rw1241417,King Kong (2005),0.5,3.382433668801464
rw4455237,Hanum & Rangga: Faith & The City (2018),0.5,3.380832570905764
rw0840614,In America (2002),5.0,3.382433668801464
rw5133125,Last Knights (2015),5.0,3.382433668801464
rw4433401,Crime Boss (1972),1.5,3.3733989021043
rw4183517,The Raid: Redemption (2011),3.0,3.3733989021043
rw3123722,The Last Ship (2014–2018),5.0,3.3733989021043
rw4331759,'The Day of the Purple Sun': Part I (2017),5.0,3.39535681610247
rw5954319,Tribal Get Out Alive (2020),3.5,3.39535681610247
rw1291050,Daniel the Wizard (2004),0.5,3.380832570905764
rw5819192,First Kill (2017),5.0,3.3733989021043
rw2058378,Night on Earth (1991),4.5,3.3733989021043
rw2804759,Djúpið (2012),3.0,3.3733989021043
rw4983898,Midsommar (2019),4.0,3.380832570905764
rw5396407,Blade: Trinity (2004),4.0,3.3865507776761206
rw3777986,Salvation (2017–2018),3.5,3.3865507776761206
rw5337503,華爾街之狼 (2013),4.5,3.380832570905764
rw4392359,De ollas y sueños (2009),3.5,3.39535681610247
rw5416008,Forrest Gump (1994),5.0,3.380832570905764
rw2249332,Please Give (2010),4.5,3.3865507776761206
rw3182802,The Golden Fish (1959),5.0,3.382433668801464
rw2306562,2:22 (2008),0.5,3.3865507776761206
rw2097357,The Private Lives of Pippa Lee (2009),4.0,3.3733989021043
rw1725327,This Is England (2006),4.5,3.380832570905764
rw2752010,Unforgiven (2009),3.5,3.382433668801464
rw2105262,The Towering Inferno (1974),4.0,3.382433668801464
rw0633388,Doug's 1st Movie (1999),5.0,3.3733989021043
rw4766927,Shazam! (2019),4.5,3.380832570905764
rw5031291,The Children Act (2017),3.5,3.39535681610247
rw4552348,The Equalizer 2 (2018),3.0,3.382433668801464
rw3152723,"Location, Location, Location (2000– )",4.0,3.382433668801464
rw0271449,Indiana Jones and the Last Crusade (1989),4.0,3.380832570905764
rw5107569,Chhichhore (2019),4.5,3.39535681610247
rw3511896,Stranger Things (2016– ),3.5,3.3733989021043
rw1062810,The Amityville Horror (2005),3.5,3.3865507776761206
rw1853282,Tomorrow (1972),2.5,3.380832570905764
rw5757140,Jarhead: Law of Return (2019 Video),0.5,3.3733989021043
rw0174681,The Dogs of War (1980),3.5,3.3733989021043
rw6201879,SOS Kolkata (2020),5.0,3.3865507776761206
rw1106006,Blue Car (2002),3.5,3.3865507776761206
rw2535340,The Girl Who Played with Fire (2009),4.0,3.3733989021043
rw0963767,Voor een verloren soldaat (1992),5.0,3.382433668801464
rw2735989,Jesus Henry Christ (2011),5.0,3.3865507776761206
rw4581960,Sex Education (2019– ),4.5,3.382433668801464
rw6172894,David Attenborough: A Life on Our Planet (2020),5.0,3.3865507776761206
rw5280074,Joker (2019),5.0,3.380832570905764
rw1991062,The Strangers (2008),0.5,3.380832570905764
rw3502839,Candyman (1992),3.5,3.39535681610247
rw4235658,Arif V 216 (2018),4.0,3.3865507776761206
rw4643749,Satan's Blade (1984),0.5,3.382433668801464
rw4774399,Gloria Bell (2018),3.5,3.382433668801464
rw0388105,Jake's Women (1996 TV Movie),5.0,3.39535681610247
rw3717064,Temple Grandin (2010 TV Movie),4.5,3.380832570905764
rw4195289,Horror House on Highway Five (1985),3.0,3.3733989021043
rw4137646,Super Troopers 2 (2018),3.0,3.3733989021043
rw0698180,Bartleby (2001),3.0,3.3733989021043
rw4786698,How to Train Your Dragon 2 (2014),4.5,3.3733989021043
rw1842028,The Bank Job (2008),4.0,3.39535681610247
rw5220296,Mr. Right (I) (2015),3.5,3.3733989021043
rw1363799,Unfaithful (2002),2.5,3.3733989021043
rw3173631,Legion (2010),4.0,3.382433668801464
rw4329594,The Children Act (2017),4.0,3.39535681610247
rw4109593,Dave Chappelle: Equanimity (2017 TV Special),3.5,3.382433668801464
rw2073120,Where I Stand: The Hank Greenspun Story (2008),5.0,3.3865507776761206
rw2864081,Confessions (2010),3.5,3.380832570905764
rw6184067,The Three Deaths of Marisela Escobedo (2020),5.0,3.39535681610247
rw5947640,Cursed (2020– ),1.0,3.3865507776761206
rw0461290,The Lord of the Rings: The Fellowship of the Ring (2001),5.0,3.3733989021043
rw1354388,Casual Sex? (1988),3.0,3.382433668801464
rw4222030,The Needle Drop (2009– ),3.5,3.39535681610247
rw5610581,X2: X-Men United (2003),4.5,3.3865507776761206
rw0408965,Life Is Beautiful (1997),4.5,3.3865507776761206
rw2334338,Gods and Generals (2003),0.5,3.380832570905764
rw4030122,Mary and the Witch's Flower (2017),4.0,3.3865507776761206
rw0242832,Dirty Dancing (1987),3.5,3.3865507776761206
rw5707089,Mrs. Serial Killer (2020),5.0,3.3733989021043
rw1879853,Lions for Lambs (2007),0.5,3.3865507776761206
rw5705631,Hollywood (2020),5.0,3.380832570905764
rw4387144,Beyond the Edge (2018),4.0,3.382433668801464
rw2645090,The Killing of a Chinese Bookie (1976),3.5,3.3865507776761206
rw2822938,Planet of the Apes (2001),1.5,3.39535681610247
rw1742246,Face/Off (1997),4.5,3.3733989021043
rw3704586,Moonlight (I) (2016),1.0,3.382433668801464
rw3709816,Manhattan Tower (1932),3.0,3.3733989021043
rw3563827,Bad Boys (1995),5.0,3.380832570905764
rw6066314,JL50 (2020– ),5.0,3.382433668801464
rw4394216,Somewhere (2010),3.0,3.3865507776761206
rw3799341,The Fox and the Hound (1981),4.0,3.382433668801464
rw4990196,Broken Ghost (2017),1.0,3.3733989021043
rw2698942,The Legend of Hell House (1973),4.0,3.380832570905764
rw3099960,Hannibal (2013–2015),5.0,3.3733989021043
rw5123724,500 Days of Summer (2009),5.0,3.3865507776761206
rw5689323,One Night Stand (I) (2016),0.5,3.382433668801464
rw2400064,Bir Avuç Deniz (2011),2.0,3.3733989021043
rw2225201,The International (I) (2009),3.0,3.3733989021043
rw4100708,We Love Paleo (2016),1.0,3.3865507776761206
rw6436850,See No Evil (2014– ),3.0,3.382433668801464
rw5936270,Dil Bechara (2020),5.0,3.380832570905764
rw6163300,The Lie (2018),2.0,3.39535681610247
rw2261075,Ginger Snaps III: The Beginning (2004),1.5,3.382433668801464
rw1078248,David's Mother (1994 TV Movie),4.5,3.3865507776761206
rw5712275,Mother (2009),3.5,3.382433668801464
rw2603789,Phenomena (1985),5.0,3.382433668801464
rw4565146,Thugs of Hindostan (2018),4.0,3.3733989021043
rw1930602,Lake Placid 2 (2007 TV Movie),3.5,3.3865507776761206
rw4636178,Mortal Engines (2018),3.0,3.382433668801464
rw3085907,"As Above, So Below (2014)",1.0,3.3733989021043
rw1135628,War of the Worlds (2005),4.0,3.3733989021043
rw0639376,Pokémon: The First Movie - Mewtwo Strikes Back (1998),4.5,3.3733989021043
rw4043402,Arjun Reddy (2017),1.5,3.3865507776761206
rw3388024,Star Wars: Episode VII - The Force Awakens (2015),0.5,3.39535681610247
rw5764735,The Wave (2019),3.0,3.3865507776761206
rw6424526,Death to 2020 (2020 TV Special),0.5,3.3865507776761206
rw1946400,Righteous Kill (2008),2.0,3.39535681610247
rw3397174,The Transporter Refueled (2015),3.5,3.380832570905764
rw4841762,Don Juan DeMarco (1994),2.5,3.3865507776761206
rw6162240,Abhay (2019– ),5.0,3.380832570905764
rw3049954,Maleficent (2014),0.5,3.382433668801464
rw2359491,Spike (2008),0.5,3.3733989021043
rw1639672,The Browning Version (1951),3.5,3.39535681610247
rw1800020,Sunshine (2007),1.5,3.3733989021043
rw0621224,A Knight's Tale (2001),1.0,3.380832570905764
rw2553629,Ace Ventura: Pet Detective Jr. (2009 TV Movie),0.5,3.380832570905764
rw5286768,Solver (2017),2.5,3.39535681610247
rw0223573,Lifeforce (1985),3.5,3.3733989021043
rw3048904,Transformers (2007),4.5,3.3733989021043
rw6059782,Daddy (III) (2017),5.0,3.39535681610247
rw0480190,Titan A.E. (2000),3.0,3.3733989021043
rw2544070,New Kids Nitro (2011),1.5,3.3733989021043
rw1559212,Pan's Labyrinth (2006),4.0,3.3733989021043
rw0225151,Pray for Death (1985),1.0,3.39535681610247
rw4851663,Flip (2019– ),5.0,3.382433668801464
rw3073194,Ringer (2011–2012),2.0,3.3865507776761206
rw4271737,The Artist (I) (2011),3.5,3.3733989021043
rw0460861,The Lord of the Rings: The Fellowship of the Ring (2001),4.5,3.3733989021043
rw2661990,普羅米修斯 (I) (2012),3.0,3.3865507776761206
rw0603017,Scary Movie (2000),3.5,3.3865507776761206
rw4111182,Ready Player One (2018),3.0,3.39535681610247
rw0342288,The Lion King (1994),5.0,3.39535681610247
rw1209553,Birth (2004),1.0,3.382433668801464
rw0023274,Blood and Sand (1941),5.0,3.380832570905764
rw5018039,Another Life (2019– ),0.5,3.3865507776761206
rw4424845,The Christmas Card (2006 TV Movie),5.0,3.380832570905764
rw2205569,Fix (I) (2008),4.0,3.39535681610247
rw0214994,Sheena (1984),2.0,3.39535681610247
rw1760924,Lions for Lambs (2007),4.0,3.380832570905764
rw5542940,The Lord of the Rings: The Fellowship of the Ring (2001),5.0,3.3733989021043
rw4559779,Father Figures (2017),1.0,3.39535681610247
rw3194031,Badlapur (2015),5.0,3.3865507776761206
rw4267370,Attack of the Killer Tomatoes! (1978),5.0,3.39535681610247
rw4332018,Solo: A Star Wars Story (2018),2.5,3.3733989021043
rw2278429,Wild Target (2010),3.0,3.382433668801464
rw5940703,Legacy (IV) (2020),0.5,3.380832570905764
rw0966904,Cube²: Hypercube (2002),1.5,3.380832570905764
rw4196939,El Camino Christmas (2017),3.5,3.39535681610247
rw4160470,Sleepers (1996),4.5,3.3733989021043
rw2900845,Jersey Shore (2009–2012),5.0,3.382433668801464
rw4165774,Clash of the Titans (2010),2.5,3.382433668801464
rw1986195,Milk (I) (2008),3.5,3.380832570905764
rw2916958,Dialogues with Madwomen (1994),3.5,3.380832570905764
rw1228792,Harry Potter and the Goblet of Fire (2005),3.0,3.3733989021043
rw1198205,Brokedown Palace (1999),0.5,3.39535681610247
rw4227619,The Land Before Time (1988),5.0,3.39535681610247
rw2791487,Unconditional (IV) (2012),3.0,3.3733989021043
rw4838109,Lucifer (2016– ),4.5,3.380832570905764
rw0946510,One Missed Call (2003),3.5,3.3865507776761206
rw2350909,13 (I) (2010),5.0,3.380832570905764
rw4582928,Logan (2017),4.5,3.380832570905764
rw2540177,Doli Saja Ke Rakhna (1998),3.5,3.382433668801464
rw6395817,The Boy and the World (2013),2.0,3.380832570905764
rw6439404,This Woman Is Mine (1941),3.0,3.3733989021043
rw1724631,A Lot Like Love (2005),5.0,3.39535681610247
rw4274219,Blackmark (2018),1.0,3.39535681610247
rw2455837,Battle Los Angeles (2011),1.5,3.382433668801464
rw3150349,The Guilt Trip (2012),3.0,3.382433668801464
rw4995429,Keeper of the Flame (1942),4.5,3.380832570905764
rw6178652,The Thing About Harry (2020 TV Movie),3.5,3.39535681610247
rw5703335,Hollywood (2020),3.0,3.380832570905764
rw5348704,獵魔士 (2019– ),4.0,3.3733989021043
rw1972611,King of Hearts (1966),5.0,3.3865507776761206
rw4503886,Gold Diggers of 1933 (1933),4.5,3.3865507776761206
rw4976170,Toy Story 4 (2019),3.0,3.39535681610247
rw0344212,Natural Born Killers (1994),3.5,3.3865507776761206
rw1345640,The Wild (2006),3.5,3.3865507776761206
rw0203047,National Lampoon's Vacation (1983),3.0,3.382433668801464
rw0014058,Phantom Ship (1935),2.5,3.3865507776761206
rw5394047,Klaus (2019),5.0,3.3865507776761206
rw3506502,Glitter (2001),1.0,3.382433668801464
rw1350824,Silent Hill (2006),3.5,3.39535681610247
rw3609956,V/H/S/2 (2013),1.0,3.3865507776761206
rw2904498,Cape Fear (1991),4.0,3.382433668801464
rw1656782,No Country for Old Men (2007),5.0,3.380832570905764
rw2352978,Rabbit Hole (2010),5.0,3.3733989021043
rw3447582,Dredd (2012),3.5,3.380832570905764
rw2530170,Sombrero (1953),3.5,3.380832570905764
rw6002137,Peppa Pig (2004– ),3.5,3.380832570905764
rw5325503,War (2019),1.0,3.3865507776761206
rw2265749,Rampage (2009),3.5,3.3865507776761206
rw4864055,Send Me No Flowers (1964),4.0,3.382433668801464
rw5915503,American Sniper (2014),2.5,3.382433668801464
rw4106302,The Fool (II) (2014),4.0,3.382433668801464
rw0117189,Harold and Maude (1971),4.5,3.3865507776761206
rw2703395,Apollo 18 (2011),1.0,3.3865507776761206
rw3765970,Valerian and the City of a Thousand Planets (2017),4.0,3.3733989021043
rw1749880,The Invasion (I) (2007),3.5,3.380832570905764
rw4114137,All American (1953),3.5,3.382433668801464
rw4270753,The Wrestler (2008),3.0,3.380832570905764
rw3873468,Bordertown (2016–2020),4.5,3.3733989021043
rw2434921,Cross (2011 Video),2.5,3.39535681610247
rw1735592,3:10 to Yuma (2007),3.5,3.382433668801464
rw0132216,Tongue (1976),4.0,3.380832570905764
rw5196187,凶兆 (I) (2012),4.5,3.382433668801464
rw5489593,Parasite (2019),2.5,3.3733989021043
rw1186102,Lord of War (2005),4.0,3.3733989021043
rw2326231,Shivers (1975),3.5,3.380832570905764
rw3457732,Across to Singapore (1928),2.5,3.380832570905764
rw4599934,Bohemian Rhapsody (2018),5.0,3.39535681610247
rw4556226,Foodfight! (2011),0.5,3.380832570905764
rw6250947,Laxmii (2020),0.5,3.3733989021043
rw6008057,Most Wanted (I) (2020),2.5,3.382433668801464
rw5005446,The Curse of La Llorona (2019),0.5,3.3733989021043
rw1036011,Robots (2005),5.0,3.380832570905764
rw0395901,Sling Blade (1996),5.0,3.39535681610247
rw1324718,Napoleon Dynamite (2004),3.5,3.380832570905764
rw5914239,Mafia (2020– ),5.0,3.382433668801464
rw3434099,Fracture (2007),1.0,3.382433668801464
rw4983617,Titanic (1997),0.5,3.39535681610247
rw1309335,16 Blocks (2006),4.0,3.3733989021043
rw2853386,Lovelace (2013),3.0,3.39535681610247
rw0007508,City Lights (1931),5.0,3.3733989021043
rw2293283,Winds of the Wasteland (1936),3.5,3.382433668801464
rw0654694,Moulin Rouge! (2001),2.5,3.3733989021043
rw1502693,N (Io e Napoleone) (2006),4.5,3.3733989021043
rw5008623,A Star Is Born (2018),4.0,3.39535681610247
rw5406488,Tanhaji: The Unsung Warrior (2020),5.0,3.39535681610247
rw0028891,Lady of Burlesque (1943),4.0,3.380832570905764
rw2229986,Der Barbier von Sevilla (1959 TV Movie),5.0,3.39535681610247
rw4526581,Educating Rita (1983),5.0,3.380832570905764
rw0371914,Strange Days (1995),5.0,3.3865507776761206
rw1496169,Return of the Living Dead II (1988),4.0,3.39535681610247
rw5799272,Brenda (2015),5.0,3.3865507776761206
rw4282758,Get Out (I) (2017),3.0,3.380832570905764
rw1993819,Planet Terror (2007),3.5,3.3865507776761206
rw1144723,Charlie and the Chocolate Factory (2005),4.5,3.39535681610247
rw4672590,The Darkest Minds (2018),3.5,3.382433668801464
rw4036622,The Great Gabbo (1929),2.5,3.3733989021043
rw3858410,The Square (2017),3.5,3.380832570905764
rw3758411,King Arthur: Excalibur Rising (2017),1.0,3.382433668801464
rw0482526,Star Wars: Episode I - The Phantom Menace (1999),5.0,3.380832570905764
rw1918649,"Runaway, Runaway (1972)",5.0,3.380832570905764
rw0247353,The Monster Squad (1987),5.0,3.382433668801464
rw6183570,The Unicorn (2019– ),5.0,3.3733989021043
rw4413011,Bad Times at the El Royale (2018),5.0,3.382433668801464
rw0529707,American Reel (2003),4.0,3.382433668801464
rw6455986,Taxi Driver (1976),2.5,3.382433668801464
rw1599940,Inferno (1980),5.0,3.39535681610247
rw0241868,Bloodsport (1988),5.0,3.3733989021043
rw5003916,Ambuli (2012),3.5,3.39535681610247
rw0138032,Sweet Movie (1974),4.5,3.382433668801464
rw1253583,"The Chronicles of Narnia: The Lion, the Witch and the Wardrobe (2005)",5.0,3.3865507776761206
rw1961476,Argo (2004),0.5,3.382433668801464
rw5376946,Spinning Out (2020),0.5,3.3865507776761206
rw0744736,Beeper (2002),3.5,3.3733989021043
rw3681098,Fathom (1967),2.5,3.382433668801464
rw2433458,American Beauty (1999),0.5,3.380832570905764
rw2290202,Grandma's Boy (2006),3.5,3.3865507776761206
rw2420986,House on Haunted Hill (1959),4.0,3.39535681610247
rw5280315,Whisper of the Heart (1995),5.0,3.3865507776761206
rw0414232,Eve's Bayou (1997),0.5,3.3865507776761206
rw4741456,Triple Threat (2019),2.0,3.39535681610247
rw2217887,Taken (I) (2008),3.5,3.3865507776761206
rw6259296,What Happens Next (I) (2011),1.5,3.39535681610247
rw2870821,Derek Zoolander: Male Model (1996 TV Short),2.0,3.382433668801464
rw4108866,Cars 3 (2017),4.0,3.3733989021043
rw3232267,The Wolfman (2010),3.5,3.3865507776761206
rw2237380,Idiocracy (2006),5.0,3.3865507776761206
rw5418956,The Heist of the Century (2020),4.0,3.3865507776761206
rw4638003,Dynasty (2017– ),4.0,3.39535681610247
rw1703129,You Kill Me (2007),4.0,3.380832570905764
rw5485614,Love Aaj Kal (2020),5.0,3.382433668801464
rw4603144,M.S. Dhoni: The Untold Story (2016),5.0,3.3865507776761206
rw0312505,Romper Stomper (1992),2.5,3.39535681610247
rw1185276,Four Brothers (2005),4.0,3.39535681610247
rw3503803,The Maze Runner (2014),3.0,3.380832570905764
rw6039337,Bulbbul (2020),5.0,3.39535681610247
rw1468714,Madagascar (2005),4.5,3.3733989021043
rw3849874,Outside the Law (1930),3.5,3.3865507776761206
rw2124162,Close Encounters of the Third Kind (1977),5.0,3.3865507776761206
rw2237754,Creature of Darkness (2009),3.5,3.380832570905764
rw5437088,The Mandalorian (2019– ),4.5,3.3865507776761206
rw4782229,Indiscreet (1958),0.5,3.39535681610247
rw3242722,Fat Slags (2004),2.5,3.382433668801464
rw0867738,Bruce Almighty (2003),3.5,3.39535681610247
rw4397864,12 Kilometers (2016),5.0,3.380832570905764
rw2363338,Sid and Nancy (1986),4.0,3.39535681610247
rw2057355,Sure Fire (1990),4.5,3.380832570905764
rw4908361,Fleabag (2016–2019),5.0,3.380832570905764
rw3157870,Gummo (1997),0.5,3.3733989021043
rw4324003,Pyewacket (2017),3.0,3.382433668801464
rw5646437,Manifest (2018– ),0.5,3.3733989021043
rw4712014,Bohemian Rhapsody (2018),5.0,3.39535681610247
rw6424908,Bridgerton (2020– ),0.5,3.380832570905764
rw3480060,Avengers: Age of Ultron (2015),3.5,3.3733989021043
rw1019162,Darr (1993),5.0,3.380832570905764
rw0791485,Lilo & Stitch (2002),5.0,3.3865507776761206
rw6138689,Conspiracy Theory (1997),2.5,3.382433668801464
rw5284358,A Time to Kill (1996),0.5,3.380832570905764
rw3091858,The Mist (2007),0.5,3.39535681610247
rw3382602,Carol (2015),2.0,3.380832570905764
rw0869956,Spider-Man 2 (2004),4.0,3.39535681610247
rw0683859,Gangs of New York (2002),2.0,3.3733989021043
rw4879925,It (I) (2017),4.5,3.3865507776761206
rw2854617,Chinatown (1974),4.5,3.39535681610247
rw6070570,Love Fraud (2020),0.5,3.380832570905764
rw3719314,Wonder Woman (2017),1.0,3.380832570905764
rw4952775,Blazing Saddles (1974),1.5,3.3733989021043
rw5908703,Rosemary's Baby (1968),5.0,3.39535681610247
rw4146665,Avengers: Infinity War (2018),4.5,3.380832570905764
rw2873847,Jobs (2013),3.5,3.3733989021043
rw2393550,Gojira (1954),2.5,3.380832570905764
rw5322837,In Harm's Way (1965),5.0,3.380832570905764
rw2695807,Chasing Mavericks (2012),5.0,3.382433668801464
rw6102788,Dave (1993),3.5,3.3865507776761206
rw4444103,Sausage Party (2016),4.5,3.382433668801464
rw1643260,Das Leben der Anderen (2006),4.0,3.39535681610247
rw5955678,Hostile (I) (2017),0.5,3.3865507776761206
rw1967933,The Mentalist (2008–2015),4.0,3.382433668801464
rw2580154,Special (2006),2.5,3.39535681610247
rw5014697,The Babysitter (1995),1.0,3.3733989021043
rw3264839,The Adventures of Sharkboy and Lavagirl 3-D (2005),0.5,3.380832570905764
rw5778164,Ouija Shark (2020),2.5,3.380832570905764
rw3026099,Vampires Suck (2010),4.5,3.39535681610247
rw0355685,Babe (1995),5.0,3.380832570905764
rw0340318,Heavyweights (1995),1.0,3.382433668801464
rw3857545,School Life (2016),4.0,3.3865507776761206
rw6324716,Saved by the Bell (2020– ),0.5,3.380832570905764
rw4527271,Bird Box (2018),3.0,3.39535681610247
rw3219220,Danny Collins (2015),4.5,3.3865507776761206
rw2529369,Puss in Boots (2011),3.5,3.3865507776761206
rw6435395,Muck (I) (2015),3.5,3.3733989021043
rw2846712,A Good Day to Die Hard (2013),0.5,3.380832570905764
rw5702914,After Life (2019– ),5.0,3.39535681610247
rw4214570,The Wizard of Lies (2017 TV Movie),4.0,3.39535681610247
rw0272884,Meet the Feebles (1989),5.0,3.380832570905764
rw0982004,Garden State (2004),4.5,3.39535681610247
rw5243505,Doctor Sleep (2019),5.0,3.39535681610247
rw1711356,The Steel Trap (1952),4.0,3.382433668801464
rw4568769,The Shawshank Redemption (1994),4.5,3.39535681610247
rw5584366,Mad Max: Fury Road (2015),2.0,3.39535681610247
rw4094304,I Can Only Imagine (2018),5.0,3.3733989021043
rw2413378,An Invisible Sign (2010),4.0,3.3733989021043
rw5020687,Midsommar (2019),0.5,3.380832570905764
rw5735750,Wanted (2016– ),3.0,3.3733989021043
rw4883953,The Poison Rose (2019),1.5,3.382433668801464
rw2090814,Blood Feast (1963),3.5,3.382433668801464
rw4914139,Nervous Translation (2017),4.0,3.380832570905764
rw1857056,Cast Away (2000),5.0,3.382433668801464
rw6164376,Castle Freak (1995 Video),4.0,3.39535681610247
rw5224053,Solo: A Star Wars Story (2018),4.5,3.39535681610247
rw3811286,Breaking Bad (2008–2013),5.0,3.3733989021043
rw2794566,Jack Reacher (2012),4.0,3.3733989021043
rw3346467,Terminator Genisys (2015),3.0,3.3733989021043
rw1790833,National Treasure: Book of Secrets (2007),2.5,3.380832570905764
rw2676887,Mother's Day (I) (2010),2.5,3.3865507776761206
rw1958049,Appaloosa (2008),4.0,3.380832570905764
rw3027144,Fantastic 4: Rise of the Silver Surfer (2007),2.5,3.3733989021043
rw4742033,Us (II) (2019),4.0,3.3733989021043
rw3129498,Eight O'Clock Walk (1954),2.5,3.3733989021043
rw3181112,Suspiria (1977),3.0,3.3865507776761206
rw2233633,Brother Orchid (1940),3.5,3.3733989021043
rw5920486,Hearts and Flowers (1930),1.5,3.3865507776761206
rw2237565,Repo Men (2010),3.0,3.382433668801464
rw4722710,Captain Marvel (2019),2.5,3.3865507776761206
rw2587888,The Hunger Games (2012),1.5,3.380832570905764
rw1523812,Plymouth Adventure (1952),3.5,3.3865507776761206
rw1970221,The Strangers (2008),1.5,3.380832570905764
rw1810596,Firefly (2002–2003),5.0,3.3865507776761206
rw0767970,Black Hawk Down (2001),0.5,3.382433668801464
rw1433255,The Dukes of Hazzard (2005),0.5,3.39535681610247
rw5862219,Andes Mágicos (2019– ),2.0,3.3733989021043
rw3219290,Go Naked in the World (1961),4.0,3.39535681610247
rw2761246,Django Unchained (2012),4.5,3.380832570905764
rw2082849,The Mummy: Tomb of the Dragon Emperor (2008),1.5,3.3733989021043
rw5693961,A Secret Love (2020),4.5,3.39535681610247
rw0625544,Little Nicky (2000),5.0,3.39535681610247
rw6304035,The Witches (2020),0.5,3.3733989021043
rw1955772,Nights in Rodanthe (2008),4.0,3.3733989021043
rw4165273,Parasites (I) (2016),4.0,3.3865507776761206
rw0450819,Eye of the Beholder (1999),5.0,3.380832570905764
rw3324656,Gotham (2014–2019),0.5,3.3733989021043
rw1149670,Catwoman (2004),0.5,3.39535681610247
rw3823333,Session 9 (2001),3.5,3.382433668801464
rw2511850,Paranormal Activity 3 (2011),0.5,3.380832570905764
rw2105896,The Cell (2000),2.5,3.3733989021043
rw1097087,Five Star Final (1931),4.5,3.3733989021043
rw0031978,Brief Encounter (1945),5.0,3.3865507776761206
rw2566578,The Experiment (2010),2.5,3.3865507776761206
rw5540197,21 Bridges (2019),5.0,3.382433668801464
rw4126719,The Crown (2016– ),4.0,3.382433668801464
rw6352457,The Turin Horse (2011),5.0,3.3865507776761206
rw5964364,Deadpool (2013 Video Game),4.5,3.3733989021043
rw0842143,Chicago (2002),1.5,3.380832570905764
rw1609174,Tajja (2006),4.0,3.3865507776761206
rw5791475,Alice in Wonderland (I) (2010),3.5,3.382433668801464
rw5329412,李察朱威爾事件 (2019),5.0,3.382433668801464
rw5411181,Blue Mountain State (2010–2011),5.0,3.3733989021043
rw1497844,Judge Dredd (1995),4.0,3.3733989021043
rw4812121,Iron Man (2008),3.0,3.3733989021043
rw5437533,The Specials (2019),4.0,3.39535681610247
rw5382589,Uncut Gems (2019),5.0,3.382433668801464
rw2292589,Road Train (2010),0.5,3.3733989021043
rw6142109,Enola Holmes (2020),3.5,3.3865507776761206
rw0469652,Saving Private Ryan (1998),2.5,3.380832570905764
rw2053281,Black Christmas (2006),2.5,3.39535681610247
rw4878701,My Way (2011),4.5,3.3733989021043
rw1555419,Santa Claws (1996),3.0,3.380832570905764
rw4967027,Star Wars: Episode VIII - The Last Jedi (2017),1.5,3.3865507776761206
rw4298536,9-1-1 (2018– ),0.5,3.39535681610247
rw3316810,The Rawhide Years (1956),3.0,3.382433668801464
rw0527035,Message in a Bottle (1999),1.5,3.382433668801464
rw4374865,Terror on Tour (1980),1.5,3.3865507776761206
rw0510344,The Matrix (1999),4.5,3.3733989021043
rw2109616,Funny People (2009),1.0,3.39535681610247
rw1050604,Star Wars: Episode II - Attack of the Clones (2002),3.0,3.39535681610247
rw5777517,Tajkun (2020– ),4.5,3.3733989021043
rw6452902,Uncle Buck (1989),3.0,3.380832570905764
rw2778668,Olympus Has Fallen (2013),2.0,3.3865507776761206
rw4465859,Mirzapur (2018– ),3.5,3.3733989021043
rw6208963,Spell (I) (2018),5.0,3.3865507776761206
rw3833864,Chris Brown: Welcome To My Life (2017),3.0,3.39535681610247
rw0027130,Mystery of Marie Roget (1942),3.0,3.3733989021043
rw3609902,The Search (III) (2014),3.5,3.3865507776761206
rw3449982,Deadpool (2016),5.0,3.3865507776761206
rw5042352,Assimilate (I) (2019),3.0,3.39535681610247
rw3713237,Arrival (II) (2016),4.5,3.3865507776761206
rw3085754,The Babadook (2014),4.0,3.380832570905764
rw2510672,Dweebs (1995),4.0,3.3733989021043
rw4693676,Mine Games (2012),1.0,3.3733989021043
rw1122432,Chopping Mall (1986),5.0,3.3865507776761206
rw5219478,Bigil (2019),5.0,3.380832570905764
rw0594031,Neon Genesis Evangelion: The End of Evangelion (1997),5.0,3.382433668801464
rw6101173,Mulan (2020),0.5,3.39535681610247
rw1109687,The Mummy Returns (2001),2.5,3.380832570905764
rw1806016,Young Guns (1988),2.5,3.380832570905764
rw5676229,Manifest (2018– ),3.0,3.3865507776761206
rw1361347,Doctor Zhivago (1965),3.5,3.382433668801464
rw5133193,The Girl in the Fog (2017),2.0,3.382433668801464
rw2993781,The Carpenters (1941),3.0,3.3733989021043
rw4243836,Baywatch (2017),4.5,3.3733989021043
rw1416440,The Devil Wears Prada (2006),2.5,3.3865507776761206
rw5244537,She Walks the Woods (2019),4.0,3.380832570905764
rw3156656,The Devil's Violinist (2013),4.5,3.3865507776761206
rw3769686,Alien: Covenant (2017),1.0,3.3865507776761206
rw1752788,We Own the Night (2007),3.5,3.3733989021043
rw2233057,Lost and Delirious (2001),5.0,3.39535681610247
rw3626829,Arrival (II) (2016),0.5,3.380832570905764
rw1371270,Grandma's Boy (2006),2.0,3.382433668801464
rw1239363,The 40-Year-Old Virgin (2005),4.5,3.382433668801464
rw5412752,Star Wars: The Rise Of Skywalker (2019),1.0,3.39535681610247
rw2767164,Some Like It Hot (1959),4.5,3.382433668801464
rw4184504,Lucifer (2016– ),5.0,3.39535681610247
rw1018538,Before Sunset (2004),5.0,3.3733989021043
rw3735935,Power Rangers (2017),1.5,3.3865507776761206
rw2443025,Haunted Collector (2011– ),0.5,3.3733989021043
rw5009534,Super 30 (2019),4.0,3.380832570905764
rw4543643,Titans (I) (2018– ),4.0,3.380832570905764
rw0409362,Life Is Beautiful (1997),4.5,3.39535681610247
rw6383874,We Are the Champions (2020– ),5.0,3.3733989021043
rw3634828,The Defiant Ones (1958),4.5,3.3865507776761206
rw3114568,Nightcrawler (2014),4.0,3.3733989021043
rw2404103,Sucker Punch (2011),3.0,3.39535681610247
rw3369828,The Sissy Duckling (1999 TV Movie),3.0,3.380832570905764
rw0842504,Gigli (2003),0.5,3.382433668801464
rw0161892,The Last Waltz (1978),5.0,3.3865507776761206
rw1383873,Madonna: Truth or Dare (1991),5.0,3.3733989021043
rw6218269,Joker (2019),5.0,3.3733989021043
rw6334691,The Stalker (III) (2020),1.0,3.382433668801464
rw3061403,The Catechism Cataclysm (2011),0.5,3.3733989021043
rw5429734,The Capture (2019– ),3.0,3.3865507776761206
rw3402079,When Calls the Heart (2014– ),5.0,3.3733989021043
rw1505773,Almost Famous (2000),5.0,3.39535681610247
rw3058568,Hot Moves (1984),2.5,3.380832570905764
rw2642626,Köprü (1975),2.0,3.39535681610247
rw5397799,Last Christmas (2019),4.5,3.3865507776761206
rw3031035,Mr. Fraud (2014),0.5,3.3733989021043
rw0142855,It Can't Be! (1975),5.0,3.3865507776761206
rw6070985,Upside-Down Magic (2020 TV Movie),0.5,3.382433668801464
rw3253574,Pyaar Ke Side Effects (2006),3.0,3.3733989021043
rw6161360,Creepozoids (1987),1.5,3.382433668801464
rw3372018,Terminator Genisys (2015),1.5,3.3865507776761206
rw2120352,The Maid (2009),4.0,3.380832570905764
rw2032436,Æon Flux (2005),4.0,3.380832570905764
rw4911268,Burning (2018),4.0,3.382433668801464
rw1346245,12 Monkeys (1995),5.0,3.382433668801464
rw5812379,Top Gun (1986),5.0,3.380832570905764
rw2533749,Tin sang yat dui (2006),4.5,3.39535681610247
rw2957257,Inequality for All (2013),5.0,3.3733989021043
rw3694718,Furious 6 (2013),4.0,3.382433668801464
rw3175045,An Unexpected Love (2003 TV Movie),1.5,3.39535681610247
rw4806278,Psycho (1960),4.5,3.380832570905764
rw3772713,Valerian and the City of a Thousand Planets (2017),3.0,3.3733989021043
rw3603095,The Affair (2014–2019),4.0,3.3733989021043
rw0039803,Beyond the Forest (1949),2.0,3.382433668801464
rw4666181,The Favourite (2018),2.0,3.39535681610247
rw5491526,The Phantom of Crestwood (1932),2.5,3.3865507776761206
rw4532980,Transformers: The Last Knight (2017),0.5,3.3733989021043
rw5400353,Treadstone (2019),1.5,3.3733989021043
rw3873999,She's Gotta Have It (2017–2019),1.5,3.3865507776761206
rw3044794,The 100 (2014–2020),0.5,3.3865507776761206
rw3649086,A Cure for Wellness (2016),4.5,3.3733989021043
rw3377342,Star Wars: Episode VII - The Force Awakens (2015),3.5,3.3733989021043
rw4277877,Deadpool 2 (2018),0.5,3.39535681610247
rw4928376,The Chef Show (2019– ),4.0,3.380832570905764
rw0972252,Rudolph the Red-Nosed Reindeer (1964 TV Movie),1.0,3.380832570905764
rw4559815,The Bridge on the River Kwai (1957),5.0,3.3733989021043
rw1962823,Village of the Damned (1960),4.0,3.382433668801464
rw5614717,Panchayat (2020– ),3.5,3.3865507776761206
rw4118782,The Last Movie Star (I) (2017),5.0,3.380832570905764
rw5101984,Chal Mera Putt (2019),4.0,3.382433668801464
rw3611311,A Billion Lives (2016),5.0,3.3733989021043
rw1111398,King of the Corner (2004),5.0,3.380832570905764
rw5747617,Eden Lake (2008),4.0,3.39535681610247
rw4260485,The Proposal (I) (2009),3.0,3.382433668801464
rw5414157,Code M (2020– ),4.5,3.382433668801464
rw1871845,Before the Devil Knows You're Dead (2007),0.5,3.382433668801464
rw0915829,Belly of the Beast (2003 Video),0.5,3.39535681610247
rw2769316,Cloud Atlas (2012),0.5,3.380832570905764
rw4012029,Justice League (2017),1.5,3.380832570905764
rw6266711,Soorarai Pottru (2020),4.5,3.3733989021043
rw4119452,Day of the Dead: Bloodline (2017),0.5,3.3865507776761206
rw0222922,Police Story (1985),1.5,3.3733989021043
rw4381440,Long Lost Daughter (2018 TV Movie),1.0,3.380832570905764
rw1194630,Out of Season (2004),2.5,3.380832570905764
rw2167499,Honeymoon of Horror (1964),1.5,3.39535681610247
rw3467053,It (1990),4.5,3.382433668801464
rw4544960,Cherokee Creek (2018),5.0,3.3733989021043
rw0850225,Kermit's Swamp Years (2002 TV Movie),1.0,3.382433668801464
rw2534229,Hugo (2011),1.5,3.39535681610247
rw4128395,Superjail! (2007–2014),3.0,3.3733989021043
rw0725026,Swordfish (2001),0.5,3.380832570905764
rw5044809,Thackeray (2019),4.0,3.380832570905764
rw5800136,Space Force (2020– ),4.0,3.39535681610247
rw2614124,Cargo (2009),1.0,3.382433668801464
rw2342375,The Black Cat (1934),4.0,3.3733989021043
rw0126293,Super Fly (1972),4.0,3.39535681610247
rw0085026,Father Goose (1964),3.5,3.39535681610247
rw0480245,Titan A.E. (2000),5.0,3.380832570905764
rw5495112,A Long Way Down (2014),4.0,3.39535681610247
rw3331064,The Hunger Games: Mockingjay - Part 1 (2014),3.0,3.382433668801464
rw4271111,Hot Fuzz (2007),5.0,3.382433668801464
rw1132702,The Notebook (2004),5.0,3.382433668801464
rw4988594,The Edge of Democracy (2019),5.0,3.382433668801464
rw5164965,小丑 (2019),5.0,3.380832570905764
rw0142011,Jaws (1975),5.0,3.39535681610247
rw4198754,Before Midnight (2013),1.5,3.39535681610247
rw4289318,Riverdale (2017– ),2.5,3.3733989021043
rw2951811,An Affair to Remember (1957),3.5,3.39535681610247
rw0633219,Blade II (2002),5.0,3.380832570905764
rw4789228,Thor: Ragnarok (2017),5.0,3.39535681610247
rw1012881,Gods and Generals (2003),0.5,3.3733989021043
rw3009926,Green Lantern (2011),1.5,3.3733989021043
rw2107575,Slumber Party Massacre II (1987),3.0,3.3733989021043
rw4547376,Your Name. (2016),4.5,3.382433668801464
rw1155446,Supercross (2005),2.0,3.3733989021043
rw5621012,The Chosen (2017– ),5.0,3.39535681610247
rw5232206,Superstore (2015– ),5.0,3.3865507776761206
rw0360014,The Demolitionist (1995),0.5,3.382433668801464
rw6166540,The King of Staten Island (2020),5.0,3.3733989021043
rw5427353,The Americans (2013–2018),4.5,3.380832570905764
rw5076957,Game Over (I) (2019),5.0,3.382433668801464
rw4823777,Playdate (2012 TV Movie),1.5,3.382433668801464
rw1902942,Hot Rod (2007),5.0,3.39535681610247
rw1113951,Zabriskie Point (1970),3.0,3.382433668801464
rw1422536,Dead Man's Shoes (2004),5.0,3.3733989021043
rw2840192,Wild Strawberries (1957),5.0,3.380832570905764
rw6345474,Padmaavat (2018),5.0,3.382433668801464
rw5161710,3 from Hell (2019),3.5,3.380832570905764
rw5115927,State of the Union (2019– ),0.5,3.382433668801464
rw1293244,Raging Bull (1980),5.0,3.3733989021043
rw5650741,Hasmukh (2020– ),1.5,3.382433668801464
rw4500902,Thunderball (1965),3.5,3.3865507776761206
rw4311509,Cool Air (1999),5.0,3.382433668801464
rw3080044,Guardians of the Galaxy (2014),4.5,3.3733989021043
rw5519012,Star Wars: The Rise Of Skywalker (2019),1.0,3.3733989021043
rw5261222,Last Christmas (2019),5.0,3.382433668801464
rw5267473,Pulp Fiction (1994),5.0,3.3733989021043
rw5369128,Cliffhanger (1993),5.0,3.3733989021043
rw0879597,Out for a Kill (2003 Video),1.0,3.39535681610247
rw0828086,The Lost World: Jurassic Park (I) (1997 Video Game),4.0,3.380832570905764
rw3797414,XX (2017),0.5,3.39535681610247
rw1435993,The High Crusade (1994),4.0,3.3865507776761206
rw5425946,The Butterfly Effect (2004),5.0,3.380832570905764
rw1682919,Transformers (2007),3.5,3.3733989021043
rw4768313,Us (II) (2019),0.5,3.3733989021043
rw3372652,I'll Be Home for Christmas (1998),1.5,3.382433668801464
rw4080012,Black Panther (2018),0.5,3.3733989021043
rw0289718,Dreams (1990),5.0,3.380832570905764
rw2288579,The Rock (1996),5.0,3.39535681610247
rw4120760,Churchill (2017),3.0,3.3865507776761206
rw3796316,Bug Crawls (2008),3.0,3.39535681610247
rw5047086,Egg (I) (2018),4.5,3.380832570905764
rw1067195,Troy (2004),5.0,3.3865507776761206
rw5720077,Shirkers (2018),5.0,3.39535681610247
rw1318785,V for Vendetta (2005),5.0,3.39535681610247
rw6271226,Disappearance at Clifton Hill (2019),2.0,3.3865507776761206
rw4455674,The God Inside My Ear (2017),5.0,3.39535681610247
rw2392743,Nosso Lar (2010),5.0,3.382433668801464
rw0459828,The Lord of the Rings: The Fellowship of the Ring (2001),0.5,3.380832570905764
rw3369135,Soaked in Bleach (2015),4.5,3.39535681610247
rw1506609,Murders in the Rue Morgue (1932),1.5,3.39535681610247
rw1662359,Pirates of the Caribbean: At World's End (2007),3.0,3.382433668801464
rw3704218,Cable Girls (2017–2020),5.0,3.380832570905764
rw4287707,Slender Man (2018),4.5,3.382433668801464
rw5115824,Deep Freeze (2002),0.5,3.3865507776761206
rw0465589,The Opposite of Sex (1997),2.0,3.3733989021043
rw5898452,Archive (2020),5.0,3.3865507776761206
rw3320860,Cooties (2014),4.0,3.3733989021043
rw0049412,Invaders from Mars (1953),4.0,3.39535681610247
rw4371939,Jumanji: Welcome to the Jungle (2017),3.5,3.380832570905764
rw2538326,War Horse (2011),4.5,3.380832570905764
rw3243337,Final Destination (2000),2.0,3.3865507776761206
rw2378548,The Boondock Saints II: All Saints Day (2009),3.5,3.39535681610247
rw5914093,Unsolved Mysteries (2020– ),1.5,3.382433668801464
rw0075677,Two Rode Together (1961),4.0,3.380832570905764
rw2319943,Song of Texas (1943),2.5,3.380832570905764
rw2947336,A Perfect Man (2013),1.5,3.39535681610247
rw0107877,The Madwoman of Chaillot (1969),2.5,3.382433668801464
rw5189319,In the Tall Grass (2019),0.5,3.380832570905764
rw1040908,Godzilla 1985 (1985),5.0,3.382433668801464
rw5781831,Flight (I) (2012),2.5,3.39535681610247
rw5773403,Man of Steel (2013),5.0,3.39535681610247
rw5241393,"Love, Life and Laughter (1923)",4.0,3.382433668801464
rw3000032,Devil's Due (2014),5.0,3.380832570905764
rw4340468,Death Note (I) (2017),2.5,3.380832570905764
rw1494943,Freedomland (2006),2.5,3.39535681610247
rw5934540,Dil Bechara (2020),5.0,3.382433668801464
rw1427781,Pieces of April (2003),3.5,3.3865507776761206
rw1139304,What the #$*! Do We (K)now!? (2004),0.5,3.382433668801464
rw3206191,Alice in Wonderland (I) (2010),3.5,3.3733989021043
rw2376329,American Beauty (1999),5.0,3.39535681610247
rw3444078,Aliens vs. Predator: Requiem (2007),2.5,3.380832570905764
rw3584258,Boxcar Bertha (1972),1.5,3.3733989021043
rw2592118,Joey (1997),3.5,3.39535681610247
rw5003544,The Wrong Boy Next Door (2019 TV Movie),3.5,3.382433668801464
rw3398216,Panic Button (2011),2.0,3.3733989021043
rw2371561,Covert Affairs (2010–2014),3.0,3.3733989021043
rw3222197,State of Grace (1990),3.5,3.380832570905764
rw2131822,Valkyrie (2008),4.0,3.3865507776761206
rw6200934,House on Haunted Hill (1959),2.0,3.3865507776761206
rw6290812,Supernatural (2005–2020),5.0,3.3865507776761206
rw0750188,Baby Boy (2001),5.0,3.3733989021043
rw4247822,Cloak & Dagger (2018–2019),3.0,3.3865507776761206
rw3423832,Becoming Mike Nichols (2016),3.5,3.380832570905764
rw2099834,Amos & Andrew (1993),4.0,3.380832570905764
rw2955062,Captain Phillips (2013),2.5,3.39535681610247
rw1818058,Boot Hill (1969),1.5,3.3733989021043
rw1440468,Pulp Fiction (1994),5.0,3.39535681610247
rw0984100,The Phantom of the Opera (2004),5.0,3.382433668801464
rw1435744,The War at Home (2005–2007),5.0,3.380832570905764
rw3365998,The Walking Dead (2010– ),0.5,3.380832570905764
rw6088599,The Horseman on the Roof (1995),3.5,3.3865507776761206
rw5066233,Blood & Treasure (2019– ),3.5,3.39535681610247
rw4417181,Vada Chennai (2018),4.0,3.3865507776761206
rw4505508,Rudolph and Frosty's Christmas in July (1979 TV Movie),4.0,3.39535681610247
rw2855332,Blackfish (2013),4.5,3.380832570905764
rw0903994,Stuck on You (2003),4.0,3.380832570905764
rw2779094,Curfew (1989),0.5,3.3733989021043
rw2908362,Dracula (2013–2014),4.0,3.3733989021043
rw4030188,Free Eats (1932),3.5,3.39535681610247
rw1529961,Borat: Cultural Learnings of America for Make Benefit Glorious Nation of Kazakhstan (2006),1.0,3.382433668801464
rw4554542,We'll Meet Again (2018– ),5.0,3.380832570905764
rw2826685,The Parent Trap (1998),3.0,3.39535681610247
rw0078617,Moon Pilot (1962),5.0,3.39535681610247
rw1149101,Junebug (2005),3.5,3.380832570905764
rw1248309,King Kong (2005),3.5,3.380832570905764
rw6436086,Once Upon a Main Street (2020 TV Movie),2.5,3.3865507776761206
rw3339847,The Oath (2010),3.5,3.39535681610247
rw3048753,Godzilla (I) (1998),1.5,3.380832570905764
rw3309362,The Silence of the Lambs (1991),5.0,3.380832570905764
rw3259515,Madagascar 3: Europe's Most Wanted (2012),2.5,3.3733989021043
rw0856704,Revolution OS (2001),5.0,3.3733989021043
rw5340268,Rangbaaz (2018– ),5.0,3.380832570905764
rw4523838,StartUp (2016–2018),4.5,3.3733989021043
rw0749224,The Piano Teacher (2001),4.0,3.382433668801464
rw1169679,Sky High (2005),4.0,3.380832570905764
rw3531225,The Thing (I) (2011),5.0,3.382433668801464
rw1232361,Cinderella Man (2005),0.5,3.39535681610247
rw1866128,Return to Zork (1993 Video Game),1.5,3.3733989021043
rw5826347,Back to the Future (1985),4.5,3.3865507776761206
rw6320590,Andhaghaaram (2020),5.0,3.380832570905764
rw5231182,In the Shadow of the Moon (2019),2.5,3.3865507776761206
rw2598815,The Color of Money (1986),4.5,3.3865507776761206
rw3636612,In the Heat of the Night (1967),4.5,3.382433668801464
rw5080383,Medium (2005–2011),4.0,3.3865507776761206
rw5759731,Inheritance (I) (2020),4.0,3.3865507776761206
rw2621884,Snow White and the Huntsman (2012),3.5,3.382433668801464
rw4499373,Intensive Care (II) (2018),2.0,3.3733989021043
rw6210186,Blues Brothers 2000 (1998),1.0,3.3733989021043
rw3831423,American Gothic (2017),2.0,3.380832570905764
rw2507051,My Babysitter's a Vampire (2011–2012),0.5,3.3733989021043
rw6130078,The Chosen (2017– ),5.0,3.380832570905764
rw2944022,My Soul to Take (2010),1.5,3.3865507776761206
rw2764545,Oz the Great and Powerful (2013),5.0,3.382433668801464
rw2125697,Van Helsing (2004),2.5,3.380832570905764
rw4424381,Lucky (VI) (2016),4.0,3.3733989021043
rw6415394,Monster Hunter (I) (2020),3.5,3.3865507776761206
rw3237596,Maggie (I) (2015),5.0,3.380832570905764
rw2766979,The Last Exorcism 2 (2013),1.0,3.382433668801464
rw3611196,The OA (2016–2019),5.0,3.39535681610247
rw2769269,Django Unchained (2012),1.0,3.39535681610247
rw6149835,Batman (1966–1968),3.5,3.39535681610247
rw1954021,Call of Duty 4: Modern Warfare (2007 Video Game),5.0,3.3733989021043
rw4577613,The Truth About Killer Robots (2018),3.5,3.39535681610247
rw6414591,Ready to Wear (1994),1.5,3.380832570905764
rw5183263,The Gulf (2019– ),4.5,3.382433668801464
rw2072070,Terminator Salvation (2009),4.0,3.380832570905764
rw6361963,Your Honor (II) (2020– ),5.0,3.3733989021043
rw2784056,The Trespassers (2012),4.0,3.3865507776761206
rw1692239,The Last Mimzy (2007),4.5,3.380832570905764
rw6243673,The Slumber Party Massacre (1982),1.0,3.380832570905764
rw1978462,Airplane! (1980),3.5,3.380832570905764
rw0685196,Unbreakable (2000),2.0,3.382433668801464
rw5030929,Kimi no na wa. (2016),2.0,3.382433668801464
rw1024679,Tomb of the Werewolf (2004 Video),2.5,3.3865507776761206
rw5440876,Escape (1940),3.5,3.3865507776761206
rw4262563,Leverage (2008–2012),4.5,3.3865507776761206
rw1348984,Scary Movie 4 (2006),3.5,3.380832570905764
rw1419271,The Lake House (2006),1.5,3.3733989021043
rw0484674,Star Wars: Episode II - Attack of the Clones (2002),2.0,3.3733989021043
rw2667277,Brutal (II) (2012),5.0,3.39535681610247
rw5584226,Kim (1950),4.0,3.39535681610247
rw4997488,Montparnasse Bienvenüe (2017),4.0,3.380832570905764
rw1282195,Strictly Ballroom (1992),5.0,3.380832570905764
rw6311976,"Sacred Cow: The Nutritional, Environmental and Ethical Case for Better Meat (2020)",5.0,3.382433668801464
rw2345590,The Judas Project (1990),3.5,3.39535681610247
rw1438881,Talladega Nights: The Ballad of Ricky Bobby (2006),4.0,3.39535681610247
rw3456373,Invasion from Inner Earth (1974),1.5,3.39535681610247
rw6334790,Estômago (2007),5.0,3.380832570905764
rw6272852,Chhalaang (2020),2.5,3.39535681610247
rw1889552,Reality Bites (1994),5.0,3.3865507776761206
rw0568430,Trixie (2000),3.5,3.380832570905764
rw1194656,*batteries not included (1987),2.0,3.382433668801464
rw2261857,And Then Came Lola (2009),0.5,3.3733989021043
rw5416915,Code M (2020– ),5.0,3.39535681610247
rw4982811,Spider-Man: Far from Home (2019),3.0,3.3733989021043
rw2293702,American Psycho (2000),3.5,3.3865507776761206
rw1286043,The Coroner (1999),0.5,3.39535681610247
rw0398495,Twister (I) (1996),2.5,3.39535681610247
rw5711759,Into the Night (II) (2020– ),5.0,3.3733989021043
rw2621766,Bram Stoker's Dracula (1992),0.5,3.39535681610247
rw1703783,Yo (2007),4.0,3.380832570905764
rw0122504,Everything You Always Wanted to Know About Sex * But Were Afraid to Ask (1972),3.0,3.3865507776761206
rw4242491,Ant-Man and the Wasp (2018),4.5,3.380832570905764
rw6442332,Paurashpur (2020– ),5.0,3.3865507776761206
rw5446580,National Treasure (2004),3.0,3.380832570905764
rw3296748,Alien Species (1996),4.0,3.3865507776761206
rw4136010,Gun Shy (2017),1.0,3.3865507776761206
rw5638087,The Final Conflict (1981),3.5,3.3733989021043
rw5333867,STAR WARS：原力覺醒 (2015),0.5,3.382433668801464
rw5025456,Another Life (2019– ),5.0,3.3865507776761206
rw0509007,The Matrix (1999),0.5,3.3733989021043
rw5799183,Ponmagal Vandhal (2020),5.0,3.382433668801464
rw0634130,Godzilla 2000 (1999),5.0,3.382433668801464
rw0334449,Alma's Rainbow (1994),4.5,3.380832570905764
rw3282529,Night of the Wilding (1990 Video),3.5,3.382433668801464
rw3667482,Beauty and the Beast (I) (2017),5.0,3.3865507776761206
rw5264804,The Mandalorian (2019– ),4.5,3.3865507776761206
rw2858178,Star Trek Into Darkness (2013),3.5,3.380832570905764
rw4203056,Frankie and Johnny (1966),2.0,3.3865507776761206
rw3256542,Home (II) (2015),0.5,3.382433668801464
rw5141355,About Last Night... (1986),4.0,3.380832570905764
rw4925342,Rufus (2016 TV Short),4.0,3.382433668801464
rw2682785,Chernobyl Diaries (2012),4.0,3.39535681610247
rw5422615,Basket Case (1982),5.0,3.382433668801464
rw4904816,Domino (I) (2019),0.5,3.39535681610247
rw1923674,La zona (2007),3.5,3.3733989021043
rw4800504,Shazam! (2019),5.0,3.3733989021043
rw5842526,Mrs. Serial Killer (2020),5.0,3.380832570905764
rw6150473,Ali (2001),2.5,3.39535681610247
rw5877006,The Disaster Artist (2017),0.5,3.382433668801464
rw2215531,Fringe (2008–2013),1.0,3.3733989021043
rw2803572,Vertigo (1958),5.0,3.3733989021043
rw3307135,Absolute Power (1997),2.5,3.39535681610247
rw4307225,Lad: A Yorkshire Story (2013),5.0,3.3865507776761206
rw5370166,Bridge of Spies (2015),4.0,3.3865507776761206
rw3756487,5150 (I) (2016),4.0,3.380832570905764
rw1417668,*batteries not included (1987),4.5,3.380832570905764
rw5595066,Straight Outta Compton (2015),4.0,3.3733989021043
rw6022701,Tenet (2020),5.0,3.3865507776761206
rw3584302,Into the Forest (2015),2.5,3.39535681610247
rw0668842,Pokémon the Movie 2000 (1999),0.5,3.39535681610247
rw5935938,Dil Bechara (2020),5.0,3.3733989021043
rw3031992,Giant (1956),4.0,3.39535681610247
rw1327089,Mortuary (I) (2005),4.0,3.3865507776761206
rw3404719,South Pacific (1958),3.0,3.382433668801464
rw3346068,Fei lung mang jeung (1988),1.0,3.39535681610247
rw5416119,Forbidden Cargo (1954),3.0,3.382433668801464
rw2621566,John Carter (2012),4.5,3.3733989021043
rw4471186,Kojak: Fatal Flaw (1989 TV Movie),2.5,3.3865507776761206
rw0835606,The Chronicles of Riddick (2004),4.0,3.3865507776761206
rw2900291,Halloween III: Season of the Witch (1982),3.0,3.3865507776761206
rw6429470,Wasted Talent (2018),1.0,3.3733989021043
rw5488241,Joker (2019),2.5,3.3865507776761206
rw3485666,The Good Dinosaur (2015),1.0,3.382433668801464
rw2175524,The Messengers (2007),1.0,3.39535681610247
rw4017722,Life Boat (2017),4.5,3.3865507776761206
rw2064332,Superman III (1983),3.0,3.3865507776761206
rw5550914,Military Wives (2019),3.0,3.3865507776761206
rw5727941,Upload (2020– ),3.0,3.382433668801464
rw3269237,Night Falls on Manhattan (1996),5.0,3.382433668801464
rw2409668,The Sea Hawk (1924),4.5,3.3733989021043
rw2081968,Taking Chance (2009 TV Movie),0.5,3.39535681610247
rw2745292,愛．慕 (2012),0.5,3.3733989021043
rw1466987,Pay It Forward (2000),5.0,3.3865507776761206
rw0363106,La Haine (1995),5.0,3.39535681610247
rw4628844,Nightflyers (2018),1.0,3.3733989021043
rw3091871,Chronicle (2012),3.5,3.3865507776761206
rw5533102,Impractical Jokers: The Movie (2020),3.5,3.39535681610247
rw3706054,Alien: Covenant (2017),3.5,3.382433668801464
rw2940605,Avatar (2009),1.0,3.380832570905764
rw3490928,The Island (2005),3.5,3.39535681610247
rw4385171,Seven Samurai (1954),4.0,3.3733989021043
rw2328422,Stone (2010),5.0,3.39535681610247
rw1424690,Sole Survivor (1984),2.5,3.380832570905764
rw5336091,獵魔士 (2019– ),5.0,3.3733989021043
rw1712329,Pet Sematary II (1992),3.5,3.39535681610247
rw4728735,After Life (2019– ),5.0,3.3733989021043
rw0773694,Finding Nemo (2003),5.0,3.3865507776761206
rw2802932,Crash (1996),1.0,3.3733989021043
rw5747335,Dead to Me (2019– ),3.5,3.3733989021043
rw4568623,Holiday High School Reunion (2012 TV Movie),3.0,3.3733989021043
rw3598020,Serenity (2005),3.0,3.3733989021043
rw4174621,OK Kanmani (2015),3.0,3.3733989021043
rw3434043,Steamboat Willie (1928),4.0,3.3733989021043
rw4409616,Apostle (2018),1.5,3.39535681610247
rw1598916,歌劇魅影 (2004),0.5,3.3865507776761206
rw1278720,Nanny McPhee (2005),5.0,3.3733989021043
rw6079447,Mulan (2020),1.5,3.380832570905764
rw2460812,Hall Pass (2011),0.5,3.380832570905764
rw2786711,Invasion of the Body Snatchers (1978),4.0,3.3865507776761206
rw5478913,Game Night (I) (2018),3.0,3.39535681610247
rw4457148,Rush (I) (2013),5.0,3.39535681610247
rw3363623,A Long Way Down (2014),4.5,3.3865507776761206
rw2034105,Watchmen (2009),0.5,3.39535681610247
rw3670619,Eye for an Eye (1996),0.5,3.3865507776761206
rw4537914,The Shallows (2016),3.0,3.382433668801464
rw0056700,The Trouble with Harry (1955),5.0,3.380832570905764
rw3533594,No Touching at All (2014),5.0,3.382433668801464
rw0672080,Amélie (2001),5.0,3.380832570905764
rw4478825,Medias Res (2017),4.0,3.39535681610247
rw6130346,A Patch of Fog (2015),4.5,3.39535681610247
rw0459208,The Lord of the Rings: The Fellowship of the Ring (2001),4.5,3.382433668801464
rw2802198,Furious 6 (2013),5.0,3.380832570905764
rw4157707,Vanilla Sky (2001),3.5,3.3865507776761206
rw1444133,The Lord of the Rings: The Return of the King (2003),4.5,3.3865507776761206
rw1978242,Tunes of Glory (1960),4.0,3.3733989021043
rw0894098,Troy (2004),1.5,3.39535681610247
rw3731382,Slap Happy Pappy (1940),3.5,3.3733989021043
rw5517701,Thappad (I) (2020),4.5,3.39535681610247
rw1804238,Cloverfield (2008),4.5,3.39535681610247
rw2752539,Blue Bloods (2010– ),4.0,3.39535681610247
rw2437089,Red River (2011),1.5,3.380832570905764
rw5549674,Spenser Confidential (2020),5.0,3.3733989021043
rw3270154,Terminator Genisys (2015),4.5,3.380832570905764
rw6123701,Hereditary (2018),2.5,3.39535681610247
rw1891083,Prom Night (I) (2008),0.5,3.39535681610247
rw4244701,Brad's Status (2017),5.0,3.39535681610247
rw2096648,Harry Potter and the Half-Blood Prince (2009),5.0,3.39535681610247
rw3452289,End of the World (1977),3.0,3.3733989021043
rw3790406,Checkmate (I) (2015),0.5,3.382433668801464
rw1299646,Dark Days (2000),5.0,3.3733989021043
rw5430848,Jojo Rabbit (2019),4.5,3.39535681610247
rw5018200,Another Life (2019– ),4.0,3.39535681610247
rw4485810,Iron Jawed Angels (2004 TV Movie),1.0,3.3865507776761206
rw4824216,Dark by Noon (2013),0.5,3.382433668801464
rw4216244,Total Siyapaa (2014),2.5,3.39535681610247
rw2707841,7 Seconds (2005 Video),0.5,3.380832570905764
rw3098222,Rollerball (1975),5.0,3.3865507776761206
rw5932841,Dil Bechara (2020),5.0,3.382433668801464
rw0302630,92 Legendary La Rose Noire (1992),5.0,3.3865507776761206
rw5654607,"Marines, Let's Go (1961)",3.5,3.380832570905764
rw5280067,The Hunt for Red October (1990),4.0,3.3865507776761206
rw3139764,Bitten (2014–2016),4.5,3.3733989021043
rw5061789,White Palace (1990),5.0,3.3733989021043
rw4158418,The Fighter (I) (2010),5.0,3.3733989021043
rw3510302,Wild Tales (2014),4.5,3.380832570905764
rw5181671,Fixerr (2019– ),5.0,3.382433668801464
rw2368925,The Last Exorcism (2010),2.5,3.39535681610247
rw5417036,Code M (2020– ),5.0,3.3733989021043
rw4462725,Bohemian Rhapsody (2018),5.0,3.380832570905764
rw1371473,Thank You for Smoking (2005),4.0,3.39535681610247
rw1139993,Stealth (2005),0.5,3.3733989021043
rw5196768,Fractured (I) (2019),2.5,3.39535681610247
rw3780442,Pandora (2016),5.0,3.39535681610247
rw5052561,The Imitation Game (2014),2.0,3.382433668801464
rw5422075,Doctor Who (2005– ),0.5,3.382433668801464
rw4661893,Rip Tide (2017),1.0,3.380832570905764
rw6167682,Spontaneous (II) (2020),3.5,3.380832570905764
rw3747339,Svarta Madam (2017),3.0,3.382433668801464
rw5787201,Mrs. Serial Killer (2020),5.0,3.380832570905764
rw2882620,Warm Bodies (2013),3.5,3.39535681610247
rw0708514,The Tailor of Panama (2001),0.5,3.382433668801464
rw1857094,Valley Girl (1983),5.0,3.380832570905764
rw1084392,Star Wars: Episode III - Revenge of the Sith (2005),4.0,3.382433668801464
rw3217804,Panic Room (2002),4.5,3.39535681610247
rw5586621,Uncorked (I) (2020),0.5,3.3733989021043
rw3306508,San Andreas (2015),1.0,3.380832570905764
rw6355969,Terminator Salvation (2009),3.0,3.382433668801464
rw4969344,Point Blank (1967),0.5,3.380832570905764
rw1385720,Breakfast on Pluto (2005),4.5,3.39535681610247
rw4849592,The Meyerowitz Stories (2017),2.0,3.382433668801464
rw3740547,Alien: Covenant (2017),4.5,3.382433668801464
rw4411379,Train to Busan (2016),4.0,3.3865507776761206
rw1811324,The Lord of the Rings: The Fellowship of the Ring (2001),4.5,3.382433668801464
rw1540355,Dead Man's Curve (1998),3.0,3.3865507776761206
rw4989851,Love Island (2015– ),0.5,3.382433668801464
rw0870452,Spider-Man 2 (2004),5.0,3.3733989021043
rw1238169,Final Fantasy VII (1997 Video Game),5.0,3.3733989021043
rw4457800,Smoke (2018–2019),4.0,3.3733989021043
rw1199984,North Country (2005),3.0,3.3733989021043
rw1991661,Dragon Wars: D-War (2007),0.5,3.382433668801464
rw1878389,The Raven (1963),3.5,3.3733989021043
rw1253551,Escape Under Pressure (2000),3.0,3.3865507776761206
rw4294515,Mission: Impossible - Fallout (2018),1.0,3.39535681610247
rw5976183,Upgrade (2018),4.5,3.3733989021043
rw1543828,The Devil Wears Prada (2006),3.0,3.382433668801464
rw2061942,X-Men Origins: Wolverine (2009),4.0,3.3865507776761206
rw3169317,魔法黑森林 (2014),3.5,3.380832570905764
rw2327679,Graffiti meissä (2006 Video),3.5,3.39535681610247
rw6434378,The Tale of The Princess Kaguya (2013),3.5,3.3733989021043
rw3104328,The Lion King (1994),5.0,3.3865507776761206
rw0187820,Neighbors (1981),5.0,3.382433668801464
rw0003574,Battleship Potemkin (1925),4.5,3.382433668801464
rw4920564,Steve Martin and Martin Short: An Evening You Will Forget for the Rest of Your Life (2018 TV Special),4.0,3.380832570905764
rw4713091,Captain Marvel (2019),4.5,3.382433668801464
rw2528985,Saw (2009 Video Game),3.5,3.39535681610247
rw1925019,The Dark Knight (2008),5.0,3.3865507776761206
rw2416886,Buried (2010),5.0,3.380832570905764
rw1033395,A Home at the End of the World (2004),5.0,3.39535681610247
rw5856707,Eurovision Song Contest: The Story of Fire Saga (2020),3.0,3.3865507776761206
rw2375619,Casino (1995),4.0,3.380832570905764
rw4130717,The Shape of Water (2017),1.5,3.3733989021043
rw5103114,Strange But True (2019),5.0,3.380832570905764
rw4301693,Ocean's Eight (2018),0.5,3.3865507776761206
rw0378428,Beautiful Thing (1996),5.0,3.3865507776761206
rw0052666,Rear Window (1954),5.0,3.3733989021043
rw4325602,Office Uprising (2018),0.5,3.3733989021043
rw4780237,Too Late to Die Young (2018),4.0,3.3865507776761206
rw0635474,Shadow of the Vampire (2000),3.5,3.3865507776761206
rw4421896,Shaun of the Dead (2004),3.0,3.382433668801464
rw2292669,Mrs. Miniver (1942),4.5,3.382433668801464
rw1207452,Lumber Jerks (1955),1.5,3.380832570905764
rw0994754,EuroTrip (2004),3.0,3.380832570905764
rw0467357,Practical Magic (1998),2.0,3.39535681610247
rw0874341,Big Fish (2003),1.5,3.3865507776761206
rw6091179,The Social Dilemma (2020),0.5,3.380832570905764
rw5651215,Beastars (2019– ),4.5,3.382433668801464
rw0081201,Dr. Strangelove or: How I Learned to Stop Worrying and Love the Bomb (1964),5.0,3.39535681610247
rw1907693,Confessions from the David Galaxy Affair (1979),0.5,3.3865507776761206
rw5356690,CATS貓 (2019),4.0,3.380832570905764
rw6116669,The Boys (2019– ),5.0,3.380832570905764
rw5334303,Gotti (2018),0.5,3.3865507776761206
rw5778311,Piranhas (2019),2.0,3.382433668801464
rw6344652,American Murder: The Family Next Door (2020),4.0,3.3865507776761206
rw1708661,The Aryan Couple (2004),5.0,3.380832570905764
rw5473182,The Kingdom (2007),3.0,3.3733989021043
rw4890232,Brendan Schaub: You'd Be Surprised (2019 TV Special),0.5,3.382433668801464
rw5813819,Jack the Giant Slayer (2013),3.5,3.3733989021043
rw5580036,Girls with Balls (2018),2.5,3.3865507776761206
rw4345024,Incident in a Ghostland (2018),0.5,3.380832570905764
rw2672276,Premium Rush (2012),3.5,3.382433668801464
rw4960531,Flood (2007),0.5,3.3733989021043
rw5757643,Anne with an E (2017–2019),5.0,3.3865507776761206
rw2393677,Showgirls (1995),3.0,3.3865507776761206
rw1034932,Timeline (2003),4.0,3.3865507776761206
rw1978803,The Life and Times of Judge Roy Bean (1972),5.0,3.3733989021043
rw1428866,B.T.K. Killer (2005 Video),1.0,3.3865507776761206
rw1975795,Saw V (2008),5.0,3.3865507776761206
rw2728677,Mammas pojkar (2012),2.5,3.39535681610247
rw2740453,Pearlie (2008–2011),4.0,3.380832570905764
rw4948757,"Asylum, the Lost Footage (2013)",3.5,3.380832570905764
rw2973226,Run (1991),4.5,3.382433668801464
rw2120375,Creator (1985),5.0,3.380832570905764
rw0893979,Troy (2004),5.0,3.3865507776761206
rw2702426,The Brain from Planet Arous (1957),1.5,3.39535681610247
rw3125219,La révolution française (1989),4.0,3.3865507776761206
rw3277853,Ascension (2014),0.5,3.382433668801464
rw3701837,Handsome: A Netflix Mystery Movie (2017),3.0,3.39535681610247
rw3522068,Super Size Me (2004),2.0,3.3733989021043
rw1903381,The Thing with Two Heads (1972),3.5,3.380832570905764
rw2113356,The Boondocks (2005–2014),5.0,3.380832570905764
rw4502248,Thor (2011),2.0,3.39535681610247
rw0648125,Noll tolerans (1999),3.0,3.380832570905764
rw4770563,Shazam! (2019),4.5,3.39535681610247
rw4525297,Second Act (2018),3.0,3.39535681610247
rw5668093,Community (2009–2015),4.5,3.3733989021043
rw1789605,Aliens vs. Predator: Requiem (2007),4.0,3.380832570905764
rw4216753,Craig of the Creek (2018– ),5.0,3.380832570905764
rw3549685,Solaris (1972),3.5,3.39535681610247
rw6021231,A Little Chaos (2014),4.5,3.380832570905764
rw2248945,Hellbinders (2009),4.5,3.382433668801464
rw6336255,Hillbilly Elegy (2020),3.5,3.39535681610247
rw0229561,Aliens (1986),4.5,3.382433668801464
rw0671353,Vengo (2000),3.5,3.3733989021043
rw0515616,The Talented Mr. Ripley (1999),0.5,3.382433668801464
rw3857578,Disjointed (2017–2018),4.0,3.382433668801464
rw5245431,And Then We Danced (2019),5.0,3.380832570905764
rw3022620,Leaving Home (2013),1.5,3.3865507776761206
rw4811303,Fury (2014),3.5,3.39535681610247
rw5432311,Tokyo Tribe (2014),4.5,3.382433668801464
rw0392518,Palookaville (1995),4.5,3.39535681610247
rw6272755,The To Do List (2013),4.5,3.39535681610247
rw3516310,Heart of Glass (1976),2.0,3.380832570905764
rw1858250,La sconosciuta (2006),5.0,3.380832570905764
rw5389744,Groupers (2019),4.5,3.39535681610247
rw5365361,Lucy in the Sky (2019),3.5,3.3865507776761206
rw1708476,Sin sostén (1998),4.0,3.382433668801464
rw3253663,She's Funny That Way (2014),4.0,3.39535681610247
rw2859773,The Amazing Spider-Man (2012),0.5,3.382433668801464
rw2015534,Shredded (2000 Video),3.0,3.3865507776761206
rw4311582,The Boss (2016),5.0,3.382433668801464
rw1832972,The Warlords (2007),4.5,3.3865507776761206
rw3772972,The Dark Tower (2017),4.5,3.380832570905764
rw4637021,Hunter Killer (2018),3.5,3.382433668801464
rw1037783,Once Upon a Time in the West (1968),5.0,3.382433668801464
rw4905049,Gremlins (1984),3.5,3.380832570905764
rw4738075,Guest in the House (1944),4.0,3.3865507776761206
rw0441915,American History X (1998),5.0,3.39535681610247
rw0676604,Hannibal (2001),4.5,3.3865507776761206
rw3315865,Huevos: Little Rooster's Egg-cellent Adventure (2015),2.0,3.39535681610247
rw3741149,Damaged (2014 TV Movie),1.0,3.382433668801464
rw4370991,The Godfather (1972),5.0,3.382433668801464
rw6158451,Dead Still (2020– ),4.5,3.380832570905764
rw3828725,The Dark Tower (2017),3.5,3.3733989021043
rw5124915,The Frightened Man (1952),3.5,3.3733989021043
rw5770639,Dilwale (2015),5.0,3.382433668801464
rw2890837,Ninja Death (1987),4.5,3.3733989021043
rw5610585,Kill Bill: Vol. 1 (2003),2.0,3.3865507776761206
rw2791466,Argo (2012),5.0,3.39535681610247
rw0481674,Star Wars: Episode I - The Phantom Menace (1999),5.0,3.380832570905764
rw2027931,Lost (2004–2010),5.0,3.3865507776761206
rw1689917,The Butterfly Effect (2004),3.0,3.39535681610247
rw5574251,Masameer the Movie (2020),0.5,3.3733989021043
rw2586653,Wuthering Heights (2011),0.5,3.382433668801464
rw4463384,Seema Raja (2018),2.0,3.39535681610247
rw3812466,Victoria & Abdul (2017),4.5,3.3733989021043
rw0387478,Independence Day (1996),3.5,3.380832570905764
rw4525466,Titan A.E. (2000),3.0,3.3733989021043
rw6038140,Memento (2000),5.0,3.382433668801464
rw4577673,A Perfect World (1993),3.5,3.382433668801464
rw0192583,E.T. the Extra-Terrestrial (1982),4.5,3.3865507776761206
rw2952975,Aashiqui 2 (2013),3.0,3.3865507776761206
rw2359939,Elle s'appelait Sarah (2010),4.0,3.382433668801464
rw2505399,Red State (2011),5.0,3.3733989021043
rw1119632,À la folie... pas du tout (2002),2.0,3.39535681610247
rw5913350,Mafia (2020– ),2.0,3.382433668801464
rw5301289,Bad Day for the Cut (2017),3.5,3.382433668801464
rw2106548,Come and See (1985),5.0,3.39535681610247
rw3732777,Bank Chor (2017),3.5,3.382433668801464
rw4659881,Escape Room (I) (2019),3.5,3.3733989021043
rw1134766,A Very Long Engagement (2004),4.0,3.382433668801464
rw3315910,Tenacious D in the Pick of Destiny (2006),4.0,3.39535681610247
rw2441687,The Long and Short of It (2003),3.5,3.380832570905764
rw4345983,Disenchantment (2018– ),2.0,3.382433668801464
rw1223115,Walk the Line (2005),3.5,3.3865507776761206
rw4325414,Penguins of Madagascar (2014),2.0,3.380832570905764
rw5757711,The Last Kingdom (2015– ),5.0,3.39535681610247
rw0268313,Cyborg (1989),1.5,3.3733989021043
rw4484651,Shadow of a Doubt (1943),4.5,3.382433668801464
rw6383053,Titanic (1997),5.0,3.3733989021043
rw4366882,Little Women (2018),4.5,3.382433668801464
rw0527047,Message in a Bottle (1999),4.0,3.3733989021043
rw3452641,Eddie the Eagle (2015),5.0,3.382433668801464
rw5415141,Instinct (2018–2019),4.5,3.382433668801464
rw0778197,Adaptation. (2002),5.0,3.380832570905764
rw4403137,A Star Is Born (2018),4.0,3.3865507776761206
rw4843837,John Wick: Chapter 2 (2017),4.0,3.3733989021043
rw4559609,The First (2018),4.0,3.380832570905764
rw1835020,Swing Kids (1993),4.0,3.3865507776761206
rw2218867,Confession (I) (2005),5.0,3.3865507776761206
rw4843500,Fleabag (2016–2019),5.0,3.382433668801464
rw5842584,You Should Have Left (2020),2.5,3.380832570905764
rw5956124,Shakuntala Devi (2020),0.5,3.39535681610247
rw1505565,Troll 2 (1990),0.5,3.3733989021043
rw6002369,2010: Moby Dick (2010 Video),0.5,3.39535681610247
rw1466744,Two Bits (1995),4.0,3.39535681610247
rw1672640,United 93 (2006),0.5,3.39535681610247
rw4211998,Hannah Gadsby: Nanette (2018 TV Special),5.0,3.382433668801464
rw2198570,阿凡達 (2009),2.5,3.3865507776761206
rw1912722,The Dark Knight (2008),5.0,3.3865507776761206
rw4231616,The Odyssey (1997),3.0,3.3865507776761206
rw3771429,Toxic Shark (2017 TV Movie),4.5,3.380832570905764
rw2872204,Hendrix on Hendrix (2013),5.0,3.39535681610247
rw3637948,David Brent: Life on the Road (2016),2.5,3.380832570905764
rw1847200,The Flirt (1917),3.0,3.382433668801464
rw3739165,Nobody Speak: Trials of the Free Press (2017),4.0,3.3865507776761206
rw3189939,Monkey Shines (1988),3.0,3.3865507776761206
rw0441317,Celebrity (1998),3.5,3.3733989021043
rw1805467,Sakuran (2006),4.0,3.39535681610247
rw3604980,How Sarah Got Her Wings (2015),3.5,3.382433668801464
rw3673139,Bokeh (I) (2017),3.0,3.3733989021043
rw5173479,Kuzgun (2019),5.0,3.3865507776761206
rw4515618,Insidious (I) (2010),3.0,3.3865507776761206
rw2066624,Beehive (2008– ),3.0,3.39535681610247
rw0572770,City of Ghosts (2002),4.0,3.3865507776761206
rw4974728,Bob Lazar: Area 51 & Flying Saucers (2018),4.0,3.3733989021043
rw3083177,Mr. Majestyk (1974),3.5,3.3865507776761206
rw5623947,Intersection (1994),3.5,3.3733989021043
rw0552492,The Thomas Crown Affair (1999),3.5,3.380832570905764
rw0995553,Shogun (1980),5.0,3.3733989021043
rw0969603,Being Julia (2004),4.5,3.3865507776761206
rw2624983,Paranoid Activity 2 (2011),4.0,3.382433668801464
rw3783673,NOTFILM (2015),0.5,3.380832570905764
rw2808738,Star Trek Into Darkness (2013),4.0,3.3733989021043
rw0116085,Diamonds Are Forever (1971),4.0,3.3865507776761206
rw5070157,The Staircase (2004–2018),0.5,3.39535681610247
rw4489109,2.0 (2018),0.5,3.3865507776761206
rw3489642,Warcraft (2016),5.0,3.3865507776761206
rw4280981,Flight (I) (2012),5.0,3.3865507776761206
rw3309101,The Lazarus Effect (2015),3.5,3.3733989021043
rw5522338,Mr Inbetween (2018– ),4.5,3.3865507776761206
rw3270119,Terminator Genisys (2015),4.0,3.382433668801464
rw3692065,Dead & Buried (1981),3.5,3.380832570905764
rw0343304,Major Payne (1995),3.0,3.3733989021043
rw4835582,Ballon (2018),4.0,3.380832570905764
rw3766398,Lionhearted (2012),4.0,3.380832570905764
rw5490870,Starship Troopers (1997),3.5,3.3733989021043
rw1597792,無間道 (2002),4.5,3.382433668801464
rw3046697,The Adventures of Sherlock Holmes (1939),5.0,3.3733989021043
rw1212453,Gettin' Square (2003),4.5,3.3733989021043
rw2080268,Hilda Crane (1956),2.5,3.382433668801464
rw1043672,The Jacket (2005),1.5,3.382433668801464
rw1550410,Rocky Balboa (2006),3.5,3.3733989021043
rw3522302,Il padre di famiglia (1967),2.5,3.3733989021043
rw0776083,Spy Game (2001),4.0,3.382433668801464
rw0065205,The Old Man and the Sea (1958),4.5,3.39535681610247
rw3628450,Underworld: Blood Wars (2016),4.0,3.380832570905764
rw5237128,Ride with the Devil (I) (1999),4.5,3.3865507776761206
rw1944980,Hell Ride (2008),1.0,3.380832570905764
rw4362930,The Predator (2018),0.5,3.382433668801464
rw5514901,Thappad (I) (2020),5.0,3.3733989021043
rw5855080,No Escape (I) (2015),3.5,3.382433668801464
rw5283073,Diary of a Wimpy Kid: The Long Haul (2017),0.5,3.39535681610247
rw0473959,The Thin Red Line (1998),5.0,3.382433668801464
rw3702941,Wasp (2015),3.0,3.380832570905764
rw1407675,Superman Returns (2006),1.5,3.380832570905764
rw5413505,La rivolta degli schiavi (1960),3.5,3.3865507776761206
rw0563569,The Story of Us (1999),4.5,3.3865507776761206
rw3050869,Falang: Behind Bangkok's Smile (2005),4.0,3.382433668801464
rw5256554,Disaster Movie (2008),0.5,3.380832570905764
rw5960659,Avengers: Endgame (2019),5.0,3.3733989021043
rw5931203,Dil Bechara (2020),5.0,3.380832570905764
rw3212495,The Umbrellas of Cherbourg (1964),3.0,3.3733989021043
rw6198383,Inside (I) (2016),0.5,3.3733989021043
rw2857515,Madras Cafe (2013),5.0,3.380832570905764
rw6251238,Continuum (I) (2012–2015),0.5,3.3865507776761206
rw5356468,CATS貓 (2019),0.5,3.382433668801464
rw6095958,Away (2020),1.5,3.382433668801464
rw2947673,Art School Confidential (2006),3.5,3.3865507776761206
rw3725799,Alien: Covenant (2017),2.5,3.3865507776761206
rw3714584,Blame! (2017),4.0,3.3733989021043
rw3591876,The Hound of the Baskervilles (1959),3.5,3.3865507776761206
rw3828084,Blade Runner 2049 (2017),1.0,3.39535681610247
rw5180071,Amy Schumer: The Leather Special (2017 TV Special),0.5,3.3733989021043
rw5665252,Chappaquiddick (2017),3.0,3.382433668801464
rw3846590,Hocus Pocus (1993),5.0,3.39535681610247
rw5810287,Entourage (2015),4.5,3.3733989021043
rw5059276,El Hijo (2019),0.5,3.3865507776761206
rw0236448,Platoon (1986),3.5,3.3865507776761206
rw2855240,King Priam (1985 TV Movie),5.0,3.3865507776761206
rw0774585,Kill Bill: Vol. 1 (2003),5.0,3.3733989021043
rw0406470,Beverly Hills Ninja (1997),5.0,3.3733989021043
rw4705933,King Arthur: Legend of the Sword (2017),3.0,3.39535681610247
rw1650883,Boxcar Bertha (1972),3.5,3.380832570905764
rw4453400,Salomé (1922),5.0,3.3733989021043
rw4217643,Won't You Be My Neighbor? (2018),5.0,3.3865507776761206
rw5526284,Two Weeks Notice (2002),5.0,3.3865507776761206
rw5161197,Ratsasan (2018),5.0,3.380832570905764
rw5718107,The Lady Vanishes (1938),4.0,3.3733989021043
rw2069589,Batman Tech (2008 TV Short),4.0,3.380832570905764
rw1265026,Brokeback Mountain (2005),5.0,3.3865507776761206
rw4380149,Venom (2018),4.0,3.3865507776761206
rw0983334,Armageddon (1998),2.5,3.3865507776761206
rw6344023,Ashes of Love (2018),5.0,3.39535681610247
rw2691088,The Ghost and Mrs. Muir (1947),3.5,3.3733989021043
rw4328516,Seven Psychopaths (2012),3.0,3.3865507776761206
rw6237432,Taish (2020),5.0,3.382433668801464
rw5607717,Apharan (2018– ),4.5,3.39535681610247
rw4861972,Deux gouttes d'eau (2018 TV Movie),3.5,3.3733989021043
rw3400152,The Trap (1946),3.0,3.382433668801464
rw0225880,The Return of the Living Dead (1985),5.0,3.3865507776761206
rw0553880,Wishmaster 2: Evil Never Dies (1999 Video),4.0,3.3733989021043
rw2222673,Warner at War (2008 TV Movie),4.0,3.39535681610247
rw0496327,Shrek (2001),4.5,3.382433668801464
rw1671591,Knocked Up (2007),5.0,3.3733989021043
rw3482286,Warcraft (2016),3.5,3.3865507776761206
rw3181213,Birdman or (The Unexpected Virtue of Ignorance) (2014),4.0,3.3733989021043
rw4409950,Next Gen (I) (2018),5.0,3.380832570905764
rw3114363,Ave Maria (1953),3.0,3.39535681610247
rw0583812,The Lord of the Rings: The Return of the King (2003),5.0,3.3865507776761206
rw4902446,Captive State (2019),1.0,3.380832570905764
rw3630106,T2 Trainspotting (2017),4.0,3.3865507776761206
rw6177161,Hereditary (2018),1.0,3.3865507776761206
rw5660611,Dark City (1998),5.0,3.380832570905764
rw4863857,The Equalizer 2 (2018),5.0,3.3733989021043
rw4810554,Braveheart (1995),5.0,3.382433668801464
rw6455849,Dave Made a Maze (2017),2.5,3.380832570905764
rw1469237,V for Vendetta (2005),5.0,3.39535681610247
rw3736049,Dances with Wolves (1990),4.0,3.382433668801464
rw5817260,Gulabo Sitabo (2020),4.5,3.3733989021043
rw3307215,X-Men: Days of Future Past (2014),2.5,3.382433668801464
rw1362376,The Wedding Date (2005),3.0,3.39535681610247
rw1201142,Second to Die (2002),4.0,3.380832570905764
rw2974628,Stranger by the Lake (2013),3.0,3.380832570905764
rw6196900,The Witches (2020),5.0,3.380832570905764
rw3023699,Lawrence of Arabia (1962),3.5,3.380832570905764
rw4944322,Plus One (I) (2019),0.5,3.382433668801464
rw0976796,The Red Badge of Courage (1951),5.0,3.382433668801464
rw1498010,The Last King of Scotland (2006),3.5,3.380832570905764
rw0253541,Above the Law (1988),2.0,3.39535681610247
rw3148885,怪獸大學 (2013),3.5,3.39535681610247
rw5032302,Serenity (2019),0.5,3.39535681610247
rw4307667,Wet Hot American Summer (2001),5.0,3.3733989021043
rw0987074,The Phantom of the Opera (2004),4.0,3.380832570905764
rw1109456,The Killer Eye (1999),4.5,3.39535681610247
rw2931730,The Cheap Detective (1978),0.5,3.3865507776761206
rw4312435,Skyscraper (2018),5.0,3.3865507776761206
rw1591359,Music and Lyrics (2007),2.0,3.380832570905764
rw4025911,Hostiles (2017),3.5,3.3733989021043
rw1829145,Eagle vs Shark (2007),5.0,3.3733989021043
rw5019938,Batman: Hush (2019 Video),3.0,3.380832570905764
rw5415620,DuckTales (1987–1990),4.5,3.39535681610247
rw0410522,Clockwatchers (1997),4.5,3.382433668801464
rw6073958,The Barge People (2018),5.0,3.3733989021043
rw2154654,Twins of Evil (1971),4.0,3.380832570905764
rw3193082,Running on Empty (1988),1.5,3.39535681610247
rw4398259,Arctic (2018),4.0,3.3865507776761206
rw1534287,Don (I) (2006),5.0,3.380832570905764
rw0891863,The Card Player (2004),2.0,3.380832570905764
rw5418919,A Fall from Grace (2020),5.0,3.380832570905764
rw0635247,Night Crawlers (1996 Video),0.5,3.3733989021043
rw2145384,The Crystal Maze (1990–2020),4.5,3.39535681610247
rw1844443,Final Equinox (1995),4.5,3.3865507776761206
rw2436738,Daltry Calhoun (2005),0.5,3.382433668801464
rw6447314,Girl with a Pearl Earring (2003),4.5,3.39535681610247
rw3628125,The Night Of (2016),4.5,3.3865507776761206
rw5851702,The Clock (1945),4.0,3.3733989021043
rw4853010,Riverdale (2017– ),0.5,3.380832570905764
rw4443248,Sarkar (2018),0.5,3.3865507776761206
rw3745108,Scream (1996),5.0,3.3733989021043
rw6090041,American Psycho (2000),4.0,3.382433668801464
rw4235382,Star Wars: Episode VIII - The Last Jedi (2017),2.0,3.39535681610247
rw4435187,Wanderlust (2018– ),3.0,3.3733989021043
rw4433525,Christmas List (2016 TV Movie),1.0,3.380832570905764
rw5922503,Toni Erdmann (2016),4.5,3.3733989021043
rw1354423,Dreamer (2005),5.0,3.380832570905764
rw5085506,Game Over (I) (2019),4.5,3.3865507776761206
rw0581578,Detour (1998 Video),4.0,3.3733989021043
rw6076329,I'm Thinking of Ending Things (2020),0.5,3.39535681610247
rw4190408,Back Door to Hell (1964),3.0,3.3733989021043
rw0665930,Memento (2000),5.0,3.3733989021043
rw3831664,Too Late the Hero (1970),3.5,3.3865507776761206
rw6133413,Free Dance (2018),4.0,3.39535681610247
rw4459530,Can't Complain (2007),5.0,3.3865507776761206
rw5264835,The Mandalorian (2019– ),5.0,3.39535681610247
rw1276735,Tristram Shandy: A Cock and Bull Story (2005),1.5,3.39535681610247
rw5044357,Girls (2012–2017),0.5,3.39535681610247
rw4966026,It's Kind of a Funny Story (2010),0.5,3.3733989021043
rw2630891,Rock of Ages (2012),4.5,3.382433668801464
rw3527893,Mad Max 2: The Road Warrior (1981),4.0,3.3733989021043
rw4211726,Firestorm (1998),1.0,3.3865507776761206
rw1876930,Babel (I) (2006),4.0,3.3865507776761206
rw5051598,Memoirs of a Geisha (2005),5.0,3.3865507776761206
rw5941933,Vikingane (2016– ),5.0,3.380832570905764
rw1110097,Batman Begins (2005),4.5,3.380832570905764
rw4788641,Nosso Lar (2010),2.5,3.382433668801464
rw5889750,Pulp Fiction (1994),4.5,3.3865507776761206
rw1696938,The Killing (1956),5.0,3.380832570905764
rw2066498,Star Trek (2009),2.0,3.3865507776761206
rw0984518,Timeline (2003),0.5,3.382433668801464
rw3127442,Interstellar (2014),5.0,3.3865507776761206
rw3550931,Swiss Army Man (2016),4.0,3.3865507776761206
rw2970914,Mom (2013– ),4.5,3.3733989021043
rw0468504,Resident Evil (2002),5.0,3.3733989021043
rw2489400,Up (2009),4.0,3.39535681610247
rw2752446,"The Bride's Bereavement; or, The Snake in the Grass (1932)",1.0,3.3865507776761206
rw0294586,The Hard Way (1991),3.5,3.3733989021043
rw1292903,Solaris (2002),0.5,3.380832570905764
rw1704642,Dead Silence (2007),1.0,3.380832570905764
rw5091263,X-Men: Dark Phoenix (2019),0.5,3.3733989021043
rw0909140,"I, Robot (2004)",2.5,3.380832570905764
rw1698774,I Now Pronounce You Chuck & Larry (2007),2.0,3.382433668801464
rw6376705,Tenet (2020),4.0,3.382433668801464
rw3674986,Ek Tha Tiger (2012),4.5,3.380832570905764
rw2875074,The Last Push (2012),5.0,3.382433668801464
rw5498783,Despicable Me (2010),4.0,3.3733989021043
rw4058654,Peter Rabbit (2018),4.0,3.382433668801464
rw6182478,The Poughkeepsie Tapes (2007),1.5,3.39535681610247
rw5347364,寄生上流 (2019),5.0,3.382433668801464
rw3800106,A Return to Salem's Lot (1987),2.5,3.382433668801464
rw1277897,Cry Wolf (2005),0.5,3.3865507776761206
rw2001968,Golgo 13 (2008–2009),4.5,3.380832570905764
rw2215085,Little Big Soldier (2010),5.0,3.380832570905764
rw1428315,Superman Returns (2006),3.0,3.382433668801464
rw4520516,Ralph Breaks the Internet (2018),4.0,3.382433668801464
rw2493120,The Lion King (1994),5.0,3.382433668801464
rw5772164,Killing Eve (2018– ),4.0,3.380832570905764
rw4498674,The Great Gatsby (2013),5.0,3.380832570905764
rw0449843,The 13th Warrior (1999),4.0,3.3865507776761206
rw5751010,Revenge for Jolly! (2012),3.0,3.382433668801464
rw5186550,小丑 (2019),0.5,3.3865507776761206
rw2620676,Rowdy Rathore (2012),4.0,3.380832570905764
rw2456162,Grown Ups (I) (2010),1.5,3.3865507776761206
rw6066849,Raised by Wolves (2020– ),1.5,3.3865507776761206
rw4902157,The Biggest Little Farm (2018),5.0,3.39535681610247
rw5341426,小丑 (2019),5.0,3.39535681610247
rw2372323,The Sickhouse (2008),4.0,3.3733989021043
rw0065979,Thunder Road (1958),3.5,3.380832570905764
rw1510448,Suspiria (1977),4.5,3.3865507776761206
rw0180843,Assassination Attempt (1981),5.0,3.3733989021043
rw4067310,Black Panther (2018),1.5,3.3865507776761206
rw5401072,Inception (2010),4.5,3.39535681610247
rw3212287,Dracula Untold (2014),2.0,3.382433668801464
rw1262844,Tango Charlie (2005),4.5,3.3865507776761206
rw2266433,Toy Story 3 (2010),4.5,3.3865507776761206
rw5439893,The Tradesmen (2011),4.5,3.3865507776761206
rw2620053,Wolfhound (2006),3.0,3.3733989021043
rw1249129,The Bishop's Wife (1947),5.0,3.382433668801464
rw1776998,Crying Freeman (1988– ),4.5,3.382433668801464
rw1686105,Love Comes to the Executioner (2006),3.5,3.39535681610247
rw4374318,Lookin' to Get Out (1982),3.5,3.39535681610247
rw4124929,Eddie the Eagle (2015),4.0,3.382433668801464
rw4793682,Annie (2014),4.0,3.3733989021043
rw3333073,Abbott and Costello Meet Captain Kidd (1952),2.5,3.39535681610247
rw1552517,Brick (2005),4.5,3.3865507776761206
rw5246614,Last Christmas (2019),3.5,3.382433668801464
rw2096610,Bleach (2004–2012),5.0,3.382433668801464
rw6407846,Coolie No. 1 (2020),0.5,3.39535681610247
rw0966378,Small Time Crooks (2000),1.0,3.380832570905764
rw3829227,Alleycats (2016),3.5,3.3865507776761206
rw1264714,Hwiparam gongju (2002),3.0,3.382433668801464
rw2969918,Frozen (I) (2013),4.0,3.382433668801464
rw4698628,Leaving Neverland (2019),0.5,3.380832570905764
rw3832139,Angels Wear White (2017),4.5,3.39535681610247
rw3869640,The Nile Hilton Incident (2017),4.5,3.39535681610247
rw0341542,Fist of Legend (1994),5.0,3.380832570905764
rw2311306,The Chosen One (2010),4.5,3.380832570905764
rw3051950,Deadly Eyes (1982),2.5,3.380832570905764
rw1680558,Missing Persons (1990 TV Movie),3.0,3.380832570905764
rw1060111,Hitch (I) (2005),0.5,3.380832570905764
rw2516223,Tartarin de Tarascon (1934),3.5,3.382433668801464
rw5876315,Uncle Tom (2020),5.0,3.39535681610247
rw1104265,Hook (1991),4.0,3.39535681610247
rw3249573,Midnight in Paris (2011),1.5,3.39535681610247
rw0112339,MASH (1970),5.0,3.3733989021043
rw2624093,Spirited Away (2001),5.0,3.380832570905764
rw6215465,Over the Moon (2020),5.0,3.39535681610247
rw1480705,King of Burlesque (1936),3.0,3.3865507776761206
rw2599244,Underworld: Awakening (2012),2.0,3.382433668801464
rw1677617,Able Edwards (2004),4.0,3.3733989021043
rw6011924,The Great Heist (2020– ),4.0,3.380832570905764
rw5935254,Psychosynthesis (2020),4.5,3.3733989021043
rw1761994,Deep Water (2006),4.5,3.382433668801464
rw1633731,The Lives of a Bengal Lancer (1935),4.0,3.3865507776761206
rw3824028,Blade Runner 2049 (2017),5.0,3.382433668801464
rw1130038,Wild at Heart (1990),5.0,3.39535681610247
rw2895743,Revolution (2012–2014),5.0,3.3733989021043
rw5813413,The Shape of Water (2017),4.0,3.382433668801464
rw0209696,Conan the Destroyer (1984),3.0,3.382433668801464
rw5524519,Dark Waters (2019),5.0,3.382433668801464
rw1529990,The Notebook (2004),5.0,3.382433668801464
rw3059222,The Purge: Anarchy (2014),4.0,3.380832570905764
rw5451528,The Sky Is Pink (2019),3.0,3.380832570905764
rw0071814,Pepe (1960),2.0,3.3733989021043
rw5782006,Star Wars: Episode II - Attack of the Clones (2002),2.5,3.39535681610247
rw5116041,Nanny McPhee (2005),3.5,3.3865507776761206
rw1813282,The War of the Worlds (1953),3.5,3.382433668801464
rw2087299,Lenny (1974),5.0,3.3733989021043
rw6138587,Ghoomketu (2020),3.5,3.382433668801464
rw0188463,The House by the Cemetery (1981),4.0,3.380832570905764
rw3534968,Don't Breathe (2016),4.0,3.382433668801464
rw3147236,Jericho (2006–2008),5.0,3.3865507776761206
rw0432384,Soldier (I) (1998),5.0,3.3865507776761206
rw4355856,I Walk the Line (1970),4.0,3.39535681610247
rw1630425,Who Killed the Electric Car? (2006),2.5,3.39535681610247
rw5408576,The Outsider (2020– ),5.0,3.3865507776761206
rw5730478,The Last Dance (2020),5.0,3.382433668801464
rw2979439,August: Osage County (2013),3.5,3.382433668801464
rw4053382,Red Lights Ahead (1936),3.0,3.380832570905764
rw5550131,Bloodshot (2020),4.5,3.382433668801464
rw4676248,Patriot (II) (2015–2018),5.0,3.3733989021043
rw3333615,Uptown Saturday Night (1974),3.0,3.380832570905764
rw2319732,Mâdadayo (1993),3.5,3.3733989021043
rw2414341,Paul (2011),3.5,3.39535681610247
rw3291942,Mamma Mia! (2008),4.0,3.382433668801464
rw2498102,The Killers (1946),3.5,3.380832570905764
rw5963963,The Wolfman (2010),5.0,3.39535681610247
rw5062320,The Boys (2019– ),5.0,3.39535681610247
rw3487057,Renegade (1992–1997),1.0,3.3865507776761206
rw3267911,Bird on a Wire (1990),2.0,3.382433668801464
rw6374932,Hard Kill (2020),0.5,3.382433668801464
rw0865474,Hey Arnold! The Movie (2002),5.0,3.382433668801464
rw1502517,Gladiator (2000),5.0,3.39535681610247
rw0408791,Bulworth (1998),4.5,3.382433668801464
rw3076598,Prelude to Axanar (2014),5.0,3.380832570905764
rw5584721,U-571 (2000),3.5,3.382433668801464
rw0953215,"Ator, the Fighting Eagle (1982)",2.0,3.3865507776761206
rw3274517,Strange Interlude (1932),3.5,3.380832570905764
rw0494752,Man on the Moon (1999),4.5,3.39535681610247
rw6310972,Andhaghaaram (2020),4.5,3.3733989021043
rw4682165,Mortal Engines (2018),1.0,3.382433668801464
rw5802985,Chintu Ka Birthday (2020),2.5,3.39535681610247
rw3612306,Man of Steel (2013),3.0,3.39535681610247
rw3473411,Our Kind of Traitor (2016),3.0,3.382433668801464
rw5025912,Shell (I) (2012),0.5,3.3865507776761206
rw2092112,Transformers: Revenge of the Fallen (2009),1.5,3.382433668801464
rw6313554,The New Mutants (2020),5.0,3.3865507776761206
rw5484153,Last Christmas (2019),4.0,3.382433668801464
rw3371816,Vampire Academy (2014),0.5,3.39535681610247
rw2812672,Man of Steel (2013),5.0,3.39535681610247
rw0121711,Children Shouldn't Play with Dead Things (1972),3.0,3.3865507776761206
rw2402179,Over the Edge (1979),3.5,3.382433668801464
rw2556530,The Gorgeous Hussy (1936),1.5,3.39535681610247
rw4359268,College Romance (2018– ),5.0,3.380832570905764
rw3686786,After Love (2016),3.0,3.380832570905764
rw1243887,The Five People You Meet in Heaven (2004 TV Movie),4.5,3.380832570905764
rw3561715,Jesse Stone: Sea Change (2007 TV Movie),3.5,3.39535681610247
rw0993994,Neredesin Firuze (2004),4.5,3.382433668801464
rw4835496,Arctic (2018),4.0,3.382433668801464
rw1232030,The Dukes of Hazzard (2005),4.0,3.382433668801464
rw2525053,Zombie Bloodbath (1993 Video),3.0,3.382433668801464
rw0306405,The Crying Game (1992),5.0,3.39535681610247
rw0596657,Nurse Betty (2000),2.0,3.380832570905764
rw3315543,Fuss Over Feathers (1954),2.5,3.39535681610247
rw3163450,Jarhead 2: Field of Fire (2014 Video),0.5,3.380832570905764
rw1867745,Iron Man (2008),3.5,3.382433668801464
rw1509181,Burnt Offerings (1976),4.0,3.39535681610247
rw5909800,Code Geass (2006–2012),4.5,3.39535681610247
rw3672009,Rake (2010–2018),5.0,3.39535681610247
rw2224676,A Serious Man (2009),1.0,3.382433668801464
rw3772854,Tale of Tales (2015),4.0,3.382433668801464
rw1953088,Youth Without Youth (2007),2.0,3.380832570905764
rw2821725,How to Make Money Selling Drugs (2012),4.5,3.3733989021043
rw4498448,Hunter Killer (2018),5.0,3.380832570905764
rw1745598,Secretary (2002),1.0,3.3865507776761206
rw3767791,The Promise (II) (2016),4.5,3.382433668801464
rw3019430,Wedding Crashers (2005),5.0,3.3865507776761206
rw5740699,Disturbia (2007),2.0,3.3865507776761206
rw3227703,The Barrens (2012),1.5,3.380832570905764
rw1340461,King Kong (2005),3.5,3.39535681610247
rw5726835,The Hollow (2018–2020),2.0,3.380832570905764
rw1636072,Zero Day (2002),5.0,3.382433668801464
rw5608234,Train to Busan (2016),4.0,3.3865507776761206
rw1793665,The Mist (2007),1.0,3.39535681610247
rw5856871,Unsubscribe (I) (2020),1.0,3.3733989021043
rw5045538,Fast & Furious Presents: Hobbs & Shaw (2019),3.5,3.3733989021043
rw2616015,The Avengers (2012),5.0,3.3865507776761206
rw4253255,Bram Stoker's Dracula (1992),2.0,3.382433668801464
rw0985965,Major Dundee (1965),2.0,3.3733989021043
rw5126027,X-Men: Dark Phoenix (2019),4.5,3.380832570905764
rw3246226,"Ron Jeremy, Life After the Buffet (2014)",0.5,3.3733989021043
rw5287556,The Irishman (2019),1.5,3.39535681610247
rw5866464,Dating Amber (2020),5.0,3.380832570905764
rw3398549,Homicycle (2014),1.5,3.3865507776761206
rw4266596,Star Wars: Episode VI - Return of the Jedi (1983),5.0,3.39535681610247
rw5717465,DC Super Friends: The Joker's Playhouse (2010 Video),5.0,3.3733989021043
rw4639506,Enaaya (2019– ),4.5,3.382433668801464
rw4278975,The Invitation (I) (2015),4.5,3.380832570905764
rw4273581,A Wrinkle in Time (2018),2.5,3.380832570905764
rw2164883,Just My Luck (2006),1.0,3.3865507776761206
rw1964224,Sleepy Hollow (1999),5.0,3.3733989021043
rw0219890,The Coca-Cola Kid (1985),4.0,3.39535681610247
rw5749692,Venom (2018),5.0,3.3733989021043
rw2672278,屍樂園 (2009),5.0,3.3733989021043
rw3468515,American Ultra (2015),4.0,3.382433668801464
rw1565090,Master and Commander: The Far Side of the World (2003),4.5,3.382433668801464
rw6163152,The Finest Hours (2016),5.0,3.3733989021043
rw3731626,Nuts (1987),4.5,3.380832570905764
rw6206445,Mirzapur (2018– ),5.0,3.3733989021043
rw0584274,The Lord of the Rings: The Return of the King (2003),5.0,3.3733989021043
rw2289011,Battlefield Earth (2000),5.0,3.3733989021043
rw5760880,Sheep Without a Shepherd (2019),4.0,3.382433668801464
rw1145885,The Life Aquatic with Steve Zissou (2004),0.5,3.3865507776761206
rw2733277,Faltu (2006),4.5,3.3865507776761206
rw2370832,Despicable Me (2010),4.0,3.380832570905764
rw3435952,The Midnight Man (I) (2016),5.0,3.3733989021043
rw1605308,Dr. Chopper (2005 Video),5.0,3.380832570905764
rw3080539,De Lego Film (2014),4.5,3.382433668801464
rw6450591,The Wilds (2020– ),4.0,3.3865507776761206
rw5153773,El vampiro (1957),2.5,3.380832570905764
rw4046875,Faith Under Fire (2018 TV Movie),4.5,3.39535681610247
rw5946184,Carry on Screaming! (1966),4.0,3.3865507776761206
rw1680216,1408 (2007),2.5,3.39535681610247
rw1650231,Safe Men (1998),1.0,3.380832570905764
rw5361717,The Flintstones in Viva Rock Vegas (2000),3.0,3.382433668801464
rw4009822,Redneck (1973),3.5,3.3733989021043
rw2199682,The Relief of Belsen (2007 TV Movie),3.5,3.3865507776761206
rw5016562,Hail Satan? (2019),4.0,3.39535681610247
rw4728485,The Queen's Corgi (2019),2.5,3.380832570905764
rw3601664,The Revenant (2015),2.0,3.382433668801464
rw5511110,Hunters (2020– ),1.0,3.380832570905764
rw6166613,Godless (2017),4.0,3.3733989021043
rw2946695,Cadillac Ranch (1996),1.0,3.3733989021043
rw2842406,Ship of Theseus (2012),4.5,3.3733989021043
rw0525617,Cruel Intentions (1999),3.5,3.39535681610247
rw5594932,Bad Boys for Life (2020),4.0,3.3865507776761206
rw3796445,Tombstone (2017),0.5,3.3865507776761206
rw0311949,Reservoir Dogs (1992),5.0,3.39535681610247
rw5037323,Once Upon a Time... in Hollywood (2019),3.5,3.39535681610247
rw0708876,Brotherhood of the Wolf (2001),5.0,3.39535681610247
rw5472338,Once Upon a Time... In Hollywood (2019),3.0,3.3733989021043
rw6119404,Bastille Day (2016),3.0,3.3865507776761206
rw1824409,The Matrix Reloaded (2003),2.0,3.382433668801464
rw5689936,You (2018– ),0.5,3.3865507776761206
rw1624962,諾桑覺寺 (2007 TV Movie),4.5,3.380832570905764
rw1660575,Gizelle (2006–2008),2.0,3.39535681610247
rw2809688,Star Trek Into Darkness (2013),4.5,3.3733989021043
rw0683785,Gangs of New York (2002),1.0,3.3865507776761206
rw5043441,Yesterday (III) (2019),2.5,3.382433668801464
rw1728269,I Now Pronounce You Chuck & Larry (2007),3.0,3.39535681610247
rw0302932,Alien 3 (1992),4.5,3.382433668801464
rw5567794,The Hunt (II) (2020),5.0,3.3733989021043
rw5989080,Gunjan Saxena: The Kargil Girl (2020),4.5,3.380832570905764
rw4149303,LOL (2012),5.0,3.3733989021043
rw4568177,Bad Times at the El Royale (2018),1.5,3.380832570905764
rw5845245,The Last of Us: Part II (2020 Video Game),5.0,3.382433668801464
rw1838302,The Werewolf of Washington (1973),2.0,3.380832570905764
rw4604241,IO (2019),3.5,3.380832570905764
rw1764338,Weasels Rip My Flesh (1979),0.5,3.3733989021043
rw5271743,About Endlessness (2019),3.5,3.380832570905764
rw2391377,Hall Pass (2011),3.0,3.39535681610247
rw5623350,Freakshow (2007 Video),3.5,3.3733989021043
rw1986911,Loser (2000),0.5,3.382433668801464
rw1299088,House of the Dead (2003),2.5,3.382433668801464
rw2959787,The Girl with the Dragon Tattoo (2009),4.5,3.39535681610247
rw3029314,Harsh Times (2005),1.5,3.382433668801464
rw2264609,A Cry in the Night (1956),3.5,3.39535681610247
rw1710195,Hairspray (2007),4.0,3.39535681610247
rw3795699,The Deuce (2017–2019),0.5,3.380832570905764
rw0515297,The Talented Mr. Ripley (1999),2.5,3.3733989021043
rw5070707,Fifty Shades of Black (2016),3.0,3.39535681610247
rw2998198,The Raid 2 (2014),0.5,3.3733989021043
rw6243841,Never Let Me Go (2010),5.0,3.39535681610247
rw1746225,Mr. Brooks (2007),3.5,3.382433668801464
rw0717231,Harry Potter and the Sorcerer's Stone (2001),4.5,3.3733989021043
rw5597080,Belzebuth (2017),2.0,3.3733989021043
rw5447546,What's Your Number? (2011),3.0,3.382433668801464
rw1422534,The Lion King (1994),5.0,3.3865507776761206
rw5556057,The Shining (1980),2.5,3.3733989021043
rw1115797,The War of the Worlds (2005 Video),3.0,3.382433668801464
rw2136680,Dorian Gray (1970),3.0,3.3733989021043
rw6122331,The Chosen (2017– ),5.0,3.3733989021043
rw2288067,Mallrats (1995),4.5,3.380832570905764
rw0908346,Tupac: Resurrection (2003),2.5,3.3865507776761206
rw5489442,Lying and Stealing (2019),1.0,3.3733989021043
rw4401312,Disco Pigs (2001),5.0,3.3865507776761206
rw0395228,Sgt. Bilko (1996),1.5,3.382433668801464
rw1627262,龍騎士 (2006),5.0,3.380832570905764
rw1575691,More Than a Secretary (1936),2.0,3.382433668801464
rw3433966,And Then There Were None (2015),3.0,3.380832570905764
rw0116056,The Devils (1971),0.5,3.39535681610247
rw4853120,Happy Death Day 2U (2019),0.5,3.382433668801464
rw2779464,Deal of a Lifetime (1999),3.5,3.382433668801464
rw3416043,Deadpool (2016),4.5,3.3865507776761206
rw5658284,2001: A Space Odyssey (1968),4.0,3.3865507776761206
rw5444990,Queen & Slim (2019),4.5,3.39535681610247
rw1613108,Estória do Gato e da Lua (1997),4.0,3.3733989021043
rw1465851,Miracles (1986),4.5,3.380832570905764
rw3368346,5 to 7 (2014),2.5,3.3733989021043
rw1327447,Yathrakarude Sradhakku (2002),4.5,3.3865507776761206
rw5180495,Fractured (I) (2019),4.0,3.39535681610247
rw6143456,The Glorias (2020),5.0,3.380832570905764
rw1124283,The Reflecting Skin (1990),5.0,3.382433668801464
rw5473199,Grey's Anatomy (2005– ),2.5,3.382433668801464
rw4737136,He's Out There (2018),1.5,3.3865507776761206
rw4006121,Backyard Ashes (2013),0.5,3.3865507776761206
rw3351892,The Collection (II) (2012),2.5,3.39535681610247
rw1915493,Citizen Toxie: The Toxic Avenger IV (2000),3.0,3.380832570905764
rw3786646,Amelia 2.0 (2017),4.0,3.380832570905764
rw5404386,WWE Raw (1993– ),5.0,3.39535681610247
rw5475705,Disturbing the Peace (2020),0.5,3.382433668801464
rw1978398,Planet Earth (2006),5.0,3.3733989021043
rw2933941,The Past (2013),4.0,3.380832570905764
rw4331175,Nocturnal Animals (2016),4.5,3.39535681610247
rw2631249,Iron Sky (2012),3.5,3.39535681610247
rw3067186,The Notebook (2004),4.5,3.39535681610247
rw2676738,Kennwort... Reiher (1964),5.0,3.3733989021043
rw2640273,Red Rose of Normandy (2011 Video),5.0,3.3733989021043
rw0055851,Oklahoma! (1955),5.0,3.382433668801464
rw2757760,Bloody Mama (1970),2.0,3.3733989021043
rw1548248,Wild at Heart (1990),4.0,3.382433668801464
rw5855113,Life in Squares (2015– ),3.0,3.39535681610247
rw1249438,Babam ve Oglum (2005),5.0,3.3865507776761206
rw3344869,The Subjects (2015),3.5,3.380832570905764
rw0633139,Blade II (2002),4.0,3.3733989021043
rw4097977,The Beguiled (2017),1.5,3.3733989021043
rw2572864,The House of the Seven Gables (1940),3.0,3.39535681610247
rw2752051,詭屋 (2011),3.5,3.3733989021043
rw3140442,Rocky Mountain (1950),3.5,3.380832570905764
rw2199690,The 39 Steps (1959),2.0,3.3865507776761206
rw1345449,Spun (2002),4.5,3.382433668801464
rw4709381,Star Wars: Episode VIII - The Last Jedi (2017),5.0,3.380832570905764
rw4899843,Wide Sargasso Sea (1993),3.0,3.3865507776761206
rw4956314,The F Word (I) (2013),4.5,3.382433668801464
rw1006144,The Life Aquatic with Steve Zissou (2004),5.0,3.39535681610247
rw5004703,The Blind Side (2009),3.5,3.3865507776761206
rw1167249,Passion (1954),2.0,3.380832570905764
rw6064716,Usagi Drop (2011–2012),5.0,3.380832570905764
rw3074636,Godzilla (I) (1998),3.5,3.380832570905764
rw1490264,Audition (1999),5.0,3.3865507776761206
rw3810472,Jurassic World (2015),3.0,3.3865507776761206
rw0899715,The Passion of the Christ (2004),0.5,3.3865507776761206
rw6392504,The Midnight Sky (2020),2.0,3.382433668801464
rw4100211,Ask Me Anything (2014),3.5,3.3733989021043
rw2061666,It Happened One Night (1934),4.5,3.382433668801464
rw3488354,The Savage Five (1974),4.5,3.380832570905764
rw3212878,Do You Believe? (2015),4.0,3.382433668801464
rw1316034,Cinderella (1950),1.5,3.39535681610247
rw0272099,Lethal Weapon 2 (1989),4.5,3.382433668801464
rw0446692,The Mummy (1999),3.5,3.39535681610247
rw4098323,Martyrs of Marriage (2016),5.0,3.3733989021043
rw3086190,Before I Go to Sleep (2014),3.5,3.3733989021043
rw4174948,Kaleidoscope (II) (2016),2.0,3.3865507776761206
rw5789299,KD (A) Karuppudurai (2019),4.0,3.380832570905764
rw5535951,Her Name Was Christa (2020),4.5,3.3865507776761206
rw3780369,Annabelle: Creation (2017),3.5,3.380832570905764
rw1178238,Charlie and the Chocolate Factory (2005),3.5,3.3733989021043
rw0965683,...And God Created Woman (1956),3.5,3.3733989021043
rw4468635,Alien Addiction (2018),5.0,3.3865507776761206
rw3726224,A Dog's Purpose (2017),5.0,3.39535681610247
rw0307010,Educating Peter (1992),5.0,3.382433668801464
rw1324830,The Deadly Bees (1966),2.0,3.3865507776761206
rw1079752,13 Seconds (2003 Video),3.0,3.380832570905764
rw5984708,Toast (2010 TV Movie),1.5,3.39535681610247
rw3222794,The Shawshank Redemption (1994),4.5,3.3733989021043
rw3024268,One Direction: This Is Us (2013),5.0,3.39535681610247
rw0522900,The Astronaut's Wife (1999),1.0,3.382433668801464
rw5527474,Private Practice (2007–2013),4.5,3.380832570905764
rw3511506,Star Trek Beyond (2016),4.5,3.39535681610247
rw3457079,Adam's Rib (1949),2.0,3.380832570905764
rw5567016,The Girl with the Dragon Tattoo (2011),4.0,3.382433668801464
rw1350713,Lucky Number Slevin (2006),4.0,3.380832570905764
rw4298697,Extinction (2018),3.5,3.39535681610247
rw0793751,Not Another Teen Movie (2001),4.5,3.380832570905764
rw5396763,Uncut Gems (2019),3.0,3.3865507776761206
rw0111810,The Interview (1970 TV Movie),3.5,3.39535681610247
rw2962753,Idiocracy (2006),5.0,3.380832570905764
rw4055373,The Open House (2018),0.5,3.39535681610247
rw2305118,The Boxer (2010),0.5,3.382433668801464
rw5619095,Contagion (2011),4.5,3.382433668801464
rw2666339,Keith Lemon: The Film (2012),0.5,3.382433668801464
rw5067705,Damages (2007–2012),4.0,3.39535681610247
rw5978154,Work It (2020),4.0,3.3733989021043
rw3032550,Frozen (I) (2013),1.0,3.382433668801464
rw2329405,Schindler's List (1993),3.5,3.380832570905764
rw4686044,12 Angry Men (1957),5.0,3.39535681610247
rw5622670,The Invisible Man (I) (2020),1.5,3.380832570905764
rw6070494,Die Screaming Marianne (1971),2.0,3.3865507776761206
rw1980067,The Boy in the Striped Pajamas (2008),5.0,3.3865507776761206
rw0272016,Leningrad Cowboys Go America (1989),5.0,3.3865507776761206
rw4553709,Vice (I) (2018),4.0,3.382433668801464
rw2110695,The X Files: I Want to Believe (2008),3.5,3.3733989021043
rw3192718,Gone Girl (2014),4.0,3.3733989021043
rw6082137,I's (2013),0.5,3.39535681610247
rw1402503,Karas: The Prophecy (2005 Video),4.0,3.382433668801464
rw2354973,Holiday from Rules? (1958),2.0,3.3733989021043
rw2674023,4:44 Last Day on Earth (2011),1.0,3.3865507776761206
rw2035187,Mr. Brooks (2007),3.5,3.382433668801464
rw2372967,A Serbian Film (2010),4.5,3.3733989021043
rw4442124,The Good Cop (2018),4.5,3.39535681610247
rw2895206,Office Space (1999),4.5,3.39535681610247
rw5044427,Pokémon: Detective Pikachu (2019),4.0,3.3865507776761206
rw0969073,The Ten Commandments (1956),3.5,3.380832570905764
rw5236563,Watchmen (2019),4.5,3.3733989021043
rw1973846,Quantum of Solace (2008),4.0,3.382433668801464
rw1788661,A Real Young Girl (1976),2.0,3.382433668801464
rw2408311,La casa muda (2010),0.5,3.3865507776761206
rw0962335,Once Bitten (1985),2.5,3.3865507776761206
rw0796697,Spider (2002),3.5,3.3865507776761206
rw0612176,Metal Gear Solid (1998 Video Game),5.0,3.382433668801464
rw5885584,Pretty Woman (1990),3.5,3.3865507776761206
rw3831507,The Kid (1921),4.0,3.39535681610247
rw1641318,Moby Dick (1956),3.5,3.3733989021043
rw3851470,The Holcroft Covenant (1985),1.5,3.3865507776761206
rw3327252,The Martian (2015),4.0,3.3733989021043
rw4110502,Showgirls (1995),2.5,3.3865507776761206
rw5822496,Little Giants (1994),3.5,3.382433668801464
rw1056347,I Passed for White (1960),4.0,3.382433668801464
rw1833099,The Bank Job (2008),5.0,3.3865507776761206
rw0257960,Hellbound: Hellraiser II (1988),4.5,3.39535681610247
rw2577950,The New World (2005),4.0,3.39535681610247
rw3824817,Blade Runner 2049 (2017),5.0,3.3733989021043
rw0669148,Clerks (2000–2001),4.0,3.380832570905764
rw4812390,Avengers: Endgame (2019),3.0,3.3733989021043
rw6128596,The Shawshank Redemption (1994),5.0,3.380832570905764
rw2836509,Union Station (1950),4.0,3.39535681610247
rw3379393,Star Wars: Episode VII - The Force Awakens (2015),3.0,3.380832570905764
rw1253997,Terror Toons (2002 Video),0.5,3.39535681610247
rw3458875,The A Word (2016– ),5.0,3.3733989021043
rw0244815,The Hanoi Hilton (1987),2.0,3.3733989021043
rw3001220,Captain America: The Winter Soldier (2014),4.0,3.382433668801464
rw1044311,Dogtown and Z-Boys (2001),5.0,3.382433668801464
rw1807752,Anatomy Class (2000),3.5,3.380832570905764
rw5610045,Coffee & Kareem (2020),2.5,3.382433668801464
rw0021193,The Big Premiere (1940),3.5,3.39535681610247
rw5683201,Interstellar (2014),5.0,3.380832570905764
rw5938431,Dil Bechara (2020),5.0,3.380832570905764
rw2369811,Mothlight (1963),5.0,3.382433668801464
rw2994797,Boardwalk Empire (2010–2014),4.0,3.382433668801464
rw1701674,L.A.P.D.: To Protect and to Serve (2001),0.5,3.39535681610247
rw3655040,Logan (2017),5.0,3.3865507776761206
rw4205483,Ocean's Eight (2018),0.5,3.39535681610247
rw2098225,Titus (1999),3.5,3.39535681610247
rw6242080,Sarah Cooper: Everything's Fine (2020 TV Special),1.5,3.3865507776761206
rw1066940,The Untouchables (1987),4.5,3.382433668801464
rw2551059,The Devil Inside (2012),0.5,3.3865507776761206
rw1232234,The Girl in the Café (2005 TV Movie),4.0,3.382433668801464
rw1564994,The Covenant (2006),1.0,3.3865507776761206
rw3753076,Outlaws and Angels (2016),4.5,3.39535681610247
rw5590605,Pulp Fiction (1994),5.0,3.3733989021043
rw6075768,Mulan (2020),3.5,3.39535681610247
rw3376562,Star Wars: Episode VII - The Force Awakens (2015),4.0,3.3733989021043
rw0871966,House of the Dead (2003),0.5,3.39535681610247
rw0566869,Short Sharp Shock (1998),3.5,3.382433668801464
rw2159282,What Ever Happened to Aunt Alice? (1969),3.5,3.3733989021043
rw1083980,Nine Months (1995),4.0,3.380832570905764
rw4222001,Call Me by Your Name (2017),4.0,3.3733989021043
rw1121458,One Body Too Many (1944),2.5,3.380832570905764
rw0439975,Virus (1999),2.5,3.3733989021043
rw0975229,Wide Awake (1998),4.0,3.382433668801464
rw3189925,The Slap (2015),0.5,3.382433668801464
rw0659633,Jaka Sembung (1981),3.0,3.39535681610247
rw5854737,Gladiator (2000),4.5,3.3865507776761206
rw1204903,North Country (2005),5.0,3.3865507776761206
rw6450193,Honest Thief (2020),2.0,3.382433668801464
rw1277674,Witchcraft X: Mistress of the Craft (1998 Video),4.5,3.39535681610247
rw0509249,The Matrix (1999),5.0,3.3865507776761206
rw4433902,Bohemian Rhapsody (2018),3.5,3.380832570905764
rw1576506,The Blue Max (1966),4.0,3.380832570905764
rw3039068,Maleficent (2014),3.5,3.380832570905764
rw0898725,The Passion of the Christ (2004),5.0,3.380832570905764
rw5151294,唐頓莊園 (2019),4.5,3.3865507776761206
rw4924189,I Am Mother (2019),5.0,3.39535681610247
rw3361436,The Pelican Brief (1993),4.5,3.382433668801464
rw1982171,Killer Nurse (2008 Video),2.0,3.3733989021043
rw1227703,Rent (2005),1.5,3.3865507776761206
rw2733622,Balak Palak (2013),5.0,3.3865507776761206
rw3183365,Fifty Shades of Grey (2015),0.5,3.39535681610247
rw2383966,The Killer Inside Me (2010),4.0,3.382433668801464
rw3404547,Põrgu (1983),4.0,3.380832570905764
rw3338076,Eaters (2015),0.5,3.382433668801464
rw2360661,Titanic (1997),3.0,3.3733989021043
rw2229529,Inglourious Basterds (2009),3.0,3.3733989021043
rw1758771,Dawn of the Dead (2004),4.0,3.39535681610247
rw2384707,Das Boot (1981),2.5,3.382433668801464
rw5310551,小丑 (2019),5.0,3.3865507776761206
rw6278275,Hunter x Hunter (2011–2014),5.0,3.3733989021043
rw0385421,From Dusk Till Dawn (1996),1.0,3.3733989021043
rw4515638,Fantastic Beasts: The Crimes of Grindelwald (2018),2.5,3.382433668801464
rw1252261,Lady Vengeance (2005),3.0,3.3733989021043
rw3757277,The Boss Baby (2017),2.5,3.380832570905764
rw6140502,Enola Holmes (2020),1.5,3.39535681610247
rw2764975,Iron Sky (2012),2.5,3.39535681610247
rw4019759,Stanley Ka Dabba (2011),4.0,3.382433668801464
rw1361544,Mission: Impossible III (2006),5.0,3.380832570905764
rw5288701,Happy Endings Sleepover (2019),5.0,3.3865507776761206
rw1884591,American Hardcore (2006),2.0,3.39535681610247
rw4438779,Beautiful Boy (I) (2018),4.0,3.380832570905764
rw5222908,The Lion King (2019),0.5,3.380832570905764
rw0357741,The Brothers McMullen (1995),4.0,3.382433668801464
rw5975970,See No Evil (2014– ),4.0,3.380832570905764
rw3535824,The Neon Demon (2016),1.5,3.39535681610247
rw3594001,This Time for Keeps (1942),3.0,3.3733989021043
rw1438928,The Descent (2005),3.5,3.380832570905764
rw3785169,The Private Affairs of Bel Ami (1947),5.0,3.380832570905764
rw4534690,Cold War (2018),3.5,3.39535681610247
rw2639758,All the Boys Love Mandy Lane (2006),2.0,3.39535681610247
rw5737388,South Park (1997– ),5.0,3.3733989021043
rw3729995,It Comes at Night (2017),0.5,3.382433668801464
rw0760343,Don't Say a Word (2001),3.0,3.382433668801464
rw0425448,Meet Joe Black (1998),1.5,3.3865507776761206
rw2310125,The Hills Have Eyes (2006),0.5,3.3733989021043
rw4995543,Stranger Than Fiction (2006),5.0,3.39535681610247
rw3605387,American Honey (2016),5.0,3.380832570905764
rw2855926,Portrait of a Zombie (2012),3.5,3.380832570905764
rw0253898,Akira (1988),4.5,3.3733989021043
rw1361106,Extreme Ops (2002),0.5,3.3733989021043
rw5937438,Dil Bechara (2020),5.0,3.3733989021043
rw5494280,Thalaivaa (2013),2.0,3.3733989021043
rw1181369,The Trigger Effect (1996),3.0,3.382433668801464
rw0534365,American Psycho (2000),4.0,3.380832570905764
rw6362561,The Family Man (2000),5.0,3.380832570905764
rw0386891,House Arrest (1996),5.0,3.382433668801464
rw4739425,Captive State (2019),1.5,3.39535681610247
rw0950945,Waking Life (2001),5.0,3.3865507776761206
rw6407882,Wonder Woman 1984 (2020),2.5,3.3865507776761206
rw5641827,The Golden Horde (1951),2.0,3.3733989021043
rw2431717,La sombra del ciprés es alargada (1990),3.5,3.39535681610247
rw5130727,Alita: Battle Angel (2019),4.0,3.380832570905764
rw3228896,Violence (2015),4.5,3.3865507776761206
rw3206132,The Equalizer (2014),4.0,3.39535681610247
rw6031149,Rango (2011),4.0,3.3865507776761206
rw4830564,Consumer 101 (2018– ),0.5,3.3733989021043
rw4522884,Gremlin (2017),5.0,3.39535681610247
rw3034717,Charlie Countryman (2013),2.0,3.3733989021043
rw5620205,Money Heist (2017– ),2.5,3.39535681610247
rw0730746,Die Another Day (2002),3.0,3.382433668801464
rw1734961,Wiseguys vs. Zombies (2003 Video),1.0,3.380832570905764
rw3019349,One Humanity (2014),4.5,3.39535681610247
rw3855218,The Purge: Election Year (2016),3.5,3.39535681610247
rw2033068,Watchmen (2009),5.0,3.3865507776761206
rw0077952,Lawrence of Arabia (1962),5.0,3.3733989021043
rw0115993,Demons of the Mind (1972),3.5,3.382433668801464
rw1105161,Mr. & Mrs. Smith (2005),4.5,3.3865507776761206
rw1378485,The Da Vinci Code (2006),3.0,3.380832570905764
rw2662424,The Perfect Husband: The Laci Peterson Story (2004 TV Movie),3.0,3.3865507776761206
rw5124456,The I-Land (2019),5.0,3.380832570905764
rw3363129,Ben 10 (2005–2008),4.5,3.382433668801464
rw2848179,Chennai Express (2013),3.0,3.39535681610247
rw4237602,Dallas Buyers Club (2013),5.0,3.39535681610247
rw1795617,Ben-Hur: A Tale of the Christ (1925),3.5,3.382433668801464
rw1575954,The Texas Chainsaw Massacre: The Beginning (2006),4.0,3.3865507776761206
rw4188364,Hamilton: One Shot to Broadway (2017),0.5,3.382433668801464
rw4761083,Captain Marvel (2019),4.5,3.3865507776761206
rw1451447,FleshEater (1988),2.0,3.382433668801464
rw0992117,Alien vs. Predator (2004),5.0,3.39535681610247
rw4386160,Venom (2018),4.5,3.382433668801464
rw0882348,The Last Samurai (2003),5.0,3.380832570905764
rw4549868,K.G.F: Chapter 1 (2018),5.0,3.3865507776761206
rw0382526,Dream for an Insomniac (1996),5.0,3.3865507776761206
rw0699073,The Others (2001),5.0,3.382433668801464
rw4259778,Mission: Impossible - Fallout (2018),5.0,3.3733989021043
rw1395238,Napoleon Dynamite (2004),5.0,3.3865507776761206
rw3714860,Alien: Covenant (2017),2.5,3.3865507776761206
rw6351205,The Shawshank Redemption (1994),5.0,3.382433668801464
rw5383492,Unbelievable (2019),4.5,3.39535681610247
rw4184689,The Lost Viking (2018),2.0,3.3733989021043
rw2234152,The Time Traveler's Wife (2009),3.5,3.3865507776761206
rw2010183,Secrets (1924),5.0,3.39535681610247
rw2771597,Battleship (2012),1.0,3.3733989021043
rw1682851,Eragon (2006),0.5,3.3733989021043
rw3631309,The Lost World: Jurassic Park (1997),4.5,3.39535681610247
rw0879788,RFK (2002 TV Movie),4.0,3.39535681610247
rw5735469,Uncut Gems (2019),0.5,3.380832570905764
rw5010230,Crawl (I) (2019),3.5,3.3865507776761206
rw0902156,Eternal Sunshine of the Spotless Mind (2004),4.5,3.382433668801464
rw2159644,J.T. (1969 TV Movie),4.5,3.380832570905764
rw6273157,Gunjan Saxena: The Kargil Girl (2020),0.5,3.380832570905764
rw4271350,Fanney Khan (2018),2.0,3.39535681610247
rw1412935,L'année des méduses (1984),4.0,3.3865507776761206
rw5836347,The Tiger (2015),4.0,3.3865507776761206
rw4838556,Maharshi (2019),5.0,3.3865507776761206
rw4007652,The Road Is Jericho: Epic Stories & Rare Matches from Y2J (2015 Video),5.0,3.39535681610247
rw2344470,Orange (2010),3.5,3.3865507776761206
rw1526082,Arabesque (1966),0.5,3.3865507776761206
rw2503233,False Innocence (2009 TV Movie),3.5,3.3865507776761206
rw4289001,Til Death Do Us Part (II) (2017),0.5,3.3733989021043
rw0983539,Gypsy 83 (2001),5.0,3.3733989021043
rw4245819,Skyscraper (2018),3.0,3.3865507776761206
rw1875375,Barbie Diaries (2006 Video),3.0,3.3865507776761206
rw4561312,The Bold and the Beautiful (1987– ),1.5,3.3733989021043
rw2025904,Pygmalion (1938),3.5,3.39535681610247
rw6013597,The Patriot (2000),5.0,3.380832570905764
rw5619757,Basic (2003),3.5,3.382433668801464
rw6311339,Broadway Melody of 1940 (1940),4.5,3.3865507776761206
rw4864291,Pirates of the Caribbean: At World's End (2007),5.0,3.3865507776761206
rw3253253,Interstellar (2014),4.0,3.382433668801464
rw1713282,A Few Good Men (1992),3.0,3.3865507776761206
rw0063021,The Unearthly (1957),1.0,3.39535681610247
rw3544810,Birdman or (The Unexpected Virtue of Ignorance) (2014),4.0,3.39535681610247
rw1343179,In the Mouth of Madness (1995),4.0,3.39535681610247
rw4584483,The Blacklist (2013– ),3.0,3.39535681610247
rw3377664,The Ridiculous 6 (2015),3.5,3.3733989021043
rw0297712,Oscar (1991),4.5,3.380832570905764
rw2600181,A Separation (2011),5.0,3.380832570905764
rw6017273,Flesh (2020),5.0,3.380832570905764
rw0065721,She Demons (1958),1.5,3.3865507776761206
rw1304418,Women in Revolt (1971),5.0,3.382433668801464
rw0755321,Panic Room (2002),4.0,3.39535681610247
rw4736962,The Order (2019–2020),4.5,3.380832570905764
rw4063799,Get Out (I) (2017),4.5,3.382433668801464
rw0675304,A.I. Artificial Intelligence (2001),2.0,3.3865507776761206
rw6381093,The Godfather (1972),5.0,3.3865507776761206
rw4911948,Chernobyl (2019),5.0,3.380832570905764
rw3781509,Van Helsing (2016– ),2.5,3.380832570905764
rw0321180,Falling Down (1993),4.0,3.39535681610247
rw3080224,Lone Survivor (2013),1.5,3.3865507776761206
rw3034597,The Devil's Backbone (2001),5.0,3.39535681610247
rw2030346,Our Daily Bread (2005),0.5,3.3865507776761206
rw1829421,The Sopranos (1999–2007),4.5,3.3733989021043
rw1636471,Kaw (2007),2.5,3.382433668801464
rw2200449,Shkola (2010),5.0,3.39535681610247
rw3816972,The Godfather (1972),5.0,3.3733989021043
rw2452695,The Experiment (2010),3.0,3.3865507776761206
rw3079487,A Disney Christmas Gift (1983 TV Special),4.5,3.3865507776761206
rw0627350,The Blair Witch Project (1999),3.5,3.382433668801464
rw1364586,Stinger (2005),0.5,3.39535681610247
rw1536833,Siegfried & Roy: The Magic Box (1999),3.0,3.3865507776761206
rw3863538,The Punisher (2017–2019),4.0,3.39535681610247
rw1947711,Righteous Kill (2008),1.5,3.3865507776761206
rw3832112,Justice (II) (2017),0.5,3.39535681610247
rw1074745,The Funhouse (1981),3.5,3.3733989021043
rw1680693,The Lake House (2006),1.0,3.3865507776761206
rw3354008,The Stanford Prison Experiment (2015),4.0,3.3865507776761206
rw3765551,A Date for Mad Mary (2016),4.0,3.382433668801464
rw5307677,鋒迴路轉 (2019),3.5,3.382433668801464
rw5743958,Life (I) (2017),2.5,3.3865507776761206
rw5453089,Get Hard (2015),5.0,3.39535681610247
rw4524220,Zero (III) (2018),2.0,3.39535681610247
rw3103031,The Purge: Anarchy (2014),4.0,3.380832570905764
rw1867942,Spy Kids 3: Game Over (2003),2.5,3.3865507776761206
rw4061690,Your Move (2017),4.5,3.3733989021043
rw1932593,Welcome to the Jungle (2007 Video),1.5,3.382433668801464
rw4593404,Glass (2019),5.0,3.3733989021043
rw6279967,Mum Bhai (2020– ),5.0,3.380832570905764
rw0086533,"One Potato, Two Potato (1964)",5.0,3.3733989021043
rw1329154,Experiment (2005),4.0,3.382433668801464
rw3806823,Snowden (2016),3.5,3.3865507776761206
rw0458954,The Lord of the Rings: The Fellowship of the Ring (2001),5.0,3.3733989021043
rw0779063,Thirteen Conversations About One Thing (2001),4.5,3.3733989021043
rw3644886,The Founder (2016),3.5,3.3733989021043
rw5448991,John Henry (2020),3.5,3.382433668801464
rw4673701,Mary Queen of Scots (2018),0.5,3.39535681610247
rw1545854,Clash by Night (1952),3.0,3.380832570905764
rw4850398,Matriarch (I) (2018),2.5,3.39535681610247
rw6172688,Murder Mystery (2019),4.0,3.382433668801464
rw5506067,Dungeon ni Deai wo Motomeru no wa Machigatteiru Darou ka (2015– ),5.0,3.3865507776761206
rw0179358,Resurrection (1980),4.5,3.39535681610247
rw6171520,Bob the Builder: Mega Machines (2017),5.0,3.3865507776761206
rw5231774,Fun with Dick and Jane (2005),0.5,3.380832570905764
rw2909548,Too Perfect (2011),1.5,3.39535681610247
rw5805846,Deep Impact (1998),3.0,3.3865507776761206
rw4996939,Dark (2017–2020),4.0,3.39535681610247
rw1951765,The Thing (1982),5.0,3.382433668801464
rw1085936,Revelation (2001),2.0,3.3865507776761206
rw5746340,John Henry (2020),0.5,3.39535681610247
rw5717853,Hold the Dark (2018),1.5,3.3865507776761206
rw3724423,The Prophecy II (1998 Video),2.0,3.3733989021043
rw0165011,1941 (1979),4.5,3.39535681610247
rw1545829,Motel Hell (1980),5.0,3.39535681610247
rw5704447,Manifest (2018– ),0.5,3.382433668801464
rw0363285,Halloween: The Curse of Michael Myers (1995),3.5,3.3733989021043
rw5352540,Hand of God (2014–2017),4.5,3.382433668801464
rw3814017,Bushwick (2017),3.5,3.3733989021043
rw2792903,Prometheus (I) (2012),2.5,3.3865507776761206
rw4512320,Destination Wedding (2018),1.0,3.382433668801464
rw3098329,Catch-22 (1970),3.5,3.382433668801464
rw2864870,The Home Front (1943),3.5,3.382433668801464
rw5373451,Messiah (2020),4.5,3.3733989021043
rw1171748,Star Trek: Voyager (1995–2001),4.0,3.380832570905764
rw3585574,Mothers and Daughters (2016),3.0,3.3733989021043
rw2734674,金剛 (1933),5.0,3.3865507776761206
rw3352704,Love the Coopers (2015),1.0,3.3865507776761206
rw0326155,The Nightmare Before Christmas (1993),5.0,3.39535681610247
rw0867668,Bruce Almighty (2003),5.0,3.39535681610247
rw4104082,Blade Runner (1982),5.0,3.382433668801464
rw3548353,Actor in Law (2016),4.0,3.39535681610247
rw1648579,Boys' Night Out (1962),1.5,3.382433668801464
rw2766636,The Last Exorcism 2 (2013),3.0,3.3865507776761206
rw5972882,Love Is Blind (2020– ),2.5,3.3865507776761206
rw0969418,The Godfather (1972),5.0,3.3733989021043
rw5456160,John Wick: Chapter 3 - Parabellum (2019),1.0,3.39535681610247
rw2794982,Gippi (2013),2.5,3.382433668801464
rw2246584,Cannery Woe (1961),4.0,3.382433668801464
rw5724105,Satellite Shankar (2019),5.0,3.3733989021043
rw5979149,Out of Sight (1998),2.5,3.382433668801464
rw6138996,Star Trek First Frontier (2020),4.0,3.382433668801464
rw5916126,Kal Ho Naa Ho (2003),5.0,3.39535681610247
rw1004736,Sergeant York (1941),5.0,3.3733989021043
rw2451243,Transformers: Dark of the Moon (2011),3.5,3.3865507776761206
rw5304264,De Palma (2015),5.0,3.39535681610247
rw4181159,Sara's Notebook (2018),5.0,3.39535681610247
rw5193244,God Friended Me (2018–2020),5.0,3.3733989021043
rw4185902,Bella and the Bulldogs (2015–2016),0.5,3.3865507776761206
rw3233296,House of Cards (2013–2018),5.0,3.3733989021043
rw2423890,The Brute Man (1946),2.0,3.380832570905764
rw4410478,Halloween (I) (2018),5.0,3.382433668801464
rw1340441,Drunken Master (1978),2.5,3.380832570905764
rw0328331,Schindler's List (1993),0.5,3.382433668801464
rw2352828,La faute à Fidel! (2006),3.5,3.380832570905764
rw6332110,Black Christmas (2019),1.0,3.39535681610247
rw4357787,Christopher Robin (2018),3.0,3.3865507776761206
rw3276374,Black Swan (2010),4.0,3.39535681610247
rw1628228,Barbary Coast (1935),3.5,3.3733989021043
rw5547753,Aquaman (2018),4.0,3.39535681610247
rw2705809,Katalin Varga (2009),3.5,3.39535681610247
rw5461471,Burn Notice (2007–2013),5.0,3.3733989021043
rw0965941,National Treasure (2004),4.0,3.382433668801464
rw0750688,Possession (2002),2.0,3.380832570905764
rw1587402,Evil Dead II (1987),4.0,3.3865507776761206
rw2338596,The Odd Couple (1968),4.5,3.3865507776761206
rw3462560,Bourek (2015),5.0,3.3865507776761206
rw1497701,We Who Are About to Die (1937),4.0,3.3865507776761206
rw0048475,Ambush at Tomahawk Gap (1953),3.5,3.39535681610247
rw2081366,Riding Alone for Thousands of Miles (2005),5.0,3.380832570905764
rw6435044,Speed (1994),4.0,3.3733989021043
rw5604720,Meet the Parents (2000),5.0,3.380832570905764
rw6283912,One of Our Aircraft Is Missing (1942),3.5,3.380832570905764
rw5596669,Jay and Silent Bob Reboot (2019),3.5,3.3865507776761206
rw0950776,Clueless (1995),4.0,3.382433668801464
rw5905524,Goodfellas (1990),5.0,3.382433668801464
rw3785572,The Defenders (2017),3.0,3.39535681610247
rw5864115,Marco Polo (2014–2016),5.0,3.39535681610247
rw4573080,The Sopranos (1999–2007),5.0,3.382433668801464
rw5918128,The Other Lamb (2019),1.5,3.3733989021043
rw1755183,The Phantom of the Opera (1925),5.0,3.39535681610247
rw1861259,A Night Out (I) (1915),3.0,3.39535681610247
rw6156263,Daniel Sloss: X (2019 TV Special),5.0,3.380832570905764
rw0792631,Dogville (2003),5.0,3.3865507776761206
rw0666537,The Mummy Returns (2001),4.0,3.3733989021043
rw4615549,Spider-Man: Into the Spider-Verse (2018),4.5,3.39535681610247
rw6019842,The Gone Game (2020),4.0,3.3865507776761206
rw3122717,Il mio viaggio in Italia (1999),2.0,3.380832570905764
rw5102645,Northern Pursuit (1943),1.5,3.380832570905764
rw3456783,Everybody Wants Some!! (2016),4.5,3.380832570905764
rw3026448,A Million Ways to Die in the West (2014),3.0,3.380832570905764
rw4249086,Operazione Goldman (1966),3.5,3.3865507776761206
rw4430195,Nicotine (II) (2016),4.0,3.382433668801464
rw5857724,Freaks (2018),4.0,3.3865507776761206
rw2080376,Me and You and Everyone We Know (2005),1.0,3.382433668801464
rw5875754,Fantastic Beasts and Where to Find Them (2016),0.5,3.380832570905764
rw6131918,Bala (2019),3.5,3.3865507776761206
rw4857881,Home (II) (2015),5.0,3.39535681610247
rw5403003,A Killing in a Small Town (1990 TV Movie),3.5,3.39535681610247
rw3869285,Shut Eye (2016–2017),4.0,3.3865507776761206
rw2176182,阿凡達 (2009),5.0,3.382433668801464
rw2958170,Drishyam (2013),4.5,3.382433668801464
rw2607816,The Rose (1979),3.5,3.382433668801464
rw6272702,The Trial of the Chicago 7 (2020),4.0,3.382433668801464
rw4554522,Annihilation (2018),4.5,3.3733989021043
rw2588584,The Hunger Games (2012),2.0,3.39535681610247
rw2448241,Entourage (2004–2011),5.0,3.3865507776761206
rw2069712,Skippy (1931),4.0,3.3865507776761206
rw2123381,National Lampoon's Animal House (1978),4.0,3.3733989021043
rw0575468,Stuart Little (1999),0.5,3.3865507776761206
rw5139559,"Hello, Privilege. It's Me, Chelsea (2019 TV Movie)",0.5,3.380832570905764
rw6289761,Northern Exposure (1990–1995),5.0,3.380832570905764
rw1477226,When a Stranger Calls (2006),5.0,3.39535681610247
rw1544313,Waterloo Bridge (1931),4.0,3.3733989021043
rw3296144,Taxi Driver (1976),5.0,3.3865507776761206
rw4600150,United 93 (2006),3.5,3.3733989021043
rw2045351,Role Models (2008),4.0,3.380832570905764
rw4299382,The Sea of Trees (2015),2.0,3.382433668801464
rw3789949,Killing Ground (2016),3.0,3.3865507776761206
rw4094328,The Thirteenth Chair (1929),1.0,3.380832570905764
rw4256946,Ready Player One (2018),2.5,3.39535681610247
rw2943290,Star Wars: Episode IV - A New Hope (1977),2.5,3.3733989021043
rw1228683,Harry Potter and the Goblet of Fire (2005),4.0,3.39535681610247
rw5692042,Normal People (2020),4.5,3.3865507776761206
rw2497653,"The Good, the Bad and the Ugly (1966)",4.5,3.380832570905764
rw6204304,Books of Blood (2020),1.0,3.3733989021043
rw1376479,X-Men: The Last Stand (2006),2.5,3.3865507776761206
rw1794141,Love Actually (2003),2.5,3.382433668801464
rw5219607,Fractured (I) (2019),5.0,3.3865507776761206
rw1900279,The Last Big Thing (1996),0.5,3.3733989021043
rw5261677,See (2019– ),3.0,3.3865507776761206
rw2855147,Blue Jasmine (2013),5.0,3.3733989021043
rw6092662,The Way I See It (2020),4.5,3.39535681610247
rw0093392,Finders Keepers (1966),2.5,3.3865507776761206
rw1835651,Hot Dog (II) (1930),1.5,3.382433668801464
rw3401796,The Outlaw Michael Howe (2013 TV Movie),1.5,3.382433668801464
rw4379061,The Disaster Artist (2017),4.5,3.39535681610247
rw5328925,Le notti bianche (1957),5.0,3.39535681610247
rw0656824,Spiders (2000),3.0,3.39535681610247
rw4996126,The InBetween (2019),0.5,3.380832570905764
rw4578767,Joysticks (1983),2.0,3.380832570905764
rw3044046,Kill List (2011),0.5,3.3733989021043
rw6210851,The Whittler (2020),1.0,3.3865507776761206
rw4590981,Nocturnal Animals (2016),4.0,3.39535681610247
rw5037115,Gangs of Wasseypur (2012),5.0,3.382433668801464
rw2920399,The Parallax View (1974),3.5,3.3865507776761206
rw1123813,Charlie and the Chocolate Factory (2005),4.0,3.382433668801464
rw4041772,The Tradesmen (2011),4.0,3.39535681610247
rw1381504,Bad Education (2004),5.0,3.3733989021043
rw2064583,Star Trek (2009),2.5,3.382433668801464
rw1030978,Mark of the Devil (1970),2.0,3.39535681610247
rw2308443,Nikita (2010–2013),1.5,3.3865507776761206
rw1074665,The Thing About My Folks (2005),5.0,3.382433668801464
rw2153401,The Men Who Stare at Goats (2009),4.0,3.3865507776761206
rw2055285,American Violet (2008),2.5,3.3865507776761206
rw5920198,Love Life (2020– ),5.0,3.39535681610247
rw3554195,Operation Mekong (2016),5.0,3.3865507776761206
rw0065766,Some Came Running (1958),4.0,3.39535681610247
rw4830136,The Blackcoat's Daughter (I) (2015),3.5,3.3733989021043
rw4702138,Captain Marvel (2019),5.0,3.382433668801464
rw1578195,The Covenant (2006),3.0,3.3865507776761206
rw4080699,The Greatest Showman (2017),4.5,3.3733989021043
rw4344184,Game of Thrones (2011–2019),5.0,3.3865507776761206
rw1451112,The Apostle (1997),5.0,3.380832570905764
rw0077264,Gigot (1962),5.0,3.3733989021043
rw6168068,Interreflections (2020),5.0,3.382433668801464
rw0986620,Highlander (1986),4.5,3.3733989021043
rw4425078,Shimmer Lake (2017),4.5,3.380832570905764
rw3100421,Haider (2014),4.5,3.380832570905764
rw4298139,Inbred (2011),0.5,3.39535681610247
rw0913694,De-Lovely (2004),5.0,3.3865507776761206
rw3024252,The Tingler (1959),3.5,3.3865507776761206
rw4910745,Absolutely Anything (2015),3.5,3.380832570905764
rw3611545,Knight of Cups (2015),1.0,3.382433668801464
rw5583578,The Amazing Mr. Williams (1939),4.0,3.3733989021043
rw0202324,Liquid Sky (1982),4.5,3.380832570905764
rw1169663,Kansen (2004),3.0,3.380832570905764
rw1533869,American Dreamz (2006),4.0,3.3865507776761206
rw1475931,The Seven Year Itch (1955),5.0,3.3733989021043
rw5987174,Super Monsters (2017– ),5.0,3.39535681610247
rw0046321,Above and Beyond (1952),4.5,3.380832570905764
rw2246823,The Deer Hunter (1978),4.0,3.382433668801464
rw5514732,Intelligence (2020– ),0.5,3.382433668801464
rw5880860,Daredevil (2015–2018),5.0,3.380832570905764
rw1659614,Children of Men (2006),3.0,3.3733989021043
rw0108754,Popi (1969),5.0,3.39535681610247
rw0786393,L'adversaire (2002),4.0,3.39535681610247
rw3293215,Star Wars: Episode II - Attack of the Clones (2002),3.5,3.382433668801464
rw4063037,The Lincoln Lawyer (2011),2.0,3.3865507776761206
rw1171790,I Am Dina (2002),5.0,3.3733989021043
rw1112051,Fullmetal Alchemist (2003–2004),4.5,3.39535681610247
rw6385910,Four Weddings and a Funeral (2019),4.0,3.380832570905764
rw3559247,The Siege of Jadotville (2016),3.0,3.380832570905764
rw5192123,I Spit on Your Grave (2010),1.0,3.382433668801464
rw2996291,Delivery Man (2013),5.0,3.3865507776761206
rw2208123,Fast & Furious (2009),4.0,3.382433668801464
rw0746462,The Pianist (2002),4.5,3.39535681610247
rw5880924,The Rookie (1990),3.5,3.380832570905764
rw1419562,The Shawshank Redemption (1994),4.5,3.3733989021043
rw5228312,John Wick (2014),3.0,3.3733989021043
rw1077041,Tarnation (2003),4.0,3.3865507776761206
rw1394388,The Devil's Rejects (2005),5.0,3.3733989021043
rw1384107,Four Brothers (2005),4.0,3.39535681610247
rw6245533,Paranormal (2020– ),3.0,3.382433668801464
rw1401790,End Game (2006),2.5,3.3865507776761206
rw4336871,If Beale Street Could Talk (2018),4.5,3.380832570905764
rw4407290,The Haunting of Hill House (2018),5.0,3.382433668801464
rw0993127,Super Fuzz (1980),1.0,3.39535681610247
rw0693326,Mistress Madeleine (1986),2.0,3.382433668801464
rw3411985,The Imitation Game (2014),3.0,3.382433668801464
rw0512230,Planet of the Apes (2001),1.5,3.3733989021043
rw2690618,Wrong Turn 5: Bloodlines (2012 Video),0.5,3.382433668801464
rw3455897,The Pyramid (2014),3.0,3.380832570905764
rw1715845,Family Guy (1999– ),3.0,3.3733989021043
rw4771989,The Code (2019– ),1.5,3.3865507776761206
rw6128338,Enola Holmes (2020),4.5,3.3733989021043
rw5884219,Sufiyum Sujatayum (2020),5.0,3.3733989021043
rw2484026,The Book of Eli (2010),0.5,3.3733989021043
rw5910231,The Invisible Man (I) (2020),4.0,3.380832570905764
rw2537067,The Adventures of Tintin (2011),5.0,3.382433668801464
rw5063930,Parey Hut Love (2019),1.0,3.3733989021043
rw5486173,High Fidelity (2020),5.0,3.39535681610247
rw1918631,The Swimmer (1968),4.5,3.3733989021043
rw2879674,East of Shanghai (1931),3.5,3.3733989021043
rw3465543,Locke (2013),5.0,3.382433668801464
rw3818305,Baby Driver (2017),4.0,3.3865507776761206
rw2623838,One More River (1934),5.0,3.3865507776761206
rw0599069,Gladiator (2000),5.0,3.382433668801464
rw5483577,The Goop Lab (2020– ),3.5,3.39535681610247
rw4930415,Good Girls (2018– ),4.5,3.380832570905764
rw1958577,The Zombie Diaries (2006),5.0,3.39535681610247
rw2338791,Morning Glory (2010),4.0,3.382433668801464
rw1795114,16 Blocks (2006),2.5,3.3865507776761206
rw2533992,Sout-e payan (2011),3.5,3.39535681610247
rw3745101,Amore tra le rovine (2015),2.5,3.380832570905764
rw2898839,Seven Years in Tibet (1997),4.0,3.3733989021043
rw1401493,Nuvvostanante Nenoddantana (2005),4.0,3.3733989021043
rw3195286,Maps to the Stars (2014),0.5,3.3733989021043
rw1031835,All That Jazz (1979),4.5,3.39535681610247
rw0461372,The Lord of the Rings: The Fellowship of the Ring (2001),4.0,3.380832570905764
rw5467026,Parasite (2019),5.0,3.380832570905764
rw2435157,The Taint (2011),4.5,3.3733989021043
rw3663043,The Student (2016),4.0,3.380832570905764
rw5010326,Lewis Black: Black to the Future (2016 TV Special),0.5,3.39535681610247
rw1030929,Inseminoid (1981),3.0,3.39535681610247
rw2143842,Where the Wild Things Are (2009),5.0,3.380832570905764
rw4073315,Star Wars: Episode VIII - The Last Jedi (2017),0.5,3.3865507776761206
rw0595866,The Haunting (1999),0.5,3.3733989021043
rw1965675,Octopus (2000 Video),2.0,3.39535681610247
rw1291037,Æon Flux (2005),1.5,3.3865507776761206
rw3466811,Theri (2016),5.0,3.3733989021043
rw4290991,Blade Runner 2049 (2017),4.5,3.3865507776761206
rw3449402,The Lady from Shanghai (1947),3.5,3.3865507776761206
rw3414190,Fury (2014),2.0,3.382433668801464
rw1310638,Saw II (2005),1.5,3.3865507776761206
rw0431204,Scream 2 (1997),5.0,3.3865507776761206
rw1913337,The Dark Knight (2008),5.0,3.3733989021043
rw0701043,The Fast and the Furious (2001),2.5,3.380832570905764
rw2692023,Trash Humpers (2009),0.5,3.380832570905764
rw4952616,Zombieland (2009),4.5,3.39535681610247
rw2320925,Madrasapattinam (2010),4.0,3.382433668801464
rw6450385,Chasing the Rain (2020),0.5,3.382433668801464
rw5632916,Resident Evil (2002),3.0,3.3865507776761206
rw1339322,The Benchwarmers (2006),0.5,3.3865507776761206
rw3013408,Omar (2013),3.0,3.3865507776761206
rw5139515,A Slight Case of Larceny (1953),3.0,3.380832570905764
rw1179775,Funny Man (1994),4.5,3.382433668801464
rw4012909,The Shape of Water (2017),5.0,3.3865507776761206
rw0310179,Memoirs of an Invisible Man (1992),4.0,3.3865507776761206
rw3703514,3 Generations (2015),2.5,3.39535681610247
rw5256669,Maleficent: Mistress of Evil (2019),4.5,3.382433668801464
rw5446863,Clerks (1994),2.0,3.382433668801464
rw3812477,Baby Driver (2017),4.0,3.382433668801464
rw2916195,Krrish 3 (2013),5.0,3.382433668801464
rw5765722,Fantasy Island (2020),1.0,3.3865507776761206
rw2970432,Dallas Buyers Club (2013),4.0,3.380832570905764
rw1852086,Little Women (1933),3.5,3.3733989021043
rw3842791,Kingsman: The Golden Circle (2017),0.5,3.382433668801464
rw1107418,Les petits fils (2004),5.0,3.3733989021043
rw0348502,The Shawshank Redemption (1994),5.0,3.382433668801464
rw4615103,Charmed (2018– ),0.5,3.380832570905764
rw1280968,Plankton (1994 Video),3.0,3.3865507776761206
rw2937947,The Portal (I) (2010),0.5,3.3865507776761206
rw1085851,American Beauty (1999),5.0,3.380832570905764
rw0658819,Dr. T & the Women (2000),1.5,3.382433668801464
rw1075774,Kingdom of Heaven (2005),3.5,3.380832570905764
rw3194901,Kingsman: The Secret Service (2014),4.5,3.380832570905764
rw4521272,The 12th Man (2017),4.0,3.3865507776761206
rw2208178,Ninja (2009),3.0,3.3733989021043
rw0237339,White Slave (1985),3.0,3.382433668801464
rw3066491,Kissing Darkness (2014),0.5,3.380832570905764
rw2803221,Star Trek Into Darkness (2013),1.0,3.382433668801464
rw0656681,One Night at McCool's (2001),3.5,3.3733989021043
rw3101519,Time Out of Mind (2014),0.5,3.380832570905764
rw4992211,El hombre de al lado (2009),4.5,3.3865507776761206
rw4684412,Bodyguard (2018),4.5,3.39535681610247
rw1636728,Panic in the Streets (1950),3.5,3.39535681610247
rw0981940,And Justice for All (1979),4.0,3.39535681610247
rw2563560,The Tree of Life (2011),1.0,3.382433668801464
rw0553053,Jawbreaker (1999),2.5,3.3865507776761206
rw2672160,The Man Who Knew Too Much (1934),4.0,3.380832570905764
rw5776149,Public Enemies (2009),4.0,3.382433668801464
rw3771586,Girlfriend Killer (2017 TV Movie),2.5,3.39535681610247
rw2101708,Transformers: Revenge of the Fallen (2009),1.5,3.3865507776761206
rw4290612,Heathers (2018),5.0,3.382433668801464
rw4230878,The First Purge (2018),4.0,3.3865507776761206
rw1049570,What I Want My Words to Do to You: Voices from Inside a Women's Maximum Security Prison (2003),5.0,3.3733989021043
rw1789285,The Thing (1982),5.0,3.382433668801464
rw4803945,Shazam! (2019),0.5,3.39535681610247
rw3524731,The Get Down (2016–2017),4.5,3.380832570905764
rw0247978,No Way Out (1987),5.0,3.3733989021043
rw6226003,Endless Corridor (2014),5.0,3.382433668801464
rw5735954,The Shawshank Redemption (1994),5.0,3.3865507776761206
rw5501774,The Last Man on Earth (1964),3.0,3.3865507776761206
rw1932675,Two Thousand Maniacs! (1964),3.0,3.39535681610247
rw1913802,Hopalong Cassidy Returns (1936),5.0,3.3865507776761206
rw5053252,The Giant Gila Monster (1959),2.0,3.382433668801464
rw1477934,I Am a Sex Addict (2005),0.5,3.3865507776761206
rw1675965,Army Wives (2007–2013),5.0,3.382433668801464
rw4299340,Suburban Commando (1991),3.5,3.3865507776761206
rw4125479,Murder on the Orient Express (2017),2.5,3.39535681610247
rw6403807,Godmothered (2020),2.0,3.382433668801464
rw0752716,Road to Perdition (2002),4.0,3.382433668801464
rw4095525,Brimstone (2016),4.0,3.382433668801464
rw1138973,Charlie and the Chocolate Factory (2005),5.0,3.382433668801464
rw2425686,The Love Parade (1929),3.5,3.382433668801464
rw6302103,Cinema Paradiso (1988),5.0,3.3733989021043
rw1529741,That's Carry On! (1977),2.5,3.382433668801464
rw0848064,Barbershop (2002),2.5,3.382433668801464
rw1779110,The Love Letter (1999),3.5,3.380832570905764
rw3662008,Logan (2017),3.0,3.380832570905764
rw0599875,Gladiator (2000),4.0,3.3865507776761206
rw1139581,Sky High (2005),4.0,3.380832570905764
rw4685612,Suppose They Gave a War and Nobody Came (1970),2.5,3.382433668801464
rw3176709,Holiday: A Soldier is Never Off Duty (2014),5.0,3.380832570905764
rw0265830,The 'Burbs (1989),5.0,3.3865507776761206
rw3123171,The Dorm That Dripped Blood (1982),3.5,3.3865507776761206
rw2184324,Bad Reputation (2005),1.0,3.382433668801464
rw2349105,The Extra Man (2010),2.5,3.382433668801464
rw0679026,Pearl Harbor (2001),0.5,3.3733989021043
rw6004446,The Tax Collector (2020),3.0,3.380832570905764
rw4731850,Battlestar Galactica (2004–2009),5.0,3.3865507776761206
rw2784578,Adventures in Babysitting (1987),4.0,3.3865507776761206
rw2767351,S. Darko (2009),5.0,3.39535681610247
rw4202790,BrainDead (2016),3.5,3.39535681610247
rw2736792,Blood and Lace (1971),1.5,3.382433668801464
rw5600382,The Guilty (2018),3.5,3.380832570905764
rw5943199,Arbitrage (2012),3.0,3.3865507776761206
rw0495664,Shrek (2001),5.0,3.39535681610247
rw4611100,Polar (I) (2019),5.0,3.382433668801464
rw1669343,Catch and Release (II) (2006),2.5,3.3733989021043
rw3451925,Star Wars: Episode VII - The Force Awakens (2015),3.5,3.3865507776761206
rw6090734,Constantine (2005),3.0,3.3865507776761206
rw3679372,Looking for Ms. Locklear (2008),4.5,3.380832570905764
rw3715249,The Americans (2013–2018),2.5,3.382433668801464
rw2105016,The Farmer Takes a Wife (1935),3.0,3.3733989021043
rw0606727,Galaxy Quest (1999),2.0,3.382433668801464
rw6325664,The Christmas Chronicles: Part Two (2020),5.0,3.39535681610247
rw3518657,An American Rhapsody (2001),1.0,3.382433668801464
rw1706782,Jesus Camp (2006),4.5,3.380832570905764
rw1016406,A Man for All Seasons (1966),4.5,3.380832570905764
rw1113343,The Jerk (1979),3.0,3.39535681610247
rw3408802,Shoah (1985),2.0,3.39535681610247
rw2086813,Transformers: Revenge of the Fallen (2009),0.5,3.39535681610247
rw1081790,Chaplin (1992),5.0,3.39535681610247
rw1427765,Relative Strangers (2006),4.0,3.3865507776761206
rw5200994,Primal (2019– ),5.0,3.3865507776761206
rw5210126,Arctic (2018),0.5,3.382433668801464
rw0864346,Runaway Jury (2003),1.0,3.3733989021043
rw4043947,Step Sisters (2018),4.0,3.3733989021043
rw3556016,True Blood (2008–2014),5.0,3.3865507776761206
rw5454110,It Chapter Two (2019),0.5,3.380832570905764
rw2568445,Beginners (2010),1.5,3.3865507776761206
rw5682799,Brazil (1985),5.0,3.3733989021043
rw4173001,Carter & June (2017),4.5,3.3733989021043
rw3726045,The Mummy (2017),3.0,3.3733989021043
rw5525869,A Wakefield Project (2019),0.5,3.380832570905764
rw6180435,Affenkönig (2016),3.0,3.382433668801464
rw3302264,Straight Outta Compton (2015),5.0,3.3865507776761206
rw4720177,Stratton (2017),4.0,3.39535681610247
rw6394089,The Midnight Sky (2020),4.0,3.380832570905764
rw3720752,Forsaken (I) (2015),3.0,3.3733989021043
rw3116422,Starry Eyes (2014),3.5,3.380832570905764
rw4599211,What the Bleep!?: Down the Rabbit Hole (2006),1.5,3.3733989021043
rw2250665,Transformers: Revenge of the Fallen (2009),1.0,3.3733989021043
rw6272372,Bloody Ballet (2018),2.0,3.3865507776761206
rw3226823,The Cabin in the Woods (2011),3.0,3.3865507776761206
rw3102740,Meet the Mormons (2014),5.0,3.3733989021043
rw2082641,Transformers (2007),4.0,3.382433668801464
rw4227449,Justin Bieber: Never Say Never (2011),5.0,3.380832570905764
rw3365532,8 Million Ways to Die (1986),3.0,3.380832570905764
rw5147231,Bard of Blood (2019– ),5.0,3.382433668801464
rw3857761,Murder on the Orient Express (2017),3.0,3.380832570905764
rw4110928,The Titan (2018),2.0,3.3733989021043
rw4321195,Star Wars: Episode III - Revenge of the Sith (2005),4.0,3.380832570905764
rw5671042,Extraction (2020),0.5,3.380832570905764
rw0722553,The Man Who Wasn't There (2001),3.5,3.3733989021043
rw6430060,Paurashpur (2020– ),5.0,3.3865507776761206
rw0825348,X-Men 2 (2003),4.5,3.380832570905764
rw1916395,Airplane II: The Sequel (1982),3.0,3.380832570905764
rw5011250,Ardaas Karaan (2019),5.0,3.3865507776761206
rw3552192,Mr. Church (2016),5.0,3.39535681610247
rw5499705,Patriot (II) (2015–2018),5.0,3.380832570905764
rw0869935,Spider-Man 2 (2004),5.0,3.382433668801464
rw4838830,iMurders (2008),2.5,3.39535681610247
rw3736679,Bo Burnham: Make Happy (2016 TV Special),0.5,3.382433668801464
rw5888474,Two Lovers (2008),5.0,3.382433668801464
rw4431254,A Star Is Born (2018),2.5,3.3865507776761206
rw2406003,Wallander (2008–2016),4.0,3.380832570905764
rw1308953,Hackers (1995),0.5,3.39535681610247
rw4796730,Destined to Be Ingested (2008),1.5,3.3733989021043
rw1809376,The Art of Travel (2008),4.5,3.3733989021043
rw4427843,Smoke (2018–2019),4.0,3.382433668801464
rw1541138,Pulp Fiction (1994),5.0,3.3733989021043
rw0038742,Portrait of Jennie (1948),5.0,3.3865507776761206
rw0673841,Tully (2000),5.0,3.382433668801464
rw2598964,The Glass Key (1942),4.5,3.39535681610247
rw3201786,Exodus: Gods and Kings (2014),0.5,3.3865507776761206
rw3377816,In the Heart of the Sea (2015),3.5,3.3733989021043
rw4202873,The Last Guest (2017),3.0,3.3733989021043
rw2161891,破碎的擁抱 (2009),3.5,3.3733989021043
rw0032935,The Picture of Dorian Gray (1945),3.5,3.382433668801464
rw0427454,Nightwatch (1997),4.0,3.39535681610247
rw4324464,The Nun (2018),0.5,3.3865507776761206
rw6063540,Infidelity in Suburbia (2017 TV Movie),1.0,3.39535681610247
rw3621020,The Legend of Tarzan (2016),4.0,3.3733989021043
rw4259731,The Hangover (2009),0.5,3.3733989021043
rw0677891,Pearl Harbor (2001),5.0,3.3733989021043
rw1527964,Guest House Paradiso (1999),3.0,3.3733989021043
rw3523802,You Only Live Twice (1967),4.0,3.3865507776761206
rw3856586,Death on the Diamond (1934),4.5,3.39535681610247
rw5566159,One Way (IV) (2016),1.0,3.3865507776761206
rw0565722,Cast Away (2000),2.5,3.3733989021043
rw6297984,Run (I) (2020),3.5,3.3733989021043
rw0179341,Raise the Titanic (1980),0.5,3.3733989021043
rw1735247,The Bourne Ultimatum (2007),1.0,3.39535681610247
rw6222432,Christine (1983),4.0,3.3733989021043
rw5992272,Gunjan Saxena: The Kargil Girl (2020),4.5,3.3865507776761206
rw3800720,It (I) (2017),4.0,3.380832570905764
rw0727829,Windtalkers (2002),0.5,3.380832570905764
rw6104404,Dolly Kitty and Those Twinkling Stars (2019),5.0,3.382433668801464
rw4380824,The Best Exotic Marigold Hotel (2011),4.0,3.382433668801464
rw5548468,Spenser Confidential (2020),0.5,3.39535681610247
rw0843009,Hero (2002),2.5,3.39535681610247
rw1566944,Boy-Next-Door (2004),5.0,3.3733989021043
rw2373555,Nowhere Boy (2009),3.5,3.39535681610247
rw0153028,Exorcist II: The Heretic (1977),2.5,3.3865507776761206
rw3527008,Little Devils: The Birth (1993),3.0,3.39535681610247
rw0978931,Close Your Eyes (2002),1.5,3.380832570905764
rw3836107,Baby Driver (2017),4.0,3.382433668801464
rw3192644,Drive In Massacre (1976),1.0,3.3865507776761206
rw4311680,Mamma Mia! Here We Go Again (2018),2.0,3.380832570905764
rw3869971,Coco (I) (2017),5.0,3.39535681610247
rw1335214,Oldboy (2003),0.5,3.380832570905764
rw5853675,Rurouni Kenshin Part I: Origins (2012),4.5,3.39535681610247
rw3402765,Ti guan (1979),5.0,3.382433668801464
rw5719602,Crossroads (1986),3.5,3.3865507776761206
rw4132009,Jumanji: Welcome to the Jungle (2017),3.5,3.382433668801464
rw4417817,The Haunting of Hill House (2018),4.5,3.382433668801464
rw3000831,The Amazing Spider-Man 2 (2014),0.5,3.3733989021043
rw0545078,The Legend of Bagger Vance (2000),0.5,3.380832570905764
rw2624133,Skew (2011),0.5,3.3865507776761206
rw3831404,Insidious (I) (2010),3.0,3.3865507776761206
rw5450769,Anveshanam (2020),4.0,3.39535681610247
rw5458820,Registe (2014),5.0,3.380832570905764
rw3290560,Tag (2015),4.0,3.382433668801464
rw3078831,The Prince (I) (2014),4.5,3.382433668801464
rw1201353,Finding Nemo (2003),1.0,3.3865507776761206
rw3444377,The Hateful Eight (2015),2.5,3.3733989021043
rw4408998,Gone (I) (2012),2.5,3.380832570905764
rw4405866,Titans (I) (2018– ),0.5,3.3733989021043
rw0393931,The Rock (1996),5.0,3.382433668801464
rw1464565,Mountain Patrol (2004),5.0,3.382433668801464
rw5658224,Over the Hedge (2006),2.0,3.3865507776761206
rw5381109,Tõde ja õigus (2019),5.0,3.382433668801464
rw4257527,The Shawshank Redemption (1994),3.5,3.3733989021043
rw4480994,Ralph Breaks the Internet (2018),2.5,3.3865507776761206
rw5120592,Dream Girl (III) (2019),4.5,3.380832570905764
rw2966782,Wreckage (I) (2010),3.5,3.3865507776761206
rw1783205,Transformers (2007),1.5,3.3865507776761206
rw6018679,The Perfect Storm (2000),4.0,3.39535681610247
rw5491619,Adults in the Room (2019),5.0,3.382433668801464
rw6271363,Knock Knock (I) (2015),4.0,3.3865507776761206
rw3666892,The Blood Is at the Doorstep (2017),5.0,3.39535681610247
rw5585472,Sling Blade (1996),4.0,3.3733989021043
rw4717513,Captain Marvel (2019),3.0,3.382433668801464
rw1912745,The Dark Knight (2008),5.0,3.3733989021043
rw2269190,Accepted (2006),4.0,3.3733989021043
rw2246249,Iron Man 2 (2010),4.0,3.3865507776761206
rw0162704,Night Cries (1978 TV Movie),5.0,3.3865507776761206
rw1128401,War of the Worlds (2005),3.5,3.380832570905764
rw0654845,Moulin Rouge! (2001),5.0,3.39535681610247
rw2908779,Steamboy (2004),2.0,3.382433668801464
rw2009415,Life Is Beautiful (1997),4.0,3.39535681610247
rw1150239,Four Brothers (2005),5.0,3.382433668801464
rw3331145,Money Train (1995),3.5,3.3865507776761206
rw4940737,All Roads Lead (2013),1.0,3.3865507776761206
rw3344136,Steve Jobs (2015),2.5,3.3865507776761206
rw3232699,Black or White (2014),4.0,3.382433668801464
rw5936040,Dil Bechara (2020),5.0,3.3865507776761206
rw3340087,The Purge (I) (2013),2.5,3.382433668801464
rw5409403,Bumblebee (I) (2018),3.0,3.39535681610247
rw1653006,FTV (1985– ),5.0,3.39535681610247
rw2547621,Catwoman (2004),0.5,3.3733989021043
rw2135419,Eraserhead (1977),2.5,3.39535681610247
rw1456590,Mulholland Dr. (2001),3.5,3.3865507776761206
rw6083425,Away (2020),0.5,3.380832570905764
rw2644412,黑店狂想曲 (1991),4.5,3.3733989021043
rw5220057,The War of the Worlds (2019),1.5,3.380832570905764
rw1913062,The Cradle (2007),2.5,3.3865507776761206
rw1889921,The Searchers (1956),5.0,3.380832570905764
rw0856192,Honogurai mizu no soko kara (2002),2.0,3.382433668801464
rw3239821,Project Almanac (2015),1.0,3.382433668801464
rw3673835,Criminal Minds (2005–2020),1.0,3.380832570905764
rw6116956,The Invisible Man (I) (2020),3.5,3.382433668801464
rw4497454,The Fear Footage (2018),1.0,3.39535681610247
rw0080840,Charade (1963),4.5,3.39535681610247
rw0046337,Against All Flags (1952),3.0,3.39535681610247
rw2748424,福爾摩斯與華生 (2012–2019),2.5,3.382433668801464
rw5450605,Midsommar (2019),0.5,3.3865507776761206
rw3528429,Tracks (I) (2013),3.5,3.3865507776761206
rw5464414,Monster-in-Law (2005),3.5,3.380832570905764
rw0103406,Night of the Living Dead (1968),5.0,3.3865507776761206
rw3748129,The Red Turtle (2016),4.5,3.3733989021043
rw4507645,NXT TakeOver: Brooklyn IV (2018 TV Special),3.5,3.3733989021043
rw1692308,Opposite Sex (2000),5.0,3.3865507776761206
rw1487550,Heat Wave (1990 TV Movie),4.0,3.380832570905764
rw4197971,Shooter (2016–2018),3.0,3.39535681610247
rw4738312,Beauty and the Beast (1991),5.0,3.39535681610247
rw6339600,The Highwaymen (2019),4.5,3.382433668801464
rw2332177,"The Chronicles of Narnia: The Lion, the Witch and the Wardrobe (2005)",4.5,3.3865507776761206
rw0897586,Lost in Translation (2003),3.5,3.382433668801464
rw2451333,Hugs and Mugs (1950),3.5,3.380832570905764
rw1029985,Girl Fever (2002),3.5,3.3733989021043
rw2909649,Intolerance: Love's Struggle Throughout the Ages (1916),4.0,3.380832570905764
rw2239248,No Impact Man: The Documentary (2009),4.0,3.380832570905764
rw1110664,Land of the Dead (2005),5.0,3.3733989021043
rw3015080,The Flight of Dragons (1982 Video),4.5,3.3865507776761206
rw4210590,Goliath (2016– ),4.5,3.3865507776761206
rw3871900,The Viking Queen (1967),2.5,3.3733989021043
rw6130057,Tenet (2020),4.5,3.3865507776761206
rw3355066,Mr. and Mrs. North (1942),3.0,3.380832570905764
rw0469386,Safe Men (1998),5.0,3.3733989021043
rw4258456,Mission: Impossible - Fallout (2018),4.0,3.3865507776761206
rw4155125,Deception (2018),2.5,3.382433668801464
rw3483580,X-Men: Apocalypse (2016),3.5,3.3733989021043
rw3756003,Song of Scheherazade (1947),4.0,3.3733989021043
rw5596257,Star Wars: Episode VII - The Force Awakens (2015),0.5,3.382433668801464
rw3450473,The Death of Superman Lives: What Happened? (2015),4.0,3.382433668801464
rw5435673,Harley Street (2008– ),0.5,3.3865507776761206
rw5502597,The Pale Horse (2020),0.5,3.39535681610247
rw2839730,Spring Breakers (2012),0.5,3.3865507776761206
rw0430001,Passion's Way (1999 TV Movie),3.0,3.382433668801464
rw5658393,Triple Frontier (2019),4.5,3.39535681610247
rw1211273,Natural Born Killers (1994),5.0,3.3733989021043
rw5278854,A Beautiful Day in the Neighborhood (2019),2.5,3.380832570905764
rw3771923,Son of Bigfoot (2017),5.0,3.382433668801464
rw4419373,The Killing of a Sacred Deer (2017),2.0,3.382433668801464
rw4444928,Batman (1989),4.0,3.3733989021043
rw5154379,Emergence (2019–2020),4.5,3.3733989021043
rw0897072,Lost in Translation (2003),4.5,3.380832570905764
rw2478693,Jonathan Livingston Seagull (1973),2.0,3.382433668801464
rw4805927,Avengers: Endgame (2019),3.0,3.3865507776761206
rw0874169,Angels in America (2003),4.0,3.3865507776761206
rw5620644,Shikara (2020),4.5,3.3865507776761206
rw2000882,Batman (1989),4.0,3.380832570905764
rw1466258,Cellular (2004),3.5,3.3733989021043
rw4368412,God Friended Me (2018–2020),5.0,3.39535681610247
rw2972913,X-15 (1961),2.5,3.3865507776761206
rw4237348,How It Ends (2018),4.5,3.3865507776761206
rw1049324,Internal Affairs (1990),3.0,3.380832570905764
rw5503960,Sanditon (2019),2.0,3.3865507776761206
rw1895553,Hollywood Steps Out (1941),5.0,3.3733989021043
rw1679010,Mr. Brooks (2007),4.5,3.382433668801464
rw5246788,Jojo Rabbit (2019),4.5,3.39535681610247
rw3211019,It Follows (2014),3.5,3.3733989021043
rw2056589,The Adventures of Mark Twain (1944),3.5,3.382433668801464
rw4199765,The Lesson (2015),1.5,3.39535681610247
rw4203075,Incredibles 2 (2018),5.0,3.382433668801464
rw5895619,The Berlin Bride (2020),5.0,3.39535681610247
rw4658115,Exorcist II: The Heretic (1977),3.0,3.3865507776761206
rw4101577,Life After Manson (2014),3.0,3.382433668801464
rw4098924,Jason Bourne (I) (2016),0.5,3.3733989021043
rw5529282,Sonic the Hedgehog (2020),5.0,3.39535681610247
rw3694611,The Penthouse (1967),3.5,3.3865507776761206
rw0424575,Ma vie en rose (1997),5.0,3.39535681610247
rw1825406,I Met the Walrus (2007),3.0,3.3865507776761206
rw5840177,The Last of Us: Part II (2020 Video Game),2.5,3.382433668801464
rw4610271,Suicide Squad (2016),0.5,3.380832570905764
rw2614903,Department (2012),0.5,3.3865507776761206
rw2773369,Money Movers (1978),3.5,3.3733989021043
rw2963090,Sirens (1994),4.0,3.380832570905764
rw3499405,The Admiral: Roaring Currents (2014),3.5,3.3865507776761206
rw0576772,Detroit Rock City (1999),4.0,3.39535681610247
rw1768338,Thompson (1988),5.0,3.3733989021043
rw1781780,Merry Christmas Mr. Lawrence (1983),5.0,3.39535681610247
rw4810530,Dumbo (2019),2.0,3.3733989021043
rw1566407,Windtalkers (2002),1.0,3.380832570905764
rw1344585,Riki Riki (2005),4.0,3.39535681610247
rw5067786,The Rebound (2009),5.0,3.39535681610247
rw0148479,La marge (1976),5.0,3.380832570905764
rw2063744,Star Trek (2009),4.0,3.39535681610247
rw6183002,Hot Mess (2018),5.0,3.380832570905764
rw3377634,The Cape Town Affair (1967),2.5,3.39535681610247
rw1011833,Coward of the County (1981 TV Movie),2.5,3.382433668801464
rw1686003,The Adventures of Buckaroo Banzai Across the 8th Dimension (1984),4.0,3.382433668801464
rw1615401,內陸帝國 (2006),4.5,3.380832570905764
rw3576900,The Hateful Eight (2015),0.5,3.39535681610247
rw2565976,The Children (2008),3.5,3.380832570905764
rw1312196,The Women of Charmed (2000 TV Movie),4.5,3.39535681610247
rw1339160,Fahrenheit 9/11 (2004),4.0,3.3733989021043
rw4982564,Midsommar (2019),3.0,3.3733989021043
rw5984837,Three Colors: Red (1994),3.5,3.3865507776761206
rw4039774,Iron Sky (2012),4.0,3.380832570905764
rw3769011,Sylvia Scarlett (1935),2.0,3.3865507776761206
rw0200773,Eddie and the Cruisers (1983),5.0,3.3865507776761206
rw1971156,The List (I) (2007),0.5,3.3865507776761206
rw0950476,Anything But Love (2002),4.5,3.3733989021043
rw5815699,Godzilla: King of the Monsters (2019),2.5,3.3733989021043
rw0707438,Better Than Sex (2000),2.0,3.39535681610247
rw5410786,Resident Evil: Extinction (2007),3.5,3.39535681610247
rw4629015,Polar (I) (2019),4.0,3.382433668801464
rw4127555,The Good Fight (I) (2017– ),4.0,3.3733989021043
rw2640144,The Hill (1965),5.0,3.380832570905764
rw3202761,Interstellar (2014),4.0,3.39535681610247
rw5927777,Ad Astra (2019),5.0,3.3733989021043
rw5817000,The Victims' Game (2020– ),4.5,3.39535681610247
rw5220738,Gummo (1997),0.5,3.3865507776761206
rw4898832,Spider-Man: Into the Spider-Verse (2018),5.0,3.3733989021043
rw6226606,Endless Corridor (2014),5.0,3.39535681610247
rw1699668,1408 (2007),5.0,3.380832570905764
rw6104152,The Cabin in the Woods (2011),4.0,3.3865507776761206
rw1563722,Guilty by Association (2003 Video),0.5,3.39535681610247
rw1162226,Titanic (1997),5.0,3.380832570905764
rw0203125,Never Say Never Again (1983),3.0,3.380832570905764
rw2549246,Brideshead Revisited (2008),1.5,3.3865507776761206
rw4794558,Forrest Gump (1994),5.0,3.3733989021043
rw3030409,Edge of Tomorrow (2014),4.0,3.39535681610247
rw4575071,Uri: The Surgical Strike (2018),4.0,3.3733989021043
rw1386378,Molokai (1999),3.5,3.3865507776761206
rw4608394,Unbreakable (2000),4.0,3.3865507776761206
rw1772357,High School Musical (2006 TV Movie),0.5,3.3865507776761206
rw3496527,De Palma (2015),5.0,3.382433668801464
rw5622239,Black Sabbath (1963),3.5,3.3865507776761206
rw6200781,Lady Bird (2017),3.5,3.3865507776761206
rw3231694,The Good Wife (2009–2016),5.0,3.39535681610247
rw2803804,Gregory Go Boom (2013),5.0,3.3865507776761206
rw6012049,Sputnik (2020),3.5,3.3865507776761206
rw5665503,The Willoughbys (2020),5.0,3.3733989021043
rw1502416,The Cat in the Hat (2003),3.0,3.380832570905764
rw4534933,Holmes & Watson (2018),0.5,3.380832570905764
rw3069658,Kick-Ass 2 (2013),2.5,3.380832570905764
rw4355045,A Simple Favor (2018),0.5,3.3865507776761206
rw2806106,Father and Daughter (2000),3.5,3.382433668801464
rw4447585,"Like, la leyenda (2018– )",0.5,3.382433668801464
rw3677492,The Walking Dead (2010– ),5.0,3.39535681610247
rw1615542,危機四伏 (2000),1.5,3.3865507776761206
rw5984036,Anelka: Misunderstood (2020),0.5,3.3865507776761206
rw0011687,The World Changes (1933),3.0,3.39535681610247
rw4993277,13 Graves (2019),4.0,3.380832570905764
rw5945346,Mrs. Serial Killer (2020),5.0,3.3865507776761206
rw2116667,The Mean Season (1985),3.5,3.3733989021043
rw5978223,Mortal (I) (2020),3.5,3.380832570905764
rw0663729,Çalikusu (1966),5.0,3.380832570905764
rw4306117,Slender Man (2018),5.0,3.382433668801464
rw1783340,1408 (2007),2.5,3.380832570905764
rw4370257,Halloween (1978),5.0,3.39535681610247
rw5557114,C Kkompany (2008),3.5,3.3865507776761206
rw2243006,A Nightmare on Elm Street (2010),1.5,3.39535681610247
rw2393668,The Big Trail (1930),3.5,3.3865507776761206
rw6218729,Strangerland (2015),4.0,3.382433668801464
rw2833163,Crossing Lines (2013–2015),3.5,3.3865507776761206
rw1244917,King Kong (2005),4.0,3.380832570905764
rw1592060,The Messengers (2007),2.0,3.380832570905764
rw6047601,Blow the Man Down (2019),4.0,3.39535681610247
rw5742703,The Farewell (I) (2019),3.0,3.380832570905764
rw3524267,Grimm (2011–2017),2.0,3.382433668801464
rw2246826,The Perfect Game (2009),4.5,3.382433668801464
rw1162247,Sahara (2005),3.5,3.382433668801464
rw2850672,Law Abiding Citizen (2009),2.5,3.39535681610247
rw5607841,Resident Evil 6 (2012 Video Game),4.0,3.3733989021043
rw5017918,Another Life (2019– ),0.5,3.3865507776761206
rw1842331,Carver (2008 Video),3.5,3.380832570905764
rw4758989,Ambulance (2016– ),5.0,3.39535681610247
rw3794198,Shot Caller (2017),2.5,3.39535681610247
rw4716672,Bad Lieutenant (1992),5.0,3.3865507776761206
rw1245816,A Christmas Carol (1984 TV Movie),5.0,3.380832570905764
rw5092572,The Dead Don't Die (2019),4.5,3.39535681610247
rw5535347,Rebro Adama (1991),4.5,3.39535681610247
rw4712073,Captain Marvel (2019),5.0,3.382433668801464
rw2591887,Wrath of the Titans (2012),3.5,3.3865507776761206
rw3005381,Elf (2003),4.0,3.3733989021043
rw2967313,Filth (I) (2013),4.0,3.380832570905764
rw0659480,The Dish (2000),5.0,3.3865507776761206
rw6354012,The Invisible Guardian (2017),4.5,3.3733989021043
rw3437920,Bennie Stout (2011),5.0,3.3733989021043
rw4483200,The Big Short (2015),5.0,3.380832570905764
rw2475871,Reservation (2011),2.5,3.3865507776761206
rw4173762,Maps to the Stars (2014),4.5,3.382433668801464
rw4563771,Ricochet (1991),0.5,3.39535681610247
rw1564354,Happily N'Ever After (2006),2.5,3.382433668801464
rw1505119,Torchwood (2006–2011),2.5,3.3865507776761206
rw4894768,Fail Safe (1964),4.5,3.3865507776761206
rw3413994,The Revenant (2015),0.5,3.3733989021043
rw2297999,No Country for Old Men (2007),3.5,3.382433668801464
rw4159878,Not Suitable for Children (2012),4.0,3.3865507776761206
rw4170059,Cargo (I) (2017),3.0,3.3733989021043
rw1888023,Guess Who's Coming to Dinner (1967),4.5,3.3865507776761206
rw3440234,Batman v Superman: Dawn of Justice (2016),4.5,3.380832570905764
rw3479693,Take Back Your Power (2013),3.0,3.3865507776761206
rw5084535,Aliens (1986),5.0,3.380832570905764
rw4689208,Char Man (2019),0.5,3.380832570905764
rw1397049,Livelihood (2005),4.5,3.3865507776761206
rw4902236,The Angry Video Game Nerd (2004– ),5.0,3.380832570905764
rw4807536,The Orville (2017– ),4.5,3.380832570905764
rw5480229,Edge of the Axe (1988),1.0,3.39535681610247
rw0278969,Awakenings (1990),5.0,3.3733989021043
rw3030019,Phantoms (1998),3.0,3.3865507776761206
rw5772346,Jason X (2001),0.5,3.39535681610247
rw3458522,Where to Invade Next (2015),5.0,3.3733989021043
rw0460812,The Lord of the Rings: The Fellowship of the Ring (2001),1.0,3.3733989021043
rw4228118,Deceived (1991),3.5,3.3733989021043
rw4547283,Santa Claus Conquers the Martians (1964),3.0,3.380832570905764
rw6424909,The Orville (2017– ),5.0,3.382433668801464
rw1170450,Kelly's Heroes (1970),4.5,3.380832570905764
rw0160375,Halloween (1978),5.0,3.3865507776761206
rw1640087,Long Way Round (2004–2010),1.0,3.3865507776761206
rw3676478,RoboCop (1988),4.0,3.39535681610247
rw1495321,The Evil of Frankenstein (1964),3.0,3.3865507776761206
rw4626603,Green Book (2018),4.5,3.3733989021043
rw4307500,Pieces (1982),3.5,3.39535681610247
rw5702216,Wonderwall (1968),1.5,3.382433668801464
rw3514880,Arnold (1973),1.0,3.380832570905764
rw5839191,Detective Byomkesh Bakshy! (2015),5.0,3.39535681610247
rw5190383,Love Is Not Enough (I) (2019),5.0,3.39535681610247
rw0455703,Halloween H20: 20 Years Later (1998),2.0,3.382433668801464
rw2968131,Cloverfield (2008),0.5,3.382433668801464
rw5890359,Fantasy Island (2020),0.5,3.39535681610247
rw2247797,Simón del desierto (1965),4.0,3.380832570905764
rw5775746,Grant (2020),4.0,3.39535681610247
rw5742117,Scoob! (2020),0.5,3.382433668801464
rw4610480,Silenced (2011),5.0,3.3865507776761206
rw2307612,Once a Thief (1965),3.5,3.382433668801464
rw4228504,Marcella (2016– ),4.5,3.3733989021043
rw4056220,The Last Man on Earth (2015–2018),4.5,3.3733989021043
rw6332982,The Big Lebowski (1998),5.0,3.380832570905764
rw1613759,The Return of Doctor X (1939),3.0,3.380832570905764
rw0511165,The Matrix (1999),5.0,3.382433668801464
rw2918846,Turner & Hooch (1989),1.0,3.3733989021043
rw3237396,Teenage Mutant Ninja Turtles (2014),2.5,3.382433668801464
rw1528920,Curse of the Demon (1957),4.5,3.382433668801464
rw6390103,Jett (2019– ),5.0,3.3865507776761206
rw4915276,Repossessed (1990),0.5,3.39535681610247
rw4178130,A Quiet Place (2018),1.5,3.39535681610247
rw2815005,Full Metal Jacket (1987),4.5,3.3733989021043
rw1451145,Snakes on a Plane (2006),3.0,3.3733989021043
rw5827064,The Family (I) (2013),2.5,3.3865507776761206
rw6018630,The Babadook (2014),0.5,3.382433668801464
rw4591592,Glass (2019),5.0,3.39535681610247
rw6224287,Endless Corridor (2014),0.5,3.3733989021043
rw5699360,2 Guns (2013),5.0,3.380832570905764
rw2988640,The Green Mile (1999),4.5,3.3733989021043
rw0656981,Animal Factory (2000),4.0,3.382433668801464
rw1143873,The Chumscrubber (2005),0.5,3.3733989021043
rw4718922,What Lies Ahead (2019),4.5,3.3733989021043
rw1366999,Curb Your Enthusiasm (2000– ),5.0,3.382433668801464
rw2072512,Meet the Spartans (2008),1.0,3.39535681610247
rw5203210,The Haunting of Hill House (2018),5.0,3.3865507776761206
rw4713172,Valerian and the City of a Thousand Planets (2017),5.0,3.39535681610247
rw3030808,About Last Night (2014),2.5,3.382433668801464
rw1843923,Hardcore (1979),3.5,3.39535681610247
rw4094131,Flower (I) (2017),0.5,3.380832570905764
rw2408098,True Heart Susie (1919),3.0,3.3865507776761206
rw5315404,Playmobil: The Movie (2019),3.0,3.39535681610247
rw4042921,Mountain (I) (2017),1.5,3.3865507776761206
rw1990734,You Only Live Twice (1967),3.5,3.380832570905764
rw0424032,L.A. Without a Map (1998),3.5,3.3865507776761206
rw3538543,Star Wars: Episode VII - The Force Awakens (2015),3.5,3.3865507776761206
rw2399103,Four Lions (2010),1.5,3.39535681610247
rw4278208,Fist of Fury (1972),5.0,3.3865507776761206
rw3203352,The Pyramid (2014),4.0,3.382433668801464
rw4165076,Monster Family (2017),0.5,3.39535681610247
rw5011697,Shazam! (2019),0.5,3.3733989021043
rw6420657,Wonder Woman 1984 (2020),0.5,3.382433668801464
rw1558208,The Masque of the Red Death (1964),3.0,3.382433668801464
rw2826794,Furious 6 (2013),3.0,3.39535681610247
rw1796645,One Hour Photo (2002),4.0,3.3733989021043
rw4515166,The Brass Teapot (2012),3.5,3.3733989021043
rw0667047,The Mummy Returns (2001),0.5,3.382433668801464
rw2295472,Eat Pray Love (2010),3.5,3.3865507776761206
rw6351361,Ava (IV) (2020),1.0,3.3733989021043
rw5920934,WingMen (2016–2020),4.5,3.3865507776761206
rw1690889,Harry Potter and the Order of the Phoenix (2007),3.0,3.3865507776761206
rw2614295,The Dictator (2012),4.0,3.3733989021043
rw4364570,Another Perfect Stranger (2007),5.0,3.380832570905764
rw4110186,Brawl in Cell Block 99 (2017),1.5,3.3865507776761206
rw2619823,Best Friends Forever (2012),5.0,3.39535681610247
rw4757305,The Man from Earth: Holocene (2017),0.5,3.3865507776761206
rw6129282,The Leftovers (2014–2017),0.5,3.39535681610247
rw2731672,Project: Metalbeast (1995),2.5,3.382433668801464
rw3033458,Absolute Zero (2006 TV Movie),0.5,3.3733989021043
rw5577371,I Dream of Jeannie (1965–1970),5.0,3.39535681610247
rw0950525,The Hard Way (1980 TV Movie),4.5,3.39535681610247
rw1379938,Gunga Din (1939),2.5,3.39535681610247
rw1262059,Jungle Assault (1989),0.5,3.3733989021043
rw4135419,Lost in Space (2018– ),3.0,3.3733989021043
rw2902764,The Clinic (I) (2003–2009),5.0,3.382433668801464
rw1596224,The Last King of Scotland (2006),3.5,3.382433668801464
rw2255901,Inferno (II) (1999),2.0,3.380832570905764
rw2224037,This Is the Army (1943),4.0,3.39535681610247
rw1964909,The Happening (2008),1.0,3.380832570905764
rw1347079,A Chorus Line (1985),3.0,3.39535681610247
rw3021724,Philomena (2013),4.0,3.380832570905764
rw0040276,The Hidden Room (1949),4.5,3.39535681610247
rw1264626,It Came from Outer Space (1953),4.0,3.382433668801464
rw5567278,Amateur Night (2016),0.5,3.39535681610247
rw1940680,The Dark Knight (2008),5.0,3.380832570905764
rw6228269,Guillermo Villas: Settling the Score (2020),2.5,3.382433668801464
rw5256241,Alvin and the Chipmunks: The Road Chip (2015),5.0,3.3733989021043
rw0480360,Star Wars: Episode I - The Phantom Menace (1999),3.5,3.380832570905764
rw6294359,Interstellar (2014),0.5,3.380832570905764
rw3134196,State of Affairs (2014–2015),5.0,3.382433668801464
rw5390734,Demon Slayer: Kimetsu No Yaiba (2019– ),4.5,3.3865507776761206
rw2899067,Free Birds (2013),3.0,3.39535681610247
rw6223904,Endless Corridor (2014),0.5,3.3733989021043
rw1941093,Yateem (1988),4.0,3.382433668801464
rw2172525,As Time Goes By (1992–2005),5.0,3.382433668801464
rw1301993,The Eavesdropper (2004),5.0,3.380832570905764
rw5915662,The Stendhal Syndrome (1996),3.0,3.3733989021043
rw2889536,Twice Born (2012),2.0,3.3733989021043
rw6125366,Mrs. Serial Killer (2020),5.0,3.380832570905764
rw3237989,The Burning Dead (2015),0.5,3.3865507776761206
rw3255185,Scary Movie V (2013),2.5,3.3865507776761206
rw4749911,Stepfather III (1992 TV Movie),2.5,3.3733989021043
rw5236902,A Wrinkle in Time (2018),4.0,3.39535681610247
rw2779897,Shopping (1994),5.0,3.3733989021043
rw2325312,Desire (1936),4.0,3.380832570905764
rw2140614,Camp Blood (2000 Video),2.0,3.3733989021043
rw5875655,A Midsummer Night's Dream (I) (2019),5.0,3.3865507776761206
rw1352622,Scary Movie 4 (2006),1.0,3.3865507776761206
rw0699563,The Others (2001),4.0,3.3865507776761206
rw2077330,Violent Saturday (1955),4.0,3.382433668801464
rw1784547,Sweeney Todd: The Demon Barber of Fleet Street (2007),2.0,3.382433668801464
rw4168514,Black Panther (2018),2.5,3.39535681610247
rw3305163,Wolf Hall (2015),3.5,3.3733989021043
rw3757427,Free to Choose (1980– ),5.0,3.380832570905764
rw2523245,Scalpel (1977),3.5,3.39535681610247
rw4772337,Iron Man (2008),5.0,3.382433668801464
rw2413979,Deathrow Gameshow (1987),1.5,3.3733989021043
rw0010613,Ever in My Heart (1933),5.0,3.39535681610247
rw0988768,Pink Narcissus (1971),4.5,3.3733989021043
rw1275179,Hostel (2005),4.0,3.382433668801464
rw0885642,Mystic River (2003),3.0,3.382433668801464
rw2334981,Monsters (2010),0.5,3.380832570905764
rw6362510,Transsiberian (2008),3.0,3.3733989021043
rw1801400,Jackass Number Two (2006),2.0,3.39535681610247
rw2153761,Mercury Rising (1998),1.5,3.380832570905764
rw5440225,Hell on Wheels (2011–2016),5.0,3.39535681610247
rw4544461,The Oath (2018),3.0,3.3733989021043
rw0089669,The Human Duplicators (1965),1.5,3.382433668801464
rw1685128,Aap Kaa Surroor: The Moviee - The Real Luv Story (2007),0.5,3.3733989021043
rw6423647,Black Widows (2020– ),5.0,3.382433668801464
rw3579419,The Exorcist (2016–2018),4.5,3.382433668801464
rw4852992,Let the Right One In (2008),3.5,3.382433668801464
rw0176673,The Gods Must Be Crazy (1980),4.5,3.382433668801464
rw1982632,Twilight (I) (2008),0.5,3.39535681610247
rw2560315,Cars 2 (2011),4.5,3.39535681610247
rw1563558,The Eddy Duchin Story (1956),4.0,3.3865507776761206
rw6146921,Serious Men (2020),5.0,3.3733989021043
rw1415554,Pirates of the Caribbean: Dead Man's Chest (2006),1.0,3.382433668801464
rw4013646,The Hitter (1978),4.0,3.3865507776761206
rw1508890,Werewolf in a Girls' Dormitory (1961),2.0,3.3733989021043
rw4895115,Viral Beauty (2018),4.5,3.3865507776761206
rw5964205,Whiplash (2014),4.5,3.382433668801464
rw3099666,Scream (1996),5.0,3.382433668801464
rw4713377,Captain Marvel (2019),3.0,3.382433668801464
rw2824662,Fires Were Started (1943),2.5,3.3733989021043
rw4993468,Super 30 (2019),5.0,3.380832570905764
rw0791590,Amores Possíveis (2001),4.0,3.39535681610247
rw1550961,Elf (2003),3.0,3.39535681610247
rw2964523,Lawrence of Arabia (1962),5.0,3.3733989021043
rw0161084,The Hobbit (1977 TV Movie),5.0,3.380832570905764
rw5844464,Wasp Network (2019),3.5,3.3865507776761206
rw1200216,Wallace & Gromit: The Curse of the Were-Rabbit (2005),4.0,3.3733989021043
rw2808128,After Earth (2013),1.0,3.382433668801464
rw1602258,Thirtysomething (1987–1991),5.0,3.380832570905764
rw2383331,MacGruber (2010),0.5,3.380832570905764
rw5019390,K.G.F: Chapter 1 (2018),5.0,3.382433668801464
rw3776639,It Came from Outer Space (1953),2.0,3.382433668801464
rw2101701,Drag Me to Hell (2009),3.0,3.3733989021043
rw0322485,Groundhog Day (1993),4.5,3.3865507776761206
rw2460871,The Undefeated (2011),5.0,3.3865507776761206
rw5157070,Sierra Burgess Is a Loser (2018),1.0,3.382433668801464
rw3285213,Wolf Warrior (2015),1.5,3.39535681610247
rw4541610,Rapurasu no majo (2018),1.0,3.380832570905764
rw0980842,Bridget Jones: The Edge of Reason (2004),3.5,3.3733989021043
rw4505090,Hold the Dark (2018),3.5,3.3865507776761206
rw1539110,Rio Bravo (1959),4.0,3.3733989021043
rw0010202,Alice in Wonderland (1933),3.5,3.39535681610247
rw2765799,Night Drive (1977 TV Movie),4.0,3.382433668801464
rw0244008,Friendship's Death (1987),4.0,3.382433668801464
rw1287250,Dirty Dancing: Havana Nights (2004),5.0,3.380832570905764
rw4801547,Happy Anniversary (I) (2018),2.5,3.382433668801464
rw4779726,The Twilight Zone (2019– ),0.5,3.39535681610247
rw1035430,On the Riviera (1951),2.5,3.3865507776761206
rw5678670,Coco (I) (2017),4.0,3.380832570905764
rw1636619,The Assassination of Richard Nixon (2004),1.5,3.382433668801464
rw6060715,Abhay (2019– ),5.0,3.380832570905764
rw3696791,Eloise (2016),0.5,3.3865507776761206
rw1639360,One Way (II) (2006),4.5,3.3733989021043
rw5147636,Un amour impossible (2018),5.0,3.3733989021043
rw2897251,The Mortal Instruments: City of Bones (2013),2.5,3.380832570905764
rw5663092,Ice Princess (2005),3.5,3.3733989021043
rw1297815,The Seventh Stream (2001 TV Movie),3.5,3.39535681610247
rw4752852,Unplanned (I) (2019),5.0,3.3865507776761206
rw1340981,Jackass: The Movie (2002),5.0,3.382433668801464
rw4825711,Vikings (2013–2020),5.0,3.39535681610247
rw4556922,The Invitation (I) (2015),5.0,3.380832570905764
rw4043660,Padmaavat (2018),1.5,3.3865507776761206
rw2539036,La donna del lago (1992 TV Movie),3.5,3.380832570905764
rw1792494,Species (1995),3.0,3.382433668801464
rw5790648,Clemency (2019),2.5,3.3733989021043
rw2379572,One Flew Over the Cuckoo's Nest (1975),4.5,3.380832570905764
rw6306363,One for the Money (2012),0.5,3.382433668801464
rw5441775,Judy (II) (2019),5.0,3.39535681610247
rw0992341,Riders of the Rio Grande (1943),3.5,3.3865507776761206
rw3724834,The Hunter (IV) (2011),4.0,3.3733989021043
rw0237413,Sherman's March (1985),0.5,3.3733989021043
rw6120797,Enola Holmes (2020),4.5,3.3733989021043
rw3756340,Arrival (II) (2016),2.0,3.3733989021043
rw3497507,Hillbillys in a Haunted House (1967),1.5,3.3865507776761206
rw2400783,Hereafter (2010),2.5,3.3865507776761206
rw1842616,The Deaths of Ian Stone (2007),4.5,3.3733989021043
rw5270068,After the Wedding (2019),4.5,3.3733989021043
rw3600987,London Has Fallen (2016),2.0,3.39535681610247
rw3385071,Star Wars: Episode VII - The Force Awakens (2015),4.0,3.380832570905764
rw6273609,Come Next Spring (1956),3.0,3.3733989021043
rw4915002,PM Narendra Modi (2019),5.0,3.380832570905764
rw4306483,Neon Genesis Evangelion: The End of Evangelion (1997),0.5,3.3865507776761206
rw2859993,The Old Curiosity Shop (2007 TV Movie),3.5,3.3865507776761206
rw2995241,The Lorax (2012),3.0,3.380832570905764
rw1454858,The Comeback (2005–2014),5.0,3.3865507776761206
rw1586354,Apocalypto (2006),1.5,3.3733989021043
rw2546082,L'important c'est d'aimer (1975),0.5,3.3865507776761206
rw3253932,Hercules (I) (2014),4.0,3.39535681610247
rw4207130,Picnic at Hanging Rock (2018),4.0,3.3733989021043
rw5243447,Jack Ryan (2018– ),3.0,3.380832570905764
rw1119764,Dr. No (1962),2.5,3.382433668801464
rw5375584,Men in Black: International (2019),4.5,3.380832570905764
rw5920739,Dark (2017–2020),5.0,3.380832570905764
rw5253349,Now You See Me 2 (2016),5.0,3.380832570905764
rw2489551,City by the Sea (2002),4.0,3.3865507776761206
rw6279009,His House (2020),3.0,3.39535681610247
rw0890415,Seabiscuit (2003),4.0,3.39535681610247
rw3063502,Delirium (2014 TV Movie),1.0,3.380832570905764
rw4418110,An Hour to Kill (2018),5.0,3.3733989021043
rw0171914,The Warriors (1979),4.5,3.39535681610247
rw4007329,Star Wars: Episode VIII - The Last Jedi (2017),3.0,3.3865507776761206
rw2016966,The President Is Coming (2009),1.0,3.3865507776761206
rw6268146,Twilight (I) (2008),1.5,3.39535681610247
rw2549420,Rasputin (2011),1.5,3.3733989021043
rw1748309,Veronica Mars (2004–2019),4.5,3.3865507776761206
rw2458640,Koyaanisqatsi (1982),5.0,3.39535681610247
rw1699132,Running with Scissors (2006),2.5,3.380832570905764
rw4133138,For The People (2018–2019),4.0,3.3865507776761206
rw3335579,The Jokesters (2015),3.5,3.39535681610247
rw3034917,Hara-Kiri (1962),4.0,3.3733989021043
rw4211984,Lost in Space (2018– ),0.5,3.3865507776761206
rw1563786,Batman (1989),5.0,3.3733989021043
rw5112965,Brightburn (2019),5.0,3.3733989021043
rw3405002,Surviving Christmas (2004),3.0,3.3865507776761206
rw5262158,Serenity (2019),4.5,3.3733989021043
rw6076699,Advokaten (2018– ),5.0,3.3865507776761206
rw4745921,Rampage (2018),3.5,3.3733989021043
rw4532640,Bird Box (2018),2.0,3.39535681610247
rw5980860,Indiana Jones and the Temple of Doom (1984),4.5,3.3733989021043
rw3212458,Arrow (2012–2020),4.5,3.382433668801464
rw2499415,Transformers: Dark of the Moon (2011),0.5,3.39535681610247
rw2321273,Kangaroo Jack (2003),0.5,3.3733989021043
rw5325579,L'homme qui voulait vivre sa vie (2010),3.5,3.380832570905764
rw2426320,Annie Hall (1977),4.0,3.39535681610247
rw6269373,The Cake General (2018),5.0,3.382433668801464
rw1611612,Toward the Unknown (1956),4.0,3.39535681610247
rw4386712,Eghantham (2018),5.0,3.3733989021043
rw3317378,Harry Potter and the Sorcerer's Stone (2001),5.0,3.382433668801464
rw1310377,Blunder Boys (1955),4.5,3.3733989021043
rw4036559,Regression (I) (2015),4.0,3.3865507776761206
rw4729196,The Widow (I) (2019),2.5,3.39535681610247
rw4768213,Star Wars: Episode II - Attack of the Clones (2002),2.5,3.382433668801464
rw6188632,The Handmaid's Tale (2017– ),4.5,3.3733989021043
rw3812697,Zero Kelvin (1995),3.0,3.380832570905764
rw3551711,ARQ (2016),4.5,3.3733989021043
rw3071914,Carlos (2010),5.0,3.3865507776761206
rw4860273,Union Pacific (1939),2.5,3.3865507776761206
rw6448461,Coolie No. 1 (2020),0.5,3.3733989021043
rw6349431,The Christmas Chronicles: Part Two (2020),4.0,3.3733989021043
rw2717968,Mattie (2011),3.5,3.380832570905764
rw0804137,The Good Thief (2002),3.5,3.39535681610247
rw2203525,Broom-Stick Bunny (1956),5.0,3.3733989021043
rw3813121,Bad Company (1995),2.5,3.3733989021043
rw0276592,Uncle Buck (1989),5.0,3.3733989021043
rw3445109,Milk Money (1994),2.0,3.3733989021043
rw1967076,Angel Face (1953),4.0,3.382433668801464
rw3372383,Black Christmas (1974),4.5,3.380832570905764
rw5984175,Another Woman (1988),3.0,3.382433668801464
rw3522258,Daylight's End (2016),4.5,3.3733989021043
rw2293647,Night Comes Too Soon (1948),3.0,3.3733989021043
rw3420991,Penance (I) (2009),1.0,3.3865507776761206
rw0663620,Nuremberg (2000),2.0,3.39535681610247
rw2935276,The Godfather: Part II (1974),4.5,3.382433668801464
rw3375801,Supergirl (2015–2021),5.0,3.39535681610247
rw4144581,The Week Of (2018),0.5,3.382433668801464
rw1726515,Eragon (2006),2.5,3.39535681610247
rw1370635,Shane (1953),4.0,3.3865507776761206
rw2254231,The House on Sorority Row (1982),1.5,3.380832570905764
rw2691722,Fast Girls (2012),2.5,3.39535681610247
rw3198767,Gone Girl (2014),4.0,3.3733989021043
rw3010110,Transcendence (I) (2014),5.0,3.382433668801464
rw4082619,Spirited Away (2001),5.0,3.3865507776761206
rw3199058,Man on the Moon (1999),5.0,3.39535681610247
rw1666328,Sahara (2005),3.5,3.382433668801464
rw4760020,The Decks Ran Red (1958),2.0,3.3733989021043
rw2598946,Titanic (2012),2.5,3.39535681610247
rw4090796,Winter Kills (1979),1.0,3.382433668801464
rw1480440,The Monster of Piedras Blancas (1959),3.5,3.3733989021043
rw0253800,Akira (1988),5.0,3.3733989021043
rw1555888,The Return of the Living Dead (1985),4.5,3.382433668801464
rw4031421,Side Effects (I) (2013),3.5,3.382433668801464
rw1686040,The Flying Scotsman (2006),4.5,3.3733989021043
rw6355149,Durgamati: The Myth (2020),0.5,3.382433668801464
rw1483365,V for Vendetta (2005),5.0,3.382433668801464
rw3321546,Limitless (2015–2016),2.5,3.380832570905764
rw0485829,Star Wars: Episode II - Attack of the Clones (2002),4.0,3.380832570905764
rw3398568,Dickson Experimental Sound Film (1894),3.5,3.382433668801464
rw5311116,BoBoiBoy Movie 2 (2019),2.5,3.382433668801464
rw3104894,Haider (2014),3.5,3.3865507776761206
rw1354068,Broken Flowers (2005),0.5,3.39535681610247
rw6368977,In Time (2011),3.5,3.382433668801464
rw1286984,Private Lessons (1981),3.5,3.3865507776761206
rw2191499,神鬼尖兵 (1999),4.5,3.380832570905764
rw2310928,Drag Me to Hell (2009),4.0,3.3733989021043
rw0959388,Saw (2004),5.0,3.3733989021043
rw5780023,The House of Violent Desire (2018),0.5,3.3865507776761206
rw1108975,Young Winston (1972),3.0,3.380832570905764
rw2076240,Pride and Glory (2008),3.0,3.382433668801464
rw1431356,Easter Parade (1948),4.5,3.3865507776761206
rw4169335,Chevalier (2015),3.0,3.3865507776761206
rw5610383,Katha Sangama (2019),4.0,3.39535681610247
rw3056663,Hachi (2009),5.0,3.3733989021043
rw2139277,The Chronicles of Narnia: Prince Caspian (2008),5.0,3.3865507776761206
rw4372808,Live (IV) (2018),3.0,3.380832570905764
rw1522476,Harsh Times (2005),0.5,3.39535681610247
rw3635877,Mr. Church (2016),5.0,3.380832570905764
rw5465607,El Camino: A Breaking Bad Movie (2019),3.5,3.39535681610247
rw1985316,Che: Part Two (2008),5.0,3.382433668801464
rw4136223,Riverdale (2017– ),4.0,3.3733989021043
rw3556523,Shamitabh (2015),2.5,3.382433668801464
rw6394630,The Midnight Sky (2020),4.5,3.380832570905764
rw6323184,The Simpsons Movie (2007),4.5,3.3865507776761206
rw1773574,The Golden Compass (2007),1.5,3.380832570905764
rw3641615,The Americans (2013–2018),1.0,3.382433668801464
rw2168411,Reign of the Gargoyles (2007 TV Movie),1.5,3.39535681610247
rw2738723,Tôshô Daimos (1978–1979),5.0,3.3733989021043
rw3868625,The Illusionist (2006),4.0,3.380832570905764
rw1691052,Battle Beyond the Stars (1980),5.0,3.382433668801464
rw2456984,The Company Men (2010),4.0,3.380832570905764
rw4403253,My Life as a Zucchini (2016),4.5,3.39535681610247
rw1042353,Ice Princess (2005),4.0,3.39535681610247
rw2889784,Waar (2013),4.5,3.380832570905764
rw2705402,暮光之城：破曉2 (2012),5.0,3.39535681610247
rw3595307,La La Land (2016),3.0,3.380832570905764
rw1311301,House II: The Second Story (1987),3.5,3.3865507776761206
rw2174693,The Younger Generation (1929),3.0,3.382433668801464
rw2023217,BloodRayne: Deliverance (2007 Video),0.5,3.380832570905764
rw6342468,Intezaar (2020),4.5,3.3733989021043
rw6073022,After We Collided (2020),4.0,3.380832570905764
rw0184804,Excalibur (1981),5.0,3.380832570905764
rw0406217,In the Mood for Love (2000),4.0,3.382433668801464
rw3381894,Paper Towns (2015),4.0,3.382433668801464
rw6446874,La llorona (2019),3.5,3.3865507776761206
rw4808290,Avengers: Endgame (2019),5.0,3.382433668801464
rw3374308,Star Wars: Episode VII - The Force Awakens (2015),3.0,3.39535681610247
rw1083203,Unleashed (2005),3.5,3.380832570905764
rw3275999,"It's the Easter Beagle, Charlie Brown! (1974 TV Movie)",2.0,3.39535681610247
rw3487478,Ace Ventura: When Nature Calls (1995),4.0,3.3733989021043
rw2377421,The Traveler (I) (2010),0.5,3.3865507776761206
rw1691377,Die Hard 4.0 (2007),0.5,3.382433668801464
rw6104963,The Devil All the Time (2020),5.0,3.3733989021043
rw3360149,Gran Torino (2008),2.5,3.39535681610247
rw1104674,Hitch (I) (2005),1.0,3.3733989021043
rw0797097,Elling (2001),4.0,3.382433668801464
rw6021189,Stalker (1979),1.0,3.382433668801464
rw5242751,Parasite (2019),4.0,3.380832570905764
rw0599743,Gladiator (2000),4.0,3.382433668801464
rw1782569,Aaja Nachle (2007),4.5,3.3733989021043
rw1332116,Kidon (2005),4.5,3.3865507776761206
rw0690602,Halloween: Resurrection (2002),0.5,3.39535681610247
rw1674469,Mr. Brooks (2007),4.0,3.3733989021043
rw2338074,Unstoppable (2010),2.0,3.380832570905764
rw4129122,Phantom Thread (2017),4.5,3.380832570905764
rw2526589,The Baby (1973),4.0,3.380832570905764
rw5643154,Take Point (2018),4.0,3.380832570905764
rw4343707,Fallen Angel (1945),4.5,3.380832570905764
rw0999874,The Last Emperor (1987),5.0,3.380832570905764
rw2904641,2 Guns (2013),3.0,3.39535681610247
rw4068260,Money Heist (2017– ),1.0,3.39535681610247
rw1025845,Bride & Prejudice (2004),5.0,3.382433668801464
rw0548103,Children of the Corn V: Fields of Terror (1998 Video),1.5,3.39535681610247
rw3459202,Star Wars: Episode VII - The Force Awakens (2015),2.0,3.3865507776761206
rw3479161,Ender's Game (2013),3.0,3.382433668801464
rw3658446,Canvas of Death (2016),0.5,3.380832570905764
rw1360715,Star Trek: Insurrection (1998),3.0,3.382433668801464
rw2762434,Barb Wire (1996),1.5,3.382433668801464
rw2406391,Se7en (1995),4.5,3.380832570905764
rw5059574,The Banana Splits Movie (2019),4.5,3.380832570905764
rw1881939,The Andromeda Strain (2008),0.5,3.3733989021043
rw3147619,The Loved One (1965),5.0,3.3733989021043
rw1370517,Dangerous Assignment (1952– ),4.0,3.39535681610247
rw1163024,Roller Boogie (1979),0.5,3.3865507776761206
rw3409350,Chhota Bheem Himalayan Adventure (2016),5.0,3.3733989021043
rw1502596,Jarhead (2005),1.5,3.3865507776761206
rw6019933,2gether (2020),5.0,3.39535681610247
rw6276892,Soorarai Pottru (2020),5.0,3.380832570905764
rw0484334,Star Wars: Episode II - Attack of the Clones (2002),4.0,3.382433668801464
rw0354996,American Job (1996),2.0,3.380832570905764
rw5492409,Sanditon (2019),5.0,3.3733989021043
rw1157021,Supercross (2005),3.0,3.3733989021043
rw2397284,Battle Los Angeles (2011),0.5,3.380832570905764
rw0019618,Gone with the Wind (1939),5.0,3.39535681610247
rw2090015,Moon (2009),5.0,3.3733989021043
rw5643497,Paris est à nous (2019),4.5,3.380832570905764
rw2828286,Knick Knack (1989),4.0,3.382433668801464
rw1189600,Moog (2004),3.0,3.39535681610247
rw4788310,Escape Room (I) (2019),4.5,3.380832570905764
rw5303031,安眠醫生 (2019),5.0,3.380832570905764
rw4276365,2nd class (2018),3.5,3.382433668801464
rw1453634,Night Stalker (2005– ),2.5,3.3733989021043
rw6146025,Apocalypse of Ice (2020),0.5,3.382433668801464
rw1713027,Cidade de Deus (2002),4.5,3.3865507776761206
rw4144738,The Walking Dead (2010– ),1.0,3.380832570905764
rw2593859,First Knight (1995),1.0,3.382433668801464
rw2158014,海盜電台 (2009),0.5,3.3733989021043
rw0878370,Freaky Friday (2003),4.5,3.382433668801464
rw3102109,End of the Line (II) (2007),4.5,3.382433668801464
rw1344092,Four Sided Triangle (1953),3.0,3.3733989021043
rw4270235,Raazi (2018),1.0,3.382433668801464
rw1101658,Saint Ange (2004),0.5,3.3733989021043
rw2376396,The Tourist (I) (2010),4.5,3.3865507776761206
rw0336046,Clerks (1994),5.0,3.3733989021043
rw1789139,Atonement (2007),1.0,3.39535681610247
rw5401610,Psycho Pike (1992 Video),3.0,3.380832570905764
rw0637469,"Crouching Tiger, Hidden Dragon (2000)",4.5,3.382433668801464
rw0880365,Terror Toons (2002 Video),0.5,3.380832570905764
rw4607458,Polar (I) (2019),4.0,3.39535681610247
rw2432462,Game of Thrones (2011–2019),0.5,3.3733989021043
rw6408536,Coolie No. 1 (2020),0.5,3.382433668801464
rw2556992,The Mask (1994),3.5,3.3733989021043
rw1984859,Night of the Flesh Eaters (2008 Video),5.0,3.3865507776761206
rw5958464,The Town That Dreaded Sundown (2014),4.0,3.3733989021043
rw5072902,Parivar (1956),5.0,3.382433668801464
rw0741357,Unfaithful (2002),5.0,3.39535681610247
rw1755815,Phantom of the Paradise (1974),4.0,3.39535681610247
rw2011559,Friday Foster (1975),4.5,3.39535681610247
rw4223425,Hounds of Love (2016),4.5,3.3733989021043
rw5669956,Hustle (2004–2012),3.0,3.3865507776761206
rw5467619,The Exterminating Angel (1962),1.5,3.39535681610247
rw3793062,Adam Had Four Sons (1941),2.0,3.382433668801464
rw2557362,Bad Teacher (2011),2.0,3.3733989021043
rw4147821,Rampage (2018),5.0,3.380832570905764
rw0652346,Secrets (1992),2.0,3.3865507776761206
rw5053261,My Fair Lady (1964),4.0,3.3733989021043
rw2207311,Transmorphers: Fall of Man (2009 Video),1.0,3.39535681610247
rw1129018,Fantastic Four (I) (2005),3.5,3.3733989021043
rw1665852,Pirates of the Caribbean: At World's End (2007),5.0,3.382433668801464
rw4808789,Brave (2012),3.0,3.380832570905764
rw3618529,A Series of Unfortunate Events (2017–2019),4.5,3.382433668801464
rw2301536,L'appât (1995),3.5,3.3865507776761206
rw4555241,Bird Box (2018),3.5,3.382433668801464
rw1395295,Just Friends (I) (2005),3.0,3.3865507776761206
rw5380406,You (2018– ),5.0,3.382433668801464
rw1717496,Lilies of the Field (1963),5.0,3.39535681610247
rw1700133,The Core (2003),3.0,3.382433668801464
rw1909447,The Shawshank Redemption (1994),5.0,3.3865507776761206
rw0413984,Almost Heroes (1998),5.0,3.382433668801464
rw5764158,Snowpiercer (2013),4.0,3.380832570905764
rw4929666,Electrick Children (2012),3.0,3.3733989021043
rw0874711,Big Fish (2003),5.0,3.3865507776761206
rw5646923,Sweet Sunshine (2020),4.5,3.380832570905764
rw6076531,Insomnia (2002),4.5,3.3865507776761206
rw4612383,Bird Box (2018),2.0,3.382433668801464
rw3685316,Major Grom (2017),4.0,3.382433668801464
rw1709771,Pee-wee's Big Adventure (1985),5.0,3.3733989021043
rw0055258,The Ladykillers (1955),4.5,3.380832570905764
rw3011331,Freeway (1996),5.0,3.3733989021043
rw2812266,Ringers: Lord of the Fans (2005),3.0,3.3733989021043
rw5983156,The Boys (2019– ),5.0,3.3865507776761206
rw1071225,Sasori in U.S.A. (1997),1.5,3.382433668801464
rw4676252,Hirugao (2017),0.5,3.380832570905764
rw1072847,Megalodon (2002 Video),0.5,3.39535681610247
rw1765107,Enough (I) (2002),3.0,3.382433668801464
rw3870273,Back to School (1986),3.5,3.39535681610247
rw1548795,Blood of a Champion (2005 Video),1.5,3.380832570905764
rw5200859,El Camino: A Breaking Bad Movie (2019),5.0,3.3865507776761206
rw4264742,Skin Creepers (2018),3.5,3.382433668801464
rw0582302,The Lord of the Rings: The Return of the King (2003),5.0,3.3733989021043
rw2227453,The Devil on Horseback (1936),3.0,3.39535681610247
rw5425344,Mother! (2017),0.5,3.39535681610247
rw6396829,The Midnight Sky (2020),2.5,3.39535681610247
rw3045072,22 Jump Street (2014),4.5,3.3733989021043
rw1839515,Faded Dreams (2007),4.0,3.3865507776761206
rw3161186,魔法黑森林 (2014),4.5,3.39535681610247
rw4932058,X-Men: Dark Phoenix (2019),3.5,3.39535681610247
rw0246167,Leif (1987),5.0,3.39535681610247
rw1829289,Day of the Dead (2008 Video),4.0,3.3865507776761206
rw4591888,A Star Is Born (2018),3.0,3.39535681610247
rw2060241,Se7en (1995),4.0,3.380832570905764
rw5255309,Batwoman (2019– ),3.0,3.3865507776761206
rw2174034,屍樂園 (2009),4.0,3.382433668801464
rw4618301,Felix in Hollywood (1923),4.0,3.380832570905764
rw2871853,Oz the Great and Powerful (2013),1.5,3.3733989021043
rw6371946,Home Alone (1990),4.0,3.39535681610247
rw4917680,Kesari (2019),4.5,3.382433668801464
rw3375227,Bajirao Mastani (2015),5.0,3.3865507776761206
rw2919615,Sooper Se Ooper (2013),2.5,3.382433668801464
rw0309269,The Last of the Mohicans (1992),5.0,3.3865507776761206
rw4780176,"Ruben Brandt, Collector (2018)",5.0,3.382433668801464
rw0468487,Resident Evil (2002),2.5,3.39535681610247
rw0203161,Never Say Never Again (1983),5.0,3.3733989021043
rw2898808,Captain Phillips (2013),4.5,3.3865507776761206
rw0003310,Hot Water (1924),3.5,3.382433668801464
rw3352875,With These Hands (1950),2.5,3.382433668801464
rw4438692,Rings (2017),1.0,3.3733989021043
rw1916751,The Palm Beach Story (1942),5.0,3.3733989021043
rw6015076,Pareeksha (2020),5.0,3.39535681610247
rw5607342,Danny Roane: First Time Director (2006),4.0,3.380832570905764
rw4126886,The Last O.G. (2018– ),1.0,3.3733989021043
rw1018136,Safe House (1998),5.0,3.380832570905764
rw5237883,The Game Changers (2018),5.0,3.3865507776761206
rw2785734,The Lords of Salem (2012),4.0,3.39535681610247
rw3737171,Forrest Gump (1994),5.0,3.39535681610247
rw5212397,Parasite (2019),5.0,3.3865507776761206
rw3614518,Burying the Ex (2014),3.0,3.39535681610247
rw3694497,The Patience Stone (2012),3.5,3.3733989021043
rw2035128,American Drug War: The Last White Hope (2007),3.5,3.3733989021043
rw1005104,The Village (2004),5.0,3.3733989021043
rw1445412,South Park (1997– ),5.0,3.39535681610247
rw0536452,Nutty Professor II: The Klumps (2000),2.0,3.382433668801464
rw3644033,The Great Wall (I) (2016),5.0,3.3733989021043
rw0113352,Quiet Days in Clichy (1970),0.5,3.382433668801464
rw5983272,The Butterfly Effect (2004),5.0,3.39535681610247
rw1706870,Run Ronnie Run (2002),1.5,3.382433668801464
rw4356914,The Good Cop (2018),5.0,3.380832570905764
rw1922812,Dad's Army (1971),5.0,3.3865507776761206
rw1707654,Hobgoblins (1988),1.0,3.382433668801464
rw1283905,Brokeback Mountain (2005),5.0,3.3733989021043
rw1764312,Vampire Hunter D (1985),4.0,3.382433668801464
rw5807394,An Interview with God (2018),2.5,3.3865507776761206
rw1348851,Silent Hill (2006),4.0,3.3733989021043
rw5788711,Knights of the Zodiac: Saint Seiya (2019– ),5.0,3.3733989021043
rw2792475,Grave Encounters 2 (2012),1.5,3.3865507776761206
rw3507623,Frankenstein's Castle of Freaks (1974),3.0,3.380832570905764
rw5119722,Code of the Wild (2019– ),0.5,3.380832570905764
rw4574949,Master of Arms (2018– ),5.0,3.3865507776761206
rw3192342,"Two Days, One Night (2014)",5.0,3.3733989021043
rw3063224,Get on Up (2014),4.5,3.3733989021043
rw4081288,Out of the Shadows (I) (2017),1.0,3.3865507776761206
rw2926874,House of Good and Evil (2013),0.5,3.39535681610247
rw5357570,Masum (2017),4.0,3.380832570905764
rw5220303,I'm Not There (2007),2.5,3.3733989021043
rw4233535,Moonlight (I) (2016),3.5,3.380832570905764
rw2327836,Despicable Me (2010),4.0,3.39535681610247
rw2931078,Frozen (I) (2013),5.0,3.380832570905764
rw3036060,Borgman (2013),3.5,3.3733989021043
rw2824363,The Lone Ranger (2013),2.5,3.3733989021043
rw2347918,The Matrix Revolutions (2003),1.5,3.3865507776761206
rw1419022,Syriana (2005),4.0,3.39535681610247
rw3307833,Home (II) (2015),5.0,3.382433668801464
rw1804247,Cloverfield (2008),0.5,3.380832570905764
rw6089971,Rent-A-Pal (2020),4.5,3.39535681610247
rw3849941,Singularity (I) (2017),0.5,3.39535681610247
rw1199699,Elizabethtown (2005),4.0,3.39535681610247
rw4960342,Wonderful World (2009),3.0,3.39535681610247
rw4057716,Eye in the Sky (2015),2.0,3.3733989021043
rw1528841,Dhoom 2 (2006),4.5,3.380832570905764
rw2011169,Slumdog Millionaire (2008),0.5,3.39535681610247
rw5419978,Hero (III) (2019),2.5,3.3865507776761206
rw3625663,The Walking Dead (2010– ),5.0,3.380832570905764
rw2789025,Iron Man Three (2013),3.5,3.382433668801464
rw3109848,The Last Will and Testament of Rosalind Leigh (2012),1.0,3.3733989021043
rw0474693,U.S. Marshals (1998),3.5,3.382433668801464
rw0329016,Sins of Desire (1993),3.5,3.39535681610247
rw0922421,Finding John Christmas (2003 TV Movie),4.0,3.3733989021043
rw4685447,Vikingane (2016– ),5.0,3.3865507776761206
rw2495592,Gnomeo & Juliet (2011),4.5,3.39535681610247
rw2976496,300: Rise of an Empire (2014),4.5,3.382433668801464
rw0454949,The Green Mile (1999),5.0,3.39535681610247
rw3747531,Baby Driver (2017),3.5,3.380832570905764
rw2516956,J. Edgar (2011),4.0,3.382433668801464
rw2137177,Scaramouche (1952),4.0,3.380832570905764
rw3345958,The Man from U.N.C.L.E. (2015),4.5,3.3733989021043
rw5660829,The Turning (2020),0.5,3.382433668801464
rw0044454,The Day the Earth Stood Still (1951),5.0,3.3865507776761206
rw2654468,Living with Wolves (2005 TV Movie),4.5,3.3865507776761206
rw0228245,Weird Science (1985),3.5,3.380832570905764
rw3606078,Assassin's Creed (2016),2.5,3.39535681610247
rw2039122,The Rocking Horse Winner (1949),3.5,3.382433668801464
rw3644439,Ransom (2017–2019),5.0,3.3733989021043
rw5981766,Bad Boys (1995),3.5,3.380832570905764
rw0431067,Scream 2 (1997),5.0,3.382433668801464
rw4991437,Spider-Man: Far from Home (2019),3.0,3.382433668801464
rw6426816,Jojo Rabbit (2019),4.5,3.3865507776761206
rw0214773,Romancing the Stone (1984),4.0,3.380832570905764
rw4523973,Zero (III) (2018),5.0,3.3865507776761206
rw3596367,Spectral (2016),2.5,3.382433668801464
rw4357837,The Gifted (2017–2019),5.0,3.39535681610247
rw1640932,Criminal Minds (2005–2020),5.0,3.3865507776761206
rw3495081,Independence Day: Resurgence (2016),2.0,3.380832570905764
rw2833413,The Grifters (1990),3.0,3.39535681610247
rw6286361,Barbie Fairytopia: Mermaidia (2006 Video),4.5,3.3865507776761206
rw5031946,Rustum (2019),2.5,3.3733989021043
rw3785181,Final Fantasy XV (2016 Video Game),4.5,3.382433668801464
rw4790107,Drunk Parents (2019),0.5,3.382433668801464
rw3341059,Dante's Peak (1997),4.5,3.3733989021043
rw6437941,Suits (2011–2019),4.0,3.382433668801464
rw0156535,Suspiria (1977),5.0,3.382433668801464
rw5222604,A.I. Artificial Intelligence (2001),3.5,3.380832570905764
rw2181593,阿凡達 (2009),4.0,3.3865507776761206
rw3191594,Code Name: K.O.Z. (2015),0.5,3.3865507776761206
rw0778780,Ice Age (2002),5.0,3.3733989021043
rw0740286,Life with Judy Garland: Me and My Shadows (2001),4.5,3.3865507776761206
rw5280631,Ready or Not (I) (2019),5.0,3.3733989021043
rw1044227,Kiki's Delivery Service (1989),5.0,3.3865507776761206
rw1764562,Let's Get Tough! (1942),2.5,3.380832570905764
rw4107855,Black Panther (2018),5.0,3.3865507776761206
rw6333377,Hillbilly Elegy (2020),3.5,3.382433668801464
rw2602461,Smiling Along (I) (1938),3.0,3.3733989021043
rw3611793,Magpie (2014),3.5,3.3733989021043
rw2180650,迷幻公園 (2007),3.5,3.3865507776761206
rw4993907,Skyscraper (2018),3.0,3.3865507776761206
rw3372423,Frontier (1935),2.5,3.382433668801464
rw3383514,Before We Go (I) (2014),1.5,3.39535681610247
rw5517321,Color Out of Space (2019),1.5,3.3865507776761206
rw4520023,Travelers (2016–2018),5.0,3.380832570905764
rw5974436,Brave New World (2020),5.0,3.382433668801464
rw3427851,Zootopia (2016),4.5,3.382433668801464
rw2363248,The Town (2010),4.0,3.3865507776761206
rw2509530,The Missouri Breaks (1976),2.5,3.380832570905764
rw3033295,Only the Brave (2006),3.5,3.3733989021043
rw2080468,He's Just Not That Into You (2009),2.5,3.380832570905764
rw2461685,Cyberbully (2011 TV Movie),4.5,3.382433668801464
rw1424061,What's Eating Gilbert Grape (1993),5.0,3.3733989021043
rw2741345,普羅米修斯 (I) (2012),3.0,3.3865507776761206
rw4506818,Four Hands Menu (2018– ),4.5,3.3733989021043
rw2221742,Inuyasha (2000–2004),4.0,3.3865507776761206
rw3245265,Tomorrowland (2015),5.0,3.3733989021043
rw0790162,Wendigo (2001),5.0,3.39535681610247
rw3228799,Der ewige Jude (1940),0.5,3.382433668801464
rw3680710,Rendition (2007),2.0,3.380832570905764
rw4429334,Bravetown (I) (2015),1.0,3.39535681610247
rw5581961,Paytakht (2011– ),4.5,3.3865507776761206
rw5156526,小丑 (2019),5.0,3.39535681610247
rw4972801,Agent Sai Srinivasa Athreya (2019),5.0,3.382433668801464
rw5483010,Blazing Saddles (1974),5.0,3.380832570905764
rw5311371,My Christmas Love (2016 TV Movie),2.5,3.39535681610247
rw6248469,Planet of the Apes (1968),4.0,3.380832570905764
rw2120855,Drag Me to Hell (2009),5.0,3.3865507776761206
rw5053391,Spirited Away (2001),4.5,3.3865507776761206
rw4968568,Out of Blue (2018),1.0,3.39535681610247
rw3698683,The Space Between Us (I) (2017),3.0,3.39535681610247
rw3679098,Beauty and the Beast (I) (2017),4.5,3.39535681610247
rw0425714,Metroland (1997),5.0,3.3865507776761206
rw0522523,Shakespeare in Love (1998),5.0,3.3733989021043
rw0304138,The Bikini Carwash Company (1992),5.0,3.3865507776761206
rw4467231,God Friended Me (2018–2020),5.0,3.3865507776761206
rw1261247,Vanishing Point (1971),5.0,3.3733989021043
rw3567372,The Girl on the Train (2016),3.5,3.39535681610247
rw5220684,31 (2016),2.0,3.382433668801464
rw1742323,Time Out (2001),2.5,3.39535681610247
rw3701225,Forrest Gump (1994),5.0,3.380832570905764
rw2031123,Almost Blue (2000),4.0,3.3733989021043
rw2895874,Kick-Ass 2 (2013),3.5,3.3865507776761206
rw3179802,Project Almanac (2015),3.0,3.3865507776761206
rw0482657,Star Wars: Episode I - The Phantom Menace (1999),4.5,3.380832570905764
rw3007790,Mothra (1961),3.0,3.3865507776761206
rw1949145,The Best Years (2007– ),5.0,3.39535681610247
rw5845195,Floor is Lava (2020– ),4.5,3.382433668801464
rw3221087,The Voices (2014),5.0,3.3865507776761206
rw6051655,Agramon's Gate (2019),5.0,3.380832570905764
rw0878868,Jackass: The Movie (2002),5.0,3.3733989021043
rw3510649,Kuroko's Basketball (2012–2015),4.5,3.3733989021043
rw3361320,Inside (2007),4.0,3.380832570905764
rw5932335,Dil Bechara (2020),5.0,3.39535681610247
rw0545128,The Legend of Bagger Vance (2000),4.5,3.3733989021043
rw4542685,Simmba (2018),0.5,3.39535681610247
rw0201063,Geek Maggot Bingo or The Freak from Suckweasel Mountain (1983),0.5,3.3865507776761206
rw1497115,The Texas Chainsaw Massacre: The Beginning (2006),1.0,3.382433668801464
rw5463892,Mr. Robot (2015–2019),5.0,3.39535681610247
rw1443630,For Love of the Game (1999),5.0,3.3865507776761206
rw6341157,The Undoing (2020),2.0,3.3733989021043
rw3069238,Hoe Tem Je Een Draak 2 (2014),5.0,3.380832570905764
rw0496334,Shrek (2001),4.0,3.3733989021043
rw5654092,The Final Project (2016),1.0,3.3865507776761206
rw4331535,John Wick (2014),5.0,3.380832570905764
rw5072972,The Snowman (2017),4.0,3.3865507776761206
rw1750186,Why Did I Get Married? (2007),5.0,3.3733989021043
rw3001200,Bears (I) (2014),4.0,3.3733989021043
rw2792225,Hider in the House (1989),3.5,3.380832570905764
rw2934914,Judge Dredd (1995),3.5,3.3865507776761206
rw3475825,Knock Knock (I) (2015),3.5,3.382433668801464
rw1404446,Superman Returns (2006),5.0,3.39535681610247
rw0455053,The Green Mile (1999),4.0,3.39535681610247
rw4995092,Keeping Up with the Joneses (2016),2.5,3.39535681610247
rw5538577,The Rat (II) (2019),5.0,3.3733989021043
rw2042264,Taboo (1999),4.0,3.3865507776761206
rw2228408,Scoop (2006),3.5,3.380832570905764
rw4698421,Gone with the Wind (1939),5.0,3.380832570905764
rw4303929,Frankenweenie (1984),3.5,3.39535681610247
rw5557262,The Day After Tomorrow (2004),5.0,3.3733989021043
rw0186026,Halloween II (1981),2.5,3.3865507776761206
rw2228979,How to Train Your Dragon (2010),5.0,3.382433668801464
rw2499542,Inception (2010),1.5,3.3865507776761206
rw5701528,City of Dreams (2019– ),3.0,3.3733989021043
rw1791047,The Murder Game (2003– ),3.5,3.3865507776761206
rw6244654,Hangman (II) (2015),0.5,3.382433668801464
rw4235919,The Outpost (2018– ),5.0,3.382433668801464
rw5591515,Big Town After Dark (1947),2.5,3.3733989021043
rw0909024,"I, Robot (2004)",4.0,3.382433668801464
rw5518239,Columbus (I) (2017),1.5,3.3733989021043
rw1336969,House of the Dead 2 (2005 TV Movie),1.5,3.39535681610247
rw5750059,White Lines (2020),3.0,3.3865507776761206
rw1443069,They Live (1988),5.0,3.3733989021043
rw2359448,Jim Jefferies: I Swear to God (2009 TV Special),5.0,3.382433668801464
rw1835978,Stay Alive (2006),1.0,3.39535681610247
rw1623596,Mystery Science Theater 3000: The Movie (1996),3.0,3.39535681610247
rw3223636,Transformers (2007),2.0,3.382433668801464
rw5238092,Gamer (2009),3.5,3.382433668801464
rw5763782,Shaka Laka Boom Boom (2000–2004),4.0,3.3733989021043
rw3105013,Godzilla (I) (1998),1.5,3.3865507776761206
rw4575726,Kickboxer: Retaliation (2018),3.0,3.3865507776761206
rw3417655,Vinyl (2016),1.5,3.3733989021043
rw2932938,Dredd (2012),3.0,3.39535681610247
rw6005347,Tiny Creatures (2020– ),0.5,3.380832570905764
rw5428470,Talladega Nights: The Ballad of Ricky Bobby (2006),4.5,3.380832570905764
rw1235257,"The Chronicles of Narnia: The Lion, the Witch and the Wardrobe (2005)",5.0,3.382433668801464
rw1280862,The Last of the Blonde Bombshells (2000 TV Movie),5.0,3.3865507776761206
rw3324877,The Strain (2014–2017),1.5,3.39535681610247
rw4706578,Cleaning Up (2019– ),4.0,3.382433668801464
rw4318747,Geetha Govindam (2018),0.5,3.382433668801464
rw1531562,Mystic India (2005),3.5,3.382433668801464
rw6426201,Battles Without Honor and Humanity: The Complete Saga (1980),4.0,3.380832570905764
rw0148558,The Message (1976),5.0,3.39535681610247
rw2780386,Jack Reacher (2012),0.5,3.380832570905764
rw5746955,S.W.A.T.: Under Siege (2017),3.5,3.39535681610247
rw3178797,Jupiter Ascending (2015),3.5,3.380832570905764
rw4664665,The Imitation Game (2014),5.0,3.380832570905764
rw5962846,Holy Hell (2016),3.5,3.380832570905764
rw2309083,The Other Guys (2010),3.0,3.3865507776761206
rw2942250,White Collar (2009–2014),5.0,3.382433668801464
rw3762232,The One I Love (2014),3.0,3.3733989021043
rw0641019,Get Over It (2001),4.5,3.39535681610247
rw1728301,Blades of Glory (2007),3.5,3.380832570905764
rw0867006,Battlestar Galactica (2003),5.0,3.39535681610247
rw3662797,47 Meters Down (2017),5.0,3.39535681610247
rw4548638,Aquaman (2018),5.0,3.3865507776761206
rw4345886,Solo: A Star Wars Story (2018),4.5,3.380832570905764
rw0891036,Hollywood Homicide (2003),2.5,3.3733989021043
rw5429438,Aliens (1986),4.5,3.382433668801464
rw2755974,Rajneeti (2010),4.0,3.382433668801464
rw3807134,Incendies (2010),4.5,3.39535681610247
rw6257015,A Very Charming Christmas Town (2020 TV Movie),4.0,3.380832570905764
rw2935691,Paranormal Activity: The Marked Ones (2014),4.0,3.382433668801464
rw0508744,The Matrix (1999),5.0,3.3865507776761206
rw1309819,Jarhead (2005),3.0,3.3865507776761206
rw2602349,Shoot the Moon (1982),4.5,3.3733989021043
rw4717091,Baywatch (2017),3.5,3.39535681610247
rw3094140,Outlander (2014– ),5.0,3.39535681610247
rw5921917,Greyhound (2020),4.5,3.39535681610247
rw4033339,Jim Jefferies: Freedumb (2016 TV Special),4.5,3.3865507776761206
rw5809422,Ad Astra (2019),1.0,3.3733989021043
rw1244916,Unknown World (1951),1.0,3.382433668801464
rw5410388,His Dark Materials (2019– ),3.5,3.3865507776761206
rw3324607,Get Rich or Die Tryin' (2005),3.0,3.380832570905764
rw6122523,London Confidental (2020),5.0,3.380832570905764
rw4584125,Star Wars: Episode VIII - The Last Jedi (2017),4.5,3.382433668801464
rw0964832,Crooklyn (1994),2.5,3.3865507776761206
rw1966950,What a Girl Wants (2003),3.5,3.39535681610247
rw5700915,The Dirty Dozen (1967),3.0,3.39535681610247
rw4090576,The Lady Is Willing (1934),2.5,3.39535681610247
rw0871157,Cidade de Deus (2002),4.5,3.382433668801464
rw4350715,Jurassic World: Fallen Kingdom (2018),3.5,3.382433668801464
rw3379229,The Revenant (2015),5.0,3.380832570905764
rw0097718,The Graduate (1967),5.0,3.380832570905764
rw4426429,Hunter Killer (2018),0.5,3.3865507776761206
rw0279959,Cry-Baby (1990),1.5,3.3865507776761206
rw2480547,La casa muda (2010),3.0,3.380832570905764
rw5116417,9/11 (2017),2.0,3.3865507776761206
rw3641196,Zootopia (2016),2.5,3.382433668801464
rw1909956,Room 36 (2005),4.0,3.39535681610247
rw2355074,Burlesque (I) (2010),4.5,3.3733989021043
rw5377672,The Pianist (2002),5.0,3.39535681610247
rw2424305,I Am Number Four (2011),1.0,3.380832570905764
rw0514151,The Siege (1998),3.5,3.380832570905764
rw6346094,The Crown (2016– ),3.5,3.382433668801464
rw3185716,The Karate Kid (2010),4.5,3.39535681610247
rw2301838,Charlie Chan in Shanghai (1935),3.5,3.382433668801464
rw0663856,The Contender (2000),3.5,3.382433668801464
rw5588468,The Usual Suspects (1995),2.0,3.3733989021043
rw1773777,Lou Grant (1977–1982),2.0,3.3865507776761206
rw1921202,Tout va bien (1972),4.0,3.39535681610247
rw5729590,Weathering with You (2019),3.5,3.380832570905764
rw2118526,V for Vendetta (2005),2.5,3.3733989021043
rw3397163,Brave (2012),5.0,3.382433668801464
rw2246652,The Last Thakur (2008),2.5,3.380832570905764
rw4009255,A Shadow World (2015),0.5,3.3733989021043
rw5844033,Dead of Winter (1987),2.0,3.3733989021043
rw2699857,Extinction: The G.M.O. Chronicles (2011),2.0,3.382433668801464
rw4163859,The Greatest Showman (2017),4.0,3.39535681610247
rw2282363,Blood Cult (1985 Video),3.0,3.3733989021043
rw2729678,Brute Force (1947),4.0,3.3733989021043
rw4701853,Leaving Neverland (2019),0.5,3.3865507776761206
rw1205008,Team America: World Police (2004),4.5,3.382433668801464
rw6374127,Justice League (2017),2.5,3.3733989021043
rw4655741,In Like Flynn (2018),3.0,3.382433668801464
rw5913065,2001: A Space Odyssey (1968),4.5,3.380832570905764
rw5472789,Insatiable (2018–2019),5.0,3.3733989021043
rw1439063,The Brave (1997),1.5,3.3865507776761206
rw2347697,The Room (2003),2.5,3.39535681610247
rw0533540,The World Is Not Enough (1999),4.0,3.39535681610247
rw6439065,It's a Wonderful Life (1946),5.0,3.3733989021043
rw0730223,Die Another Day (2002),4.5,3.39535681610247
rw5746869,Guardians of the Galaxy (2015–2019),4.5,3.380832570905764
rw0861273,Hitters (2002),5.0,3.39535681610247
rw0135391,The Front Page (1974),3.0,3.382433668801464
rw3116302,Teenage Mutant Ninja Turtles (2014),2.5,3.3733989021043
rw6331870,Bob Lazar: Area 51 & Flying Saucers (2018),1.0,3.382433668801464
rw3401855,The Ten Commandments (1956),4.5,3.3733989021043
rw6175302,Wedding Crashers (2005),4.0,3.3865507776761206
rw4306329,Call Me by Your Name (2017),5.0,3.3733989021043
rw4604161,Suits (2011–2019),5.0,3.382433668801464
rw6262227,Paranormal (2020– ),3.5,3.3865507776761206
rw1565692,"Hamlet, Prince of Denmark (1980 TV Movie)",3.0,3.39535681610247
rw5900735,Greyhound (2020),2.0,3.3733989021043
rw3406194,R'ha (2013),2.0,3.3733989021043
rw2056521,"Oh, Mr. Porter! (1937)",4.0,3.39535681610247
rw6219961,The Queen's Gambit (2020),4.5,3.382433668801464
rw1960941,Appaloosa (2008),3.5,3.380832570905764
rw0583294,The Lord of the Rings: The Return of the King (2003),5.0,3.39535681610247
rw0722997,Bridget Jones's Diary (2001),5.0,3.380832570905764
rw6323364,Sher Dil (2019),5.0,3.382433668801464
rw5424320,Hancock (2008),2.5,3.380832570905764
rw3577269,Genius (2016),4.5,3.380832570905764
rw0404288,Apt Pupil (1998),5.0,3.382433668801464
rw4572742,Incredibles 2 (2018),4.0,3.382433668801464
rw2558292,Screamers: The Hunting (2009 Video),0.5,3.382433668801464
rw3243249,Tanu Weds Manu Returns (2015),5.0,3.382433668801464
rw0753219,Scary Movie 2 (2001),0.5,3.3865507776761206
rw5029622,Thor: The Dark World (2013),3.0,3.3733989021043
rw4897033,Valerian and the City of a Thousand Planets (2017),1.5,3.382433668801464
rw5753124,NCIS (2003– ),5.0,3.3865507776761206
rw4137927,A Quiet Place (2018),2.5,3.3865507776761206
rw1219964,The End of the Affair (1999),5.0,3.3733989021043
rw1383083,Conspiracy Theory: Did We Land on the Moon? (2001 TV Movie),5.0,3.3733989021043
rw6402590,The Midnight Sky (2020),1.5,3.380832570905764
rw4232319,Shooter (I) (2007),2.0,3.380832570905764
rw1529754,Monster in a Box (1992),4.5,3.380832570905764
rw6214135,Uncut Gems (2019),1.5,3.39535681610247
rw4731198,Thriller (1960–1962),5.0,3.382433668801464
rw0005199,The Cameraman (1928),5.0,3.3733989021043
rw1270890,High School Musical (2006 TV Movie),1.5,3.39535681610247
rw1339903,American Dreamz (2006),3.0,3.380832570905764
rw4477110,The Christmas Chronicles (2018),5.0,3.380832570905764
rw0394723,Scream (1996),5.0,3.382433668801464
rw1492607,The Big Lift (1950),4.5,3.3733989021043
rw1966965,War of the Worlds (2005),3.5,3.39535681610247
rw5902517,The Old Guard (2020),4.0,3.39535681610247
rw5460372,The Da Vinci Code (2006),3.5,3.3865507776761206
rw1349585,As Good as It Gets (1997),4.5,3.3733989021043
rw5484404,The Will (2020),5.0,3.380832570905764
rw2581002,The Flying Squirrel (1954),4.0,3.380832570905764
rw3628443,The Fall (I) (2013–2016),4.0,3.380832570905764
rw4364860,Tag (I) (2018),4.5,3.380832570905764
rw1442642,Pirates of the Caribbean: Dead Man's Chest (2006),1.5,3.39535681610247
rw6126600,500 Days of Summer (2009),4.5,3.380832570905764
rw1627993,Severance (2006),3.0,3.382433668801464
rw4892276,Stronger (I) (2017),2.5,3.3865507776761206
rw5666293,Rosemary's Baby (1968),4.5,3.3733989021043
rw3049609,Dawn of the Planet of the Apes (2014),4.5,3.3733989021043
rw3350992,Spectre (I) (2015),2.0,3.39535681610247
rw4839131,Captain Marvel (2019),3.0,3.39535681610247
rw3594764,Santo in the Hotel of Death (1963),2.0,3.380832570905764
rw6197894,Strangers at the Door (2017),0.5,3.3733989021043
rw3146393,Santa Claus (1959),4.0,3.380832570905764
rw5702832,Mrs. Serial Killer (2020),5.0,3.3733989021043
rw0448310,"A Cool, Dry Place (1998)",2.5,3.39535681610247
rw4970695,The Man Who Killed Don Quixote (2018),0.5,3.382433668801464
rw1464894,Tank Girl (1995),4.0,3.382433668801464
rw2210508,All About Eve (1950),4.5,3.39535681610247
rw2049052,Cry-Baby (1990),2.5,3.380832570905764
rw5114542,The Man from Earth (2007),0.5,3.3733989021043
rw1708980,The House Without a Christmas Tree (1972 TV Movie),5.0,3.382433668801464
rw0478413,X-Men (2000),4.5,3.380832570905764
rw2813904,This Is the End (2013),0.5,3.39535681610247
rw5132358,Rambo: Last Blood (2019),1.0,3.3733989021043
rw2788477,Dredd (2012),2.0,3.3865507776761206
rw0793438,The Scorpion King (2002),4.0,3.382433668801464
rw4948170,Jinn (2019– ),4.5,3.380832570905764
rw2052675,The Fast and the Furious: Tokyo Drift (2006),1.0,3.380832570905764
rw1089360,The Big Stuffed Dog (1981 TV Movie),3.5,3.382433668801464
rw3265517,Lava (2014),1.0,3.3865507776761206
rw3688562,Entertainment (2015),2.5,3.382433668801464
rw5903821,The Old Guard (2020),5.0,3.3865507776761206
rw1133797,November (I) (2004),3.5,3.380832570905764
rw0985630,Swades (2004),5.0,3.3733989021043
rw0153576,The Mighty Peking Man (1977),4.5,3.39535681610247
rw2610407,The Graduate (1967),4.0,3.3733989021043
rw2858510,Lucky Night (1939),5.0,3.380832570905764
rw0174564,The Day After Trinity (1981),3.5,3.382433668801464
rw6163766,Abhay (2019– ),5.0,3.3865507776761206
rw2470077,Cowboys & Aliens (2011),4.0,3.3733989021043
rw0370402,Se7en (1995),5.0,3.39535681610247
rw1661004,Apocalypto (2006),2.0,3.382433668801464
rw2958999,The Wolf of Wall Street (2013),4.5,3.3865507776761206
rw1675292,American Nightmare (2002 Video),4.5,3.3733989021043
rw3187163,Fifty Shades of Grey (2015),3.5,3.3733989021043
rw1100030,Mr. & Mrs. Smith (1941),2.5,3.3865507776761206
rw5958154,Deep Blue Sea 2 (2018 Video),1.0,3.380832570905764
rw5835681,Inspector Gadget (1999),3.5,3.380832570905764
rw5525111,Wonderland (2013–2015),5.0,3.3865507776761206
rw2381502,Attack on Darfur (2009),1.0,3.3865507776761206
rw5414626,Giri/Haji (2019),2.0,3.3733989021043
rw2934175,The Hobbit: The Desolation of Smaug (2013),1.0,3.380832570905764
rw4823126,The Wandering Earth (2019),2.0,3.380832570905764
rw0088601,A Charlie Brown Christmas (1965 TV Movie),5.0,3.3733989021043
rw6212093,The Little Vampire 3D (2017),5.0,3.382433668801464
rw1406431,Entourage (2004–2011),5.0,3.3733989021043
rw0574393,The Sum of All Fears (2002),4.0,3.380832570905764
rw0879254,Laws of Attraction (2004),2.5,3.3733989021043
rw2251298,Vicky Cristina Barcelona (2008),3.5,3.39535681610247
rw1295734,Final Destination 2 (2003),4.0,3.39535681610247
rw1599325,毀滅戰士 (2005),1.0,3.382433668801464
rw0304794,Braindead (1992),3.5,3.3733989021043
rw3577954,Scars of Dracula (1970),3.5,3.382433668801464
rw2048630,Baghead (2008),1.0,3.382433668801464
rw1320306,L'enfant secret (1979),5.0,3.380832570905764
rw4561255,Shanghai Surprise (1986),1.0,3.382433668801464
rw0904156,Two Brothers (2004),0.5,3.3733989021043
rw4296986,Dinosaur (2000),5.0,3.3865507776761206
rw6273327,Soorarai Pottru (2020),5.0,3.3865507776761206
rw1855644,De erfgename (1949),4.5,3.380832570905764
rw6017578,Flesh (2020),5.0,3.3733989021043
rw1549080,Sideways (2004),1.0,3.3865507776761206
rw5210666,Tales of Found Footage (2019),0.5,3.39535681610247
rw2382671,Mumbai Diaries (2010),4.5,3.3733989021043
rw1729208,The Broken Hearts Club: A Romantic Comedy (2000),3.0,3.39535681610247
rw4486371,Reunited at Christmas (2018 TV Movie),0.5,3.380832570905764
rw3412391,The Comedians (1967),4.5,3.39535681610247
rw0639181,"O Brother, Where Art Thou? (2000)",4.5,3.382433668801464
rw5857185,Eurovision Song Contest: The Story of Fire Saga (2020),3.5,3.380832570905764
rw4183514,The Graduate (1967),4.0,3.3733989021043
rw5250346,The Fighter (I) (2010),4.0,3.382433668801464
rw4481049,Mirzapur (2018– ),4.5,3.3865507776761206
rw4099840,Death Wish (2018),1.5,3.39535681610247
rw2042065,In Bruges (2008),5.0,3.380832570905764
rw0247445,Moonstruck (1987),5.0,3.3865507776761206
rw3354662,500 Days of Summer (2009),5.0,3.3865507776761206
rw6450812,Sherlock (2010–2017),4.5,3.382433668801464
rw2785081,The Croods (2013),3.5,3.382433668801464
rw1822727,Lilly Turner (1933),3.5,3.382433668801464
rw1977786,Anaconda 3: Offspring (2008 TV Movie),0.5,3.382433668801464
rw2378098,Plan B (I) (2009),5.0,3.3865507776761206
rw4691837,ImMATURE (2019– ),5.0,3.380832570905764
rw5033711,Quarries (2016),3.5,3.39535681610247
rw5107286,Blade Runner 2049 (2017),3.5,3.382433668801464
rw2221976,Green Zone (2010),3.5,3.380832570905764
rw4117331,The Terror (2018– ),4.5,3.380832570905764
rw0738876,Asterix & Obelix: Mission Cleopatra (2002),4.0,3.3733989021043
rw1497728,Titanic (1997),2.0,3.39535681610247
rw3600931,REC (2007),3.0,3.382433668801464
rw3664302,Chasing Leprechauns (2012 TV Movie),4.5,3.3733989021043
rw5797267,Collision Earth (2020),0.5,3.39535681610247
rw4201102,Nancy (2018),3.5,3.3865507776761206
rw4179136,The Leftovers (2014–2017),5.0,3.3865507776761206
rw1361318,Final Fantasy VII: Advent Children (2005),2.0,3.380832570905764
rw3395802,Seventh Son (I) (2014),0.5,3.3865507776761206
rw2462113,Mal día para pescar (2009),3.5,3.382433668801464
rw1985733,The Happening (2008),1.0,3.380832570905764
rw0802543,My Little Eye (2002),3.5,3.3865507776761206
rw0764913,Basic (2003),3.5,3.3865507776761206
rw4936411,Jinn (2019– ),3.0,3.3865507776761206
rw4835696,The Dark Side of the Sun (1988),3.0,3.382433668801464
rw1315836,Tutti i colori del buio (1972),4.5,3.3865507776761206
rw2878923,This Is the End (2013),1.0,3.3865507776761206
rw6264094,Poison (2019– ),5.0,3.39535681610247
rw0444310,Being John Malkovich (1999),5.0,3.39535681610247
rw0075498,Something Wild (1961),4.5,3.3865507776761206
rw4440848,Bohemian Rhapsody (2018),5.0,3.39535681610247
rw0538680,Spider-Man (2002),4.0,3.380832570905764
rw5305867,國王 (I) (2019),2.5,3.3733989021043
rw4724373,Triple Frontier (2019),3.0,3.382433668801464
rw5811035,BlacKkKlansman (2018),4.0,3.382433668801464
rw3849561,13 Minutes (2015),2.5,3.3733989021043
rw3465991,The Avengers (2012),5.0,3.380832570905764
rw6078171,Train to Busan (2016),4.5,3.380832570905764
rw3014308,The Bag Man (I) (2014),4.0,3.3733989021043
rw5093245,Heat (1995),5.0,3.3733989021043
rw0163352,Shalimar (1978),5.0,3.3865507776761206
rw0529659,Mind Games (1998 TV Movie),1.5,3.380832570905764
rw4301098,Mission: Impossible - Fallout (2018),4.5,3.3733989021043
rw0059959,12 Angry Men (1957),5.0,3.3733989021043
rw3035894,The Client (2011),3.5,3.3865507776761206
rw0103463,Night of the Living Dead (1968),4.5,3.3733989021043
rw1254983,King Kong (2005),3.0,3.3733989021043
rw3803839,War for the Planet of the Apes (2017),4.5,3.380832570905764
rw6101014,Pets United (2019),0.5,3.380832570905764
rw3772798,Valerian and the City of a Thousand Planets (2017),4.0,3.380832570905764
rw1825791,Mou gaan dou II (2003),3.5,3.39535681610247
rw2136849,Observe and Report (2009),2.0,3.39535681610247
rw5834711,Space Force (2020– ),5.0,3.3733989021043
rw5236645,Sunset Blvd. (1950),5.0,3.3733989021043
rw0554038,Screwed (2000),4.0,3.39535681610247
rw2550483,The Adventures of Tintin (2011),4.0,3.380832570905764
rw6084952,Uncle Tom (2020),5.0,3.3733989021043
rw4144407,Avengers: Infinity War (2018),5.0,3.39535681610247
rw6332787,Vikings (2013–2020),5.0,3.3733989021043
rw0767235,Murder by Numbers (2002),3.0,3.382433668801464
rw0326888,The Piano (1993),3.5,3.3865507776761206
rw2088434,The Freakmaker (1974),2.0,3.380832570905764
rw4774244,Dexter (2006–2021),4.0,3.3733989021043
rw3460669,Nina (I) (2016),4.0,3.3865507776761206
rw2536810,Mission: Impossible - Ghost Protocol (2011),2.0,3.380832570905764
rw3264622,Slap Shot 3: The Junior League (2008 Video),1.5,3.39535681610247
rw2764314,Sound City (2013),5.0,3.3865507776761206
rw6203260,Prison Break (2005–2017),1.0,3.39535681610247
rw5759148,Giri/Haji (2019),2.0,3.382433668801464
rw5724109,Monsters (2017 Video),4.0,3.380832570905764
rw5211178,The Lighthouse (I) (2019),5.0,3.380832570905764
rw1769347,Beowulf (2007),3.0,3.382433668801464
rw4014896,Mother! (2017),5.0,3.3865507776761206
rw5698242,Hollywood (2020),4.0,3.382433668801464
rw4191878,Shadowhunters (2016–2019),5.0,3.3865507776761206
rw1011587,Thirteen Days (2000),2.5,3.380832570905764
rw6031338,Flesh (2020),5.0,3.382433668801464
rw5422720,Soundtrack (2019),5.0,3.3865507776761206
rw4375197,In the Heart of the Sea (2015),4.0,3.3865507776761206
rw3747517,Ghost in the Shell (2017),1.0,3.382433668801464
rw0075663,The Two Little Bears (1961),1.5,3.382433668801464
rw3630657,K-Shop (2016),3.5,3.3865507776761206
rw0287827,Rosencrantz & Guildenstern Are Dead (1990),5.0,3.3733989021043
rw5221139,Sleeping with the Enemy (1991),5.0,3.3733989021043
rw3059509,Wow! Wow! Wubbzy! (2006–2010),1.5,3.39535681610247
rw4480918,The Dark Knight Rises (2012),3.5,3.3865507776761206
rw3229189,The Count of Monte Cristo (1934),3.0,3.3733989021043
rw3868200,Nails (I) (2017),3.0,3.39535681610247
rw3596359,Office Christmas Party (2016),4.5,3.3733989021043
rw0071933,Never on Sunday (1960),3.0,3.3733989021043
rw5259050,Love Is Blind (I) (2019),1.5,3.39535681610247
rw6221826,The Long Hair of Death (1965),4.5,3.39535681610247
rw0258201,Grave of the Fireflies (1988),5.0,3.382433668801464
rw4227906,The Bad Sleep Well (1960),2.5,3.3733989021043
rw0212472,Satomi hakken-den (1983),5.0,3.3865507776761206
rw0931777,Kill Bill: Vol. 2 (2004),5.0,3.3865507776761206
rw1048257,Million Dollar Baby (2004),0.5,3.39535681610247
rw2376852,Mumbai Diaries (2010),2.0,3.380832570905764
rw0071250,The Virgin Spring (1960),4.5,3.39535681610247
rw5000111,TRON: Legacy (2010),5.0,3.3865507776761206
rw3063208,Get on Up (2014),3.5,3.3733989021043
rw1483377,The Proud Ones (1956),4.5,3.3865507776761206
rw3168526,鳥人 (2014),3.0,3.380832570905764
rw1851228,The Kite Runner (2007),3.0,3.3733989021043
rw2978915,White Chicks (2004),4.0,3.3733989021043
rw5959280,Un ticket pour l'espace (2006),3.5,3.380832570905764
rw5849161,Eric Andre: Legalize Everything (2020 TV Special),2.5,3.382433668801464
rw2556672,Jail (2007– ),4.0,3.380832570905764
rw2283448,The Book of Eli (2010),3.0,3.39535681610247
rw4147933,Riverdale (2017– ),4.0,3.3733989021043
rw5065214,The Hateful Eight (2015),2.0,3.3865507776761206
rw0894189,Troy (2004),3.0,3.39535681610247
rw1645702,Gangs of New York (2002),4.5,3.39535681610247
rw6033945,Nocturnal Animals (2016),4.5,3.3865507776761206
rw2268323,The Crazies (2010),1.0,3.3733989021043
rw5484449,World Famous Lover (2020),4.0,3.39535681610247
rw3650445,Moonlight (I) (2016),3.5,3.3733989021043
rw5206999,The Hole in the Ground (2019),2.5,3.39535681610247
rw2541083,A.N.T. Farm (2011–2014),0.5,3.382433668801464
rw5897010,The Old Guard (2020),4.0,3.380832570905764
rw3561692,Midnight in the Garden of Good and Evil (1997),3.5,3.3733989021043
rw3081792,The Killing (2011–2014),3.5,3.380832570905764
rw5786530,Once Upon a Time... In Hollywood (2019),4.5,3.3865507776761206
rw1742286,Dr. Giggles (1992),2.5,3.3733989021043
rw0292132,Cape Fear (1991),3.5,3.3733989021043
rw3048946,G.I. Joe: Retaliation (2013),0.5,3.380832570905764
rw4375216,The Killing of a Sacred Deer (2017),1.0,3.382433668801464
rw1820965,The Truth About Cats & Dogs (1996),3.5,3.3733989021043
rw5669380,Parasite (2019),5.0,3.3865507776761206
rw0863205,The Cat in the Hat (2003),3.5,3.380832570905764
rw5616996,Jackson Durai (2016),5.0,3.380832570905764
rw0506309,Wing Commander (1999),2.0,3.39535681610247
rw5602821,Sketchy Behaviour (2019 TV Movie),5.0,3.39535681610247
rw1782697,Enchanted (2007),4.0,3.380832570905764
rw6165443,Firewood (2019),4.0,3.380832570905764
rw5059875,Rocko's Modern Life: Static Cling (2019 TV Movie),1.0,3.3733989021043
rw4641198,Wonder Woman (2017),3.0,3.3733989021043
rw3198298,Warpaint (2012),1.0,3.382433668801464
rw2288979,John Adams (2008),4.5,3.382433668801464
rw0475339,Velvet Goldmine (1998),5.0,3.3733989021043
rw0583732,The Lord of the Rings: The Return of the King (2003),4.5,3.39535681610247
rw5196114,Steel Country (2018),4.0,3.3865507776761206
rw6228570,Nicole (2019),5.0,3.382433668801464
rw2267845,Boot Camp (2008),5.0,3.3865507776761206
rw5401391,Klaus (2019),1.5,3.380832570905764
rw0812652,Once Upon a Time in Mexico (2003),5.0,3.39535681610247
rw3805691,Slightly Daffy (1944),3.5,3.39535681610247
rw3689269,iBoy (2017),3.0,3.3733989021043
rw6355981,The Reagans (2020– ),0.5,3.3733989021043
rw4458942,The Price of Everything (2018),3.0,3.39535681610247
rw4041360,Freak Show (2017),4.0,3.39535681610247
rw5968584,Black Is King (2020),5.0,3.3865507776761206
rw2774575,Big Fish (2003),1.0,3.39535681610247
rw6328783,Tesla (I) (2020),0.5,3.380832570905764
rw4346942,American Made (2017),5.0,3.380832570905764
rw4255847,The Dark Tower (2017),4.0,3.3733989021043
rw6070290,Children of Men (2006),5.0,3.382433668801464
rw1681748,Ladies in Retirement (1941),3.0,3.3865507776761206
rw5376887,Pirate Radio (2009),2.5,3.382433668801464
rw0245265,Wings of Desire (1987),5.0,3.382433668801464
rw2760649,Huang jia shi jie (1985),4.0,3.3733989021043
rw5717133,Swallow (I) (2019),1.0,3.39535681610247
rw1261174,Conflict (1945),3.5,3.3865507776761206
rw3150966,White Collar (2009–2014),5.0,3.382433668801464
rw4188151,Mike and Dave Need Wedding Dates (2016),3.0,3.382433668801464
rw5540650,Miss Congeniality (2000),3.5,3.380832570905764
rw6155284,Star Wars: Episode VIII - The Last Jedi (2017),2.0,3.3865507776761206
rw5085172,Blade Runner 2049 (2017),4.5,3.3865507776761206
rw2674212,Somewhere (2010),0.5,3.382433668801464
rw4457866,Leningrad (2009),0.5,3.39535681610247
rw6190325,The Visit (I) (2015),4.5,3.39535681610247
rw2358065,TRON: Legacy (2010),3.5,3.3733989021043
rw1157931,Bloody Wednesday (1988),2.0,3.3865507776761206
rw3304980,Pixels (2015),4.0,3.380832570905764
rw0732257,Donnie Darko (2001),4.5,3.382433668801464
rw3325134,Pan (2015),2.5,3.380832570905764
rw1513327,Should Men Walk Home? (1927),3.0,3.3865507776761206
rw0334678,Ava's Magical Adventure (1994),1.5,3.380832570905764
rw5444562,Kissed (1996),2.5,3.380832570905764
rw5384837,The Grudge (2020),3.5,3.380832570905764
rw5653388,Changeling (2008),2.5,3.382433668801464
rw1814602,Undersea Kingdom (1936),4.0,3.380832570905764
rw4973143,The Dark Tower (2017),4.5,3.39535681610247
rw4138887,The Death of Stalin (2017),4.5,3.380832570905764
rw4801828,Dragonheart 3: The Sorcerer's Curse (2015 Video),3.0,3.382433668801464
rw2308146,Tobacco Road (1941),4.0,3.382433668801464
rw2190209,十誡 (1956),2.5,3.39535681610247
rw4775394,A Quiet Place (2018),4.5,3.380832570905764
rw6172661,Breakaway (2011),4.0,3.3865507776761206
rw2977767,Anchorman 2: The Legend Continues (2013),2.0,3.3865507776761206
rw1589972,Murder-Set-Pieces (2004),2.0,3.382433668801464
rw0813406,Signs (2002),5.0,3.382433668801464
rw4727303,Furious 6 (2013),2.5,3.380832570905764
rw6172232,Red Sonja (1985),4.0,3.382433668801464
rw0687910,Original Sin (2001),2.0,3.3733989021043
rw5532909,Villain (I) (2020),5.0,3.380832570905764
rw4584144,Sex Education (2019– ),3.5,3.382433668801464
rw4331195,Filmworker (2017),1.0,3.39535681610247
rw1095056,Cinderella Man (2005),5.0,3.380832570905764
rw6001769,La dernière vague (2019– ),3.0,3.380832570905764
rw5376044,Cats (2019),1.0,3.39535681610247
rw4943257,Monster (VIII) (2019),4.0,3.380832570905764
rw4716621,After the Thin Man (1936),3.5,3.39535681610247
rw1782828,Behind Enemy Lines (2001),3.0,3.3865507776761206
rw1721234,Akutoreizâ (1990 Video Game),5.0,3.3733989021043
rw1873078,A Esteticista (2005),4.0,3.39535681610247
rw6219540,I'm Thinking of Ending Things (2020),0.5,3.380832570905764
rw2713767,The Way (I) (2010),4.0,3.3733989021043
rw4086628,Love Per Square Foot (2018),3.0,3.380832570905764
rw6014561,Bandish Bandits (2020– ),1.0,3.382433668801464
rw2412064,Blindness (2008),4.5,3.382433668801464
rw4222760,Incredibles 2 (2018),4.5,3.39535681610247
rw3198678,Parallels (I) (2015),4.5,3.3865507776761206
rw4298278,Last Man Standing (2011– ),5.0,3.3733989021043
rw5373853,Gordon Lightfoot: If You Could Read My Mind (2019),3.5,3.380832570905764
rw3878617,Possession (1981),0.5,3.39535681610247
rw3003197,The Tomorrow People (2013–2014),5.0,3.382433668801464
rw1099948,Song of the South (1946),4.0,3.3733989021043
rw1901699,L: Change the World (2008),1.0,3.39535681610247
rw5668567,Another Life (2019– ),1.5,3.3733989021043
rw3006369,Let's Kill Uncle (1966),3.0,3.3733989021043
rw3452006,Desk Set (1957),3.5,3.3733989021043
rw0450638,Eye of the Beholder (1999),4.5,3.382433668801464
rw3055204,The Monuments Men (2014),3.0,3.382433668801464
rw4244997,Suburban Commando (1991),3.5,3.380832570905764
rw2602549,Captain America: The First Avenger (2011),0.5,3.380832570905764
rw1219883,Derailed (I) (2005),0.5,3.39535681610247
rw2162435,The Most Wonderful Time of the Year (2008 TV Movie),2.5,3.382433668801464
rw0459198,The Lord of the Rings: The Fellowship of the Ring (2001),0.5,3.382433668801464
rw4218187,Avengers: Infinity War (2018),3.5,3.3865507776761206
rw3656094,Moonlight (I) (2016),4.0,3.3733989021043
rw2142162,Diary of a Madman (1963),4.0,3.3733989021043
rw0282496,Goodfellas (1990),5.0,3.382433668801464
rw3592958,Frost/Nixon (2008),5.0,3.380832570905764
rw1373798,Arabela (1979– ),5.0,3.382433668801464
rw4513525,My Christmas Prince (2017 TV Movie),0.5,3.382433668801464
rw0228472,Year of the Dragon (1985),5.0,3.3733989021043
rw1973210,It's a Wonderful Life (1946),5.0,3.3733989021043
rw3340403,Dudes & Dragons (2015),5.0,3.380832570905764
rw2454799,Gallipoli (1981),3.5,3.39535681610247
rw3877068,He Walked by Night (1948),4.0,3.3733989021043
rw4627058,If Beale Street Could Talk (2018),0.5,3.380832570905764
rw1213597,Azumi (2003),4.0,3.382433668801464
rw2340046,Chairman of the Board (1998),2.5,3.39535681610247
rw3629411,Lion (2016),4.5,3.382433668801464
rw5915776,Given (2019– ),4.5,3.39535681610247
rw3010392,The Amazing Spider-Man 2 (2014),4.0,3.39535681610247
rw3111893,Rango (2011),1.0,3.39535681610247
rw2729153,Shira: The Vampire Samurai (2005 Video),4.0,3.382433668801464
rw5392050,Messiah (2020),5.0,3.3865507776761206
rw3078290,Mad Money (2008),3.5,3.382433668801464
rw1918024,The Dark Knight (2008),1.0,3.3865507776761206
rw1634368,Baron Prásil (1962),5.0,3.382433668801464
rw1647590,Vacancy (2007),2.5,3.3865507776761206
rw5414367,Haunt (I) (2019),5.0,3.39535681610247
rw1983713,Mumbai Meri Jaan (2008),4.5,3.3733989021043
rw2487374,Setup (I) (2011),0.5,3.39535681610247
rw4338305,Bleach (2018),5.0,3.380832570905764
rw2388653,Dalaw (II) (2010),2.0,3.380832570905764
rw1477311,Analyze This (1999),4.0,3.3865507776761206
rw5410389,Tanhaji: The Unsung Warrior (2020),4.0,3.380832570905764
rw5091552,Trollied (2011–2018),4.0,3.382433668801464
rw0141555,Hester Street (1975),5.0,3.3865507776761206
rw2296711,Into the Blue 2: The Reef (2009 Video),1.0,3.382433668801464
rw2169389,Tiger Bay (1959),4.5,3.39535681610247
rw3735282,Hollywood Homicide (2003),2.0,3.3865507776761206
rw5987660,Gunjan Saxena: The Kargil Girl (2020),0.5,3.3865507776761206
rw0800512,Mr. Deeds (2002),0.5,3.3865507776761206
rw5665042,The Willoughbys (2020),2.0,3.3865507776761206
rw1948298,The Sound of Music (1965),3.5,3.382433668801464
rw4642630,The Final Wish (2018),5.0,3.382433668801464
rw3649334,Complete Unknown (2016),3.5,3.39535681610247
rw0201612,The Hunger (1983),4.5,3.380832570905764
rw3737668,The Last Man on Earth (2015–2018),5.0,3.3733989021043
rw3323185,The Primary Instinct (2015),4.0,3.3865507776761206
rw4706532,Absentia (2017– ),3.5,3.380832570905764
rw0736722,Ali (2001),5.0,3.3865507776761206
rw1093244,Tae Guk Gi: The Brotherhood of War (2004),4.5,3.380832570905764
rw5422680,Bad Boys for Life (2020),5.0,3.3865507776761206
rw4981944,Toy Story 4 (2019),4.0,3.380832570905764
rw4545629,Cargo (2013),3.0,3.3733989021043
rw6419059,Coolie No. 1 (2020),0.5,3.39535681610247
rw1808317,Lost in Beijing (2007),2.5,3.3865507776761206
rw1896347,I Am Legend (2007),2.5,3.382433668801464
rw5378288,Messiah (2020),1.5,3.3865507776761206
rw4435031,Venom (2018),4.5,3.39535681610247
rw1207011,Saw II (2005),4.0,3.3865507776761206
rw4385472,Await Further Instructions (2018),2.0,3.3733989021043
rw2287819,Trust (1990),5.0,3.382433668801464
rw4784266,The Killer Next Door (2018),0.5,3.3733989021043
rw6097584,Kilink: Strip and Kill (1967),3.5,3.380832570905764
rw0084859,Dr. Devil and Mr. Hare (1964),4.0,3.3865507776761206
rw5652200,Seed of Chucky (2004),5.0,3.3865507776761206
rw5382266,Fractured (I) (2019),4.0,3.380832570905764
rw1489039,Call of Duty 2 (2005 Video Game),4.5,3.382433668801464
rw0070581,Can-Can (1960),2.5,3.39535681610247
rw0633827,Birthday Girl (2001),4.5,3.39535681610247
rw3476293,Attack the Block (2011),4.0,3.380832570905764
rw2220296,American Radical: The Trials of Norman Finkelstein (2009),4.5,3.382433668801464
rw5416874,Grave of the Fireflies (1988),4.5,3.3865507776761206
rw4549373,The Quake (2018),2.5,3.3865507776761206
rw2413043,Return from the Ashes (1965),2.5,3.380832570905764
rw4256205,The Kissing Booth (2018),1.5,3.382433668801464
rw2641570,Un homme qui crie (2010),3.0,3.3733989021043
rw2381436,Blue Valentine (2010),2.0,3.3865507776761206
rw1197262,Nudity Required (2003),4.0,3.380832570905764
rw2318202,Machete (2010),4.5,3.39535681610247
rw0103004,"Live a Little, Love a Little (1968)",4.0,3.3865507776761206
rw3828313,"Just, Melvin: Just Evil (2000)",5.0,3.39535681610247
rw5475295,The Upside (2017),4.5,3.3865507776761206
rw4298757,Hereditary (2018),0.5,3.3865507776761206
rw5433156,The Dead Lands (2020– ),4.5,3.380832570905764
rw5459331,NBA 2k19 (2018 Video Game),3.5,3.39535681610247
rw2146157,Defying Gravity (2009),5.0,3.382433668801464
rw0410185,"Crna macka, beli macor (1998)",4.5,3.3865507776761206
rw6117983,Messiah (2020),5.0,3.3865507776761206
rw2359778,True Grit (2010),3.5,3.380832570905764
rw3271590,I'm Not Racist... Am I? (2014),1.0,3.380832570905764
rw4517007,"Le ventre, notre deuxième cerveau (2014 TV Movie)",4.0,3.3733989021043
rw3302668,Hot Pursuit (2015),1.0,3.380832570905764
rw5806550,Friday the 13th Part III (1982),3.5,3.382433668801464
rw3747195,Rocktober Blood (1984),4.0,3.39535681610247
rw2911266,RamLeela (2013),2.5,3.380832570905764
rw1961734,Indiana Jones and the Kingdom of the Crystal Skull (2008),1.0,3.39535681610247
rw3760115,The Children's Hour (1961),5.0,3.380832570905764
rw1662652,Bug (2006),2.5,3.3733989021043
rw4773926,Il venditore di morte (1971),2.5,3.39535681610247
rw1050290,Closer (I) (2004),5.0,3.3733989021043
rw2954896,Gravity (2013),4.5,3.3865507776761206
rw2456434,The Devil Diamond (1937),2.5,3.3865507776761206
rw5470826,Rogue One: A Star Wars Story (2016),4.0,3.39535681610247
rw3374164,Star Wars: Episode VII - The Force Awakens (2015),3.0,3.380832570905764
rw0956059,The Motorcycle Diaries (2004),4.5,3.382433668801464
rw3426263,Emelie (2015),2.5,3.3865507776761206
rw5948488,You Me Her (2016– ),4.5,3.3865507776761206
rw0984398,The Rundown (2003),5.0,3.39535681610247
rw2411638,Your Highness (2011),3.5,3.39535681610247
rw1760264,Frostbitten (2006),2.0,3.380832570905764
rw1596571,Who's Minding the Store? (1963),5.0,3.3865507776761206
rw0539822,Stigmata (1999),5.0,3.382433668801464
rw2601540,Skeleton Man (2004 TV Movie),3.0,3.39535681610247
rw3525329,Luminarias (1999),1.5,3.3733989021043
rw0453749,Godzilla (I) (1998),0.5,3.380832570905764
rw0123973,High Plains Drifter (1973),5.0,3.39535681610247
rw1526001,Blind Beast (1969),3.0,3.39535681610247
rw0797684,The Good Girl (2002),5.0,3.380832570905764
rw5929305,Cursed (2020– ),1.0,3.380832570905764
rw1234423,Trainspotting (1996),4.5,3.39535681610247
rw1716833,Woodstock (1970),5.0,3.382433668801464
rw2029273,The End of Poverty? (2008),5.0,3.382433668801464
rw0272377,Listen to Me (1989),0.5,3.380832570905764
rw0195291,My Favorite Year (1982),0.5,3.382433668801464
rw5003913,Spider-Man: Far from Home (2019),2.5,3.3865507776761206
rw5735110,Beastie Boys Story (2020),4.5,3.380832570905764
rw2995443,Andre (1994),1.0,3.39535681610247
rw2549028,Ghostbusters (1984),4.0,3.3733989021043
rw1575228,Black Christmas (2006),2.0,3.380832570905764
rw5316010,Kedi (2016),3.5,3.380832570905764
rw5582338,The Platform (2019),4.0,3.39535681610247
rw1323352,River's Edge (1986),4.0,3.380832570905764
rw4067383,The Hunted (I) (2015),1.0,3.380832570905764
rw4053275,My Secret Valentine (2018 TV Movie),4.0,3.3865507776761206
rw0662961,Snatch (2000),1.0,3.382433668801464
rw5513006,My Hero Academia: Heroes Rising (2019),5.0,3.3733989021043
rw1991432,The Seven Little Foys (1955),3.5,3.3865507776761206
rw4781595,Black Summer (2019– ),5.0,3.3865507776761206
rw1574007,Perfume: The Story of a Murderer (2006),3.5,3.39535681610247
rw1723854,Wrong Turn 2: Dead End (2007 Video),5.0,3.39535681610247
rw5629822,Frozen II (2019),4.0,3.39535681610247
rw1783900,The Golden Compass (2007),0.5,3.3733989021043
rw4309444,The Kissing Booth (2018),0.5,3.39535681610247
rw5921791,Saigon (1947),2.0,3.3733989021043
rw0648951,Kikujiro (1999),4.0,3.382433668801464
rw6375141,Aquaman (2018),0.5,3.3865507776761206
rw4533774,Downsizing (2017),2.0,3.382433668801464
rw3127593,Noah (2014),4.5,3.382433668801464
rw4574250,Let's Be Evil (2016),3.0,3.3865507776761206
rw4196985,Bates Motel (2013–2017),4.0,3.39535681610247
rw0167359,The Great American Girl Robbery (1979),5.0,3.3733989021043
rw2810814,House of Dark Shadows (1970),5.0,3.3865507776761206
rw0099901,You Only Live Twice (1967),2.5,3.39535681610247
rw4188967,Veere Di Wedding (2018),5.0,3.39535681610247
rw2799251,Star Trek Into Darkness (2013),0.5,3.39535681610247
rw4388469,Taking Earth (2017),4.0,3.39535681610247
rw1495481,Link (1986),4.0,3.3733989021043
rw6399142,Teen Spirit (2018),0.5,3.39535681610247
rw5797322,Crocodile Dundee (1986),4.0,3.382433668801464
rw5564505,The Lady Vanishes (1979),2.5,3.380832570905764
rw0910846,Avellaneda's Moon (2004),3.5,3.380832570905764
rw0340880,Immortal Beloved (1994),3.0,3.3865507776761206
rw5093060,Murder on the Orient Express (2017),2.0,3.380832570905764
rw4629884,Purl (2018),0.5,3.39535681610247
rw2841987,Fullmetal Alchemist: Brotherhood (2009–2012),5.0,3.382433668801464
rw4263320,A Sniper's War (2018),0.5,3.39535681610247
rw2366922,Irresistible (2006),1.0,3.380832570905764
rw5490962,Avenging Angel (1985),3.0,3.39535681610247
rw0681568,Enemy at the Gates (2001),4.5,3.3865507776761206
rw5094070,Emelie (2015),0.5,3.382433668801464
rw5732687,Uri: The Surgical Strike (2018),5.0,3.380832570905764
rw3294325,Cinderella (I) (2015),0.5,3.3865507776761206
rw5579291,Shrek 2 (2004),3.0,3.382433668801464
rw0931357,Kill Bill: Vol. 2 (2004),4.5,3.3733989021043
rw3206285,A Million Ways to Die in the West (2014),5.0,3.39535681610247
rw6072132,Mulan (2020),4.0,3.3733989021043
rw3713214,The Fate of the Furious (2017),3.5,3.3733989021043
rw5625007,Freaks (2018),3.5,3.3865507776761206
rw2079099,The Many Faces of Zorro (2000 Video),5.0,3.3865507776761206
rw1355145,Indecent Proposal (1993),0.5,3.380832570905764
rw0548816,Show Me Love (1998),5.0,3.382433668801464
rw2478402,Chained for Life (1952),3.5,3.382433668801464
rw6164666,Mr. Church (2016),5.0,3.39535681610247
rw4071776,Umberto D. (1952),4.0,3.39535681610247
rw1529808,Going Overboard (1989),2.0,3.382433668801464
rw3070823,Bears (I) (2014),3.0,3.3865507776761206
rw5589177,Love in the Afternoon (1957),0.5,3.39535681610247
rw4669704,Nobody's Fool (2018),4.0,3.382433668801464
rw2942816,The Bunglers (2012),5.0,3.3733989021043
rw6042633,Love Leads the Way: A True Story (1984 TV Movie),4.5,3.3865507776761206
rw4981147,Texicanas (2019– ),5.0,3.3865507776761206
rw4131414,Black Panther (2018),5.0,3.382433668801464
rw1890039,À l'intérieur (2007),4.5,3.382433668801464
rw1976893,Election (1999),4.0,3.3865507776761206
rw1294715,Fingersmith (2005),4.5,3.382433668801464
rw5115518,Mission Over Mars (2019– ),5.0,3.3865507776761206
rw6374681,Holidate (2020),4.0,3.380832570905764
rw5662768,For the Weekend (2020),4.0,3.3733989021043
rw2580841,Black Magic (1992 TV Movie),4.0,3.3865507776761206
rw3124852,Corpse Bride (2005),4.0,3.380832570905764
rw0185049,First Monday in October (1981),5.0,3.382433668801464
rw3467961,24 (I) (2016),5.0,3.382433668801464
rw6043882,Parasite (2019),5.0,3.382433668801464
rw1300509,Dante's Peak (1997),2.5,3.39535681610247
rw0347215,Texas Chainsaw Massacre: The Next Generation (1994),5.0,3.3865507776761206
rw6057508,Goodfellas (1990),5.0,3.382433668801464
rw4742320,The Invisible Guest (2016),5.0,3.39535681610247
rw4479742,"Paul, Apostle of Christ (2018)",4.5,3.380832570905764
rw4776170,Black Summer (2019– ),3.5,3.3865507776761206
rw3572929,Lost Treasure (2003),2.0,3.3865507776761206
rw1934516,The Hunting Party (2007),3.5,3.39535681610247
rw1314960,Fright Night (1985),4.0,3.3733989021043
rw1817014,The Savages (2007),4.5,3.382433668801464
rw1143709,Charlie and the Chocolate Factory (2005),4.0,3.3865507776761206
rw6248582,The Queen's Gambit (2020),4.5,3.382433668801464
rw4548524,Star Trek II: The Wrath of Khan (1982),2.0,3.3865507776761206
rw1806885,In the Woods (1999),0.5,3.3733989021043
rw6175272,Banshee (2013–2016),5.0,3.382433668801464
rw4576212,Red Sparrow (2018),4.0,3.382433668801464
rw5888703,Eyes Wide Shut (1999),2.0,3.382433668801464
rw6294627,Mud (2012),3.5,3.3733989021043
rw0267266,Bill & Ted's Excellent Adventure (1989),4.0,3.3865507776761206
rw1589765,The Texas Chainsaw Massacre: The Beginning (2006),2.5,3.39535681610247
rw0943869,He Knows You're Alone (1980),4.5,3.382433668801464
rw4387897,Tian sheng chang ge (2018),4.5,3.382433668801464
rw3076084,City of Ember (2008),3.0,3.39535681610247
rw2422167,Sapho (1917),2.5,3.3733989021043
rw2072770,Bridge to Terabithia (2007),4.0,3.382433668801464
rw4933955,Killing Eve (2018– ),4.5,3.39535681610247
rw3532088,Pandemic (2016),2.5,3.380832570905764
rw2350263,Due Date (2010),3.0,3.3733989021043
rw4629879,The LEGO Movie 2: The Second Part (2019),5.0,3.3865507776761206
rw0284412,Jetsons: The Movie (1990),5.0,3.3733989021043
rw6385185,Braven (2018),0.5,3.3865507776761206
rw4342767,The Guardian (2001–2004),2.5,3.3865507776761206
rw2347419,Fatal (2010),4.5,3.3865507776761206
rw1425336,Pandora Machine (2004 Video),3.5,3.39535681610247
rw1784072,Taare Zameen Par (2007),4.0,3.3733989021043
rw3169395,鳥人 (2014),4.0,3.3733989021043
rw4414753,The Super (2017),0.5,3.3733989021043
rw2098004,Ice Age: Dawn of the Dinosaurs (2009),3.0,3.382433668801464
rw4500556,Scorched Earth (2018),2.5,3.3865507776761206
rw5810333,Dumplings (2004),4.0,3.3865507776761206
rw1760658,The Stuff (1985),3.0,3.382433668801464
rw4300482,Ex Libris: New York Public Library (2017),3.0,3.380832570905764
rw2940435,Silent But Deadly (2011),0.5,3.380832570905764
rw4071718,Shakespeare in Love (1998),2.5,3.3865507776761206
rw2620692,Running Free (1999),3.0,3.3733989021043
rw2981295,Diamonds Are Forever (1971),3.5,3.3865507776761206
rw2815261,Flame & Citron (2008),4.0,3.39535681610247
rw0550801,Office Space (1999),4.0,3.380832570905764
rw0623673,All About My Mother (1999),5.0,3.3865507776761206
rw4335848,Grizzly Man (2005),3.5,3.3865507776761206
rw4658738,Alita: Battle Angel (2019),5.0,3.382433668801464
rw2859193,Longmire (2012–2017),5.0,3.39535681610247
rw4004411,Spliced (2009– ),5.0,3.382433668801464
rw0817766,Now You Know (2002),4.5,3.3733989021043
rw4679147,The World's Best (2019),2.0,3.380832570905764
rw4002858,Star Wars: Episode VIII - The Last Jedi (2017),4.0,3.39535681610247
rw2631031,The Ghost Writer (2010),4.0,3.380832570905764
rw1278674,Lifeboat (1944),4.0,3.380832570905764
rw0121465,Cabaret (1972),5.0,3.380832570905764
rw5308023,Shootout at Wadala (2013),4.5,3.3865507776761206
rw5768817,Uncivilized (2020),5.0,3.3733989021043
rw5426875,The Mandalorian (2019– ),5.0,3.382433668801464
rw5881018,Bloodshot (2020),2.5,3.3733989021043
rw2395154,The Wages of Fear (1953),4.0,3.3733989021043
rw4991270,The Lion King (2019),5.0,3.382433668801464
rw6283645,"Love, Simon (2018)",5.0,3.39535681610247
rw5332962,The Barbarians (1987),2.5,3.3865507776761206
rw6435857,The Minimalists: Less Is Now (2021),2.5,3.39535681610247
rw4717161,Alita: Battle Angel (2019),4.5,3.382433668801464
rw1552120,The Monroes (1966–1967),3.0,3.382433668801464
rw1565642,Night at the Museum (2006),4.5,3.3865507776761206
rw4594099,The Beautician and the Beast (1997),5.0,3.39535681610247
rw5497278,Ghostbusters: Answer the Call (2016),0.5,3.3865507776761206
rw4671847,First Reformed (2017),5.0,3.382433668801464
rw5647996,Leprechaun (1993),1.5,3.380832570905764
rw2840697,Memento (2000),5.0,3.3865507776761206
rw6324541,Paths of Glory (1957),5.0,3.382433668801464
rw3874906,The Good Doctor (2017– ),3.0,3.382433668801464
rw5682683,The Chosen (2017– ),5.0,3.380832570905764
rw4753842,Us (II) (2019),1.0,3.3733989021043
rw1862023,Blood Simple (1984),4.0,3.382433668801464
rw3636340,Singam 3 (2017),5.0,3.3865507776761206
rw3263629,Strange Magic (2015),5.0,3.39535681610247
rw4243566,High School 911 (2016),4.5,3.380832570905764
rw6012910,The Pearl of Death (1944),2.5,3.380832570905764
rw4631923,Everlasting (2016),4.5,3.3733989021043
rw5220991,Psycho (1960),4.5,3.382433668801464
rw2616264,Film socialisme (2010),0.5,3.3733989021043
rw5219568,Watchmen (2019),1.5,3.380832570905764
rw0533481,The World Is Not Enough (1999),0.5,3.39535681610247
rw3439408,Batman v Superman: Dawn of Justice (2016),3.5,3.3865507776761206
rw1805453,Is Everybody Happy? (1943),2.5,3.3865507776761206
rw3352630,Oz the Great and Powerful (2013),4.0,3.3865507776761206
rw0272080,Lethal Weapon 2 (1989),3.0,3.382433668801464
rw2243253,Clash of the Titans (2010),3.0,3.3865507776761206
rw5056775,Shi ba ban wu yi (1982),4.5,3.3733989021043
rw4428862,The Hobbit: An Unexpected Journey (2012),2.5,3.3733989021043
rw0391442,Mojave Moon (1996),1.5,3.39535681610247
rw2514094,Simon Boccanegra (1998 TV Movie),3.0,3.39535681610247
rw2260713,Avatar (2009),4.5,3.382433668801464
rw1901422,Wanted (2008),2.5,3.382433668801464
rw5409718,Chhapaak (2020),0.5,3.39535681610247
rw5953794,Frontier(s) (2007),3.5,3.3733989021043
rw5275655,Frozen II (2019),5.0,3.3733989021043
rw3350189,Goldfinger (1964),4.5,3.3865507776761206
rw1038165,The Ladykillers (2004),0.5,3.380832570905764
rw0851501,Anger Management (2003),0.5,3.39535681610247
rw2772322,Ghostbusters II (1989),4.0,3.380832570905764
rw2673839,Pure Country 2: The Gift (2010),0.5,3.3733989021043
rw1704425,Harry Potter and the Order of the Phoenix (2007),3.0,3.3865507776761206
rw3313931,Mountains of the Moon (1990),5.0,3.39535681610247
rw0023272,Blondie in Society (1941),4.5,3.39535681610247
rw6425117,The Last Narc (2020– ),5.0,3.382433668801464
rw3268228,Incendies (2010),3.5,3.3733989021043
rw6098394,The Watermelon Woman (1996),1.5,3.3865507776761206
rw0913856,"Martha, Inc.: The Story of Martha Stewart (2003 TV Movie)",4.0,3.3865507776761206
rw0116391,Duel (1971 TV Movie),4.5,3.380832570905764
rw2727255,Terror Train (1980),4.0,3.382433668801464
rw3776148,Jezebel (1938),3.5,3.3733989021043
rw1671595,Love at First Bite (1979),4.0,3.3733989021043
rw0267716,Casualties of War (1989),3.5,3.380832570905764
rw3555680,Bananas (1971),3.5,3.39535681610247
rw5421409,Britannia (2017– ),4.0,3.380832570905764
rw6420754,Pose (2018– ),3.0,3.382433668801464
rw2569178,Band of Outsiders (1964),4.0,3.3865507776761206
rw4303853,Margarita 2 (2018),5.0,3.380832570905764
rw6075426,Raised by Wolves (2020– ),4.5,3.39535681610247
rw0005489,Plane Crazy (1928),4.0,3.382433668801464
rw6129554,Once Upon a Time in Anatolia (2011),0.5,3.3733989021043
rw2345019,Prince of Players (1955),3.5,3.382433668801464
rw0027460,Saboteur (1942),3.5,3.382433668801464
rw3416859,In Absentia (2000),2.0,3.382433668801464
rw5627837,Genius at Work (1946),5.0,3.39535681610247
rw1213389,Strange Days (1995),4.0,3.39535681610247
rw0049502,Jeopardy (1953),4.5,3.382433668801464
rw5853496,The Expanse (2015– ),1.0,3.380832570905764
rw4701693,Eighth Grade (2018),4.0,3.382433668801464
rw0525454,Cruel Intentions (1999),0.5,3.3865507776761206
rw4194633,Mulan (1998),4.5,3.3733989021043
rw1569920,Six Feet Under (2001–2005),1.5,3.3733989021043
rw1244813,Lone Wolf McQuade (1983),2.5,3.39535681610247
rw5697073,I.Q. (1994),3.0,3.380832570905764
rw0378127,Bad Moon (1996),4.5,3.380832570905764
rw4560411,Mary Poppins Returns (2018),4.0,3.3865507776761206
rw2531412,Hugo (2011),0.5,3.39535681610247
rw4150058,The Stepford Wives (1975),3.5,3.3733989021043
rw3072514,Captain America: The Winter Soldier (2014),2.5,3.380832570905764
rw4786974,Van Helsing (2016– ),2.5,3.382433668801464
rw1762679,The Protector (I) (1998),2.0,3.3733989021043
rw3545318,The Peanuts Movie (2015),4.0,3.380832570905764
rw1587058,Rocky Balboa (2006),5.0,3.3865507776761206
rw3595406,Vegucated (2011),4.0,3.39535681610247
rw5070057,Blood and Bone (2009),5.0,3.3733989021043
rw2148398,The Last Resort (I) (2009),0.5,3.380832570905764
rw0957718,The Incredibles (2004),5.0,3.382433668801464
rw4436449,Under The Wire (2018),5.0,3.3865507776761206
rw1562842,The Devil's Rejects (2005),0.5,3.380832570905764
rw5245565,The Tick (2016–2019),5.0,3.39535681610247
rw3768628,The Witch's Curse (1962),2.5,3.3865507776761206
rw3218780,Locke (2013),2.5,3.382433668801464
rw4197970,Lost River (2014),1.0,3.39535681610247
rw1320700,Fingersmith (2005),4.5,3.3865507776761206
rw1138931,Zombiez (2005 Video),0.5,3.380832570905764
rw4601203,Smallville (2001–2011),5.0,3.3865507776761206
rw5001343,Thru the Mirror (1936),4.5,3.3865507776761206
rw2551839,Killer Elite (2011),1.0,3.39535681610247
rw2092850,Midnight Caller (1988–1991),3.5,3.382433668801464
rw0134214,Busting (1974),2.5,3.3865507776761206
rw5139221,The Dead Files (2011– ),0.5,3.382433668801464
rw3397451,The Hateful Eight (2015),4.0,3.380832570905764
rw1045582,Thelma & Louise (1991),4.5,3.3733989021043
rw1009427,The Rocky Horror Picture Show (1975),5.0,3.39535681610247
rw5101555,Pain and Glory (2019),3.5,3.380832570905764
rw5129466,One Cut of the Dead (2017),4.5,3.3865507776761206
rw4521705,The Olympic Champ (1942),3.0,3.382433668801464
rw2752706,3D食人魚 (2010),3.0,3.380832570905764
rw5257447,Lady and the Tramp (2019),4.0,3.3865507776761206
rw1955853,An American Carol (2008),5.0,3.3733989021043
rw4179386,Get Shorty (2017– ),3.5,3.382433668801464
rw5739830,Crawl (I) (2019),4.5,3.380832570905764
rw6064113,Abhay (2019– ),5.0,3.3733989021043
rw6358627,A Christmas Movie Christmas (2019 TV Movie),1.0,3.382433668801464
rw4844141,Student of the Year 2 (2019),0.5,3.380832570905764
rw2982006,Fresh Ham (1933),2.5,3.382433668801464
rw2091543,Fun with Dick and Jane (1977),4.0,3.3865507776761206
rw1399823,Blank Check (1994),3.5,3.3733989021043
rw6445491,Coolie No. 1 (2020),0.5,3.39535681610247
rw5995297,Gunjan Saxena: The Kargil Girl (2020),5.0,3.3865507776761206
rw4240828,Delhi Belly (2011),5.0,3.3733989021043
rw3630428,The Bucket List (2007),4.0,3.3865507776761206
rw5238638,See (2019– ),1.0,3.380832570905764
rw3527861,Panama Patrol (1939),2.0,3.382433668801464
rw4882070,Love & Other Drugs (2010),3.5,3.382433668801464
rw0538071,Spider-Man (2002),5.0,3.3865507776761206
rw5645312,Just Mercy (2019),4.5,3.382433668801464
rw6229348,An American Pickle (2020),0.5,3.380832570905764
rw2049267,Dragonball Evolution (2009),5.0,3.39535681610247
rw5592548,The Letter for the King (2020– ),1.0,3.3865507776761206
rw6288767,Four Weddings and a Funeral (1994),5.0,3.39535681610247
rw5810883,Peaky Blinders (2013– ),2.0,3.39535681610247
rw2564674,Certified Copy (2010),1.0,3.3865507776761206
rw5063474,Hellboy (2019),3.5,3.380832570905764
rw1700571,Perfume: The Story of a Murderer (2006),4.5,3.3733989021043
rw4807556,Avengers: Endgame (2019),5.0,3.3865507776761206
rw1041004,Constantine (2005),4.0,3.3865507776761206
rw2441449,The Battle of Algiers (1966),3.5,3.39535681610247
rw4934750,Paranormal Investigation (2018),5.0,3.380832570905764
rw5889747,Breaking Glass (1980),5.0,3.39535681610247
rw0156403,Sturmtruppen (1976),3.0,3.382433668801464
rw1712832,Steambath (1973 TV Movie),5.0,3.39535681610247
rw2915318,Dom Hemingway (2013),2.5,3.382433668801464
rw2101275,Stepsisters (1974),0.5,3.380832570905764
rw4566614,Venom (2018),2.5,3.3865507776761206
rw2961762,Speed (1994),5.0,3.382433668801464
rw3820114,Quackerz (2016),2.0,3.39535681610247
rw6105405,Violation (2020),5.0,3.3865507776761206
rw4980001,Thoroughbreds (2017),2.0,3.39535681610247
rw5940515,Double World (2020),3.5,3.380832570905764
rw5610450,I Am Not an Easy Man (2018),5.0,3.382433668801464
rw4914220,Killing Ground (2016),3.5,3.380832570905764
rw1983352,Beneath the Planet of the Apes (1970),5.0,3.3865507776761206
rw4286028,Erased (2012),2.0,3.39535681610247
rw1600026,Schröders wunderbare Welt (2006),5.0,3.3733989021043
rw3762030,"Caltiki, the Immortal Monster (1959)",4.0,3.39535681610247
rw2975163,Ender's Game (2013),2.5,3.39535681610247
rw1505671,Broken News (2005– ),4.5,3.3865507776761206
rw5436181,Game of Thrones (2011–2019),4.0,3.382433668801464
rw1079637,All Fall Down (1962),3.0,3.380832570905764
rw6032084,The 100 (2014–2020),5.0,3.380832570905764
rw2109572,Public Enemies (2009),3.0,3.382433668801464
rw4789191,Jawbreaker (1999),4.0,3.3865507776761206
rw5971426,Child's Play (2019),0.5,3.380832570905764
rw5792095,Up the Academy (1980),1.5,3.39535681610247
rw4598466,Zipi y Zape y el club de la canica (2013),0.5,3.3865507776761206
rw5698106,Jennifer's Body (2009),4.0,3.39535681610247
rw4049946,Soul Kitchen (2009),3.5,3.3733989021043
rw5254010,The Mandalorian (2019– ),5.0,3.3733989021043
rw3347790,Winter on Fire: Ukraine's Fight for Freedom (2015),5.0,3.380832570905764
rw2251320,Pressure (1976),3.5,3.3865507776761206
rw5370070,Tokyo Vampire Hotel (2017),4.5,3.382433668801464
rw0023410,Citizen Kane (1941),5.0,3.3733989021043
rw1546061,Knight Rider 2010 (1994 TV Movie),4.0,3.380832570905764
rw4519331,Blackmail (I) (2018),5.0,3.3733989021043
rw0350557,The Stöned Age (1994),5.0,3.39535681610247
rw4207194,Film Stars Don't Die in Liverpool (2017),4.5,3.382433668801464
rw1973141,The Greatest Story Ever Told (1965),2.0,3.382433668801464
rw4708147,Senna (2010),4.0,3.3865507776761206
rw4024077,"With Love, Christmas (2017 TV Movie)",2.5,3.380832570905764
rw6000053,Khuda Haafiz (2020),4.5,3.382433668801464
rw4841660,Pokémon Detective Pikachu (2019),3.5,3.3733989021043
rw5788578,WrestleMania XIV (1998 TV Special),4.0,3.3733989021043
rw6447601,The Hand That Rocks the Cradle (1992),5.0,3.3733989021043
rw0345388,The Phoenix and the Magic Carpet (1995),5.0,3.382433668801464
rw4943388,The Next Hit (2008),0.5,3.382433668801464
rw6064550,Bad Genius (2020),4.5,3.39535681610247
rw2536756,Downfall (2004),5.0,3.380832570905764
rw4415083,New Amsterdam (2018– ),5.0,3.380832570905764
rw2326271,The New World (2005),3.0,3.380832570905764
rw0210718,Friday the 13th: The Final Chapter (1984),5.0,3.380832570905764
rw6438464,History's Greatest Mysteries (2020– ),5.0,3.380832570905764
rw3074080,Afflicted (2013),1.5,3.39535681610247
rw5789614,Snatchers (2019),5.0,3.39535681610247
rw1881587,Space Jam (1996),4.5,3.3865507776761206
rw2556444,Titanic II (2010 Video),0.5,3.382433668801464
rw1593835,The Veteran (2006 TV Movie),3.5,3.3865507776761206
rw1716627,Communion (1976),4.5,3.380832570905764
rw1535894,A History of Violence (2005),4.5,3.382433668801464
rw4053772,Chasing the Dragon (2017),4.0,3.380832570905764
rw2727368,Student of the Year (2012),3.0,3.3733989021043
rw1770963,Thelma & Louise (1991),3.0,3.3865507776761206
rw2531452,The Wild Party (1929),2.0,3.3733989021043
rw5222749,Hazbin Hotel (2019– ),5.0,3.3865507776761206
rw5988934,Gunjan Saxena: The Kargil Girl (2020),4.5,3.380832570905764
rw0815072,Shaolin Soccer (2001),5.0,3.382433668801464
rw0676424,Groove (2000),5.0,3.380832570905764
rw1262774,The Breakfast Club (1985),4.5,3.382433668801464
rw6290280,The Homesman (2014),2.0,3.39535681610247
rw5931605,Dil Bechara (2020),5.0,3.3865507776761206
rw3109444,Fury (2014),2.0,3.39535681610247
rw2076966,Slow Burn (1986 TV Movie),3.5,3.380832570905764
rw5216772,Wounds (2019),2.0,3.380832570905764
rw1704447,The Adventures of Ichabod and Mr. Toad (1949),3.5,3.3865507776761206
rw0815810,Bend It Like Beckham (2002),5.0,3.380832570905764
rw3715643,Raw (2016),5.0,3.39535681610247
rw3420177,Miruthan (2016),5.0,3.3733989021043
rw3349962,A Matter of WHO (1961),4.0,3.39535681610247
rw1005353,"Bertha, the Sewing Machine Girl (1926)",3.0,3.39535681610247
rw2863888,Phantasm II (1988),2.0,3.3733989021043
rw6021509,Mother's Child (2020),5.0,3.39535681610247
rw4688689,Chicago Syndicate (1955),3.0,3.39535681610247
rw6133076,Archaon: The Halloween Summoning (2020),1.0,3.3865507776761206
rw4959918,Forest Man (2013),3.0,3.3733989021043
rw4788086,The Starving Games (2013),1.0,3.380832570905764
rw3303147,Aloha (I) (2015),2.5,3.382433668801464
rw2135424,Lolita (1997),5.0,3.3733989021043
rw1433205,Monkey Business (1931),3.0,3.3733989021043
rw5714134,Human Zoo (2020),4.0,3.380832570905764
rw1696481,Le vélo de Ghislain Lambert (2001),2.5,3.3733989021043
rw1171670,The Phantom of the Opera (2004),5.0,3.382433668801464
rw2358771,The King's Speech (2010),4.5,3.382433668801464
rw1756323,Critters (1986),3.0,3.382433668801464
rw2031037,The Line (I) (2009– ),4.0,3.39535681610247
rw1873056,Bound (1996),3.5,3.3733989021043
rw2062405,The Passion of Ayn Rand (1999 TV Movie),3.5,3.380832570905764
rw4471164,Smoke (2018–2019),5.0,3.39535681610247
rw0441710,54 (1998),5.0,3.382433668801464
rw1806726,Grease 2 (1982),1.0,3.39535681610247
rw0681211,Wives and Daughters (1999– ),4.5,3.382433668801464
rw1685550,Village of the Damned (1960),3.5,3.3733989021043
rw5072944,The Lion King (2019),4.5,3.380832570905764
rw0075873,West Side Story (1961),4.0,3.380832570905764
rw1077545,Summer City (1977),1.5,3.382433668801464
rw2007106,The Punisher (2004),3.5,3.3733989021043
rw5808594,Knights of the Damned (2017),5.0,3.382433668801464
rw3066662,Guardians of the Galaxy (2014),5.0,3.3733989021043
rw2898699,The To Do List (2013),3.0,3.39535681610247
rw2080568,Gran Torino (2008),4.0,3.3865507776761206
rw2424715,Hoodwinked Too! Hood vs. Evil (2011),3.0,3.3733989021043
rw1662192,The Tingler (1959),5.0,3.382433668801464
rw3346966,RoboCop (2014),4.5,3.3733989021043
rw6360280,Park Na-rae: Glamour Warning (2019 TV Special),4.0,3.3865507776761206
rw5526315,Steel (I) (2015),2.5,3.3865507776761206
rw2463275,Serenity (2005),3.5,3.3733989021043
rw1411970,Eliza's Horoscope (1975),1.0,3.3733989021043
rw4019603,Star Wars: Episode VIII - The Last Jedi (2017),4.5,3.3865507776761206
rw3520930,Mad Money (2008),3.5,3.3865507776761206
rw2020743,Mildred Pierce (1945),2.5,3.380832570905764
rw3194413,The Wedding Ringer (2015),2.0,3.39535681610247
rw1887619,A Nightmare on Elm Street (1984),4.5,3.380832570905764
rw3065925,Infamous (2006),4.5,3.3865507776761206
rw3220283,The Children's Hour (1961),4.0,3.3733989021043
rw3678125,Ghost in the Shell (2017),4.0,3.3865507776761206
rw5978261,Suspect (1987),3.5,3.3733989021043
rw4880397,A Dog's Way Home (2019),1.0,3.3733989021043
rw0034822,My Darling Clementine (1946),5.0,3.380832570905764
rw1421420,Pirates of the Caribbean: Dead Man's Chest (2006),3.5,3.380832570905764
rw5918445,The Exorcist (1973),5.0,3.380832570905764
rw3431450,Manipulation (1991),2.0,3.3865507776761206
rw5475052,The Way Way Back (2013),4.0,3.382433668801464
rw2496362,50/50 (2011),4.0,3.380832570905764
rw3233539,Fear No Fruit (2015),5.0,3.380832570905764
rw4723382,Kim Possible (2019 TV Movie),5.0,3.3733989021043
rw4525873,1987: When the Day Comes (2017),5.0,3.380832570905764
rw6450157,The Mandalorian (2019– ),5.0,3.39535681610247
rw4074202,Discovering Bigfoot (2017 Video),3.0,3.382433668801464
rw0059998,12 Angry Men (1957),5.0,3.380832570905764
rw1661694,Epic Movie (2007),1.0,3.380832570905764
rw2396305,Earthwork (2009),4.0,3.3865507776761206
rw3087443,The Intouchables (2011),5.0,3.3865507776761206
rw4179963,La La Land (2016),2.5,3.3865507776761206
rw5988319,Gunjan Saxena: The Kargil Girl (2020),4.5,3.382433668801464
rw1106137,Eu Matei Lúcio Flávio (1979),2.0,3.382433668801464
rw2024987,The Wrestler (2008),3.5,3.380832570905764
rw3693053,Wolves at the Door (2016),1.0,3.382433668801464
rw1400471,X-Men (2000),5.0,3.39535681610247
rw3726253,Guardians of the Galaxy Vol. 2 (2017),1.0,3.3733989021043
rw1973502,Stargate: Atlantis (2004–2009),4.5,3.382433668801464
rw4118714,Eternal Sunshine of the Spotless Mind (2004),3.5,3.3865507776761206
rw0979557,Conquest of Space (1955),2.5,3.380832570905764
rw2328426,Inception (2010),5.0,3.382433668801464
rw4584687,The Conspirators (1944),3.5,3.3865507776761206
rw4441695,The Haunting of Hill House (2018),3.5,3.3733989021043
rw4980777,Mission: Impossible - Fallout (2018),3.0,3.3865507776761206
rw5280979,Door in the Woods (2019),1.5,3.380832570905764
rw6325104,Johnny English Strikes Again (2018),3.5,3.39535681610247
rw0810932,Boat Trip (2002),1.0,3.3865507776761206
rw5092145,Angel Has Fallen (2019),2.5,3.3733989021043
rw2305023,Koyaanisqatsi (1982),5.0,3.3733989021043
rw4047143,Gangsta (2018),5.0,3.39535681610247
rw2091954,Bedtime Stories (2008),4.5,3.382433668801464
rw0187272,Cannibal Ferox (1981),2.5,3.380832570905764
rw1348829,Silent Hill (2006),2.5,3.3865507776761206
rw2690184,Jewel Robbery (1932),4.5,3.380832570905764
rw4377219,The Houses October Built 2 (2017),0.5,3.380832570905764
rw5629538,Two Against the World (1936),3.0,3.39535681610247
rw3762896,Antboy 3 (2016),2.0,3.3865507776761206
rw4931754,X-Men: Dark Phoenix (2019),4.0,3.380832570905764
rw5279405,Vanishing on 7th Street (2010),4.5,3.382433668801464
rw0793134,I Am Sam (2001),4.0,3.3865507776761206
rw5485176,Jojo Rabbit (2019),4.5,3.382433668801464
rw1932176,Antônia (2006),4.5,3.382433668801464
rw5492557,Forrest Gump (1994),5.0,3.3865507776761206
rw2403404,Hot Fuzz (2007),4.5,3.3733989021043
rw5478170,March for Freedom (2019),5.0,3.380832570905764
rw4815336,Avengers: Endgame (2019),5.0,3.382433668801464
rw5909069,Breathe (2018– ),4.0,3.3733989021043
rw4818045,Avengers: Endgame (2019),3.5,3.39535681610247
rw2785590,The Hunger Games (2012),0.5,3.380832570905764
rw3705323,Ghost in the Shell (2017),4.5,3.3733989021043
rw2831502,Accidents Happen (2009),0.5,3.39535681610247
rw2745760,Vishwaroopam (2013),4.5,3.380832570905764
rw4710100,Captain Marvel (2019),3.0,3.382433668801464
rw1507835,The Nightmare Before Christmas (1993),4.5,3.39535681610247
rw2900868,Babylon (1980),3.5,3.39535681610247
rw4230231,Jurassic World: Fallen Kingdom (2018),2.5,3.382433668801464
rw4513351,Aquaman (2018),5.0,3.39535681610247
rw5650283,High Society (2017),4.5,3.3865507776761206
rw2094186,Shortkut - The Con Is On (2009),2.0,3.382433668801464
rw5579642,Beach Road Chetan (2019),5.0,3.382433668801464
rw2933763,Det gælder din frihed (1946),3.5,3.3733989021043
rw0248058,Pathfinder (1987),5.0,3.380832570905764
rw2984732,Dr. Jekyll and Mr. Hyde (I) (1920),1.5,3.380832570905764
rw5217549,Terminator: Dark Fate (2019),5.0,3.39535681610247
rw1425223,Midnight Run (1988),4.0,3.3733989021043
rw3666012,Face/Off (1997),5.0,3.380832570905764
rw3780423,Life (I) (2017),4.5,3.3865507776761206
rw4661267,In Harm's Way (2017),5.0,3.380832570905764
rw4357117,I Am Not Your Negro (2016),4.5,3.39535681610247
rw2893926,The East (2013),0.5,3.39535681610247
rw2731021,Rok Sako To Rok Lo (2004),5.0,3.39535681610247
rw3640158,"20,000 Years in Sing Sing (1932)",3.5,3.3865507776761206
rw6327165,Vulcania (2015),3.0,3.3865507776761206
rw3740507,Transformers: The Last Knight (2017),4.0,3.382433668801464
rw3235893,Bully (2001),5.0,3.39535681610247
rw2294351,Yes Man (2008),1.5,3.380832570905764
rw1918751,The Dark Knight (2008),4.5,3.39535681610247
rw5840152,Winterherz: Tod in einer kalten Nacht (2018 TV Movie),2.0,3.3865507776761206
rw5954960,Shakuntala Devi (2020),5.0,3.380832570905764
rw5584796,Once Upon a Time... In Hollywood (2019),5.0,3.3733989021043
rw5688500,Money Heist (2017– ),4.0,3.39535681610247
rw4358856,College Romance (2018– ),5.0,3.39535681610247
rw6265922,Fifty Shades of Grey (2015),5.0,3.382433668801464
rw2215059,Happy Feet (2006),1.0,3.3733989021043
rw0896142,Dil Vil Pyar Vyar (2002),4.0,3.3733989021043
rw2927856,Closed Circuit (2013),2.5,3.3733989021043
rw3114784,Dawn of the Planet of the Apes (2014),4.5,3.382433668801464
rw2985360,Divergent (2014),2.5,3.39535681610247
rw3543195,Extraction (II) (2015),0.5,3.3733989021043
rw6199855,Rebecca (I) (2020),2.0,3.380832570905764
rw0078220,The Longest Day (1962),4.0,3.380832570905764
rw1398988,Zardoz (1974),0.5,3.380832570905764
rw0901067,He Sees You When You're Sleeping (2002 TV Movie),2.5,3.382433668801464
rw5756833,Chernobyl (2019),5.0,3.3865507776761206
rw4223627,Bees Make Honey (2017),3.5,3.3865507776761206
rw3026998,Keep It Up Downstairs (1976),2.0,3.39535681610247
rw2178757,西線無戰事 (1930),3.5,3.39535681610247
rw4256846,Sherlock (2010–2017),5.0,3.380832570905764
rw1627643,太陽浩劫 (2007),1.0,3.39535681610247
rw0668721,Could Be Worse! (2000),1.0,3.39535681610247
rw0173905,Caddyshack (1980),5.0,3.380832570905764
rw5880250,Slumdog Millionaire (2008),3.5,3.380832570905764
rw4091531,Annihilation (2018),4.5,3.382433668801464
rw2329073,Polizischt Wäckerli (1955),5.0,3.382433668801464
rw1981733,Familiar Strangers (2008),0.5,3.3865507776761206
rw4679675,The Bye Bye Man (2017),1.0,3.380832570905764
rw3397033,Shadowhunters (2016–2019),1.0,3.380832570905764
rw1408742,The Devil Wears Prada (2006),5.0,3.380832570905764
rw4582261,The Return of Superfly (1990),2.5,3.380832570905764
rw4679891,Spider-Man: Into the Spider-Verse (2018),5.0,3.382433668801464
rw6412444,Wonder Woman 1984 (2020),3.0,3.3865507776761206
rw0084822,Devil Doll (1964),0.5,3.3733989021043
rw2596210,Bad Ass (2012),1.5,3.39535681610247
rw0158655,Dawn of the Dead (1978),5.0,3.3865507776761206
rw2784055,Iron Man Three (2013),3.5,3.39535681610247
rw3107756,Under the Skin (1997),3.5,3.382433668801464
rw1514600,Psycho II (1983),3.5,3.380832570905764
rw5350503,維多利亞壹號 (2010),3.5,3.3865507776761206
rw1953619,Death of a Ghost Hunter (2007),3.5,3.382433668801464
rw3545754,Dark City (1998),4.5,3.39535681610247
rw4786937,White Chamber (2018),1.5,3.380832570905764
rw5759718,Money Heist (2017– ),2.0,3.3733989021043
rw1817452,Pumpkinhead II: Blood Wings (1993 Video),3.0,3.3733989021043
rw5814376,The Secret Place (1957),3.0,3.3733989021043
rw2204916,Inglourious Basterds (2009),2.0,3.39535681610247
rw2676191,Slovenka (2009),0.5,3.380832570905764
rw3467307,Batman v Superman: Dawn of Justice (2016),3.5,3.382433668801464
rw1610268,The Goddess (1958),5.0,3.3865507776761206
rw1662485,Shrek the Third (2007),2.5,3.3733989021043
rw2105683,Satan's Baby Doll (1982),3.0,3.380832570905764
rw1017018,Sinful Deeds (2003 Video),2.0,3.3733989021043
rw3471264,Dracula Untold (2014),4.0,3.380832570905764
rw4454529,A Man Called Ahok (2018),4.0,3.39535681610247
rw0492658,The Cider House Rules (1999),4.5,3.380832570905764
rw4268029,Rogue One: A Star Wars Story (2016),0.5,3.380832570905764
rw5511741,We Have Always Lived in the Castle (2018),1.0,3.3865507776761206
rw2233164,Team America: World Police (2004),4.0,3.3733989021043
rw0946203,Another Man's Poison (1951),2.5,3.380832570905764
rw0806526,Bloom (I) (2003),0.5,3.39535681610247
rw2199601,爛兄爛弟 (2008),1.5,3.3733989021043
rw5764598,Baptiste (2019– ),5.0,3.3733989021043
rw5247579,Poaching (2019),5.0,3.39535681610247
rw3496482,Independence Day: Resurgence (2016),1.5,3.380832570905764
rw1960441,Mame (1974),3.5,3.3733989021043
rw0675330,A.I. Artificial Intelligence (2001),2.0,3.3865507776761206
rw1520316,The Lather Effect (2006),4.5,3.39535681610247
rw0867551,Bruce Almighty (2003),0.5,3.3733989021043
rw4132796,Redwood (2017),4.5,3.380832570905764
rw2074399,Driven to Kill (2009 Video),3.0,3.3733989021043
rw3178449,Seventh Son (I) (2014),2.0,3.3865507776761206
rw3016245,Nurse 3D (2013),1.5,3.3865507776761206
rw3316963,The Exorcism of Emily Rose (2005),2.0,3.3865507776761206
rw6403106,Wonder Woman 1984 (2020),0.5,3.382433668801464
rw5903264,Merlin (2008–2012),4.5,3.3865507776761206
rw2897378,Spookies (1986),5.0,3.3865507776761206
rw2618511,The Avengers (2012),4.0,3.3865507776761206
rw2961493,Troy (2004),3.5,3.39535681610247
rw4546842,You (2018– ),2.5,3.380832570905764
rw5784772,Life with Lucy (1986),5.0,3.382433668801464
rw0142187,Jaws (1975),4.5,3.3733989021043
rw0345990,Pulp Fiction (1994),4.5,3.380832570905764
rw3810221,Legend (1995),4.0,3.39535681610247
rw1423053,Funeral in Berlin (1966),3.5,3.380832570905764
rw1389197,Azumi (2003),3.0,3.3733989021043
rw1839835,Alien³ (1992),0.5,3.3865507776761206
rw6099228,Dorojka (2019),5.0,3.3865507776761206
rw6384968,Tin Star (2017–2020),2.0,3.3733989021043
rw4475541,Equals (2015),2.0,3.3865507776761206
rw2509977,The Forgiveness of Blood (2011),3.5,3.3865507776761206
rw4965286,Scanners (1981),3.5,3.3733989021043
rw1635786,太陽浩劫 (2007),3.5,3.382433668801464
rw0432808,Spawn (1997),2.0,3.3865507776761206
rw2173610,Reckless Kelly (1993),2.5,3.382433668801464
rw6267355,I Am Greta (2020),5.0,3.3865507776761206
rw1603228,The Covenant (2006),0.5,3.3733989021043
rw5267914,Mother! (2017),1.5,3.3733989021043
rw1639730,Asphalt jungle (1950),4.5,3.39535681610247
rw5414732,Uncut Gems (2019),5.0,3.380832570905764
rw1794487,The Day After (1983 TV Movie),5.0,3.3865507776761206
rw2619096,Prometheus (I) (2012),0.5,3.382433668801464
rw0836041,Garcea si oltenii (2001),0.5,3.382433668801464
rw4787432,Interstellar (2014),5.0,3.39535681610247
rw1178623,The Killing (1956),4.5,3.382433668801464
rw2379102,Mad Men (2007–2015),0.5,3.39535681610247
rw6008016,The Darkness (I) (2016),2.0,3.382433668801464
rw2590020,Fog Island (1945),0.5,3.382433668801464
rw1229623,The Black Cat (1934),4.0,3.382433668801464
rw4503072,2.0 (2018),4.5,3.39535681610247
rw5095376,Occupation (2018),1.0,3.382433668801464
rw0545525,Happiness (1998),5.0,3.382433668801464
rw1097293,Bye Bye Braverman (1968),4.5,3.3865507776761206
rw3502118,Red Heat (1988),3.5,3.3733989021043
rw3402135,Kyaa Kool Hain Hum 3 (2016),0.5,3.382433668801464
rw4277029,Hostiles (2017),3.5,3.3733989021043
rw0716893,Harry Potter and the Sorcerer's Stone (2001),5.0,3.380832570905764
rw3516284,The Inspector General (1949),3.5,3.39535681610247
rw4717627,Ben Is Back (2018),3.5,3.380832570905764
rw1820267,Dead Man's Shoes (2004),0.5,3.3733989021043
rw1293692,The Boondock Saints (1999),1.0,3.3733989021043
rw5526105,Sonic the Hedgehog (2020),3.0,3.3865507776761206
rw1173380,Shades of Gray (2005),4.5,3.3733989021043
rw3523175,Allegiant (2016),3.5,3.380832570905764
rw0128797,The Exorcist (1973),5.0,3.382433668801464
rw6433949,Archive (2020),3.5,3.3733989021043
rw0043251,Self Made Maids (1950),5.0,3.3865507776761206
rw2212933,The Devil's Tomb (2009),3.5,3.3865507776761206
rw2857828,Cruising (1980),5.0,3.3733989021043
rw1463878,Lurkers (1988),1.5,3.380832570905764
rw1033301,The Last Run (1971),4.5,3.3733989021043
rw2773081,Alice Doesn't Live Here Anymore (1974),3.5,3.39535681610247
rw5652773,#BlackAF (2020– ),2.5,3.3733989021043
rw0859048,A Mighty Wind (2003),3.5,3.380832570905764
rw5465143,The Expanse (2015– ),5.0,3.3733989021043
rw6052921,I See You (II) (2019),3.5,3.3865507776761206
rw5111349,It Chapter Two (2019),3.0,3.39535681610247
rw3378882,Creed (II) (2015),3.5,3.3865507776761206
rw1043824,Avanim (2004),5.0,3.382433668801464
rw4101896,Midnight Sun (2018),3.5,3.3733989021043
rw5056934,Eerie (2018),3.5,3.380832570905764
rw0638754,"O Brother, Where Art Thou? (2000)",4.0,3.39535681610247
rw2356405,Nostalgia (1983),3.5,3.39535681610247
rw2596859,Scream 4 (2011),2.0,3.3733989021043
rw2134083,À Nos Amours (1983),4.0,3.3865507776761206
rw3735033,Iqaluit (2016),4.0,3.39535681610247
rw3353599,Conspiracy (2001 TV Movie),3.5,3.39535681610247
