id,movie_title,y_true,y_image_pred
rw1668379,Mission: Impossible (1966–1973),4.0,3.480195254038015
rw0704620,The Matrix Reloaded (2003),4.0,2.4519179393289665
rw0481138,Star Wars: Episode I - The Phantom Menace (1999),3.0,4.287244508765528
rw2350502,The Mask of Zorro (1998),5.0,3.3907466343477375
rw5075161,Ambili (2019),5.0,3.382384110301548
rw3809975,Mother! (2017),1.0,1.249670713743741
rw3054540,"Sinbad, the Sailor (1947)",3.5,3.4906727702109634
rw4144651,Avengers: Infinity War (2018),4.0,4.013847977178149
rw2682263,Upside Down (I) (2012),4.0,3.3206797132303407
rw1072383,Pearl Harbor (2001),1.0,2.8825205878084814
rw1507820,Stormbreaker (2006),4.0,3.2822034881982134
rw3441405,Sahara (I) (1943),3.5,3.5048016840822767
rw3701319,The Beast of Hollow Mountain (1956),3.0,3.44819016551858
rw4235288,Star Trek: Voyager (1995–2001),4.5,3.8002262430297487
rw1778781,White Dog (1982),3.5,3.368978610924948
rw4285422,Their Purple Moment (1928),3.0,3.5139803692420104
rw2486516,Fright Night (2011),4.0,3.208577418230816
rw2452468,Contract Killers (2008),4.0,3.3864575926360874
rw0510926,The Matrix (1999),4.0,4.597732346565298
rw3595309,Vertigo (1958),4.0,4.5795995656133615
rw5424977,Cats (2019),0.5,1.8957691068989058
rw4431432,Snoopy Come Home (1972),4.0,3.44211685837956
rw5610960,Incendies (2010),2.0,3.81963129519151
rw6192864,Tremors: Shrieker Island (2020 Video),3.0,3.4006711911699363
rw4906305,The Man in the Iron Mask (1939),1.5,3.3688878755258704
rw3827518,Jay and Silent Bob Strike Back (2001),5.0,3.2399161464615216
rw1940123,An American Crime (2007),3.0,3.402244678735248
rw4458032,Person of Interest (2011–2016),4.0,4.436934006303536
rw4576899,The Falling (2014),3.0,3.246616193108677
rw1552238,Joseph and the Amazing Technicolor Dreamcoat (1999 Video),3.5,3.5149282417639496
rw2953735,The Counselor (2013),0.5,3.389073042866491
rw2434791,Surveillance (I) (2008),1.5,3.184500166623277
rw5064992,Crawl (I) (2019),3.5,3.8384520354492944
rw0989173,Funeral Home (1980),2.0,3.670516885243438
rw5932054,Warpath (2020),1.5,3.3379319348453507
rw1989291,Hancock (2008),0.5,2.7961990285615324
rw2389529,Cousin cousine (1975),2.0,3.5098808048720893
rw0001585,The Heart of Texas Ryan (1917),5.0,3.512426335313679
rw0034701,Lonesome Lenny (1946),5.0,3.399109755480337
rw2787063,Thor (2011),4.0,2.4935821560060023
rw1141336,Stranger Than Paradise (1984),0.5,3.4463550905683844
rw5707404,Mrs. Serial Killer (2020),4.0,4.326899170588349
rw3209061,Western Mail (1942),4.5,3.717237818966546
rw5702779,Ex Machina (2014),4.0,3.289297301788725
rw3733461,American Flyers (1985),3.5,3.3961512491944053
rw6007269,Promised (2019),5.0,3.2789581539577197
rw4881364,Nonsense (2018),4.5,3.4888267722534767
rw0577133,Ghost Dog: The Way of the Samurai (1999),3.5,3.2678226912037793
rw2331408,Robin Hood (2010),2.5,3.2842596351058044
rw5597159,The Drone (2019),1.5,3.288727284084432
rw3823038,The Bad Batch (2016),2.0,3.3066538777151613
rw1234514,"The Chronicles of Narnia: The Lion, the Witch and the Wardrobe (2005)",5.0,4.633472393111401
rw3149615,American Guinea Pig: Bouquet of Guts and Gore (2014),5.0,3.3313529002889415
rw5483444,Band of the Hand (1986),2.5,3.3123039361558555
rw3734261,Beauty and the Beast (I) (2017),5.0,4.023485698459968
rw6109568,The Scapegoat (1959),2.5,3.401728642850913
rw5680677,Spirited Away (2001),3.0,4.58856068825395
rw2586273,The Thomas Crown Affair (1999),3.5,3.4469277767408513
rw3683843,Quo vado? (2016),3.5,3.370305857264765
rw3313449,War Room (2015),5.0,3.2624785443700315
rw1846318,Play Dead (1983),1.0,3.305068405884784
rw5710334,Love & Mercy (2014),2.5,3.402934312570722
rw1792133,Life as a House (2001),4.0,3.5138182838434164
rw5743435,Forbidden Planet (1956),3.5,3.3374311184445826
rw3877042,Eye See You (2002),1.5,3.3606901763116594
rw6018527,Greyhound (2020),3.0,3.438865914715924
rw5266596,Hollywood Vice Squad (1986),3.5,3.3596357944258517
rw4990199,Aziz Ansari: Right Now (2019 TV Special),3.5,3.4645580844572965
rw6450596,Alice in Wonderland (1966 TV Movie),4.0,3.3342107640770915
rw3324500,Standing on the Shoulders of Kubrick: The Legacy of 2001 (2007 Video),2.0,3.377752272321607
rw4666236,Alita: Battle Angel (2019),4.5,4.298732455821785
rw6201224,Batman: Mask of the Phantasm (1993),4.0,3.4111191336397613
rw6357668,Underworld: Blood Wars (2016),0.5,3.6633194170475862
rw4351444,College Romance (2018– ),5.0,4.390145683276228
rw5883263,Hold the Dark (2018),0.5,2.748630266020965
rw1424814,Lady in the Water (2006),4.0,3.189771504708431
rw4794492,The Village (2004),4.0,4.372873849618149
rw3775567,The Guest Book (2017–2018),5.0,3.4779237893220327
rw1251957,Nobody Knows (2004),2.5,3.654623676380448
rw4577912,The Accidental Prime Minister (2019),5.0,3.202312866324276
rw3494730,Dying of the Light (2014),2.0,3.191889230151744
rw1346430,La niña de la mochila azul (1979),3.5,3.4893287327509666
rw2867447,This Is the End (2013),0.5,1.2020874595914735
rw0030514,Henry V (1944),4.0,3.470895458361927
rw0058555,The Man Who Knew Too Much (1956),3.0,3.517294240739294
rw1751803,The Shadow (1940),3.0,3.274036321548974
rw0450534,Enemy of the State (1998),5.0,3.301192918747692
rw1552439,The Pursuit of Happyness (2006),5.0,3.2427057774140207
rw6139005,The Mentalist (2008–2015),5.0,3.6931287616280484
rw2577648,Paan Singh Tomar (2012),5.0,3.3171716064630683
rw4278264,Interstellar (2014),5.0,4.317688274109335
rw6107628,Witness for the Prosecution (1982 TV Movie),3.5,3.4328758480347252
rw0627489,The Blair Witch Project (1999),4.0,3.3599625832467126
rw2478675,Assassin's Creed (2007 Video Game),5.0,2.8124114546214085
rw6377744,Fishtales (2007),1.5,3.4737913556362923
rw5811617,Fifty Shades of Grey (2015),5.0,3.106590631467634
rw0960897,Kung Pow: Enter the Fist (2002),5.0,3.4001859235481398
rw5317571,Tall Girl (2019),0.5,2.1007424763262814
rw4727414,Badla (2019),1.5,3.3319571691873695
rw4877476,Baby (I) (2015),4.5,3.224581449188045
rw5780311,The Last Dance (2020),4.0,4.289629648598958
rw5598316,Dia (2020),4.5,3.35580841950825
rw5175387,The Other End of the Line (2008),4.5,3.2386706108949417
rw4574764,Do You Trust This Computer? (2018),5.0,3.1820772446163574
rw6222270,Leaving D.C. (2012),3.0,3.2842283857258696
rw0668451,Ginger Snaps (2000),4.0,3.0872412024850737
rw0789924,Crossroads (I) (2002),4.0,3.365321774848326
rw3748276,Snowfall (2017– ),4.0,3.172688404729783
rw1551006,Holiday (1938),4.5,3.4292768257034085
rw4339744,Bleach (2018),4.0,3.3649596786915703
rw2556535,Take Shelter (2011),4.0,3.3435467277890876
rw6444544,Good Time (2017),4.5,3.4008167823325537
rw3543005,Night in Paradise (1946),3.5,3.428283907154355
rw0325642,Much Ado About Nothing (1993),5.0,3.4283442641119146
rw4005228,Equity (I) (2016),3.0,3.1890527110274074
rw6245111,The Shack (I) (2017),5.0,3.3201786830979505
rw4939993,For The People (2018–2019),1.5,3.301860621684926
rw0495577,Shrek (2001),4.5,4.201427505749144
rw5184959,The Art of Self-Defense (2019),3.5,3.25523940309728
rw1884218,Arroseur et arrosé (1896),3.0,3.4964490201536944
rw0983249,Basic (2003),1.0,3.4728744861882213
rw4863663,Ride (III) (2018),2.0,3.309634449575826
rw2350425,Louis Sullivan: the Struggle for American Architecture (2010),5.0,3.620943968996042
rw2575921,Watch on the Rhine (1943),3.5,3.3310244652556076
rw4714701,The Order (2019–2020),5.0,3.620943968996042
rw3506419,Boot Camp (2008),2.0,3.2603825982814754
rw4548380,Insidious: The Last Key (2018),3.5,3.1727799239415213
rw4273335,The Room (2003),5.0,2.8846789933813026
rw5170345,Baba Yaga (1973),1.0,3.3041102370153292
rw1827367,Annabelle's Affairs (1931),4.0,3.361923181589482
rw2147318,Infestation (2009),3.0,3.233199788435602
rw2491614,Sanctum (2011),0.5,3.1095563241483575
rw1876194,The Forbidden Kingdom (2008),4.5,3.453151218270677
rw2245208,Stepping Out (1991),1.5,3.4677839830176396
rw3799369,King Arthur: Legend of the Sword (2017),3.5,3.2838062095225027
rw0229518,Aliens (1986),4.0,4.0643815041892655
rw3001610,The Skeleton Key (2005),4.5,3.0709113480041816
rw3559176,Lights Out (II) (2016),4.0,3.2441344326557418
rw0980290,The Perfect Pitch (2002 TV Short),5.0,3.294725770063064
rw5125739,Mission Over Mars (2019– ),5.0,4.326162669150508
rw2601383,Wolf (1994),3.0,3.2666719769259522
rw2542040,A Gifted Man (2011–2012),5.0,3.1906106423763982
rw1854242,Conversations with Other Women (2005),3.5,3.2309715038406552
rw2425778,Tere Bin Laden (2010),3.0,3.3673136750717827
rw5521089,Ford v Ferrari (2019),3.5,3.470442578574541
rw0853625,Cradle 2 the Grave (2003),0.5,3.3195654500441574
rw2850332,The Fosters (2013–2018),4.0,3.710317567112034
rw4618317,The 5th Wave (2016),2.0,3.1650997503236344
rw3127142,Love Is Strange (2014),3.5,3.458695149865369
rw3361158,Dick Tracy (1990),4.0,3.4829272435278202
rw2965291,Rock 'n' Roll High School (1979),3.0,3.4764255219937317
rw3557817,Turkey Shoot (1982),3.0,3.287741489838635
rw4341450,The Red Pill (2016),3.5,3.433222058007098
rw0828919,The Rules of Attraction (2002),3.5,3.4722581591597215
rw2123484,A Double Life (1947),4.5,3.3612584816475644
rw2376444,Akira (1988),5.0,4.58138183741696
rw3234271,Avengers: Age of Ultron (2015),4.0,3.4866118058147566
rw6289910,Merry In-Laws (2012 TV Movie),4.0,3.3562316443821625
rw2255505,Reality Bites (1994),1.0,4.257815627559415
rw5978361,Little Voice (2020– ),4.5,3.373788705900458
rw2002203,American Gangster (2007),4.0,3.4292781243501524
rw2429807,As Tears Go By (1988),4.0,3.3612804601423463
rw4573648,Roma (2018),4.0,3.420879481078363
rw5931696,Dil Bechara (2020),5.0,4.48044432869182
rw5037750,We Belong Together (2018),0.5,3.252286399486896
rw4164600,The Man from U.N.C.L.E. (2015),3.0,3.2301937216248677
rw5889832,Escape from New York (1981),3.5,3.331287074112192
rw4837924,Chernobyl (2019),5.0,4.710917507795833
rw1899749,Limbo (II) (2004),5.0,3.4555758138845265
rw2522633,North by Northwest (1959),4.0,3.336319561881442
rw5754736,Alien (1979),5.0,3.3449668324336965
rw0504469,Dinosaur (2000),3.5,4.428721658905083
rw1395413,Mozart and the Whale (2005),1.0,3.360830010391289
rw5415810,Raatchasan (2018),5.0,4.476664773295469
rw3631486,Woman of Straw (1964),3.5,3.261738417416445
rw3417071,Eddie the Eagle (2015),5.0,4.165576324831172
rw0184808,Excalibur (1981),4.5,4.3837513704797475
rw1129747,Dinner Rush (2000),4.5,3.292352542509591
rw2558860,Apocalypse (2011),3.5,3.2196269704271323
rw0183619,Conan the Barbarian (1982),4.5,4.399144715379038
rw4774034,Serpent (2017),1.5,3.119478949052588
rw3282112,Terminator Genisys (2015),3.5,2.9842007627038893
rw4186510,The Place (2017),2.0,3.3018218551250142
rw0467787,Pushing Tin (1999),2.5,3.3305154746372803
rw2715665,Memorial Day (2012),5.0,3.263225983676204
rw3536038,Badlapur (2015),3.0,4.318545953092768
rw2220798,Butterfly on a Wheel (2007),3.5,3.202935916102294
rw0479393,Fantasia 2000 (1999),5.0,4.408937131961416
rw1053190,Shadow of the Thin Man (1941),3.5,3.408172742402715
rw5754587,Rim of the World (2019),4.5,3.288478838456744
rw1302445,Dogville (2003),5.0,3.4120791221166793
rw2108866,The Awful Truth (1937),1.5,3.502187537476426
rw3335668,The Ouija Exorcism (2015),1.0,3.109895292832626
rw6261562,Ludo (2020),0.5,3.4294557324328996
rw2967922,Zoolander (2001),1.5,3.3361467464946526
rw2058126,Unstable (2009 TV Movie),4.0,3.1474372270419635
rw1940366,Nim's Island (2008),3.5,3.371879392731625
rw3632104,Show Girl in Hollywood (1930),3.0,3.442885846554776
rw6161156,I Still See You (2018),3.0,3.1625880352759546
rw3543917,Anthropoid (2016),4.0,3.4267943009972766
rw4104300,Verónica (I) (2017),0.5,3.189516836669053
rw2567496,Grimm (2011–2017),2.0,2.531642661907983
rw6135388,Unknown Origins (2020),3.0,3.3108758676425407
rw2746318,Annie Oakley (1894),3.5,3.332425361135897
rw5313390,鋒迴路轉 (2019),1.5,3.443847948159227
rw5062610,When They See Us (2019),1.5,3.2680453009313255
rw1086579,Star Wars: Episode III - Revenge of the Sith (2005),5.0,3.7621671918839628
rw0655407,Sexy Beast (2000),4.0,3.280165739269354
rw4318272,Jack Ryan (2018– ),4.5,3.228017400357659
rw4027939,Modern Family (2009–2020),5.0,3.3725565523318646
rw1041150,Heaven Can Wait (1943),4.0,3.5178380986918194
rw4542762,Amityville: The Awakening (2017),4.5,3.317581942343969
rw1815864,All the King's Men (1949),5.0,3.5193697161172333
rw3540622,Your Name. (2016),5.0,3.5976547023497427
rw4186664,Game of Thrones (2011–2019),4.5,3.216139685588403
rw1790911,Sweeney Todd: The Demon Barber of Fleet Street (2007),4.0,2.641704941147079
rw2844831,Michael Clayton (2007),5.0,3.340633102178748
rw5896733,Greyhound (2020),4.0,2.7703821973699303
rw2455131,Rubber (2010),0.5,3.2403068244731443
rw2853993,United (I) (2011),2.5,3.3952859740908314
rw3115116,Reign (2013–2017),3.5,3.373593176246826
rw5344354,Togo (2019),4.5,3.3333221713124392
rw3497582,Tremors (1990),5.0,3.1763836815304187
rw5601145,Matrimony's Speed Limit (1913),3.5,3.4329418555128024
rw6112280,One Night in Bangkok (2020),0.5,3.3929703503237136
rw5397200,Death in Paradise (2011– ),4.0,3.198823936035906
rw4960103,Dark (2017–2020),4.0,3.7274258122780117
rw0587758,The Sixth Sense (1999),5.0,3.3593450032688823
rw1858991,Tara Road (2005),3.0,3.4027474532031934
rw5848724,Underwater (2020),2.0,3.2644520230165157
rw5729788,Person of Interest (2011–2016),5.0,3.802460992718436
rw2263562,Splice (2009),1.5,3.312078389413628
rw0589629,Pirates of Silicon Valley (1999 TV Movie),4.0,3.347383339380491
rw5053294,Magnum P.I. (2018– ),4.0,3.080891551555256
rw2236237,Ronin (1998),5.0,3.2084331676737454
rw1530789,Bloodsport III (1996 Video),3.5,3.373538888270226
rw0712788,Mimic 2 (2001 Video),3.5,3.3270772217534144
rw0366113,Last of the Dogmen (1995),4.5,3.264596334264852
rw5711310,The Manxman (1929),3.0,3.38344966310374
rw1636805,Nobi (1959),5.0,3.3842662944642607
rw1687901,Zoom (2006),2.0,3.374716909496199
rw5797805,The Expanse (2015– ),5.0,3.1471437267360622
rw3610796,The Girl with All the Gifts (2016),4.5,3.236964728686278
rw2718501,異形奇花 (1986),4.0,3.3929844237066007
rw4425085,Werewolf in a Girls' Dormitory (1961),2.0,3.25959378980227
rw3677852,Unleashed (I) (2016),5.0,3.146182646576855
rw2197046,六壯士 (1961),4.0,3.3357851039160336
rw0295623,JFK (1991),5.0,3.7933309028917876
rw0416124,The Fifth Element (1997),5.0,3.4918706234896444
rw2194764,阿凡達 (2009),5.0,3.4483335369412687
rw4067235,Hell House LLC (2015),5.0,3.1809587491490934
rw2164683,2012 (I) (2009),0.5,3.4528626982610633
rw5327815,Wendigo (2001),2.0,4.381456682952958
rw1044103,Hero (2002),4.5,2.8372121114984994
rw2802957,Max Payne (2001 Video Game),5.0,3.2994146705288534
rw1038380,Murder in the First (1995),5.0,3.3564001549436364
rw1913757,The Dark Knight (2008),5.0,4.2509402072220315
rw4083944,Oculus (2013),3.5,3.1958832870569367
rw0724113,Wit (2001 TV Movie),5.0,3.4065885204047324
rw5089440,The Lonely Guy (1984),1.0,3.3811591733622306
rw3395561,Peter Pan (1953),4.0,3.3732432841133955
rw3737703,Pinched (2010),4.5,3.276941034967919
rw5193385,口是心非 (2009),3.5,3.103017772211179
rw6012145,Unfriended: Dark Web (2018),3.0,3.136901174068519
rw5302882,The Christmas Club (2019 TV Movie),4.0,3.2178618491089788
rw4275220,Mission: Impossible - Fallout (2018),4.0,3.480195254038015
rw2928977,The Wolf of Wall Street (2013),5.0,4.14969507854405
rw1105961,One Flew Over the Cuckoo's Nest (1975),5.0,4.201756216634431
rw6411020,The Man Who Invented Christmas (2017),2.0,3.220167104036609
rw3463623,Beat the Clock (1950–1961),5.0,3.717237818966546
rw2326716,Role Models (2008),4.5,3.7441437793784416
rw0664660,Fourplay (2001),5.0,3.4298408493683463
rw3289764,Drishyam (2015),5.0,3.341213735250503
rw5631317,Wes Craven's New Nightmare (1994),4.0,3.157316190144528
rw4930578,Vice (2013– ),1.0,3.4639274428279703
rw4779999,The Silence (II) (2019),0.5,3.2105757728693285
rw5986017,Gunjan Saxena: The Kargil Girl (2020),5.0,3.423437406425582
rw1692452,Gosford Park (2001),5.0,3.2975997592485986
rw1666409,Eko eko azaraku III (1998),3.0,3.2403038136123565
rw5289836,Zombie with a Shotgun (2019),5.0,3.670516885243438
rw0212498,The Lift (1983),3.0,3.3347305046875397
rw0027598,The Talk of the Town (1942),5.0,3.4373348862407815
rw4907699,Pulp Fiction (1994),3.5,4.768523088816002
rw1571977,The Producers (2005),4.0,3.3409113725149653
rw0086068,Mary Poppins (1964),5.0,3.432463781130496
rw2875181,Vikingdom (2013),5.0,4.483023200261208
rw6326350,Weekend at Dunkirk (1964),3.5,3.22664093409524
rw6272543,Twilight (I) (2008),3.0,1.5059328913147554
rw2024010,The Curious Case of Benjamin Button (2008),1.5,3.3339245188896665
rw1684226,The Departed (2006),2.0,3.26772215923778
rw2251692,Pan's Labyrinth (2006),5.0,3.781175929877117
rw2365597,Exam (2009),4.0,3.2878756786765195
rw6146878,Spider-Man 2 (2004),3.5,4.439186908602934
rw2625269,Hangman's Knot (1952),3.5,3.3459334746891014
rw5290110,冰雪奇緣2 (2019),5.0,3.770185224486294
rw2775589,The Call (II) (2013),2.0,3.3591289825863533
rw1429843,The Bong Connection (2006),5.0,3.441224398004154
rw5075296,#Followme (2019),1.0,3.035166885734897
rw2432258,The Human Experience (2008),5.0,3.293837235975315
rw3511217,The World's End (2013),5.0,3.3806968674965314
rw4897724,Wine Country (2019),1.0,3.3867743367764866
rw0529442,Surrender Dorothy (1998),5.0,3.2944350087280405
rw1051109,Feardotcom (2002),0.5,3.2714099276238606
rw5576547,The Letter for the King (2020– ),4.0,1.9351151736470653
rw5664860,Terminator Salvation (2009),4.0,3.443816236650356
rw1729754,3:10 to Yuma (2007),2.0,3.4476302395767404
rw1514347,The Odyssey (1997),2.5,3.1589511506661516
rw2917667,Murder by Numbers (2002),3.5,3.119686763292329
rw6040816,Tokyo Ghoul (2014),5.0,3.3731680350826925
rw2370333,P.S. I Love You (2007),3.0,3.385075355766839
rw6156583,Deadly Switch (2019),2.5,3.1053139519991775
rw0737969,Billy Elliot (2000),4.5,3.17370878851667
rw6276965,The Traitor (2019),5.0,3.7458910994397745
rw6057425,Mirzapur (2018– ),4.5,3.654623676380448
rw1286245,Kuffs (1992),0.5,3.295119375321498
rw5858787,The Predator (2018),2.5,1.5154721863003868
rw3263566,The Wiz (1978),3.5,3.481185614843984
rw5198104,功夫熊貓2 (2011),2.5,3.4804229527718986
rw3209867,Pinocchio (1940),4.0,3.4372616661278514
rw5515674,The Whistlers (2019),5.0,3.338540945121012
rw5403977,Red Room (2017),0.5,3.1789642509354836
rw5123002,Saaho (2019),2.0,3.3281046246974393
rw5603705,Yol (1982),3.5,3.3932310647184227
rw4122127,Elements of Matter (2018),0.5,3.4340334772533296
rw2983047,Alpha and Omega 2: A Howl-iday Adventure (2013 Video),2.0,3.3990599119447182
rw1593367,Old Joy (2006),1.5,3.3600537430152686
rw1163772,Army of Darkness (1992),0.5,3.384127785056889
rw1414760,Barney's Great Adventure (1998),4.0,3.3643730924356845
rw2228635,Final Solution (2004),5.0,3.406063215916376
rw3849882,No Man of Her Own (1950),5.0,3.3206956286611944
rw4366097,Chekka Chivantha Vaanam (2018),0.5,3.325168473741083
rw2364934,Sullivan's Travels (1941),4.0,3.3785235314344635
rw1625787,Turistas (2006),4.0,3.2113550678017635
rw5347148,Cash on Demand (1961),2.5,3.353911282777341
rw4616516,Bright (I) (2017),3.0,3.3258610276648297
rw5910162,Rogue One: A Star Wars Story (2016),4.5,2.6324826668424715
rw4538491,Bird Box (2018),3.0,2.8449424075711853
rw3373087,Barbara (I) (2012),3.5,3.4918412811048456
rw2164952,Ghoulies II (1987),2.5,3.0583280186146746
rw0295679,JFK (1991),4.0,4.445393756479292
rw2237225,The Life and Death of Peter Sellers (2004),5.0,3.4051314793619607
rw2481722,The Yin and the Yang of Mr. Go (1970),4.0,3.278245289375042
rw4525363,Andhadhun (2018),5.0,4.423267587303198
rw3414819,Pride and Prejudice and Zombies (2016),4.5,3.2676564979731593
rw4986115,Elmo Saves Christmas (1996 Video),0.5,3.3019165635026355
rw4966350,Child's Play (2019),0.5,1.655221307551558
rw2110655,Nos jours heureux (2006),3.5,3.428702051631423
rw0846799,Old School (2003),5.0,3.35864857618975
rw0570877,American Pie (1999),4.5,3.20617673558789
rw2145415,Edmond (2005),3.0,3.339718860828171
rw1500229,Marie-Martine (1943),4.0,3.670516885243438
rw5690362,The Little Prince (1974),4.0,3.442790191270629
rw3381495,The Revenant (2015),5.0,3.453942668536815
rw2982668,Dallas Buyers Club (2013),5.0,3.7661622420613834
rw1876911,Clearing the Range (1931),3.0,3.52384214152848
rw0894507,Troy (2004),3.0,4.635214712178877
rw4448571,Daredevil (2015–2018),5.0,4.575590058561872
rw5258475,Toto le héros (1991),5.0,3.4309369929493516
rw5909710,"Standing Up, Falling Down (2019)",3.5,3.4646054381201035
rw2952456,Cloud Atlas (2012),5.0,1.6271803429214768
rw2884332,Oszukane (2013),3.0,3.265738976654344
rw1070565,Calamity Jane (1953),5.0,3.5706553210411487
rw1697614,Leopard Fist Ninja (1982),2.5,3.3486021344880887
rw1059116,Holy Smoke (1999),2.0,3.2425816198917152
rw1200996,Akira (1988),5.0,4.549276839900413
rw1269228,Swept Away (2002),3.5,3.3549144676313465
rw2927046,American Pie (1972),3.5,2.76830455205329
rw0237252,Ruthless People (1986),3.5,3.3611620626558643
rw2649818,Roadracers (1994 TV Movie),4.5,3.399646405233466
rw4751097,Scarface (1983),4.0,3.345367097717245
rw5956736,Eden Lake (2008),1.5,3.733208694955809
rw0913136,Fei teng de qun shan (1976),5.0,3.370624356271564
rw1242058,David & Layla (2005),5.0,3.437708360440692
rw2975787,Soccer Mom (I) (2008),3.0,3.314044520243979
rw0113192,Scrooge (1970),5.0,3.4096653941067463
rw3272626,Pitch Perfect 2 (2015),4.0,3.3655885514761135
rw4117289,Legion (2017–2019),2.5,3.5238953760066134
rw4826216,Avengers: Endgame (2019),3.5,4.106474620758192
rw6300821,Network (1976),4.5,3.5380028658402525
rw5668846,Albion: The Enchanted Stallion (2016),3.5,3.3202227509917615
rw2351801,Ichiban utsukushiku (1944),5.0,3.2786707064366585
rw2512855,Friday the 13th Part VII: The New Blood (1988),3.5,3.1858733836298554
rw1309462,La Terra Trema (1948),2.5,3.414558790359822
rw1203689,Garden State (2004),4.0,4.158791154815266
rw4918218,Pokémon Detective Pikachu (2019),4.5,3.4843339294421356
rw1693691,Strike the Tent (2005),2.5,3.710317567112034
rw6364878,Upload (2020– ),5.0,3.299523525652595
rw4902265,"Love, Romance, & Chocolate (2019 TV Movie)",3.0,3.385403871378129
rw0358145,Casino (1995),4.5,3.702147462866804
rw5486287,Love Aaj Kal (2020),0.5,3.414754234352056
rw5691315,Journey of a Woman (2007),2.5,3.3570975082093293
rw1693328,The Four Horsemen of the Apocalypse (1962),2.5,3.3009636595550016
rw4573620,The Shape of Water (2017),3.0,3.306878384804942
rw1104677,My Blind Brother (2003),4.5,3.332809518203964
rw3874065,Dark (2017–2020),2.5,4.1359105931006885
rw0183686,Conan the Barbarian (1982),5.0,4.048703364152587
rw3798548,Slaughter Daughter (2012),5.0,3.654623676380448
rw1272875,The Circle (2002),5.0,3.3593700845385683
rw3295000,Snoopy's Reunion (1991 TV Short),4.0,3.5238641705302522
rw6318411,Happiest Season (2020),5.0,3.3683749717624805
rw5513084,The Man Who Knew Too Much (1934),3.5,3.774399715828616
rw4600960,Dragon Ball Super: Broly (2018),5.0,3.4035154323040175
rw3800060,Happy-Go-Nutty (1944),4.5,3.446880486368023
rw1941478,A Woman Under the Influence (1974),2.0,3.3378617899187883
rw1704334,Comet in Moominland (1992),4.0,3.5632526987958966
rw0630096,Silicon Towers (1999),0.5,3.368168670154607
rw2075561,The Prophecy (1995),2.0,3.3390421088519098
rw0544512,High Fidelity (2000),3.0,4.408396235625533
rw4343242,Mandy (I) (2018),4.0,3.3113132831235386
rw5489892,War Machine (2017),1.5,3.2160017299556447
rw5316573,Mnemophrenia (2019),4.5,3.282137247606101
rw2145942,Ecstasy (1933),4.5,3.4085792922388656
rw0894002,Troy (2004),4.5,2.8711915236660666
rw3664393,The Great Wall (I) (2016),2.0,4.270634489829764
rw4359160,Memento (2000),4.0,4.7290929934833645
rw2683627,The Only Way (1970),4.0,3.423857670440218
rw2624876,Y Tu Mamá También (2001),5.0,3.4136234345144203
rw1844719,Incubus (2006),1.5,3.248112169552178
rw2897195,500 Days of Summer (2009),4.0,4.649820047819307
rw3248742,My Haunted House (2013– ),0.5,4.178214273881706
rw1935282,Hamlet 2 (2008),5.0,3.294500701208511
rw0136448,The Lords of Flatbush (1974),2.5,3.4052856045548907
rw5796674,Inception (2010),5.0,3.904872010119505
rw0568947,Hanging Up (2000),3.0,3.2277979544037247
rw5256323,Vaxxed II: The People's Truth (2019),0.5,3.205696833638065
rw0693752,Pay It Forward (2000),3.5,4.439501191631482
rw3296423,Se diu ying hung: Dung sing sai jau (1993),5.0,3.3718435008737906
rw4462519,Climax (I) (2018),2.5,4.128724697573147
rw3191120,The Imitation Game (2014),4.5,2.7280506390353025
rw5941860,Dil Bechara (2020),0.5,4.980641533961315
rw2376995,This Earth Is Mine (1959),2.0,3.4188632685871476
rw2149620,The Magnificent Seven (1960),3.0,3.443030860273242
rw0150419,Taxi Driver (1976),5.0,3.668199522188758
rw2159253,Adoration (2008),3.5,3.2847743237084592
rw4718562,The Bra (2018),3.0,3.4139228691904995
rw4192443,The Sea Wolf (1941),4.0,3.4131829406661995
rw5186892,Fractured (I) (2019),3.5,4.232735253534542
rw0245387,Hope and Glory (1987),4.5,3.4396277454547333
rw4796544,Captain Marvel (2019),2.0,3.667256911401392
rw3218347,Robot Revolution (2015),0.5,3.289268933618374
rw3335782,Tomorrowland (2015),0.5,3.3608752550259466
rw4098093,"Re: Zero, Starting Life in Another World (2016– )",5.0,3.392160295219721
rw0406227,In the Mood for Love (2000),5.0,3.441627162743175
rw2125183,The Eagle Has Landed (1976),5.0,3.258423349705689
rw2079966,Barton Fink (1991),4.0,3.4774989635829128
rw5029107,Aranyélet (2015–2018),5.0,3.477382762453234
rw2947258,Desert Sands (1955),4.0,3.312908452554235
rw3319674,Total Recall (I) (2012),3.0,3.292379744011241
rw5931011,Dil Bechara (2020),5.0,4.48044432869182
rw2535268,Life's Too Short (2011–2013),3.5,3.3129655872125094
rw3222793,Mountain Monsters (2013– ),5.0,3.513800330454913
rw5457464,Altered Carbon (2018–2020),5.0,3.15701472100957
rw1321110,The Brain That Wouldn't Die (1962),1.5,3.421811131964698
rw2742405,U.F.O. (2012),2.0,3.0800433645453227
rw5188653,My Haunted House (2013– ),5.0,1.6635151181568855
rw1781992,Alvin and the Chipmunks (2007),3.5,3.434095961540714
rw1791162,Planet of the Apes (1968),5.0,3.786363620964128
rw1617125,The U.S. vs. John Lennon (2006),3.5,3.2107713398514752
rw0598976,Gladiator (2000),5.0,4.382483498701343
rw5700062,Mrs. Serial Killer (2020),0.5,4.5735050678821585
rw4274691,Mulk (I) (2018),0.5,3.242893840894857
rw3149523,魔法黑森林 (2014),0.5,3.4221290112620375
rw5058749,The Great Hack (2019),5.0,3.3272315117034537
rw1277296,Brokeback Mountain (2005),4.5,4.6742842314288655
rw2985715,The Picture of Dorian Gray (1945),3.5,3.4523086039315434
rw4658013,The Gunman (2015),1.5,3.1768845875122067
rw4145170,Avengers: Infinity War (2018),4.0,4.181148472164116
rw6251108,Laxmii (2020),0.5,1.4912674546961948
rw1618116,Chimera (1991– ),3.5,3.295387052936443
rw2827962,A Prophet (2009),5.0,3.406451949708049
rw1485502,The Last Kiss (2006),2.5,3.3111222601529886
rw3760794,Jack Reacher: Never Go Back (2016),0.5,3.2515983266389896
rw5839909,Becky (II) (2020),4.0,3.140084032024099
rw2810899,A Way Back Home (2013 TV Movie),3.5,3.203782956010081
rw1259238,Let's Do It Again (1975),2.5,3.3893735019471922
rw0560284,Croupier (1998),3.5,3.2690059224800776
rw2328698,The Disembodied (1957),1.0,3.420972827710544
rw6125399,Utopia (2020),5.0,3.376887030953365
rw1553224,Marie Antoinette (2006),0.5,3.3757935276176685
rw2059053,Summoner (2000 Video Game),2.0,3.347185358244374
rw5525699,The Verdict (1982),2.5,3.392581062725772
rw4874021,Cool Cat Kids Superhero (2018),5.0,3.4300401853239495
rw1887873,The Adventures of Sharkboy and Lavagirl 3-D (2005),2.5,1.738642763432147
rw2863466,Rush (I) (2013),3.5,4.271330191716469
rw2331952,Up (2009),4.5,3.780038813140791
rw6333967,Freaky (2020),2.5,3.2482498922029253
rw1212175,Little Big League (1994),3.5,3.4342129300350144
rw1570262,Canvas (2006),4.0,3.282514648260898
rw2201807,House of 9 (2005),1.5,3.2544323503406978
rw0788078,24 Hour Party People (2002),4.0,3.383116294414991
rw3773955,When Strangers Marry (1944),4.0,3.3694560631199364
rw4056057,The Shawshank Redemption (1994),5.0,4.634180741187223
rw3371377,Into the Badlands (2015–2019),3.5,3.4474568472587066
rw3039728,Snow White and the Seven Dwarfs (1937),5.0,3.493239000982442
rw2537727,Ten Days in Paris (1940),2.5,3.370886365964241
rw4554102,The Gallows (2015),2.5,3.212715371957966
rw4816360,Mulholland Dr. (2001),2.0,3.4989521305763995
rw5228120,Angel of Mine (2019),2.0,3.235593033408461
rw6162031,28 Days Later... (2002),1.0,3.3075368465018617
rw0632814,Anatomy (2000),5.0,3.2832082485213783
rw6136981,The Old Guard (2020),4.5,4.067049232553773
rw1610258,Timeline (2003),3.0,2.5814608839507436
rw2573161,Top Hat (1935),4.5,3.4710243865114037
rw1358885,The Silence of the Lambs (1991),4.0,2.8950994374591694
rw1381176,Big Fish (2003),5.0,2.14374062962504
rw2368195,Quantum of Solace (2008),3.0,3.76448208532485
rw2377939,One Fine Day (1996),3.5,3.4169818431865453
rw5515262,The Face of Another (1966),4.0,3.358642542008169
rw5988374,Gunjan Saxena: The Kargil Girl (2020),4.5,3.423437406425582
rw4931447,The Beach Bum (2019),1.0,3.2993855820678046
rw5922294,X-Men: Dark Phoenix (2019),2.0,3.2344034658299825
rw6415544,Devil's Bait (1959),4.5,3.3398300226464843
rw2937722,You're Next (2011),3.0,3.280510433845586
rw3658530,Inception (2010),5.0,4.48371643272605
rw1349560,Silent Hill (2006),5.0,3.0994283939801606
rw3675182,Kong: Skull Island (2017),3.0,3.297350113087761
rw3522874,Die Pilgerin (2014– ),2.0,3.2240903262172353
rw3715175,Attack on Titan Part 2 (2015),2.0,3.491351665435977
rw5958387,Black Is King (2020),5.0,4.401337642540618
rw1595993,Derailed (2002),1.0,3.2093361875594035
rw1433878,My Super Ex-Girlfriend (2006),4.5,3.3246476126867837
rw0382408,DragonHeart (1996),2.0,3.302170396404304
rw5561630,Derry Girls (2018– ),5.0,3.449928164224569
rw3843054,The Void (I) (2016),4.0,3.3825582232756015
rw1553905,A Christmas Story (1983),4.0,3.456978011475532
rw0469645,Saving Private Ryan (1998),2.0,2.8333589167243862
rw2546677,Justice League of America (1997 TV Movie),2.0,3.2860477323381025
rw5500098,Parasite (2019),3.5,4.309504851189774
rw1304178,Gung Ho (1986),3.0,3.3771546725084
rw1893114,Vacancy (2007),0.5,2.916287736200133
rw2731844,Fly Away Baby (1937),2.5,3.4615388707187313
rw5101549,Unforgettable (II) (2017),2.0,3.3338360529809914
rw3745441,Snow Angels (I) (2007),4.0,3.36480431599122
rw2597516,The Vampire Diaries (2009–2017),5.0,3.1727598674882262
rw5561245,Jumanji: The Next Level (2019),4.0,3.206350321046833
rw0186905,Killjoy (1981 TV Movie),4.5,3.2469437731962083
rw4834043,Meteorites! (1998 TV Movie),1.0,3.3613239580640863
rw6093390,Heroes Reborn (2015–2016),1.0,3.2135637414072122
rw5842239,The Green Mile (1999),4.5,4.238955721697352
rw2282130,Inception (2010),5.0,4.48371643272605
rw6336675,The Fury (1978),3.5,3.3228271125787168
rw3758236,What the Health (2017),5.0,3.4042790722642056
rw0806448,Tuck Everlasting (2002),4.5,3.372392244507476
rw1688436,Samouraïs (2002),2.5,3.33522929635263
rw5181254,A Talent for Murder (1984 TV Movie),1.0,3.489903533925196
rw2523148,Teenage Caveman (2002 TV Movie),1.5,3.3425880363241953
rw5146245,Little Baby (2019),5.0,3.3276495683227134
rw5164667,小丑 (2019),5.0,4.047102393869284
rw1662768,Pirates of the Caribbean: At World's End (2007),4.5,4.043128745651486
rw0801217,Final Stab (2001 Video),2.0,3.2642543232915022
rw1952258,Bang Bang Kid (1967),1.0,3.3893080348574567
rw0582546,The Lord of the Rings: The Return of the King (2003),5.0,4.525969382033734
rw1794031,There Will Be Blood (2007),5.0,3.081410540923983
rw1341921,Till Human Voices Wake Us (2002),5.0,3.294827615947024
rw2392202,Classroom 216 (2011),5.0,3.654623676380448
rw6315163,12 Pups of Christmas (2019),1.0,3.3782989026496772
rw1932506,Batman Returns (1992),2.5,4.316296831024402
rw4197043,Forever My Girl (2018),1.0,3.3458507462398246
rw1157300,Creep (I) (2004),3.5,3.118608604078265
rw5704236,Planet of the Humans (2019),5.0,3.431415974022038
rw2962407,The Dark Knight (2008),5.0,4.2936332293403385
rw5907107,Archive (2020),4.5,4.000190063594502
rw5167554,The K2 (2016),1.0,3.3124183252975476
rw0593399,American Beauty (1999),1.5,3.4825558985681337
rw4087322,Nikita (2010–2013),4.0,2.0978686749041993
rw0300300,Terminator 2: Judgment Day (1991),4.5,4.101558283749167
rw3354802,Bloodsucking Freaks (1976),1.0,3.290581960901709
rw4843550,Spare Parts (I) (2015),5.0,3.3651059458418193
rw1158903,Trancado por Dentro (1989),5.0,3.4422551982466856
rw1444659,Raw Deal: A Question of Consent (2001),3.5,3.2305629955558826
rw3277155,From Dusk Till Dawn (1996),2.5,1.8341675231208379
rw2633910,西雅圖夜未眠 (1993),5.0,3.2075129291061466
rw3747448,Agonie (I) (2016),2.0,3.3731906984128517
rw5641053,Funny Games (2007),5.0,3.253442611866593
rw1930428,Kibakichi: Bakko-yokaiden (2004),0.5,3.3899994524566717
rw0992431,Bridget Jones: The Edge of Reason (2004),1.0,3.4057863805411963
rw1192732,Fight Club (1999),5.0,3.297350466039241
rw2548060,Bicycle Thieves (1948),5.0,3.542625436908796
rw0300290,Terminator 2: Judgment Day (1991),4.5,4.1521674770071035
rw6020670,Flesh (2020),5.0,4.781379051453342
rw4984002,Article 15 (2019),4.5,3.401614366623621
rw3016214,The Frightened Man (1952),3.0,3.429828762140881
rw5190636,Artifice (I) (2019),4.5,3.247487833329747
rw4636484,Nautanki Saala! (2013),4.5,3.447812068161192
rw0669099,The Weight of Water (2000),2.5,3.3511556494071586
rw1286133,Something New (I) (2006),5.0,3.240494901476865
rw2523585,Greenberg (2010),4.0,3.299599601372807
rw5870645,Vice (I) (2018),3.0,2.7254028490780486
rw1725919,Superman II: The Richard Donner Cut (1980 Video),4.0,3.339287690433851
rw1598007,Berlin - Ecke Schönhauser (1957),3.0,3.3127959132005733
rw0791318,Lilo & Stitch (2002),3.0,4.391494986576952
rw1365934,Misery (1990),4.5,3.1658810364655903
rw1744838,An Inconvenient Truth (2006),0.5,3.290209120332494
rw2519351,My Sassy Girl (2008– ),5.0,3.3238510109203254
rw1533816,Beethoven's 4th (2001 Video),1.5,3.429939089454838
rw3708071,Snatched (2017),3.0,3.278290616828015
rw2174150,Hakuôki (1959),4.0,3.3267356193372124
rw2547798,Men in Black II (2002),3.0,3.225239995188649
rw2716247,Khiladi 786 (2012),1.0,3.335707190259104
rw6453516,Mosaic (2007 Video),4.0,3.423797418135903
rw1376156,The Island (2005),2.0,3.4164248178072194
rw4205051,Upgrade (2018),4.0,4.073952756493167
rw4323560,Chicken Girls (2017– ),5.0,3.4094409625937305
rw1930985,Crazy (II) (2008),4.5,3.324132493897113
rw0834029,xXx (2002),2.0,3.2435507249169424
rw2362275,"Naval Cadets, Charge! (1988– )",5.0,3.3004537417975137
rw1275463,The Graduate (1967),4.0,4.143094876878076
rw2049971,Ken Park (2002),1.0,3.379626045079899
rw6117355,Better Man (2013),0.5,3.3538859214296615
rw0910927,The Cat Returns (2002),2.0,3.5478526942153494
rw2378377,Ju-on: The Curse (2000 Video),5.0,3.2965886218472336
rw1790266,Jesus Camp (2006),0.5,4.054992922390872
rw1908567,Rambo (2008),5.0,3.336705168851208
rw4344192,All This Mayhem (2014),4.5,3.32223516133342
rw3355685,All the Time in the World (2014),5.0,3.371744049099205
rw4528385,Sabrina (2018),0.5,3.206999829694604
rw2604918,The Avengers (2012),4.5,4.258374067338845
rw3606318,Apollo 13 (I) (1995),4.5,3.2140006224399627
rw3284333,Younger (2015– ),4.5,3.3680559483104955
rw4623474,Lethal Weapon (2016–2019),0.5,3.6436915404420223
rw3400263,Bolishopping (2013),4.0,3.620943968996042
rw1941531,Firing Line (1966–2020),3.5,3.236119246115683
rw4015205,Scenes from the Class Struggle in Beverly Hills (1989),1.5,3.410565727594018
rw4800661,Book Club (I) (2018),0.5,3.3450474891265998
rw5663451,Gang of Roses (2003),1.5,3.285929493478022
rw6370939,Wonder Woman 1984 (2020),5.0,1.4504159469379916
rw1312484,Goodfellas (1990),5.0,4.55417481280423
rw2144086,"I Love You, Man (2009)",4.5,3.248083953984251
rw6286910,The Corporation (2003),3.5,3.4494223154611117
rw4989250,Documental (2016– ),5.0,3.717237818966546
rw0704443,The Matrix Reloaded (2003),4.0,2.4519179393289665
rw2332895,Saw 3D (2010),4.0,3.3049149490645267
rw5436129,Time Lapse (2014),2.5,3.0819886457400427
rw6407166,Wonder Woman 1984 (2020),0.5,2.401958672310218
rw2064003,"Same Time, Next Year (1978)",5.0,3.2607620615303863
rw1609417,十月的天空 (1999),4.5,3.329466059090792
rw6386884,Unlocking Christmas (2020 TV Movie),5.0,3.1741755833375986
rw1073584,The Best Years of Our Lives (1946),5.0,4.435228518942178
rw4535782,Master Z: The Ip Man Legacy (2018),4.0,3.3278918849311743
rw3049370,Reykjavík-Rotterdam (2008),2.5,3.209498134852574
rw5434780,Vis a vis (2015–2019),5.0,3.654623676380448
rw1977547,Mother of Tears (2007),4.0,2.9917624621093357
rw3466195,London Has Fallen (2016),4.0,2.478792426199755
rw0734712,In the Bedroom (2001),4.5,3.3641454942230875
rw2259893,I Love You Phillip Morris (2009),0.5,3.3835530328017165
rw4674943,The Autopsy of Jane Doe (2016),3.5,3.2607584581116638
rw4425110,Tomb Raider (2018),4.5,3.3422299990463733
rw1955386,Beauty and the Beast (1987–1990),5.0,3.5021603312411056
rw2958792,La Jetée (1962),5.0,3.4287342685964974
rw4440954,The Resident (2018– ),5.0,2.9491366514452237
rw2141324,Play It to the Bone (1999),3.5,3.4040144170304654
rw0676312,Citizen Toxie: The Toxic Avenger IV (2000),5.0,3.1102242801958
rw5531479,Anna (II) (2019),2.5,3.1974610102401693
rw4244305,The Girl Next Door (2007),1.5,3.2583480512799103
rw5102198,It Chapter Two (2019),3.5,3.281699472968067
rw3677125,The Accountant (2016),3.5,3.2398559591393443
rw4268703,Father of the Year (2018),2.0,3.302001848962944
rw4319256,The Con is On (2018),5.0,3.18739185064608
rw4233478,Guest in the House (1944),3.0,3.70440370631007
rw2233513,Harmony Trail (1944),3.5,3.4444906047206807
rw2867762,The Case for a Creator (2006 TV Movie),5.0,3.654623676380448
rw2304815,Heavy Metal in Baghdad (2007),4.0,3.4561198389569197
rw1295887,A History of Violence (2005),1.0,3.1978758955813826
rw4619267,Miss Bala (2019),4.0,3.3202048254529646
rw0121166,Bad Company (1972),3.5,3.460239683319286
rw6107480,L'ultimo guerriero (1984),2.0,3.293927022018779
rw1743440,Moonlight (2007–2008),4.5,3.1244068225082686
rw2291075,Inception (2010),3.5,4.48371643272605
rw4113216,Your Name. (2016),3.5,3.897997527115245
rw1710448,Panic in Year Zero (1962),1.5,3.305923497087636
rw5861764,Batman (1989),4.0,4.209357328949216
rw4706078,Captain Marvel (2019),2.5,3.66913896117761
rw3745079,Guardians of the Galaxy (2014),4.0,3.9518772748584463
rw4753266,The Highwaymen (2019),4.0,4.035764480167528
rw5729051,Midnight Special (2016),4.0,3.354667923553964
rw3296707,Shaun the Sheep Movie (2015),4.0,3.20224470604049
rw5875683,Kaali (2020– ),5.0,3.237698086544164
rw2706887,迷魂記 (1958),5.0,4.209290277512689
rw5374241,Avane Srimannarayana (2019),4.0,3.4057937370592253
rw4091839,Mayumi (1990),4.5,3.620943968996042
rw4096546,The Shawshank Redemption (1994),5.0,4.680011110730718
rw1554226,When a Stranger Calls (2006),1.5,4.3519857772489345
rw2831832,Me and You and Everyone We Know (2005),0.5,2.088761454037864
rw0299493,The Silence of the Lambs (1991),0.5,3.7337988727233307
rw3843687,Bokeh (I) (2017),0.5,3.3169772298503477
rw4966327,Kabir Singh (2019),0.5,3.3088563372589466
rw6387972,The Hound of the Baskervilles (1939),3.5,3.3102554305309657
rw5260840,Angel Has Fallen (2019),2.0,3.2174125637309725
rw2877423,Xi Yang Yang Yu Hui Tai Lang Zhi Niu Qi Chong Tian (2009),0.5,3.710317567112034
rw3866303,Billy Lynn's Long Halftime Walk (2016),3.0,3.224654498857064
rw4523940,The Wolf of Wall Street (2013),3.5,4.14969507854405
rw4557288,Aquaman (2018),2.0,3.1083723266252474
rw3170860,The Dead of Night (2010 Video),1.5,3.216094935045403
rw1725132,Death Sentence (2007),0.5,3.361982900777696
rw3097641,The Giver (2014),0.5,3.28326903311165
rw2912344,The Hunger Games: Catching Fire (2013),3.0,3.192919682264901
rw0764247,Men with Brooms (2002),1.0,3.3204099999700563
rw5261451,Dickinson (2019– ),4.0,3.3232255955742493
rw3039265,Batman Returns (1992),5.0,2.9322888540693945
rw3518544,Good Will Hunting (1997),5.0,3.3010857582925577
rw4745590,Deadly Class (2018–2019),5.0,3.41447712612986
rw3001960,The Bag Man (I) (2014),4.0,3.6475860170737735
rw1184083,Serenity (2005),2.0,3.2873806828029135
rw2009113,Shakespeare in Love (1998),2.5,2.9360224553979317
rw3014480,Heat (1995),3.0,3.2798135111844515
rw1708828,Transformers (2007),2.0,3.166409905007628
rw5783947,Uncivilized (2020),5.0,4.73766947330886
rw4360434,Footsteps in the Night (1957),2.5,3.3375541249014478
rw6112537,Chernobyl (2019),5.0,4.831381381570238
rw5729089,Janara (2015),1.5,3.4432074477146397
rw1943793,Baby Mama (2008),2.0,3.244056879012097
rw5391109,A Star Is Born (2018),2.0,3.3931273841560015
rw4975094,Julie (1956),3.0,3.4861861343562794
rw2607027,Schlafkrankheit (2011),4.0,3.273620935925735
rw0995892,Two Lords (2002),5.0,3.448357949306961
rw4608273,Somewhere Between (2017),4.0,3.2679642054303115
rw2288016,Dinner for Schmucks (2010),4.5,3.2911352074359246
rw5377755,In the Shadow of the Moon (2019),4.0,3.1922359568776444
rw3629746,Life (I) (2015),3.0,3.370141381842421
rw0523756,Intolerable Cruelty (2003),1.5,3.4168741828168754
rw5743778,Home Education (2016),3.0,3.196881495291359
rw3686783,Terminator Genisys (2015),3.5,2.9842007627038893
rw1768375,American Gangster (2007),2.5,3.4292781243501524
rw2428396,Man on the Moon (1999),3.5,4.346095925752058
rw1332244,Hung (2005),4.0,2.5433553829332127
rw3361619,The Smurfs: A Christmas Carol (2011),3.0,3.2965703502090546
rw5703584,The Godfather (1972),4.5,4.557545299250141
rw3428335,All This and Rabbit Stew (1941),1.5,3.4427412527950803
rw1691397,Mortal Kombat: Annihilation (1997),1.5,3.2116208442768404
rw2363706,Rage (I) (2009),3.0,3.315857829285681
rw5671375,The Corpse of Anna Fritz (2015),3.5,3.136780630478918
rw6354648,Left Behind (I) (2014),1.0,3.448009911948282
rw6097110,3 Idiots (2009),5.0,3.3514460639171455
rw6351659,Case 39 (2009),5.0,3.1440382228657007
rw5327704,Don't Let Him In (2011),0.5,3.206282578957944
rw2880892,Gravity (2013),1.0,4.073439343874608
rw4628114,The Captain (2017),3.5,3.419702087756629
rw1552205,Home Alone 2: Lost in New York (1992),4.5,3.4126828064711274
rw5794260,Sexy Beast (2000),1.0,3.280165739269354
rw2032051,Watchmen (2009),4.0,2.908290699854754
rw1788951,Blue Velvet (1986),5.0,3.280772405370324
rw4757003,Traitors (2019– ),4.0,4.320114703684499
rw0948664,Team America: World Police (2004),0.5,4.0364173214198455
rw0719001,Exit Wounds (2001),4.0,3.2709770052133704
rw4094444,Poltergeist (1982),5.0,3.256027932596859
rw6164945,Running with Beto (2019),5.0,3.266691132887649
rw2318773,Queen of the Damned (2002),3.0,3.278972941718945
rw0113639,The Touch of Satan (1971),0.5,3.1037331218126316
rw4732710,Strike Back (2010–2020),5.0,3.310944361812158
rw0479364,Fantasia 2000 (1999),5.0,4.3935001208676985
rw4338501,Get the Gringo (2012),4.5,3.3669099972886807
rw2780076,There Will Be Blood (2007),3.0,4.36191934968781
rw0148770,Murder by Death (1976),4.5,3.277895671548065
rw4248632,The Hurricane Heist (2018),0.5,3.2544501683461777
rw1256069,Wagon Master (1950),5.0,3.4311036334231937
rw6208230,Ad Astra (2019),1.0,3.134517946780532
rw6032788,Flesh (2020),0.5,4.781379051453342
rw4568708,When Angels Sleep (2018),0.5,3.291888939077546
rw2689913,普羅米修斯 (I) (2012),0.5,2.9156615917516873
rw1283828,Harry Potter and the Prisoner of Azkaban (2004),5.0,3.3910309930573033
rw4181792,The Delta Force (1986),2.5,3.3294239964155277
rw1882040,Runaway Bride (1999),5.0,3.423265450407929
rw1260765,The Opposite Sex (1956),5.0,3.380296234095769
rw1616871,"Lex, the Wonder Dog (1973)",3.5,3.670516885243438
rw2969175,The Missing Scarf (2013),3.5,3.4114015875908184
rw5493259,Birds of Prey (2020),5.0,3.3148401613937053
rw2791453,Brazil (1985),5.0,4.359697685516413
rw3492606,Sunday Bloody Sunday (1971),4.0,3.389665493172038
rw6165682,Dolly Kitty and Those Twinkling Stars (2019),5.0,4.425322581980515
rw0657345,The Iceman Cometh (1960 TV Movie),5.0,3.367906207156079
rw4308916,Hereditary (2018),0.5,2.8303912459223417
rw5859231,Mrs. Serial Killer (2020),4.0,4.326899170588349
rw1532454,The Silencers (1966),3.5,3.4445355873544443
rw3117528,Tammy (2014),2.0,3.3452815813750347
rw4338848,Summer of 84 (2018),0.5,3.2537510055227967
rw2327078,Night of the Demons (2009),4.0,3.2202043783688743
rw6424890,Soul (2020),4.5,3.37461655977269
rw1680959,Blood and Chocolate (2007),3.5,3.125583160244921
rw1248492,Animal Farm (1954),4.5,3.4270816310762715
rw1880078,Choose Me (1984),0.5,3.2729279522302748
rw4683746,Spider-Man: Into the Spider-Verse (2018),4.0,4.365164008378558
rw0053435,Seven Samurai (1954),4.5,3.806904756218116
rw2424129,Abbott and Costello Go to Mars (1953),2.5,3.381564591368945
rw5639828,Tiger King (2020),2.5,3.48823372544558
rw6213412,The Fast and the Furious: Tokyo Drift (2006),2.5,1.8869362418022184
rw4603413,Downrange (2017),4.0,3.3284510954270203
rw2000105,The Passion of the Christ (2004),1.0,2.895084870360504
rw6141107,Khaali Peeli (2020),1.0,3.31932652654817
rw5427792,Kingsman: The Golden Circle (2017),5.0,1.8079796207231793
rw3874835,Chronesthesia (2016),5.0,3.620943968996042
rw3365146,Spectre (I) (2015),5.0,3.4664235475744087
rw3079700,Dawn of the Planet of the Apes (2014),2.0,4.1239423487835705
rw4582492,The Waltons (1972–1981),5.0,3.3862129553566627
rw5405881,Chernobyl Diaries (2012),2.5,3.761203960489777
rw6355992,We Are Who We Are (2020),3.5,3.302952138709824
rw2605710,Zodiac (2007),3.0,3.262284821557762
rw0762402,Empire (2002),1.5,3.233769271528799
rw1820179,The Way of All Flesh (1940),4.5,3.445065892515432
rw4110987,The Outsider (I) (2018),5.0,3.2516940726865355
rw1001374,Billy Elliot (2000),3.0,4.1276906465425
rw3127135,The Fountain (2006),5.0,3.342738473357541
rw2152522,Taken (I) (2008),3.0,3.4490011141678774
rw4938598,Jinn (2019– ),0.5,3.6619269172076407
rw4215177,Climax (I) (2018),4.5,2.7655650398786937
rw3280074,Terminator Genisys (2015),3.0,3.6480304896294924
rw0878283,La fleur du mal (2003),1.5,3.3629986845893027
rw3117438,Forrest Gump (1994),4.0,4.704278322109606
rw5733010,The Prestige (2006),5.0,3.2975792653602003
rw1650724,Deja Vu (2006),5.0,3.125543620886736
rw4297743,Grown Ups (I) (2010),3.0,2.2450586158403705
rw1503113,The People Under the Stairs (1991),3.0,3.175185791236502
rw5585668,Licence to Kill (1989),2.5,3.559069552373793
rw1530815,Devon's Ghost: Legend of the Bloody Boy (2005 Video),0.5,3.226248983121895
rw2427815,Dracula (1931),4.0,3.3097354271502186
rw0159019,Death Dimension (1978),3.0,3.2235915558335915
rw5441815,Tall Girl (2019),1.5,1.549087164312658
rw3726111,Before the Flood (2016),3.5,3.312262112287052
rw5889500,Suzi Q (2019),5.0,3.363792923001342
rw1931287,The Deer Hunter (1978),5.0,3.766619812227542
rw1712805,Hannah Montana (2006–2011),5.0,3.420896662740851
rw0468191,Resident Evil (2002),4.5,3.428116947770164
rw2967288,Gunday (2014),3.5,3.3456797800756766
rw3673186,Altered Hours (2016),4.5,3.070891028707528
rw0124323,Junior Bonner (1972),5.0,3.4197515819300914
rw4438781,Andhadhun (2018),5.0,4.3450050027660865
rw5291873,玩命關頭 (2001),1.5,3.199113898193677
rw2985123,Pirates of the Caribbean: Dead Man's Chest (2006),1.0,2.3407910151902773
rw3540665,Kill Bill: Vol. 1 (2003),4.5,4.307080285492579
rw6306432,Oldboy (2013),0.5,3.4219861165935685
rw4011869,Bright (I) (2017),4.0,3.3258610276648297
rw5270712,Humans (2015–2018),2.0,3.710317567112034
rw2026303,Identity Theft (2004 TV Movie),2.0,3.101340776178792
rw4600760,Glass (2019),3.0,4.452685205171504
rw4962659,Breath (I) (2017),2.5,3.345074138728572
rw6331816,"Sacred Cow: The Nutritional, Environmental and Ethical Case for Better Meat (2020)",5.0,3.479375914428415
rw1541783,Robinson Crusoe (1997),1.5,3.3569213941954694
rw4198554,The Great Train Robbery (1978),3.0,3.3452339304401457
rw0334597,Anjaam (1994),5.0,3.3512267490786325
rw1781026,Little Man Tate (1991),4.0,3.4212002059639555
rw5354276,2036 Origin Unknown (2018),0.5,3.170691921919122
rw1213790,Deewaar (1975),4.5,3.3760899317059674
rw2258169,District 9 (2009),4.5,3.3830123599670134
rw1541015,Bobby (I) (2006),2.5,3.2815447243615066
rw4508167,Aquaman (2018),0.5,2.7280721731309696
rw3668871,Your Name. (2016),4.5,4.094440959472588
rw4710042,Captain Marvel (2019),5.0,3.0162486030029956
rw6415089,The Midnight Sky (2020),1.5,3.0245473614584415
rw2845948,The Purge (I) (2013),3.0,3.1405387920148935
rw2001413,Secret Honor (1984),4.0,3.3154130693907424
rw5663357,The Quatermass Xperiment (1955),4.0,3.30649336721204
rw0906097,Mix (I) (2004),3.5,3.3785562171609818
rw5457485,A Twelve-Year Night (2018),3.0,3.3888627350315232
rw0193015,The Evil Dead (1981),5.0,3.2313734365002804
rw5926139,Fairy Tail (2009–2019),4.5,3.4765169664557902
rw5787738,Mrs. Serial Killer (2020),5.0,4.048745206079022
rw3310198,Les témoins (2014– ),3.5,3.4160097613425373
rw0321790,The Fugitive (1993),5.0,3.2669041306273705
rw2462832,200 Cigarettes (1999),4.5,3.38008369966975
rw5263571,Mutant (1984),3.5,3.1799676413607876
rw0910170,Sky Captain and the World of Tomorrow (2004),5.0,3.215951497056653
rw3827191,Joseph Smith: Prophet of the Restoration (2005),2.5,3.441504017581475
rw4947113,Murder Mystery (2019),3.0,3.6938110211494153
rw3271012,Maggie (I) (2015),5.0,4.143879970951155
rw2412263,Pie in the Sky (1994–1997),4.0,3.388224729106392
rw5121357,It Chapter Two (2019),3.5,2.283085834762637
rw4290761,Deadpool 2 (2018),3.5,1.5879469747446338
rw5023376,The Blue Elephant 2 (2019),5.0,3.312931029203483
rw5197464,Emergence (2019–2020),4.0,4.0607458658406435
rw4730000,Triple Frontier (2019),2.5,3.6364998865991045
rw4881096,Lucifer (2016– ),5.0,3.620943968996042
rw5502180,Sweethearts (2019),1.0,3.3240180052717774
rw5557691,The Pale Horse (2020),1.5,3.2607054412236494
rw0838554,Shrek 2 (2004),3.5,3.1649807629559774
rw0789508,Stranded (2002 Video),1.0,3.2766740673645733
rw5125536,Carrie (1976),4.5,3.3303587252506675
rw1943102,Battlestar Galactica (2004–2009),5.0,4.486108912772381
rw4049065,Vodka Diaries (2018),5.0,3.2460354776745106
rw5508452,The House of Exorcism (1975),1.0,3.298454320087868
rw4282505,Dog Days (I) (2018),5.0,3.4554751194167608
rw3448028,The Wild Wild West (1965–1969),0.5,3.4563575887410654
rw1241417,King Kong (2005),0.5,3.484282974658213
rw4455237,Hanum & Rangga: Faith & The City (2018),0.5,3.2136738154603086
rw0840614,In America (2002),5.0,3.315452608045052
rw5133125,Last Knights (2015),5.0,3.239786750835259
rw4433401,Crime Boss (1972),1.5,3.4474441401043685
rw4183517,The Raid: Redemption (2011),3.0,3.2678167794200537
rw3123722,The Last Ship (2014–2018),5.0,3.717237818966546
rw4331759,'The Day of the Purple Sun': Part I (2017),5.0,3.3425670206802383
rw5954319,Tribal Get Out Alive (2020),3.5,3.3371247604939698
rw1291050,Daniel the Wizard (2004),0.5,3.3142905289520934
rw5819192,First Kill (2017),5.0,3.1789667036778155
rw2058378,Night on Earth (1991),4.5,3.360419654902795
rw2804759,Djúpið (2012),3.0,3.26423360215661
rw4983898,Midsommar (2019),4.0,2.0515051328085905
rw5396407,Blade: Trinity (2004),4.0,3.3963849337859533
rw3777986,Salvation (2017–2018),3.5,3.3336889511469905
rw5337503,華爾街之狼 (2013),4.5,4.079970225069391
rw4392359,De ollas y sueños (2009),3.5,3.620943968996042
rw5416008,Forrest Gump (1994),5.0,4.496358412183422
rw2249332,Please Give (2010),4.5,3.410819572408133
rw3182802,The Golden Fish (1959),5.0,3.5179194026063256
rw2306562,2:22 (2008),0.5,3.1599020388001997
rw2097357,The Private Lives of Pippa Lee (2009),4.0,3.2924359734304267
rw1725327,This Is England (2006),4.5,3.395780248156052
rw2752010,Unforgiven (2009),3.5,3.3917347862582257
rw2105262,The Towering Inferno (1974),4.0,3.314816692520198
rw0633388,Doug's 1st Movie (1999),5.0,3.4362439053796816
rw4766927,Shazam! (2019),4.5,2.8309028317863763
rw5031291,The Children Act (2017),3.5,3.4415139484405013
rw4552348,The Equalizer 2 (2018),3.0,4.152189970145959
rw3152723,"Location, Location, Location (2000– )",4.0,3.526334370715659
rw0271449,Indiana Jones and the Last Crusade (1989),4.0,2.0169450641425617
rw5107569,Chhichhore (2019),4.5,4.73766947330886
rw3511896,Stranger Things (2016– ),3.5,3.717237818966546
rw1062810,The Amityville Horror (2005),3.5,3.182305045232013
rw1853282,Tomorrow (1972),2.5,3.4182221572891383
rw5757140,Jarhead: Law of Return (2019 Video),0.5,3.232843129639366
rw0174681,The Dogs of War (1980),3.5,3.4128587754720345
rw6201879,SOS Kolkata (2020),5.0,3.439680622138924
rw1106006,Blue Car (2002),3.5,3.3583679466064758
rw2535340,The Girl Who Played with Fire (2009),4.0,3.282257520240557
rw0963767,Voor een verloren soldaat (1992),5.0,3.376353140289757
rw2735989,Jesus Henry Christ (2011),5.0,3.2559304607962942
rw4581960,Sex Education (2019– ),4.5,3.4472576053426693
rw6172894,David Attenborough: A Life on Our Planet (2020),5.0,3.37118382422142
rw5280074,Joker (2019),5.0,3.9220120869502284
rw1991062,The Strangers (2008),0.5,3.166072833926958
rw3502839,Candyman (1992),3.5,3.3334722952572955
rw4235658,Arif V 216 (2018),4.0,3.329200462975511
rw4643749,Satan's Blade (1984),0.5,3.316047895908862
rw4774399,Gloria Bell (2018),3.5,3.3436043210087036
rw0388105,Jake's Women (1996 TV Movie),5.0,3.3770841168997654
rw3717064,Temple Grandin (2010 TV Movie),4.5,3.367707785403111
rw4195289,Horror House on Highway Five (1985),3.0,3.3759587050341353
rw4137646,Super Troopers 2 (2018),3.0,3.3471052767713645
rw0698180,Bartleby (2001),3.0,3.30320677880529
rw4786698,How to Train Your Dragon 2 (2014),4.5,4.365876323266221
rw1842028,The Bank Job (2008),4.0,4.334191292279615
rw5220296,Mr. Right (I) (2015),3.5,3.2895942802624383
rw1363799,Unfaithful (2002),2.5,4.228528265504427
rw3173631,Legion (2010),4.0,3.204005313596369
rw4329594,The Children Act (2017),4.0,3.4415139484405013
rw4109593,Dave Chappelle: Equanimity (2017 TV Special),3.5,3.246186543252856
rw2073120,Where I Stand: The Hank Greenspun Story (2008),5.0,3.710317567112034
rw2864081,Confessions (2010),3.5,3.217956071014873
rw6184067,The Three Deaths of Marisela Escobedo (2020),5.0,3.270005606255337
rw5947640,Cursed (2020– ),1.0,3.710317567112034
rw0461290,The Lord of the Rings: The Fellowship of the Ring (2001),5.0,2.9487882657614417
rw1354388,Casual Sex? (1988),3.0,3.333746492458013
rw4222030,The Needle Drop (2009– ),3.5,3.345802298951972
rw5610581,X2: X-Men United (2003),4.5,4.028826143349447
rw0408965,Life Is Beautiful (1997),4.5,4.057457902173187
rw2334338,Gods and Generals (2003),0.5,1.6254236922886074
rw4030122,Mary and the Witch's Flower (2017),4.0,3.4705156577121827
rw0242832,Dirty Dancing (1987),3.5,3.432815304305452
rw5707089,Mrs. Serial Killer (2020),5.0,4.5735050678821585
rw1879853,Lions for Lambs (2007),0.5,3.7376075553286774
rw5705631,Hollywood (2020),5.0,3.713637527718766
rw4387144,Beyond the Edge (2018),4.0,3.2690538156741167
rw2645090,The Killing of a Chinese Bookie (1976),3.5,3.387142047718208
rw2822938,Planet of the Apes (2001),1.5,2.1314360229690643
rw1742246,Face/Off (1997),4.5,4.337017844606402
rw3704586,Moonlight (I) (2016),1.0,3.7904337557333787
rw3709816,Manhattan Tower (1932),3.0,3.3282654355633423
rw3563827,Bad Boys (1995),5.0,3.313182024320387
rw6066314,JL50 (2020– ),5.0,3.654623676380448
rw4394216,Somewhere (2010),3.0,1.5784788484499797
rw3799341,The Fox and the Hound (1981),4.0,3.38867106490586
rw4990196,Broken Ghost (2017),1.0,3.3595254061333883
rw2698942,The Legend of Hell House (1973),4.0,3.261976048823528
rw3099960,Hannibal (2013–2015),5.0,3.926615016427567
rw5123724,500 Days of Summer (2009),5.0,4.028197589321556
rw5689323,One Night Stand (I) (2016),0.5,3.3279520665120486
rw2400064,Bir Avuç Deniz (2011),2.0,3.2852652217689604
rw2225201,The International (I) (2009),3.0,3.1704140918721335
rw4100708,We Love Paleo (2016),1.0,3.710317567112034
rw6436850,See No Evil (2014– ),3.0,3.7184118626724247
rw5936270,Dil Bechara (2020),5.0,4.980641533961315
rw6163300,The Lie (2018),2.0,3.178800725351356
rw2261075,Ginger Snaps III: The Beginning (2004),1.5,3.25088630746236
rw1078248,David's Mother (1994 TV Movie),4.5,3.4436345724507054
rw5712275,Mother (2009),3.5,3.3340644823912875
rw2603789,Phenomena (1985),5.0,3.2700144994542653
rw4565146,Thugs of Hindostan (2018),4.0,3.3467296142857386
rw1930602,Lake Placid 2 (2007 TV Movie),3.5,3.3257531674429934
rw4636178,Mortal Engines (2018),3.0,3.1698146926630124
rw3085907,"As Above, So Below (2014)",1.0,3.2713790227794406
rw1135628,War of the Worlds (2005),4.0,3.443621099278004
rw0639376,Pokémon: The First Movie - Mewtwo Strikes Back (1998),4.5,3.5037258302489382
rw4043402,Arjun Reddy (2017),1.5,3.4418441742288013
rw3388024,Star Wars: Episode VII - The Force Awakens (2015),0.5,2.8370695618395354
rw5764735,The Wave (2019),3.0,3.2777705009188276
rw6424526,Death to 2020 (2020 TV Special),0.5,3.3025919236768906
rw1946400,Righteous Kill (2008),2.0,2.1346241416157916
rw3397174,The Transporter Refueled (2015),3.5,3.305359464339174
rw4841762,Don Juan DeMarco (1994),2.5,3.3157241425788455
rw6162240,Abhay (2019– ),5.0,4.7439981317634965
rw3049954,Maleficent (2014),0.5,3.4582260801588958
rw2359491,Spike (2008),0.5,3.3856030126378784
rw1639672,The Browning Version (1951),3.5,3.2734657118450357
rw1800020,Sunshine (2007),1.5,2.5462100226648623
rw0621224,A Knight's Tale (2001),1.0,3.4156799068375943
rw2553629,Ace Ventura: Pet Detective Jr. (2009 TV Movie),0.5,3.5340776413393966
rw5286768,Solver (2017),2.5,3.2802183143690717
rw0223573,Lifeforce (1985),3.5,3.271304254180575
rw3048904,Transformers (2007),4.5,2.549586432392668
rw6059782,Daddy (III) (2017),5.0,3.3197026084884724
rw0480190,Titan A.E. (2000),3.0,4.272248300174856
rw2544070,New Kids Nitro (2011),1.5,3.1725602853541304
rw1559212,Pan's Labyrinth (2006),4.0,4.3423201010314205
rw0225151,Pray for Death (1985),1.0,3.113160720913938
rw4851663,Flip (2019– ),5.0,3.654623676380448
rw3073194,Ringer (2011–2012),2.0,3.4372389316717076
rw4271737,The Artist (I) (2011),3.5,3.475732229216821
rw0460861,The Lord of the Rings: The Fellowship of the Ring (2001),4.5,2.9487882657614417
rw2661990,普羅米修斯 (I) (2012),3.0,0.843726883141002
rw0603017,Scary Movie (2000),3.5,3.29337540877624
rw4111182,Ready Player One (2018),3.0,3.0546947469808265
rw0342288,The Lion King (1994),5.0,4.714483904747595
rw1209553,Birth (2004),1.0,3.3534857484628775
rw0023274,Blood and Sand (1941),5.0,3.394489126306252
rw5018039,Another Life (2019– ),0.5,2.9366068489429202
rw4424845,The Christmas Card (2006 TV Movie),5.0,3.296372994723075
rw2205569,Fix (I) (2008),4.0,3.350105809719746
rw0214994,Sheena (1984),2.0,3.268728087294798
rw1760924,Lions for Lambs (2007),4.0,1.5340310619720983
rw5542940,The Lord of the Rings: The Fellowship of the Ring (2001),5.0,2.9487882657614417
rw4559779,Father Figures (2017),1.0,3.289069448442662
rw3194031,Badlapur (2015),5.0,3.160673539922347
rw4267370,Attack of the Killer Tomatoes! (1978),5.0,3.3740408168379052
rw4332018,Solo: A Star Wars Story (2018),2.5,4.177271949960664
rw2278429,Wild Target (2010),3.0,3.2058774209311123
rw5940703,Legacy (IV) (2020),0.5,3.3089662144716656
rw0966904,Cube²: Hypercube (2002),1.5,3.196075408114134
rw4196939,El Camino Christmas (2017),3.5,3.3482937175342085
rw4160470,Sleepers (1996),4.5,3.381496644014892
rw2900845,Jersey Shore (2009–2012),5.0,3.236918177433384
rw4165774,Clash of the Titans (2010),2.5,3.0865472270527166
rw1986195,Milk (I) (2008),3.5,3.320138375515628
rw2916958,Dialogues with Madwomen (1994),3.5,3.670516885243438
rw1228792,Harry Potter and the Goblet of Fire (2005),3.0,3.734346582420098
rw1198205,Brokedown Palace (1999),0.5,3.2943853178830382
rw4227619,The Land Before Time (1988),5.0,3.466150220482731
rw2791487,Unconditional (IV) (2012),3.0,3.2733811148420844
rw4838109,Lucifer (2016– ),4.5,3.670516885243438
rw0946510,One Missed Call (2003),3.5,3.2289412566995788
rw2350909,13 (I) (2010),5.0,3.2075078977703892
rw4582928,Logan (2017),4.5,4.285596566951473
rw2540177,Doli Saja Ke Rakhna (1998),3.5,3.506003954105895
rw6395817,The Boy and the World (2013),2.0,3.422065464416011
rw6439404,This Woman Is Mine (1941),3.0,3.384782699006607
rw1724631,A Lot Like Love (2005),5.0,3.2221349443736984
rw4274219,Blackmark (2018),1.0,3.242144632888394
rw2455837,Battle Los Angeles (2011),1.5,1.4603939324844342
rw3150349,The Guilt Trip (2012),3.0,3.2493272792867933
rw4995429,Keeper of the Flame (1942),4.5,3.390911668798016
rw6178652,The Thing About Harry (2020 TV Movie),3.5,3.3184844277609007
rw5703335,Hollywood (2020),3.0,3.713637527718766
rw5348704,獵魔士 (2019– ),4.0,3.33921284402415
rw1972611,King of Hearts (1966),5.0,3.4066812398196147
rw4503886,Gold Diggers of 1933 (1933),4.5,3.527366064847902
rw4976170,Toy Story 4 (2019),3.0,3.8313046854035657
rw0344212,Natural Born Killers (1994),3.5,4.450486029417757
rw1345640,The Wild (2006),3.5,3.486137747802395
rw0203047,National Lampoon's Vacation (1983),3.0,3.396984425208676
rw0014058,Phantom Ship (1935),2.5,3.404145108785969
rw5394047,Klaus (2019),5.0,2.2393397385691673
rw3506502,Glitter (2001),1.0,3.3625808000055426
rw1350824,Silent Hill (2006),3.5,3.717305016185114
rw3609956,V/H/S/2 (2013),1.0,3.2705288279539126
rw2904498,Cape Fear (1991),4.0,3.4007846590939406
rw1656782,No Country for Old Men (2007),5.0,3.489109719978083
rw2352978,Rabbit Hole (2010),5.0,3.2505044320453362
rw3447582,Dredd (2012),3.5,2.754648400612989
rw2530170,Sombrero (1953),3.5,3.4168944293448242
rw6002137,Peppa Pig (2004– ),3.5,3.44948522877335
rw5325503,War (2019),1.0,3.1193260114246177
rw2265749,Rampage (2009),3.5,3.0523604885621642
rw4864055,Send Me No Flowers (1964),4.0,3.450600561079888
rw5915503,American Sniper (2014),2.5,3.2447267221114466
rw4106302,The Fool (II) (2014),4.0,3.46734232601143
rw0117189,Harold and Maude (1971),4.5,3.2627417737299353
rw2703395,Apollo 18 (2011),1.0,3.3552539227966403
rw3765970,Valerian and the City of a Thousand Planets (2017),4.0,3.446038379756053
rw1749880,The Invasion (I) (2007),3.5,3.4542416343086413
rw4114137,All American (1953),3.5,3.439371571388872
rw4270753,The Wrestler (2008),3.0,3.2665792714831583
rw3873468,Bordertown (2016–2020),4.5,3.3040208425378887
rw2434921,Cross (2011 Video),2.5,3.2792928174975384
rw1735592,3:10 to Yuma (2007),3.5,2.512614245672744
rw0132216,Tongue (1976),4.0,3.3363552186080527
rw5196187,凶兆 (I) (2012),4.5,3.3850658277412644
rw5489593,Parasite (2019),2.5,4.504648672681227
rw1186102,Lord of War (2005),4.0,3.3643805002267233
rw2326231,Shivers (1975),3.5,3.213160755090792
rw3457732,Across to Singapore (1928),2.5,3.472999745194539
rw4599934,Bohemian Rhapsody (2018),5.0,4.083278705598962
rw4556226,Foodfight! (2011),0.5,3.3498154553421684
rw6250947,Laxmii (2020),0.5,1.4872562545521324
rw6008057,Most Wanted (I) (2020),2.5,3.2460188620860735
rw5005446,The Curse of La Llorona (2019),0.5,3.4282397852047906
rw1036011,Robots (2005),5.0,3.4551944083276056
rw0395901,Sling Blade (1996),5.0,3.718913295146875
rw1324718,Napoleon Dynamite (2004),3.5,4.446758894878137
rw5914239,Mafia (2020– ),5.0,3.2981335468246367
rw3434099,Fracture (2007),1.0,3.1848433232294906
rw4983617,Titanic (1997),0.5,4.129187331763954
rw1309335,16 Blocks (2006),4.0,2.820407385061711
rw2853386,Lovelace (2013),3.0,3.2185643486701383
rw0007508,City Lights (1931),5.0,3.447932682221817
rw2293283,Winds of the Wasteland (1936),3.5,3.4195645461433055
rw0654694,Moulin Rouge! (2001),2.5,4.40620555698399
rw1502693,N (Io e Napoleone) (2006),4.5,4.022304179999715
rw5008623,A Star Is Born (2018),4.0,3.0051989139621913
rw5406488,Tanhaji: The Unsung Warrior (2020),5.0,3.8361963547652045
rw0028891,Lady of Burlesque (1943),4.0,3.3949521765343684
rw2229986,Der Barbier von Sevilla (1959 TV Movie),5.0,3.399464291128095
rw4526581,Educating Rita (1983),5.0,3.3723123867729643
rw0371914,Strange Days (1995),5.0,3.636986486396724
rw1496169,Return of the Living Dead II (1988),4.0,3.2520020456196024
rw5799272,Brenda (2015),5.0,3.710317567112034
rw4282758,Get Out (I) (2017),3.0,4.071813563233583
rw1993819,Planet Terror (2007),3.5,3.335939540137589
rw1144723,Charlie and the Chocolate Factory (2005),4.5,3.9247161686104914
rw4672590,The Darkest Minds (2018),3.5,3.301022675329638
rw4036622,The Great Gabbo (1929),2.5,3.40212009399795
rw3858410,The Square (2017),3.5,3.2836142618424824
rw3758411,King Arthur: Excalibur Rising (2017),1.0,3.409155813143822
rw0482526,Star Wars: Episode I - The Phantom Menace (1999),5.0,3.1464883787938094
rw1918649,"Runaway, Runaway (1972)",5.0,3.3578915915491616
rw0247353,The Monster Squad (1987),5.0,3.3372972057831145
rw6183570,The Unicorn (2019– ),5.0,3.1293064804208806
rw4413011,Bad Times at the El Royale (2018),5.0,2.311716979615232
rw0529707,American Reel (2003),4.0,3.3527555006377816
rw6455986,Taxi Driver (1976),2.5,4.529664615338839
rw1599940,Inferno (1980),5.0,3.376798741014465
rw0241868,Bloodsport (1988),5.0,3.388635274127466
rw5003916,Ambuli (2012),3.5,3.250147968101772
rw0138032,Sweet Movie (1974),4.5,3.3740000032549835
rw1253583,"The Chronicles of Narnia: The Lion, the Witch and the Wardrobe (2005)",5.0,4.593078450171601
rw1961476,Argo (2004),0.5,3.3128614029866577
rw5376946,Spinning Out (2020),0.5,3.1841409987309217
rw0744736,Beeper (2002),3.5,3.302026292374556
rw3681098,Fathom (1967),2.5,3.368362490686397
rw2433458,American Beauty (1999),0.5,3.2603742770310076
rw2290202,Grandma's Boy (2006),3.5,2.713226211445809
rw2420986,House on Haunted Hill (1959),4.0,2.534367086320627
rw5280315,Whisper of the Heart (1995),5.0,3.5462675316937524
rw0414232,Eve's Bayou (1997),0.5,3.3433394705069106
rw4741456,Triple Threat (2019),2.0,3.3362865531783137
rw2217887,Taken (I) (2008),3.5,3.1285731306905977
rw6259296,What Happens Next (I) (2011),1.5,3.3832577419206875
rw2870821,Derek Zoolander: Male Model (1996 TV Short),2.0,3.403447342994694
rw4108866,Cars 3 (2017),4.0,3.2942871439616033
rw3232267,The Wolfman (2010),3.5,4.3237098120880715
rw2237380,Idiocracy (2006),5.0,4.49240997181291
rw5418956,The Heist of the Century (2020),4.0,3.2072040368472945
rw4638003,Dynasty (2017– ),4.0,3.4804420383620225
rw1703129,You Kill Me (2007),4.0,3.2897660164775644
rw5485614,Love Aaj Kal (2020),5.0,3.414754234352056
rw4603144,M.S. Dhoni: The Untold Story (2016),5.0,3.3662414331669996
rw0312505,Romper Stomper (1992),2.5,3.2992320307573086
rw1185276,Four Brothers (2005),4.0,4.2895429760629495
rw3503803,The Maze Runner (2014),3.0,3.505368995872168
rw6039337,Bulbbul (2020),5.0,3.288627797457328
rw1468714,Madagascar (2005),4.5,3.5020504049668353
rw3849874,Outside the Law (1930),3.5,3.438569601876125
rw2124162,Close Encounters of the Third Kind (1977),5.0,3.492472030024497
rw2237754,Creature of Darkness (2009),3.5,3.254159612023402
rw5437088,The Mandalorian (2019– ),4.5,4.783243694910058
rw4782229,Indiscreet (1958),0.5,3.3651599502049567
rw3242722,Fat Slags (2004),2.5,3.314905945126337
rw0867738,Bruce Almighty (2003),3.5,1.4348179697290728
rw4397864,12 Kilometers (2016),5.0,3.328337707212609
rw2363338,Sid and Nancy (1986),4.0,3.4315169618428474
rw2057355,Sure Fire (1990),4.5,3.670516885243438
rw4908361,Fleabag (2016–2019),5.0,4.45416512672895
rw3157870,Gummo (1997),0.5,1.901481149727718
rw4324003,Pyewacket (2017),3.0,3.296174190044712
rw5646437,Manifest (2018– ),0.5,2.033572760644907
rw4712014,Bohemian Rhapsody (2018),5.0,4.083278705598962
rw6424908,Bridgerton (2020– ),0.5,3.670516885243438
rw3480060,Avengers: Age of Ultron (2015),3.5,3.768273622726667
rw1019162,Darr (1993),5.0,3.3734655650121286
rw0791485,Lilo & Stitch (2002),5.0,3.17829780192703
rw6138689,Conspiracy Theory (1997),2.5,3.1952937999212
rw5284358,A Time to Kill (1996),0.5,3.3246794779332367
rw3091858,The Mist (2007),0.5,3.253907533696155
rw3382602,Carol (2015),2.0,3.3465433331923187
rw0869956,Spider-Man 2 (2004),4.0,4.244377797330885
rw0683859,Gangs of New York (2002),2.0,2.950502477710677
rw4879925,It (I) (2017),4.5,3.674994025999785
rw2854617,Chinatown (1974),4.5,3.578301399838605
rw6070570,Love Fraud (2020),0.5,3.300751208549769
rw3719314,Wonder Woman (2017),1.0,3.14833380938323
rw4952775,Blazing Saddles (1974),1.5,4.4217197741200485
rw5908703,Rosemary's Baby (1968),5.0,4.139935939666719
rw4146665,Avengers: Infinity War (2018),4.5,3.9645544311805874
rw2873847,Jobs (2013),3.5,3.375213650215528
rw2393550,Gojira (1954),2.5,3.350919963328786
rw5322837,In Harm's Way (1965),5.0,3.560458885449958
rw2695807,Chasing Mavericks (2012),5.0,3.229590237415661
rw6102788,Dave (1993),3.5,3.504289774661994
rw4444103,Sausage Party (2016),4.5,3.3775870756707724
rw1643260,Das Leben der Anderen (2006),4.0,3.426761335148963
rw5955678,Hostile (I) (2017),0.5,3.437201737733637
rw1967933,The Mentalist (2008–2015),4.0,4.3569388828520275
rw2580154,Special (2006),2.5,3.3435157367709962
rw5014697,The Babysitter (1995),1.0,3.40391930487031
rw3264839,The Adventures of Sharkboy and Lavagirl 3-D (2005),0.5,2.8739777998533733
rw5778164,Ouija Shark (2020),2.5,3.238306487933376
rw3026099,Vampires Suck (2010),4.5,3.2577436742554124
rw0355685,Babe (1995),5.0,3.4749222766755286
rw0340318,Heavyweights (1995),1.0,3.482216176189206
rw3857545,School Life (2016),4.0,3.3942457929680647
rw6324716,Saved by the Bell (2020– ),0.5,3.3307783485086015
rw4527271,Bird Box (2018),3.0,3.024343713322911
rw3219220,Danny Collins (2015),4.5,3.414739456986892
rw2529369,Puss in Boots (2011),3.5,3.3496498892962245
rw6435395,Muck (I) (2015),3.5,2.9939940438591726
rw2846712,A Good Day to Die Hard (2013),0.5,3.274560602665176
rw5702914,After Life (2019– ),5.0,4.442038217516485
rw4214570,The Wizard of Lies (2017 TV Movie),4.0,3.2698876020630907
rw0272884,Meet the Feebles (1989),5.0,3.4216276060864623
rw0982004,Garden State (2004),4.5,3.7800771803150024
rw5243505,Doctor Sleep (2019),5.0,4.2713106225258
rw1711356,The Steel Trap (1952),4.0,3.353564720636229
rw4568769,The Shawshank Redemption (1994),4.5,4.680011110730718
rw5584366,Mad Max: Fury Road (2015),2.0,3.3878659749293254
rw4094304,I Can Only Imagine (2018),5.0,3.2494632671600585
rw2413378,An Invisible Sign (2010),4.0,3.287279874669772
rw5020687,Midsommar (2019),0.5,2.0515051328085905
rw5735750,Wanted (2016– ),3.0,2.8307223220693
rw4883953,The Poison Rose (2019),1.5,4.261531842047792
rw2090814,Blood Feast (1963),3.5,3.2919737807680427
rw4914139,Nervous Translation (2017),4.0,3.36538215802217
rw1857056,Cast Away (2000),5.0,2.869512524773132
rw6164376,Castle Freak (1995 Video),4.0,3.246228576038242
rw5224053,Solo: A Star Wars Story (2018),4.5,3.4675513214779805
rw3811286,Breaking Bad (2008–2013),5.0,3.9903360596337767
rw2794566,Jack Reacher (2012),4.0,1.4750813134201939
rw3346467,Terminator Genisys (2015),3.0,3.3464462300277167
rw1790833,National Treasure: Book of Secrets (2007),2.5,3.3123889000099895
rw2676887,Mother's Day (I) (2010),2.5,3.166566528691635
rw1958049,Appaloosa (2008),4.0,3.295205026987459
rw3027144,Fantastic 4: Rise of the Silver Surfer (2007),2.5,3.2549055780789544
rw4742033,Us (II) (2019),4.0,3.286513612136342
rw3129498,Eight O'Clock Walk (1954),2.5,3.3040162088501503
rw3181112,Suspiria (1977),3.0,4.310651547052991
rw2233633,Brother Orchid (1940),3.5,3.36497720722113
rw5920486,Hearts and Flowers (1930),1.5,3.396359562571125
rw2237565,Repo Men (2010),3.0,3.2172899315442236
rw4722710,Captain Marvel (2019),2.5,3.66913896117761
rw2587888,The Hunger Games (2012),1.5,2.5433553829332127
rw1523812,Plymouth Adventure (1952),3.5,3.345633257587063
rw1970221,The Strangers (2008),1.5,3.166072833926958
rw1810596,Firefly (2002–2003),5.0,3.379427663980007
rw0767970,Black Hawk Down (2001),0.5,3.565463663589563
rw1433255,The Dukes of Hazzard (2005),0.5,3.7857256519799747
rw5862219,Andes Mágicos (2019– ),2.0,3.448395106841693
rw3219290,Go Naked in the World (1961),4.0,3.4054219456749375
rw2761246,Django Unchained (2012),4.5,1.8569848844837895
rw2082849,The Mummy: Tomb of the Dragon Emperor (2008),1.5,3.328436652241999
rw5693961,A Secret Love (2020),4.5,3.4635178660182677
rw0625544,Little Nicky (2000),5.0,3.6146852892521393
rw6304035,The Witches (2020),0.5,4.2496622651201355
rw1955772,Nights in Rodanthe (2008),4.0,3.249206853010639
rw4165273,Parasites (I) (2016),4.0,3.230078158888037
rw0450819,Eye of the Beholder (1999),5.0,4.000299141217961
rw3324656,Gotham (2014–2019),0.5,3.260472361654469
rw1149670,Catwoman (2004),0.5,1.5141642011659364
rw3823333,Session 9 (2001),3.5,3.1741390791168698
rw2511850,Paranormal Activity 3 (2011),0.5,3.2624773048010547
rw2105896,The Cell (2000),2.5,3.048940706265383
rw1097087,Five Star Final (1931),4.5,3.5162885035554377
rw0031978,Brief Encounter (1945),5.0,3.467070647657106
rw2566578,The Experiment (2010),2.5,3.181462574592804
rw5540197,21 Bridges (2019),5.0,3.183747374430811
rw4126719,The Crown (2016– ),4.0,3.4959730682180967
rw6352457,The Turin Horse (2011),5.0,3.4114814636898223
rw5964364,Deadpool (2013 Video Game),4.5,4.422172249861071
rw0842143,Chicago (2002),1.5,3.3550556529178874
rw1609174,Tajja (2006),4.0,3.204873074390384
rw5791475,Alice in Wonderland (I) (2010),3.5,3.496050726105581
rw5329412,李察朱威爾事件 (2019),5.0,3.4396601211928877
rw5411181,Blue Mountain State (2010–2011),5.0,3.3487356540980637
rw1497844,Judge Dredd (1995),4.0,3.4340484608551027
rw4812121,Iron Man (2008),3.0,3.950479185791169
rw5437533,The Specials (2019),4.0,3.3651297956388015
rw5382589,Uncut Gems (2019),5.0,2.641766701804526
rw2292589,Road Train (2010),0.5,3.2068305139947317
rw6142109,Enola Holmes (2020),3.5,3.4773210445190292
rw0469652,Saving Private Ryan (1998),2.5,2.503255781608342
rw2053281,Black Christmas (2006),2.5,2.4676765458629952
rw4878701,My Way (2011),4.5,3.3569788393268576
rw1555419,Santa Claws (1996),3.0,3.2813803562344264
rw4967027,Star Wars: Episode VIII - The Last Jedi (2017),1.5,3.9240908342970586
rw4298536,9-1-1 (2018– ),0.5,3.286001078855048
rw3316810,The Rawhide Years (1956),3.0,3.3688426337369632
rw0527035,Message in a Bottle (1999),1.5,3.803118884227893
rw4374865,Terror on Tour (1980),1.5,3.3596388590133786
rw0510344,The Matrix (1999),4.5,4.597732346565298
rw2109616,Funny People (2009),1.0,3.3588004230233057
rw1050604,Star Wars: Episode II - Attack of the Clones (2002),3.0,3.267669640516783
rw5777517,Tajkun (2020– ),4.5,3.3064754367473945
rw6452902,Uncle Buck (1989),3.0,4.329205281498355
rw2778668,Olympus Has Fallen (2013),2.0,3.2657776084197225
rw4465859,Mirzapur (2018– ),3.5,3.717237818966546
rw6208963,Spell (I) (2018),5.0,3.470357130258256
rw3833864,Chris Brown: Welcome To My Life (2017),3.0,3.287767696409225
rw0027130,Mystery of Marie Roget (1942),3.0,3.359660499211177
rw3609902,The Search (III) (2014),3.5,3.4106994747931587
rw3449982,Deadpool (2016),5.0,4.056822078092455
rw5042352,Assimilate (I) (2019),3.0,3.172930295524294
rw3713237,Arrival (II) (2016),4.5,1.624552080841957
rw3085754,The Babadook (2014),4.0,1.3882801689783113
rw2510672,Dweebs (1995),4.0,3.324027712689831
rw4693676,Mine Games (2012),1.0,3.158513577422993
rw1122432,Chopping Mall (1986),5.0,3.2754339395818155
rw5219478,Bigil (2019),5.0,3.305389953754257
rw0594031,Neon Genesis Evangelion: The End of Evangelion (1997),5.0,1.501652789284046
rw6101173,Mulan (2020),0.5,2.8824487991915344
rw1109687,The Mummy Returns (2001),2.5,2.566590792170645
rw1806016,Young Guns (1988),2.5,3.405539785456525
rw5676229,Manifest (2018– ),3.0,0.9572481390632315
rw1361347,Doctor Zhivago (1965),3.5,3.485634598355065
rw5133193,The Girl in the Fog (2017),2.0,3.2233676725813094
rw2993781,The Carpenters (1941),3.0,3.048213115899169
rw4243836,Baywatch (2017),4.5,3.3797938415801996
rw1416440,The Devil Wears Prada (2006),2.5,3.781563304566861
rw5244537,She Walks the Woods (2019),4.0,3.142343678333414
rw3156656,The Devil's Violinist (2013),4.5,3.3830421565129467
rw3769686,Alien: Covenant (2017),1.0,3.753867212583331
rw1752788,We Own the Night (2007),3.5,3.2259369840020877
rw2233057,Lost and Delirious (2001),5.0,3.371993590242282
rw3626829,Arrival (II) (2016),0.5,3.268208952536775
rw1371270,Grandma's Boy (2006),2.0,3.5106040319160376
rw1239363,The 40-Year-Old Virgin (2005),4.5,3.3594743486365055
rw5412752,Star Wars: The Rise Of Skywalker (2019),1.0,2.008192274355894
rw2767164,Some Like It Hot (1959),4.5,3.4624420113731804
rw4184504,Lucifer (2016– ),5.0,3.620943968996042
rw1018538,Before Sunset (2004),5.0,3.3285027330217707
rw3735935,Power Rangers (2017),1.5,3.4948294658196075
rw2443025,Haunted Collector (2011– ),0.5,3.717237818966546
rw5009534,Super 30 (2019),4.0,3.2286490464491924
rw4543643,Titans (I) (2018– ),4.0,1.4205963652002769
rw0409362,Life Is Beautiful (1997),4.5,4.160386524507628
rw6383874,We Are the Champions (2020– ),5.0,3.391106851093119
rw3634828,The Defiant Ones (1958),4.5,3.4202938160760676
rw3114568,Nightcrawler (2014),4.0,3.263819749609416
rw2404103,Sucker Punch (2011),3.0,3.358777833677246
rw3369828,The Sissy Duckling (1999 TV Movie),3.0,3.4964417492497546
rw0842504,Gigli (2003),0.5,3.3033700830689967
rw0161892,The Last Waltz (1978),5.0,3.449747764859936
rw1383873,Madonna: Truth or Dare (1991),5.0,3.229729589679535
rw6218269,Joker (2019),5.0,4.02528389442356
rw6334691,The Stalker (III) (2020),1.0,3.254844358592723
rw3061403,The Catechism Cataclysm (2011),0.5,3.203127440590023
rw5429734,The Capture (2019– ),3.0,3.477192182003441
rw3402079,When Calls the Heart (2014– ),5.0,3.3340528422425826
rw1505773,Almost Famous (2000),5.0,3.3701665583365172
rw3058568,Hot Moves (1984),2.5,3.269116694092337
rw2642626,Köprü (1975),2.0,3.4589004855083405
rw5397799,Last Christmas (2019),4.5,3.975350165042761
rw3031035,Mr. Fraud (2014),0.5,3.2997761962346424
rw0142855,It Can't Be! (1975),5.0,3.4465948059200895
rw6070985,Upside-Down Magic (2020 TV Movie),0.5,3.2220757194326297
rw3253574,Pyaar Ke Side Effects (2006),3.0,3.377201189247406
rw6161360,Creepozoids (1987),1.5,3.2796083152810653
rw3372018,Terminator Genisys (2015),1.5,3.6480304896294924
rw2120352,The Maid (2009),4.0,3.3786145090165194
rw2032436,Æon Flux (2005),4.0,2.1737759162069756
rw4911268,Burning (2018),4.0,3.384280747816138
rw1346245,12 Monkeys (1995),5.0,3.2097661951057304
rw5812379,Top Gun (1986),5.0,3.196366669648461
rw2533749,Tin sang yat dui (2006),4.5,3.3357764308413316
rw2957257,Inequality for All (2013),5.0,3.1733126465231116
rw3694718,Furious 6 (2013),4.0,3.4782110738177194
rw3175045,An Unexpected Love (2003 TV Movie),1.5,3.23455183110768
rw4806278,Psycho (1960),4.5,4.122503446236933
rw3772713,Valerian and the City of a Thousand Planets (2017),3.0,3.446038379756053
rw3603095,The Affair (2014–2019),4.0,3.717237818966546
rw0039803,Beyond the Forest (1949),2.0,3.473563446467003
rw4666181,The Favourite (2018),2.0,3.4289071905055324
rw5491526,The Phantom of Crestwood (1932),2.5,3.285910688021803
rw4532980,Transformers: The Last Knight (2017),0.5,3.710999038779619
rw5400353,Treadstone (2019),1.5,3.717237818966546
rw3873999,She's Gotta Have It (2017–2019),1.5,3.356630149965396
rw3044794,The 100 (2014–2020),0.5,4.41953710754474
rw3649086,A Cure for Wellness (2016),4.5,3.1399121008757964
rw3377342,Star Wars: Episode VII - The Force Awakens (2015),3.5,2.480097903618112
rw4277877,Deadpool 2 (2018),0.5,3.453465099280353
rw4928376,The Chef Show (2019– ),4.0,3.4226250713974404
rw0972252,Rudolph the Red-Nosed Reindeer (1964 TV Movie),1.0,3.347403041004991
rw4559815,The Bridge on the River Kwai (1957),5.0,3.4034424624907693
rw1962823,Village of the Damned (1960),4.0,3.4317779149146963
rw5614717,Panchayat (2020– ),3.5,3.522735761207198
rw4118782,The Last Movie Star (I) (2017),5.0,2.8361806317412928
rw5101984,Chal Mera Putt (2019),4.0,3.4452204157613333
rw3611311,A Billion Lives (2016),5.0,3.2667555256130627
rw1111398,King of the Corner (2004),5.0,3.4333409802734365
rw5747617,Eden Lake (2008),4.0,2.083747264871407
rw4260485,The Proposal (I) (2009),3.0,3.231370456613845
rw5414157,Code M (2020– ),4.5,4.780436004869581
rw1871845,Before the Devil Knows You're Dead (2007),0.5,3.354277979727488
rw0915829,Belly of the Beast (2003 Video),0.5,3.112725164909155
rw2769316,Cloud Atlas (2012),0.5,4.306666823660779
rw4012029,Justice League (2017),1.5,2.8441959322765666
rw6266711,Soorarai Pottru (2020),4.5,4.752216626417128
rw4119452,Day of the Dead: Bloodline (2017),0.5,3.3341106794107995
rw0222922,Police Story (1985),1.5,3.30070003128087
rw4381440,Long Lost Daughter (2018 TV Movie),1.0,3.3205789462367714
rw1194630,Out of Season (2004),2.5,3.2027141092092775
rw2167499,Honeymoon of Horror (1964),1.5,3.258464256387542
rw3467053,It (1990),4.5,3.4369110418951747
rw4544960,Cherokee Creek (2018),5.0,3.0431491088171465
rw0850225,Kermit's Swamp Years (2002 TV Movie),1.0,3.470229418663223
rw2534229,Hugo (2011),1.5,3.349829820175191
rw4128395,Superjail! (2007–2014),3.0,3.3209210049460043
rw0725026,Swordfish (2001),0.5,3.409711479463858
rw5044809,Thackeray (2019),4.0,3.220791994973469
rw5800136,Space Force (2020– ),4.0,4.385518608206082
rw2614124,Cargo (2009),1.0,3.210012814579283
rw2342375,The Black Cat (1934),4.0,3.7328644195814458
rw0126293,Super Fly (1972),4.0,3.601676418261314
rw0085026,Father Goose (1964),3.5,3.4674170256088326
rw0480245,Titan A.E. (2000),5.0,3.1156651802230986
rw5495112,A Long Way Down (2014),4.0,4.078780643591582
rw3331064,The Hunger Games: Mockingjay - Part 1 (2014),3.0,3.184250240218024
rw4271111,Hot Fuzz (2007),5.0,3.9872608761867196
rw1132702,The Notebook (2004),5.0,4.027257445365345
rw4988594,The Edge of Democracy (2019),5.0,3.280931774845667
rw5164965,小丑 (2019),5.0,3.9220120869502284
rw0142011,Jaws (1975),5.0,3.986021543865899
rw4198754,Before Midnight (2013),1.5,3.333499257274912
rw4289318,Riverdale (2017– ),2.5,1.3766626382179554
rw2951811,An Affair to Remember (1957),3.5,3.377564828304659
rw0633219,Blade II (2002),5.0,3.7352261965251867
rw4789228,Thor: Ragnarok (2017),5.0,3.3492123043080926
rw1012881,Gods and Generals (2003),0.5,1.5325835462796813
rw3009926,Green Lantern (2011),1.5,3.2247246932854625
rw2107575,Slumber Party Massacre II (1987),3.0,3.237779813258661
rw4547376,Your Name. (2016),4.5,4.094440959472588
rw1155446,Supercross (2005),2.0,3.273461198221983
rw5621012,The Chosen (2017– ),5.0,4.821573048800641
rw5232206,Superstore (2015– ),5.0,3.252958660236174
rw0360014,The Demolitionist (1995),0.5,3.355379398556237
rw6166540,The King of Staten Island (2020),5.0,3.2958377985989245
rw5427353,The Americans (2013–2018),4.5,3.670516885243438
rw5076957,Game Over (I) (2019),5.0,4.051939529847278
rw4823777,Playdate (2012 TV Movie),1.5,3.312868205789044
rw1902942,Hot Rod (2007),5.0,3.493911838295708
rw1113951,Zabriskie Point (1970),3.0,3.3289496054618284
rw1422536,Dead Man's Shoes (2004),5.0,3.321273441838613
rw2840192,Wild Strawberries (1957),5.0,3.3520010847957074
rw6345474,Padmaavat (2018),5.0,2.2520334675560827
rw5161710,3 from Hell (2019),3.5,3.283192378647662
rw5115927,State of the Union (2019– ),0.5,3.114385008400539
rw1293244,Raging Bull (1980),5.0,3.3371937534449514
rw5650741,Hasmukh (2020– ),1.5,3.387331532732836
rw4500902,Thunderball (1965),3.5,3.384642807553681
rw4311509,Cool Air (1999),5.0,3.304234210876404
rw3080044,Guardians of the Galaxy (2014),4.5,3.9518772748584463
rw5519012,Star Wars: The Rise Of Skywalker (2019),1.0,2.0711505609331535
rw5261222,Last Christmas (2019),5.0,4.139832311232275
rw5267473,Pulp Fiction (1994),5.0,4.195598227000019
rw5369128,Cliffhanger (1993),5.0,3.2702095971728022
rw0879597,Out for a Kill (2003 Video),1.0,3.23646370074329
rw0828086,The Lost World: Jurassic Park (I) (1997 Video Game),4.0,4.099186509846678
rw3797414,XX (2017),0.5,3.223611623360707
rw1435993,The High Crusade (1994),4.0,3.2493971881162897
rw5425946,The Butterfly Effect (2004),5.0,3.8250469356986283
rw1682919,Transformers (2007),3.5,2.549586432392668
rw4768313,Us (II) (2019),0.5,3.286513612136342
rw3372652,I'll Be Home for Christmas (1998),1.5,3.3925307584926268
rw4080012,Black Panther (2018),0.5,3.473623134014082
rw0289718,Dreams (1990),5.0,3.376866333251812
rw2288579,The Rock (1996),5.0,4.278431328352517
rw4120760,Churchill (2017),3.0,3.340308103886549
rw3796316,Bug Crawls (2008),3.0,3.2269141432294095
rw5047086,Egg (I) (2018),4.5,3.391998100512092
rw1067195,Troy (2004),5.0,2.8711915236660666
rw5720077,Shirkers (2018),5.0,3.5794180230109043
rw1318785,V for Vendetta (2005),5.0,3.6365434465877113
rw6271226,Disappearance at Clifton Hill (2019),2.0,3.318610081245371
rw4455674,The God Inside My Ear (2017),5.0,3.1632884220948445
rw2392743,Nosso Lar (2010),5.0,3.3005305860158263
rw0459828,The Lord of the Rings: The Fellowship of the Ring (2001),0.5,3.703941290406049
rw3369135,Soaked in Bleach (2015),4.5,3.1084550007404386
rw1506609,Murders in the Rue Morgue (1932),1.5,3.253875343859985
rw1662359,Pirates of the Caribbean: At World's End (2007),3.0,4.304717334187541
rw3704218,Cable Girls (2017–2020),5.0,2.0131820065997976
rw4287707,Slender Man (2018),4.5,3.219725429266691
rw5115824,Deep Freeze (2002),0.5,3.3118256102860415
rw0465589,The Opposite of Sex (1997),2.0,3.3007975998580683
rw5898452,Archive (2020),5.0,3.8349078254103297
rw3320860,Cooties (2014),4.0,3.493795169196071
rw0049412,Invaders from Mars (1953),4.0,3.3825175768745175
rw4371939,Jumanji: Welcome to the Jungle (2017),3.5,3.4639295685199114
rw2538326,War Horse (2011),4.5,3.3892345482210864
rw3243337,Final Destination (2000),2.0,3.204214258877475
rw2378548,The Boondock Saints II: All Saints Day (2009),3.5,3.317188609682644
rw5914093,Unsolved Mysteries (2020– ),1.5,3.654623676380448
rw0075677,Two Rode Together (1961),4.0,3.4981578992592897
rw2319943,Song of Texas (1943),2.5,3.4432890608055744
rw2947336,A Perfect Man (2013),1.5,3.4064860393900758
rw0107877,The Madwoman of Chaillot (1969),2.5,3.410547411237461
rw5189319,In the Tall Grass (2019),0.5,3.379687917330368
rw1040908,Godzilla 1985 (1985),5.0,3.2279899577402675
rw5781831,Flight (I) (2012),2.5,4.4349455462128375
rw5773403,Man of Steel (2013),5.0,3.262471183231987
rw5241393,"Love, Life and Laughter (1923)",4.0,3.4874698194276235
rw3000032,Devil's Due (2014),5.0,3.1374035814932775
rw4340468,Death Note (I) (2017),2.5,3.2876743692809614
rw1494943,Freedomland (2006),2.5,3.2163768264575134
rw5934540,Dil Bechara (2020),5.0,4.48044432869182
rw1427781,Pieces of April (2003),3.5,3.3641773275227744
rw1139304,What the #$*! Do We (K)now!? (2004),0.5,3.2897039633563745
rw3206191,Alice in Wonderland (I) (2010),3.5,3.445412593256955
rw2376329,American Beauty (1999),5.0,2.507184104679449
rw3444078,Aliens vs. Predator: Requiem (2007),2.5,3.1092880015803805
rw3584258,Boxcar Bertha (1972),1.5,3.4925283616274467
rw2592118,Joey (1997),3.5,3.3504337153181947
rw5003544,The Wrong Boy Next Door (2019 TV Movie),3.5,3.2479987220680533
rw3398216,Panic Button (2011),2.0,3.289504864508761
rw2371561,Covert Affairs (2010–2014),3.0,3.437825977216213
rw3222197,State of Grace (1990),3.5,3.2828596015618245
rw2131822,Valkyrie (2008),4.0,3.406075444433858
rw6200934,House on Haunted Hill (1959),2.0,3.691017531476224
rw6290812,Supernatural (2005–2020),5.0,3.710317567112034
rw0750188,Baby Boy (2001),5.0,3.313508182327894
rw4247822,Cloak & Dagger (2018–2019),3.0,3.287272245769415
rw3423832,Becoming Mike Nichols (2016),3.5,3.35873598920912
rw2099834,Amos & Andrew (1993),4.0,3.316110378918414
rw2955062,Captain Phillips (2013),2.5,4.077144728732008
rw1818058,Boot Hill (1969),1.5,3.336547169656208
rw1440468,Pulp Fiction (1994),5.0,4.469912994503763
rw0984100,The Phantom of the Opera (2004),5.0,2.5750968510753753
rw1435744,The War at Home (2005–2007),5.0,3.3922311981960362
rw3365998,The Walking Dead (2010– ),0.5,4.388319385307104
rw6088599,The Horseman on the Roof (1995),3.5,3.3137137639583147
rw5066233,Blood & Treasure (2019– ),3.5,3.3375329908481213
rw4417181,Vada Chennai (2018),4.0,3.391404937735888
rw4505508,Rudolph and Frosty's Christmas in July (1979 TV Movie),4.0,3.503500162527725
rw2855332,Blackfish (2013),4.5,2.721624691330137
rw0903994,Stuck on You (2003),4.0,3.377682974839313
rw2779094,Curfew (1989),0.5,3.327224301007121
rw2908362,Dracula (2013–2014),4.0,3.400647064539061
rw4030188,Free Eats (1932),3.5,3.5198790073437003
rw1529961,Borat: Cultural Learnings of America for Make Benefit Glorious Nation of Kazakhstan (2006),1.0,3.4010457929303115
rw4554542,We'll Meet Again (2018– ),5.0,3.2446200766077933
rw2826685,The Parent Trap (1998),3.0,3.4658131718684277
rw0078617,Moon Pilot (1962),5.0,3.4126274801178385
rw1149101,Junebug (2005),3.5,3.454906983109399
rw1248309,King Kong (2005),3.5,2.5224563701836002
rw6436086,Once Upon a Main Street (2020 TV Movie),2.5,3.279038416807711
rw3339847,The Oath (2010),3.5,3.299736296941686
rw3048753,Godzilla (I) (1998),1.5,2.1852842158748005
rw3309362,The Silence of the Lambs (1991),5.0,3.7337988727233307
rw3259515,Madagascar 3: Europe's Most Wanted (2012),2.5,3.4839876885599055
rw0856704,Revolution OS (2001),5.0,3.3672708753297504
rw5340268,Rangbaaz (2018– ),5.0,3.670516885243438
rw4523838,StartUp (2016–2018),4.5,3.4291914481446755
rw0749224,The Piano Teacher (2001),4.0,3.3802472229095444
rw1169679,Sky High (2005),4.0,3.3037181685591728
rw3531225,The Thing (I) (2011),5.0,3.2890276880672995
rw1232361,Cinderella Man (2005),0.5,4.2690845498485075
rw1866128,Return to Zork (1993 Video Game),1.5,3.2786866338399228
rw5826347,Back to the Future (1985),4.5,3.235110838607285
rw6320590,Andhaghaaram (2020),5.0,4.166121711206119
rw5231182,In the Shadow of the Moon (2019),2.5,3.1922359568776444
rw2598815,The Color of Money (1986),4.5,3.3275724466770598
rw3636612,In the Heat of the Night (1967),4.5,3.2128118052471595
rw5080383,Medium (2005–2011),4.0,3.710317567112034
rw5759731,Inheritance (I) (2020),4.0,3.269983887438027
rw2621884,Snow White and the Huntsman (2012),3.5,3.1544850637047293
rw4499373,Intensive Care (II) (2018),2.0,3.2103187674623976
rw6210186,Blues Brothers 2000 (1998),1.0,3.2212516018875164
rw3831423,American Gothic (2017),2.0,3.3506744471638155
rw2507051,My Babysitter's a Vampire (2011–2012),0.5,3.2703980375915638
rw6130078,The Chosen (2017– ),5.0,4.736538226515509
rw2944022,My Soul to Take (2010),1.5,3.2933077588588877
rw2764545,Oz the Great and Powerful (2013),5.0,2.9846334973371955
rw2125697,Van Helsing (2004),2.5,2.7833124878625
rw4424381,Lucky (VI) (2016),4.0,3.318889550783404
rw6415394,Monster Hunter (I) (2020),3.5,3.302327366704103
rw3237596,Maggie (I) (2015),5.0,4.1603954285033184
rw2766979,The Last Exorcism 2 (2013),1.0,3.0625749877073978
rw3611196,The OA (2016–2019),5.0,3.358526468675311
rw2769269,Django Unchained (2012),1.0,4.135135791159059
rw6149835,Batman (1966–1968),3.5,3.354777548626221
rw1954021,Call of Duty 4: Modern Warfare (2007 Video Game),5.0,3.717237818966546
rw4577613,The Truth About Killer Robots (2018),3.5,3.408306276640449
rw6414591,Ready to Wear (1994),1.5,3.3890462987700714
rw5183263,The Gulf (2019– ),4.5,3.440924088063454
rw2072070,Terminator Salvation (2009),4.0,3.446044720731427
rw6361963,Your Honor (II) (2020– ),5.0,3.384812780081082
rw2784056,The Trespassers (2012),4.0,3.710317567112034
rw1692239,The Last Mimzy (2007),4.5,3.3631441476363606
rw6243673,The Slumber Party Massacre (1982),1.0,3.267947190662737
rw1978462,Airplane! (1980),3.5,3.2319843332743683
rw0685196,Unbreakable (2000),2.0,3.7028058385060896
rw5030929,Kimi no na wa. (2016),2.0,4.094440959472588
rw1024679,Tomb of the Werewolf (2004 Video),2.5,3.199836024108535
rw5440876,Escape (1940),3.5,3.424316682315861
rw4262563,Leverage (2008–2012),4.5,3.4035484882639637
rw1348984,Scary Movie 4 (2006),3.5,2.021215403427858
rw1419271,The Lake House (2006),1.5,1.883972680418846
rw0484674,Star Wars: Episode II - Attack of the Clones (2002),2.0,3.2939955242995733
rw2667277,Brutal (II) (2012),5.0,3.23024348973129
rw5584226,Kim (1950),4.0,3.345928293151436
rw4997488,Montparnasse Bienvenüe (2017),4.0,3.4141801165382275
rw1282195,Strictly Ballroom (1992),5.0,3.3712914992903893
rw6311976,"Sacred Cow: The Nutritional, Environmental and Ethical Case for Better Meat (2020)",5.0,3.479375914428415
rw2345590,The Judas Project (1990),3.5,3.179158115277944
rw1438881,Talladega Nights: The Ballad of Ricky Bobby (2006),4.0,4.066524191262575
rw3456373,Invasion from Inner Earth (1974),1.5,3.351621771989136
rw6334790,Estômago (2007),5.0,3.41245822708064
rw6272852,Chhalaang (2020),2.5,3.5648422911894446
rw1889552,Reality Bites (1994),5.0,2.0516206929882967
rw0568430,Trixie (2000),3.5,3.416337163194128
rw1194656,*batteries not included (1987),2.0,4.105865692036992
rw2261857,And Then Came Lola (2009),0.5,3.289727611659599
rw5416915,Code M (2020– ),5.0,4.518750555270113
rw4982811,Spider-Man: Far from Home (2019),3.0,2.964410895603247
rw2293702,American Psycho (2000),3.5,3.7849238108987344
rw1286043,The Coroner (1999),0.5,3.1066279260214955
rw0398495,Twister (I) (1996),2.5,3.396284559464399
rw5711759,Into the Night (II) (2020– ),5.0,3.3866171850206555
rw2621766,Bram Stoker's Dracula (1992),0.5,2.5644847564627127
rw1703783,Yo (2007),4.0,3.3902887752128623
rw0122504,Everything You Always Wanted to Know About Sex * But Were Afraid to Ask (1972),3.0,3.437491511320935
rw4242491,Ant-Man and the Wasp (2018),4.5,3.3320900362217203
rw6442332,Paurashpur (2020– ),5.0,3.710317567112034
rw5446580,National Treasure (2004),3.0,3.7720871159956446
rw3296748,Alien Species (1996),4.0,3.2859338586168656
rw4136010,Gun Shy (2017),1.0,3.0884627393627246
rw5638087,The Final Conflict (1981),3.5,3.191101495011861
rw5333867,STAR WARS：原力覺醒 (2015),0.5,3.0475555274543686
rw5025456,Another Life (2019– ),5.0,2.9366068489429202
rw0509007,The Matrix (1999),0.5,4.597732346565298
rw5799183,Ponmagal Vandhal (2020),5.0,3.24810329374491
rw0634130,Godzilla 2000 (1999),5.0,3.3013793183077813
rw0334449,Alma's Rainbow (1994),4.5,3.447284919323444
rw3282529,Night of the Wilding (1990 Video),3.5,3.4227939808612713
rw3667482,Beauty and the Beast (I) (2017),5.0,4.023485698459968
rw5264804,The Mandalorian (2019– ),4.5,4.783243694910058
rw2858178,Star Trek Into Darkness (2013),3.5,2.687682414007428
rw4203056,Frankie and Johnny (1966),2.0,3.4898084105672003
rw3256542,Home (II) (2015),0.5,4.392173921579244
rw5141355,About Last Night... (1986),4.0,3.2079595192780035
rw4925342,Rufus (2016 TV Short),4.0,3.4358783399807606
rw2682785,Chernobyl Diaries (2012),4.0,2.810750259679472
rw5422615,Basket Case (1982),5.0,3.1717641188329133
rw4904816,Domino (I) (2019),0.5,3.1669700604178264
rw1923674,La zona (2007),3.5,3.2562753316851767
rw4800504,Shazam! (2019),5.0,3.2538915267581485
rw5842526,Mrs. Serial Killer (2020),5.0,3.9311843270027795
rw6150473,Ali (2001),2.5,4.228258474615178
rw5877006,The Disaster Artist (2017),0.5,3.9818579150427786
rw2215531,Fringe (2008–2013),1.0,3.300025231519051
rw2803572,Vertigo (1958),5.0,4.200222012284146
rw3307135,Absolute Power (1997),2.5,3.3506793225078835
rw4307225,Lad: A Yorkshire Story (2013),5.0,3.37023528487808
rw5370166,Bridge of Spies (2015),4.0,3.4611109869496093
rw3756487,5150 (I) (2016),4.0,3.1132659592608043
rw1417668,*batteries not included (1987),4.5,2.5452190012483826
rw5595066,Straight Outta Compton (2015),4.0,4.309273811663279
rw6022701,Tenet (2020),5.0,3.6856027953283927
rw3584302,Into the Forest (2015),2.5,3.1554192091123636
rw0668842,Pokémon the Movie 2000 (1999),0.5,3.3911464943209007
rw5935938,Dil Bechara (2020),5.0,4.571130437633036
rw3031992,Giant (1956),4.0,3.32327916083263
rw1327089,Mortuary (I) (2005),4.0,3.3269441718315784
rw3404719,South Pacific (1958),3.0,3.4004088951476183
rw3346068,Fei lung mang jeung (1988),1.0,3.3330976123375256
rw5416119,Forbidden Cargo (1954),3.0,3.3541433800884186
rw2621566,John Carter (2012),4.5,3.3321390669156767
rw4471186,Kojak: Fatal Flaw (1989 TV Movie),2.5,3.356925613281846
rw0835606,The Chronicles of Riddick (2004),4.0,3.1348507326588164
rw2900291,Halloween III: Season of the Witch (1982),3.0,3.2656954669092655
rw6429470,Wasted Talent (2018),1.0,3.717237818966546
rw5488241,Joker (2019),2.5,4.881925440069038
rw3485666,The Good Dinosaur (2015),1.0,3.3831074233819827
rw2175524,The Messengers (2007),1.0,2.443522314585716
rw4017722,Life Boat (2017),4.5,3.2502293634451247
rw2064332,Superman III (1983),3.0,3.358563449675289
rw5550914,Military Wives (2019),3.0,3.3513490018497336
rw5727941,Upload (2020– ),3.0,3.299523525652595
rw3269237,Night Falls on Manhattan (1996),5.0,3.376598486690166
rw2409668,The Sea Hawk (1924),4.5,3.427281182818998
rw2081968,Taking Chance (2009 TV Movie),0.5,3.3608165876237477
rw2745292,愛．慕 (2012),0.5,3.3669480083309935
rw1466987,Pay It Forward (2000),5.0,3.409204061986322
rw0363106,La Haine (1995),5.0,3.3202321484077193
rw4628844,Nightflyers (2018),1.0,3.382150594596949
rw3091871,Chronicle (2012),3.5,3.2664741365416483
rw5533102,Impractical Jokers: The Movie (2020),3.5,3.189958687930909
rw3706054,Alien: Covenant (2017),3.5,2.304542810217015
rw2940605,Avatar (2009),1.0,4.002263905672967
rw3490928,The Island (2005),3.5,2.5547252487254224
rw4385171,Seven Samurai (1954),4.0,4.146452471307326
rw2328422,Stone (2010),5.0,3.204506872245056
rw1424690,Sole Survivor (1984),2.5,3.1298004155073236
rw5336091,獵魔士 (2019– ),5.0,3.33921284402415
rw1712329,Pet Sematary II (1992),3.5,3.279997020727373
rw4728735,After Life (2019– ),5.0,4.404756793136283
rw0773694,Finding Nemo (2003),5.0,3.3895634318427335
rw2802932,Crash (1996),1.0,3.445152504093731
rw5747335,Dead to Me (2019– ),3.5,3.2692838426795237
rw4568623,Holiday High School Reunion (2012 TV Movie),3.0,3.2205169259824404
rw3598020,Serenity (2005),3.0,2.4970595423143025
rw4174621,OK Kanmani (2015),3.0,3.4221160049217945
rw3434043,Steamboat Willie (1928),4.0,3.4159399649624502
rw4409616,Apostle (2018),1.5,3.3894326239507477
rw1598916,歌劇魅影 (2004),0.5,4.293048786718688
rw1278720,Nanny McPhee (2005),5.0,3.460161351981891
rw6079447,Mulan (2020),1.5,2.8181307929955217
rw2460812,Hall Pass (2011),0.5,3.154067644850469
rw2786711,Invasion of the Body Snatchers (1978),4.0,3.349307045452291
rw5478913,Game Night (I) (2018),3.0,3.4101931653671165
rw4457148,Rush (I) (2013),5.0,3.4398644339715347
rw3363623,A Long Way Down (2014),4.5,3.730338520936711
rw2034105,Watchmen (2009),0.5,4.200297575667935
rw3670619,Eye for an Eye (1996),0.5,3.300779942226652
rw4537914,The Shallows (2016),3.0,3.273687895604459
rw0056700,The Trouble with Harry (1955),5.0,3.3180481407291884
rw3533594,No Touching at All (2014),5.0,3.3332248453658995
rw0672080,Amélie (2001),5.0,3.357303474344035
rw4478825,Medias Res (2017),4.0,3.250232017703068
rw6130346,A Patch of Fog (2015),4.5,3.196660161245486
rw0459208,The Lord of the Rings: The Fellowship of the Ring (2001),4.5,3.566333830331416
rw2802198,Furious 6 (2013),5.0,3.480747494004644
rw4157707,Vanilla Sky (2001),3.5,3.349669677704903
rw1444133,The Lord of the Rings: The Return of the King (2003),4.5,4.587617576005009
rw1978242,Tunes of Glory (1960),4.0,3.333496547805505
rw0894098,Troy (2004),1.5,4.635214712178877
rw3731382,Slap Happy Pappy (1940),3.5,3.388982488050875
rw5517701,Thappad (I) (2020),4.5,4.4061029236146325
rw1804238,Cloverfield (2008),4.5,0.7518458016000659
rw2752539,Blue Bloods (2010– ),4.0,3.28073384677983
rw2437089,Red River (2011),1.5,3.450305317011659
rw5549674,Spenser Confidential (2020),5.0,1.589173368404401
rw3270154,Terminator Genisys (2015),4.5,2.9842007627038893
rw6123701,Hereditary (2018),2.5,1.0111235735033375
rw1891083,Prom Night (I) (2008),0.5,3.114977168329917
rw4244701,Brad's Status (2017),5.0,3.427860683677844
rw2096648,Harry Potter and the Half-Blood Prince (2009),5.0,3.2432188945519744
rw3452289,End of the World (1977),3.0,3.2151509423872984
rw3790406,Checkmate (I) (2015),0.5,3.4024927003201477
rw1299646,Dark Days (2000),5.0,3.381507377814043
rw5430848,Jojo Rabbit (2019),4.5,4.192545612292987
rw5018200,Another Life (2019– ),4.0,2.0582057784058376
rw4485810,Iron Jawed Angels (2004 TV Movie),1.0,3.3875836731338187
rw4824216,Dark by Noon (2013),0.5,3.1120108892740586
rw4216244,Total Siyapaa (2014),2.5,3.466090011752357
rw2707841,7 Seconds (2005 Video),0.5,3.2198937241726786
rw3098222,Rollerball (1975),5.0,3.293826982308145
rw5932841,Dil Bechara (2020),5.0,4.48044432869182
rw0302630,92 Legendary La Rose Noire (1992),5.0,3.485020262430448
rw5654607,"Marines, Let's Go (1961)",3.5,3.4050811810836645
rw5280067,The Hunt for Red October (1990),4.0,3.30445151702676
rw3139764,Bitten (2014–2016),4.5,3.717237818966546
rw5061789,White Palace (1990),5.0,3.3189603922168627
rw4158418,The Fighter (I) (2010),5.0,3.6611215418447487
rw3510302,Wild Tales (2014),4.5,3.3675084036606977
rw5181671,Fixerr (2019– ),5.0,3.355062274764015
rw2368925,The Last Exorcism (2010),2.5,3.3180180713089062
rw5417036,Code M (2020– ),5.0,4.488381291998266
rw4462725,Bohemian Rhapsody (2018),5.0,4.853943172933303
rw1371473,Thank You for Smoking (2005),4.0,3.3923905362722246
rw1139993,Stealth (2005),0.5,3.2243059649414674
rw5196768,Fractured (I) (2019),2.5,4.232735253534542
rw3780442,Pandora (2016),5.0,3.3885047279717226
rw5052561,The Imitation Game (2014),2.0,4.405167396703275
rw5422075,Doctor Who (2005– ),0.5,3.3051691032939274
rw4661893,Rip Tide (2017),1.0,3.307419074492806
rw6167682,Spontaneous (II) (2020),3.5,3.3596803608666113
rw3747339,Svarta Madam (2017),3.0,3.0845711656690815
rw5787201,Mrs. Serial Killer (2020),5.0,3.9311843270027795
rw2882620,Warm Bodies (2013),3.5,3.4281259467966527
rw0708514,The Tailor of Panama (2001),0.5,3.341134442432885
rw1857094,Valley Girl (1983),5.0,3.2894255395748964
rw1084392,Star Wars: Episode III - Revenge of the Sith (2005),4.0,4.156469649072962
rw3217804,Panic Room (2002),4.5,3.226654418549876
rw5586621,Uncorked (I) (2020),0.5,3.317143564180532
rw3306508,San Andreas (2015),1.0,3.264268576671099
rw6355969,Terminator Salvation (2009),3.0,3.7982963406367567
rw4969344,Point Blank (1967),0.5,3.381402096786162
rw1385720,Breakfast on Pluto (2005),4.5,3.266933931452992
rw4849592,The Meyerowitz Stories (2017),2.0,3.4079945069636164
rw3740547,Alien: Covenant (2017),4.5,2.304542810217015
rw4411379,Train to Busan (2016),4.0,4.084874325974817
rw1811324,The Lord of the Rings: The Fellowship of the Ring (2001),4.5,3.566333830331416
rw1540355,Dead Man's Curve (1998),3.0,3.1542129451491436
rw4989851,Love Island (2015– ),0.5,3.318862875324548
rw0870452,Spider-Man 2 (2004),5.0,4.001531020317401
rw1238169,Final Fantasy VII (1997 Video Game),5.0,2.39335284564358
rw4457800,Smoke (2018–2019),4.0,4.210600279846323
rw1199984,North Country (2005),3.0,4.341397658113951
rw1991661,Dragon Wars: D-War (2007),0.5,3.2742093434378092
rw1878389,The Raven (1963),3.5,3.3876845078020956
rw1253551,Escape Under Pressure (2000),3.0,3.3114277686405784
rw4294515,Mission: Impossible - Fallout (2018),1.0,3.973892034865871
rw5976183,Upgrade (2018),4.5,3.7642380719392867
rw1543828,The Devil Wears Prada (2006),3.0,3.657084255234067
rw2061942,X-Men Origins: Wolverine (2009),4.0,3.281317032805615
rw3169317,魔法黑森林 (2014),3.5,2.7139254437460796
rw2327679,Graffiti meissä (2006 Video),3.5,3.255347342149638
rw6434378,The Tale of The Princess Kaguya (2013),3.5,3.530574670579743
rw3104328,The Lion King (1994),5.0,4.555881815902252
rw0187820,Neighbors (1981),5.0,3.341619972442672
rw0003574,Battleship Potemkin (1925),4.5,3.371999975872437
rw4920564,Steve Martin and Martin Short: An Evening You Will Forget for the Rest of Your Life (2018 TV Special),4.0,3.493540365311181
rw4713091,Captain Marvel (2019),4.5,3.0162486030029956
rw2528985,Saw (2009 Video Game),3.5,3.3113752792410027
rw1925019,The Dark Knight (2008),5.0,4.698052031711483
rw2416886,Buried (2010),5.0,3.435396867993873
rw1033395,A Home at the End of the World (2004),5.0,3.1575722847875203
rw5856707,Eurovision Song Contest: The Story of Fire Saga (2020),3.0,3.394393639401365
rw2375619,Casino (1995),4.0,3.9738505640622597
rw4130717,The Shape of Water (2017),1.5,3.839439202032458
rw5103114,Strange But True (2019),5.0,3.2091651518473223
rw4301693,Ocean's Eight (2018),0.5,1.5855710692495726
rw0378428,Beautiful Thing (1996),5.0,3.459707115938963
rw0052666,Rear Window (1954),5.0,3.4521526786347545
rw4325602,Office Uprising (2018),0.5,3.2365553890393794
rw4780237,Too Late to Die Young (2018),4.0,3.443374420900408
rw0635474,Shadow of the Vampire (2000),3.5,3.33442551517458
rw4421896,Shaun of the Dead (2004),3.0,3.2616939539190457
rw2292669,Mrs. Miniver (1942),4.5,3.4423891141263963
rw1207452,Lumber Jerks (1955),1.5,3.305525713245788
rw0994754,EuroTrip (2004),3.0,3.3279138861171815
rw0467357,Practical Magic (1998),2.0,3.3547895650778257
rw0874341,Big Fish (2003),1.5,2.14374062962504
rw6091179,The Social Dilemma (2020),0.5,3.381675601974769
rw5651215,Beastars (2019– ),4.5,3.260597345552939
rw0081201,Dr. Strangelove or: How I Learned to Stop Worrying and Love the Bomb (1964),5.0,3.3523322440790255
rw1907693,Confessions from the David Galaxy Affair (1979),0.5,3.3968552393239007
rw5356690,CATS貓 (2019),4.0,1.3722597295951444
rw6116669,The Boys (2019– ),5.0,4.604069821331138
rw5334303,Gotti (2018),0.5,3.3865125790037713
rw5778311,Piranhas (2019),2.0,3.3259817770516378
rw6344652,American Murder: The Family Next Door (2020),4.0,3.2601364517300193
rw1708661,The Aryan Couple (2004),5.0,3.343816864796944
rw5473182,The Kingdom (2007),3.0,3.2326635312625442
rw4890232,Brendan Schaub: You'd Be Surprised (2019 TV Special),0.5,3.383079165674127
rw5813819,Jack the Giant Slayer (2013),3.5,3.3333840640660655
rw5580036,Girls with Balls (2018),2.5,3.337563626218579
rw4345024,Incident in a Ghostland (2018),0.5,3.1226823805637056
rw2672276,Premium Rush (2012),3.5,3.2064508514844654
rw4960531,Flood (2007),0.5,3.118987203037425
rw5757643,Anne with an E (2017–2019),5.0,3.392986443429621
rw2393677,Showgirls (1995),3.0,3.413673596181812
rw1034932,Timeline (2003),4.0,2.1465934706750605
rw1978803,The Life and Times of Judge Roy Bean (1972),5.0,3.486981664519257
rw1428866,B.T.K. Killer (2005 Video),1.0,3.285457776763601
rw1975795,Saw V (2008),5.0,3.3537546110105376
rw2728677,Mammas pojkar (2012),2.5,3.3790587339494342
rw2740453,Pearlie (2008–2011),4.0,3.0341200964867143
rw4948757,"Asylum, the Lost Footage (2013)",3.5,3.2582887291303853
rw2973226,Run (1991),4.5,3.3925160931726204
rw2120375,Creator (1985),5.0,3.2534260810691813
rw0893979,Troy (2004),5.0,2.8711915236660666
rw2702426,The Brain from Planet Arous (1957),1.5,3.306896053875267
rw3125219,La révolution française (1989),4.0,3.3802470360209202
rw3277853,Ascension (2014),0.5,3.3820719363866334
rw3701837,Handsome: A Netflix Mystery Movie (2017),3.0,3.4378585153192738
rw3522068,Super Size Me (2004),2.0,3.205131743186688
rw1903381,The Thing with Two Heads (1972),3.5,3.446991743122978
rw2113356,The Boondocks (2005–2014),5.0,1.8475958999420368
rw4502248,Thor (2011),2.0,3.726652340710523
rw0648125,Noll tolerans (1999),3.0,3.3843777766698393
rw4770563,Shazam! (2019),4.5,3.373291409327553
rw4525297,Second Act (2018),3.0,3.3253870277527975
rw5668093,Community (2009–2015),4.5,3.305878028866722
rw1789605,Aliens vs. Predator: Requiem (2007),4.0,3.1092880015803805
rw4216753,Craig of the Creek (2018– ),5.0,3.2918574010759705
rw3549685,Solaris (1972),3.5,3.4447658327871093
rw6021231,A Little Chaos (2014),4.5,3.3243535828470008
rw2248945,Hellbinders (2009),4.5,3.1144877001966447
rw6336255,Hillbilly Elegy (2020),3.5,3.4666485453962395
rw0229561,Aliens (1986),4.5,4.066585092848636
rw0671353,Vengo (2000),3.5,3.312579998062635
rw0515616,The Talented Mr. Ripley (1999),0.5,2.8011897028764463
rw3857578,Disjointed (2017–2018),4.0,3.4119967757947487
rw5245431,And Then We Danced (2019),5.0,3.353620302968575
rw3022620,Leaving Home (2013),1.5,3.3952155594970788
rw4811303,Fury (2014),3.5,2.526016683321891
rw5432311,Tokyo Tribe (2014),4.5,3.402743220375418
rw0392518,Palookaville (1995),4.5,3.447559266634563
rw6272755,The To Do List (2013),4.5,3.377987512657736
rw3516310,Heart of Glass (1976),2.0,3.4598867881528665
rw1858250,La sconosciuta (2006),5.0,3.2418417427235195
rw5389744,Groupers (2019),4.5,3.408597904783918
rw5365361,Lucy in the Sky (2019),3.5,3.312285617696966
rw1708476,Sin sostén (1998),4.0,3.459671251375927
rw3253663,She's Funny That Way (2014),4.0,3.3160945800774297
rw2859773,The Amazing Spider-Man (2012),0.5,3.3297590707591698
rw2015534,Shredded (2000 Video),3.0,3.4424926792693897
rw4311582,The Boss (2016),5.0,3.3533721287079246
rw1832972,The Warlords (2007),4.5,3.403131451458184
rw3772972,The Dark Tower (2017),4.5,3.8296097932324713
rw4637021,Hunter Killer (2018),3.5,2.833684359896686
rw1037783,Once Upon a Time in the West (1968),5.0,3.3001152855353246
rw4905049,Gremlins (1984),3.5,3.3276011781484085
rw4738075,Guest in the House (1944),4.0,3.1509288271208566
rw0441915,American History X (1998),5.0,3.347606604319053
rw0676604,Hannibal (2001),4.5,4.111607958952216
rw3315865,Huevos: Little Rooster's Egg-cellent Adventure (2015),2.0,3.338434775472585
rw3741149,Damaged (2014 TV Movie),1.0,3.1975665509750453
rw4370991,The Godfather (1972),5.0,4.650510093768283
rw6158451,Dead Still (2020– ),4.5,3.19332464737736
rw3828725,The Dark Tower (2017),3.5,4.12079534234349
rw5124915,The Frightened Man (1952),3.5,3.107984007031498
rw5770639,Dilwale (2015),5.0,3.2692172966906994
rw2890837,Ninja Death (1987),4.5,3.717237818966546
rw5610585,Kill Bill: Vol. 1 (2003),2.0,4.307080285492579
rw2791466,Argo (2012),5.0,3.230336079719629
rw0481674,Star Wars: Episode I - The Phantom Menace (1999),5.0,3.1464883787938094
rw2027931,Lost (2004–2010),5.0,3.4333335324494847
rw1689917,The Butterfly Effect (2004),3.0,4.260345456063455
rw5574251,Masameer the Movie (2020),0.5,3.4441842223410584
rw2586653,Wuthering Heights (2011),0.5,3.326123635680067
rw4463384,Seema Raja (2018),2.0,3.599484700597328
rw3812466,Victoria & Abdul (2017),4.5,3.4056419555830173
rw0387478,Independence Day (1996),3.5,3.133005741816875
rw4525466,Titan A.E. (2000),3.0,4.272248300174856
rw6038140,Memento (2000),5.0,4.398184629161355
rw4577673,A Perfect World (1993),3.5,3.4782886259556802
rw0192583,E.T. the Extra-Terrestrial (1982),4.5,3.3455969555605365
rw2952975,Aashiqui 2 (2013),3.0,3.4526132348458978
rw2359939,Elle s'appelait Sarah (2010),4.0,3.2435031141710637
rw2505399,Red State (2011),5.0,3.2979627463387
rw1119632,À la folie... pas du tout (2002),2.0,3.431254520813035
rw5913350,Mafia (2020– ),2.0,3.2981335468246367
rw5301289,Bad Day for the Cut (2017),3.5,3.1627183128768035
rw2106548,Come and See (1985),5.0,3.300013626745321
rw3732777,Bank Chor (2017),3.5,3.2728794629322624
rw4659881,Escape Room (I) (2019),3.5,4.153271548713654
rw1134766,A Very Long Engagement (2004),4.0,3.4221493499272007
rw3315910,Tenacious D in the Pick of Destiny (2006),4.0,3.279244690077472
rw2441687,The Long and Short of It (2003),3.5,3.2012150129921517
rw4345983,Disenchantment (2018– ),2.0,3.394197315737785
rw1223115,Walk the Line (2005),3.5,3.257685253183602
rw4325414,Penguins of Madagascar (2014),2.0,3.387720156496679
rw5757711,The Last Kingdom (2015– ),5.0,3.389292971990113
rw0268313,Cyborg (1989),1.5,3.262739405245433
rw4484651,Shadow of a Doubt (1943),4.5,3.4846342239483743
rw6383053,Titanic (1997),5.0,2.6773175207338884
rw4366882,Little Women (2018),4.5,3.323252842014137
rw0527047,Message in a Bottle (1999),4.0,2.212787577951979
rw3452641,Eddie the Eagle (2015),5.0,4.401693790286857
rw5415141,Instinct (2018–2019),4.5,3.3623046533641667
rw0778197,Adaptation. (2002),5.0,3.491353918295603
rw4403137,A Star Is Born (2018),4.0,3.1412020213471266
rw4843837,John Wick: Chapter 2 (2017),4.0,3.1815021311175187
rw4559609,The First (2018),4.0,2.432499108642365
rw1835020,Swing Kids (1993),4.0,3.207935963042585
rw2218867,Confession (I) (2005),5.0,3.2474948420555494
rw4843500,Fleabag (2016–2019),5.0,4.453930301780948
rw5842584,You Should Have Left (2020),2.5,3.150913414861231
rw5956124,Shakuntala Devi (2020),0.5,4.480141835144442
rw1505565,Troll 2 (1990),0.5,3.3111932703131477
rw6002369,2010: Moby Dick (2010 Video),0.5,3.255526388505775
rw1466744,Two Bits (1995),4.0,3.2842724505804246
rw1672640,United 93 (2006),0.5,3.3660218664191595
rw4211998,Hannah Gadsby: Nanette (2018 TV Special),5.0,3.4437394801699677
rw2198570,阿凡達 (2009),2.5,3.4483335369412687
rw1912722,The Dark Knight (2008),5.0,4.698052031711483
rw4231616,The Odyssey (1997),3.0,2.945899404761013
rw3771429,Toxic Shark (2017 TV Movie),4.5,3.283730305213948
rw2872204,Hendrix on Hendrix (2013),5.0,3.620943968996042
rw3637948,David Brent: Life on the Road (2016),2.5,3.341068785248295
rw1847200,The Flirt (1917),3.0,3.5414744266288922
rw3739165,Nobody Speak: Trials of the Free Press (2017),4.0,3.3175328122602306
rw3189939,Monkey Shines (1988),3.0,3.26299001606811
rw0441317,Celebrity (1998),3.5,3.409902737000371
rw1805467,Sakuran (2006),4.0,3.5114560587663908
rw3604980,How Sarah Got Her Wings (2015),3.5,3.3650710480435513
rw3673139,Bokeh (I) (2017),3.0,3.3169772298503477
rw5173479,Kuzgun (2019),5.0,3.2733309990408346
rw4515618,Insidious (I) (2010),3.0,3.1942738748435664
rw2066624,Beehive (2008– ),3.0,3.620943968996042
rw0572770,City of Ghosts (2002),4.0,3.2843233571314268
rw4974728,Bob Lazar: Area 51 & Flying Saucers (2018),4.0,1.6549644193618633
rw3083177,Mr. Majestyk (1974),3.5,3.358562407764239
rw5623947,Intersection (1994),3.5,3.3017667523469387
rw0552492,The Thomas Crown Affair (1999),3.5,3.432066011999762
rw0995553,Shogun (1980),5.0,3.3819954728629162
rw0969603,Being Julia (2004),4.5,3.4302475086010458
rw2624983,Paranoid Activity 2 (2011),4.0,3.654623676380448
rw3783673,NOTFILM (2015),0.5,3.179747843292844
rw2808738,Star Trek Into Darkness (2013),4.0,2.0315611991370646
rw0116085,Diamonds Are Forever (1971),4.0,3.405522147659634
rw5070157,The Staircase (2004–2018),0.5,3.3179712054812582
rw4489109,2.0 (2018),0.5,3.967085181434722
rw3489642,Warcraft (2016),5.0,3.304516072152809
rw4280981,Flight (I) (2012),5.0,2.7651878852601355
rw3309101,The Lazarus Effect (2015),3.5,3.144091738159781
rw5522338,Mr Inbetween (2018– ),4.5,3.257390185441973
rw3270119,Terminator Genisys (2015),4.0,3.198100751195707
rw3692065,Dead & Buried (1981),3.5,3.2800312519814057
rw0343304,Major Payne (1995),3.0,3.288650821378807
rw4835582,Ballon (2018),4.0,3.2612821882523506
rw3766398,Lionhearted (2012),4.0,3.3239507713201015
rw5490870,Starship Troopers (1997),3.5,3.1821314795898
rw1597792,無間道 (2002),4.5,3.2483282230774058
rw3046697,The Adventures of Sherlock Holmes (1939),5.0,3.445033721208204
rw1212453,Gettin' Square (2003),4.5,3.329846217013035
rw2080268,Hilda Crane (1956),2.5,3.3849278861677625
rw1043672,The Jacket (2005),1.5,3.3410505439703675
rw1550410,Rocky Balboa (2006),3.5,4.3869855343656345
rw3522302,Il padre di famiglia (1967),2.5,3.4908610340889323
rw0776083,Spy Game (2001),4.0,3.2240368734126794
rw0065205,The Old Man and the Sea (1958),4.5,3.3756272279865334
rw3628450,Underworld: Blood Wars (2016),4.0,1.467554643308644
rw5237128,Ride with the Devil (I) (1999),4.5,3.3549066305323865
rw1944980,Hell Ride (2008),1.0,3.4872134798614027
rw4362930,The Predator (2018),0.5,2.7773729130898874
rw5514901,Thappad (I) (2020),5.0,4.054105814961382
rw5855080,No Escape (I) (2015),3.5,3.243521863254407
rw5283073,Diary of a Wimpy Kid: The Long Haul (2017),0.5,3.5050226425933864
rw0473959,The Thin Red Line (1998),5.0,3.227875703881134
rw3702941,Wasp (2015),3.0,3.2435886620097003
rw1407675,Superman Returns (2006),1.5,3.8112550871403785
rw5413505,La rivolta degli schiavi (1960),3.5,3.362411054027104
rw0563569,The Story of Us (1999),4.5,3.378668740586078
rw3050869,Falang: Behind Bangkok's Smile (2005),4.0,3.449418754204698
rw5256554,Disaster Movie (2008),0.5,3.3204128437703986
rw5960659,Avengers: Endgame (2019),5.0,4.106474620758192
rw5931203,Dil Bechara (2020),5.0,4.980641533961315
rw3212495,The Umbrellas of Cherbourg (1964),3.0,3.4102285883155705
rw6198383,Inside (I) (2016),0.5,3.251246994076166
rw2857515,Madras Cafe (2013),5.0,3.1997670718712037
rw6251238,Continuum (I) (2012–2015),0.5,3.4665443340143467
rw5356468,CATS貓 (2019),0.5,3.8234121119463262
rw6095958,Away (2020),1.5,1.8750524475336603
rw2947673,Art School Confidential (2006),3.5,3.507135731949829
rw3725799,Alien: Covenant (2017),2.5,3.753867212583331
rw3714584,Blame! (2017),4.0,3.292469182039864
rw3591876,The Hound of the Baskervilles (1959),3.5,3.277594123338725
rw3828084,Blade Runner 2049 (2017),1.0,4.196339581529043
rw5180071,Amy Schumer: The Leather Special (2017 TV Special),0.5,3.3065388597411407
rw5665252,Chappaquiddick (2017),3.0,3.4397460090251943
rw3846590,Hocus Pocus (1993),5.0,3.243721276921762
rw5810287,Entourage (2015),4.5,4.237669146042252
rw5059276,El Hijo (2019),0.5,3.3148540964776068
rw0236448,Platoon (1986),3.5,3.332554453317855
rw2855240,King Priam (1985 TV Movie),5.0,3.4377266558683948
rw0774585,Kill Bill: Vol. 1 (2003),5.0,3.2807524014039986
rw0406470,Beverly Hills Ninja (1997),5.0,3.407307315368321
rw4705933,King Arthur: Legend of the Sword (2017),3.0,3.2838062095225027
rw1650883,Boxcar Bertha (1972),3.5,2.8124326939715405
rw4453400,Salomé (1922),5.0,3.3133565313845477
rw4217643,Won't You Be My Neighbor? (2018),5.0,3.353019661788661
rw5526284,Two Weeks Notice (2002),5.0,3.214619197341908
rw5161197,Ratsasan (2018),5.0,4.38951472492132
rw5718107,The Lady Vanishes (1938),4.0,3.3903952342413626
rw2069589,Batman Tech (2008 TV Short),4.0,3.2047596420623132
rw1265026,Brokeback Mountain (2005),5.0,4.366064420965692
rw4380149,Venom (2018),4.0,4.285161613977468
rw0983334,Armageddon (1998),2.5,3.178547815086424
rw6344023,Ashes of Love (2018),5.0,3.2444760115430493
rw2691088,The Ghost and Mrs. Muir (1947),3.5,3.3161552529595415
rw4328516,Seven Psychopaths (2012),3.0,3.3814957670358385
rw6237432,Taish (2020),5.0,3.302894637440201
rw5607717,Apharan (2018– ),4.5,3.3169232793880625
rw4861972,Deux gouttes d'eau (2018 TV Movie),3.5,3.3145601978349624
rw3400152,The Trap (1946),3.0,3.3064829138801883
rw0225880,The Return of the Living Dead (1985),5.0,4.055107210140419
rw0553880,Wishmaster 2: Evil Never Dies (1999 Video),4.0,3.1894559726246006
rw2222673,Warner at War (2008 TV Movie),4.0,3.287313448597513
rw0496327,Shrek (2001),4.5,4.215172729679327
rw1671591,Knocked Up (2007),5.0,3.295751229699634
rw3482286,Warcraft (2016),3.5,3.304516072152809
rw3181213,Birdman or (The Unexpected Virtue of Ignorance) (2014),4.0,3.501748599299225
rw4409950,Next Gen (I) (2018),5.0,3.4369898892069792
rw3114363,Ave Maria (1953),3.0,3.3861437469260496
rw0583812,The Lord of the Rings: The Return of the King (2003),5.0,4.587617576005009
rw4902446,Captive State (2019),1.0,2.214016415864125
rw3630106,T2 Trainspotting (2017),4.0,3.2892203287878634
rw6177161,Hereditary (2018),1.0,2.8303912459223417
rw5660611,Dark City (1998),5.0,4.080716083264778
rw4863857,The Equalizer 2 (2018),5.0,3.0836916593715515
rw4810554,Braveheart (1995),5.0,3.4062018157832066
rw6455849,Dave Made a Maze (2017),2.5,3.316840498882768
rw1469237,V for Vendetta (2005),5.0,3.6365434465877113
rw3736049,Dances with Wolves (1990),4.0,3.4719685008628014
rw5817260,Gulabo Sitabo (2020),4.5,3.429114162125754
rw3307215,X-Men: Days of Future Past (2014),2.5,3.3111963888110143
rw1362376,The Wedding Date (2005),3.0,3.2505871985381494
rw1201142,Second to Die (2002),4.0,3.2065856842686693
rw2974628,Stranger by the Lake (2013),3.0,3.4832641232886856
rw6196900,The Witches (2020),5.0,1.6179925314979962
rw3023699,Lawrence of Arabia (1962),3.5,4.6852268783506865
rw4944322,Plus One (I) (2019),0.5,3.315933874081242
rw0976796,The Red Badge of Courage (1951),5.0,3.395443636781398
rw1498010,The Last King of Scotland (2006),3.5,3.50149183336013
rw0253541,Above the Law (1988),2.0,3.296007522999555
rw3148885,怪獸大學 (2013),3.5,3.386423668110866
rw5032302,Serenity (2019),0.5,4.071782351057611
rw4307667,Wet Hot American Summer (2001),5.0,3.3027106917245144
rw0987074,The Phantom of the Opera (2004),4.0,3.473401550530589
rw1109456,The Killer Eye (1999),4.5,3.0989728322033114
rw2931730,The Cheap Detective (1978),0.5,3.357933519750042
rw4312435,Skyscraper (2018),5.0,3.1878722442487684
rw1591359,Music and Lyrics (2007),2.0,3.388530318766542
rw4025911,Hostiles (2017),3.5,1.5380544182616518
rw1829145,Eagle vs Shark (2007),5.0,3.295231208353424
rw5019938,Batman: Hush (2019 Video),3.0,3.3594840396786187
rw5415620,DuckTales (1987–1990),4.5,3.481289613490966
rw0410522,Clockwatchers (1997),4.5,3.388615310957152
rw6073958,The Barge People (2018),5.0,3.2646327158937853
rw2154654,Twins of Evil (1971),4.0,3.33721556311078
rw3193082,Running on Empty (1988),1.5,3.315923128983495
rw4398259,Arctic (2018),4.0,2.591810781687349
rw1534287,Don (I) (2006),5.0,3.4112763359289846
rw0891863,The Card Player (2004),2.0,3.416112507650936
rw5418919,A Fall from Grace (2020),5.0,3.244133984686609
rw0635247,Night Crawlers (1996 Video),0.5,3.3141495420097806
rw2145384,The Crystal Maze (1990–2020),4.5,3.620943968996042
rw1844443,Final Equinox (1995),4.5,3.2543069157011146
rw2436738,Daltry Calhoun (2005),0.5,3.368834147533905
rw6447314,Girl with a Pearl Earring (2003),4.5,3.3736051962297915
rw3628125,The Night Of (2016),4.5,3.2370818297788126
rw5851702,The Clock (1945),4.0,3.4287302133214785
rw4853010,Riverdale (2017– ),0.5,3.4993910195918905
rw4443248,Sarkar (2018),0.5,3.3601157614379296
rw3745108,Scream (1996),5.0,4.518176889855676
rw6090041,American Psycho (2000),4.0,3.6263432766349513
rw4235382,Star Wars: Episode VIII - The Last Jedi (2017),2.0,3.2659057102148643
rw4435187,Wanderlust (2018– ),3.0,3.12847790369168
rw4433525,Christmas List (2016 TV Movie),1.0,3.3292196593885275
rw5922503,Toni Erdmann (2016),4.5,3.301590238766124
rw1354423,Dreamer (2005),5.0,3.3717747086318925
rw5085506,Game Over (I) (2019),4.5,4.3756757282652385
rw0581578,Detour (1998 Video),4.0,3.2310277021985008
rw6076329,I'm Thinking of Ending Things (2020),0.5,1.3983972518675791
rw4190408,Back Door to Hell (1964),3.0,3.275888960731367
rw0665930,Memento (2000),5.0,4.340378429264428
rw3831664,Too Late the Hero (1970),3.5,3.4547955082436146
rw6133413,Free Dance (2018),4.0,3.2031360952170345
rw4459530,Can't Complain (2007),5.0,3.4208022864580943
rw5264835,The Mandalorian (2019– ),5.0,4.562911167780167
rw1276735,Tristram Shandy: A Cock and Bull Story (2005),1.5,3.4760046533480016
rw5044357,Girls (2012–2017),0.5,3.402100149749164
rw4966026,It's Kind of a Funny Story (2010),0.5,3.4083342858457213
rw2630891,Rock of Ages (2012),4.5,3.2618701284444733
rw3527893,Mad Max 2: The Road Warrior (1981),4.0,3.1909139029976457
rw4211726,Firestorm (1998),1.0,3.4567987363284765
rw1876930,Babel (I) (2006),4.0,3.263421705652908
rw5051598,Memoirs of a Geisha (2005),5.0,3.3084519204929133
rw5941933,Vikingane (2016– ),5.0,4.432223457272142
rw1110097,Batman Begins (2005),4.5,3.4907728470579715
rw4788641,Nosso Lar (2010),2.5,3.3005305860158263
rw5889750,Pulp Fiction (1994),4.5,4.533846547906882
rw1696938,The Killing (1956),5.0,4.037145680900549
rw2066498,Star Trek (2009),2.0,3.290925780584562
rw0984518,Timeline (2003),0.5,3.431111134911504
rw3127442,Interstellar (2014),5.0,3.812442739603042
rw3550931,Swiss Army Man (2016),4.0,3.3288016040651187
rw2970914,Mom (2013– ),4.5,3.3186340535829033
rw0468504,Resident Evil (2002),5.0,3.322454303939988
rw2489400,Up (2009),4.0,4.183868000049242
rw2752446,"The Bride's Bereavement; or, The Snake in the Grass (1932)",1.0,3.710317567112034
rw0294586,The Hard Way (1991),3.5,3.2827613624318595
rw1292903,Solaris (2002),0.5,3.271927376419725
rw1704642,Dead Silence (2007),1.0,3.178059759851163
rw5091263,X-Men: Dark Phoenix (2019),0.5,3.4960627675088856
rw0909140,"I, Robot (2004)",2.5,3.682010176819668
rw1698774,I Now Pronounce You Chuck & Larry (2007),2.0,3.1413150827831604
rw6376705,Tenet (2020),4.0,4.384838365678471
rw3674986,Ek Tha Tiger (2012),4.5,3.35610355252726
rw2875074,The Last Push (2012),5.0,3.2080242259508207
rw5498783,Despicable Me (2010),4.0,3.8247758269556016
rw4058654,Peter Rabbit (2018),4.0,3.2586211312414446
rw6182478,The Poughkeepsie Tapes (2007),1.5,3.367866027611211
rw5347364,寄生上流 (2019),5.0,4.066736837332907
rw3800106,A Return to Salem's Lot (1987),2.5,3.005964029222939
rw1277897,Cry Wolf (2005),0.5,3.4089558624993668
rw2001968,Golgo 13 (2008–2009),4.5,3.3478773527596277
rw2215085,Little Big Soldier (2010),5.0,3.330567736412402
rw1428315,Superman Returns (2006),3.0,3.310340758842288
rw4520516,Ralph Breaks the Internet (2018),4.0,2.84672090142627
rw2493120,The Lion King (1994),5.0,4.736377024442651
rw5772164,Killing Eve (2018– ),4.0,4.06668092176679
rw4498674,The Great Gatsby (2013),5.0,3.458050821108962
rw0449843,The 13th Warrior (1999),4.0,3.2619268339662617
rw5751010,Revenge for Jolly! (2012),3.0,3.3773254722881454
rw5186550,小丑 (2019),0.5,4.881925440069038
rw2620676,Rowdy Rathore (2012),4.0,3.3406059469744527
rw2456162,Grown Ups (I) (2010),1.5,3.1806494683829776
rw6066849,Raised by Wolves (2020– ),1.5,4.029759336086641
rw4902157,The Biggest Little Farm (2018),5.0,3.4875614765961336
rw5341426,小丑 (2019),5.0,3.9013784684652024
rw2372323,The Sickhouse (2008),4.0,3.29730277957534
rw0065979,Thunder Road (1958),3.5,3.460931555093148
rw1510448,Suspiria (1977),4.5,4.310651547052991
rw0180843,Assassination Attempt (1981),5.0,3.717237818966546
rw4067310,Black Panther (2018),1.5,2.8972234395897125
rw5401072,Inception (2010),4.5,4.040632629238838
rw3212287,Dracula Untold (2014),2.0,3.7327477067569412
rw1262844,Tango Charlie (2005),4.5,3.249990801094442
rw2266433,Toy Story 3 (2010),4.5,3.441835781687381
rw5439893,The Tradesmen (2011),4.5,3.756352124110259
rw2620053,Wolfhound (2006),3.0,3.400961837478648
rw1249129,The Bishop's Wife (1947),5.0,3.5066504269383705
rw1776998,Crying Freeman (1988– ),4.5,3.1770378768690235
rw1686105,Love Comes to the Executioner (2006),3.5,3.620943968996042
rw4374318,Lookin' to Get Out (1982),3.5,3.3788878221675613
rw4124929,Eddie the Eagle (2015),4.0,4.401693790286857
rw4793682,Annie (2014),4.0,3.3946845228125797
rw3333073,Abbott and Costello Meet Captain Kidd (1952),2.5,3.4150530200662597
rw1552517,Brick (2005),4.5,3.2549348534774243
rw5246614,Last Christmas (2019),3.5,4.139832311232275
rw2096610,Bleach (2004–2012),5.0,3.2780541533040464
rw6407846,Coolie No. 1 (2020),0.5,0.9567448048969812
rw0966378,Small Time Crooks (2000),1.0,3.4704248205476618
rw3829227,Alleycats (2016),3.5,3.3795135824267915
rw1264714,Hwiparam gongju (2002),3.0,3.416070850950913
rw2969918,Frozen (I) (2013),4.0,4.375131710184938
rw4698628,Leaving Neverland (2019),0.5,1.5821805026184688
rw3832139,Angels Wear White (2017),4.5,3.3694298480406677
rw3869640,The Nile Hilton Incident (2017),4.5,3.3796287804632272
rw0341542,Fist of Legend (1994),5.0,3.3419213258460925
rw2311306,The Chosen One (2010),4.5,3.3090619631859672
rw3051950,Deadly Eyes (1982),2.5,3.3276758332046406
rw1680558,Missing Persons (1990 TV Movie),3.0,3.3500844768932447
rw1060111,Hitch (I) (2005),0.5,2.1082689779891743
rw2516223,Tartarin de Tarascon (1934),3.5,3.4268703197117856
rw5876315,Uncle Tom (2020),5.0,4.363634894570535
rw1104265,Hook (1991),4.0,3.4353770395605254
rw3249573,Midnight in Paris (2011),1.5,3.4890100454499615
rw0112339,MASH (1970),5.0,3.393280591634282
rw2624093,Spirited Away (2001),5.0,4.016564950686259
rw6215465,Over the Moon (2020),5.0,3.5006783368972125
rw1480705,King of Burlesque (1936),3.0,3.399319959035732
rw2599244,Underworld: Awakening (2012),2.0,3.1550344424430525
rw1677617,Able Edwards (2004),4.0,3.4622347626069967
rw6011924,The Great Heist (2020– ),4.0,3.458005154005964
rw5935254,Psychosynthesis (2020),4.5,3.3900626859829552
rw1761994,Deep Water (2006),4.5,3.2089149330560702
rw1633731,The Lives of a Bengal Lancer (1935),4.0,3.4456545985214864
rw3824028,Blade Runner 2049 (2017),5.0,3.6234971414929946
rw1130038,Wild at Heart (1990),5.0,3.7569473154768276
rw2895743,Revolution (2012–2014),5.0,3.2263972412092095
rw5813413,The Shape of Water (2017),4.0,3.306878384804942
rw0209696,Conan the Destroyer (1984),3.0,3.342078136322102
rw5524519,Dark Waters (2019),5.0,3.1957431344863907
rw1529990,The Notebook (2004),5.0,4.027257445365345
rw3059222,The Purge: Anarchy (2014),4.0,3.201383135128826
rw5451528,The Sky Is Pink (2019),3.0,3.562673677732289
rw0071814,Pepe (1960),2.0,3.492182252384282
rw5782006,Star Wars: Episode II - Attack of the Clones (2002),2.5,3.267669640516783
rw5116041,Nanny McPhee (2005),3.5,4.310641886141968
rw1813282,The War of the Worlds (1953),3.5,3.477622666417474
rw2087299,Lenny (1974),5.0,3.3609546638723424
rw6138587,Ghoomketu (2020),3.5,3.4615157877146707
rw0188463,The House by the Cemetery (1981),4.0,3.215914388586171
rw3534968,Don't Breathe (2016),4.0,3.154720691353189
rw3147236,Jericho (2006–2008),5.0,3.435601411123881
rw0432384,Soldier (I) (1998),5.0,3.390891374758645
rw4355856,I Walk the Line (1970),4.0,3.4626455473676017
rw1630425,Who Killed the Electric Car? (2006),2.5,3.4971539530811677
rw5408576,The Outsider (2020– ),5.0,3.375902187565128
rw5730478,The Last Dance (2020),5.0,3.6721595276540104
rw2979439,August: Osage County (2013),3.5,3.300786978476155
rw4053382,Red Lights Ahead (1936),3.0,3.3844623676445744
rw5550131,Bloodshot (2020),4.5,2.7395764364951356
rw4676248,Patriot (II) (2015–2018),5.0,4.374270874430764
rw3333615,Uptown Saturday Night (1974),3.0,3.4434134838748225
rw2319732,Mâdadayo (1993),3.5,3.5429616141262708
rw2414341,Paul (2011),3.5,3.182309911806931
rw3291942,Mamma Mia! (2008),4.0,3.295307685715922
rw2498102,The Killers (1946),3.5,3.4611232308777886
rw5963963,The Wolfman (2010),5.0,3.4054135024234506
rw5062320,The Boys (2019– ),5.0,4.579783611071028
rw3487057,Renegade (1992–1997),1.0,3.380175487388398
rw3267911,Bird on a Wire (1990),2.0,3.2546479889630215
rw6374932,Hard Kill (2020),0.5,3.2380568881492513
rw0865474,Hey Arnold! The Movie (2002),5.0,3.428841917776745
rw1502517,Gladiator (2000),5.0,4.370857780702103
rw0408791,Bulworth (1998),4.5,3.399464100958916
rw3076598,Prelude to Axanar (2014),5.0,3.258936261924195
rw5584721,U-571 (2000),3.5,3.2401789886444945
rw0953215,"Ator, the Fighting Eagle (1982)",2.0,3.3821730229075504
rw3274517,Strange Interlude (1932),3.5,3.348159341313486
rw0494752,Man on the Moon (1999),4.5,3.450206963249012
rw6310972,Andhaghaaram (2020),4.5,4.494163788468992
rw4682165,Mortal Engines (2018),1.0,3.1698146926630124
rw5802985,Chintu Ka Birthday (2020),2.5,3.5339878073301385
rw3612306,Man of Steel (2013),3.0,3.262471183231987
rw3473411,Our Kind of Traitor (2016),3.0,3.249988599389239
rw5025912,Shell (I) (2012),0.5,3.2300561632691602
rw2092112,Transformers: Revenge of the Fallen (2009),1.5,1.3540157553386107
rw6313554,The New Mutants (2020),5.0,3.2498901583022684
rw5484153,Last Christmas (2019),4.0,4.139832311232275
rw3371816,Vampire Academy (2014),0.5,3.1742805214376135
rw2812672,Man of Steel (2013),5.0,3.262471183231987
rw0121711,Children Shouldn't Play with Dead Things (1972),3.0,3.3833645983266143
rw2402179,Over the Edge (1979),3.5,3.2834592844353607
rw2556530,The Gorgeous Hussy (1936),1.5,3.487952170894185
rw4359268,College Romance (2018– ),5.0,4.69990201560171
rw3686786,After Love (2016),3.0,3.3724877371324995
rw1243887,The Five People You Meet in Heaven (2004 TV Movie),4.5,3.3298825922014506
rw3561715,Jesse Stone: Sea Change (2007 TV Movie),3.5,3.290903562161354
rw0993994,Neredesin Firuze (2004),4.5,3.2759671254044473
rw4835496,Arctic (2018),4.0,3.7358144829307633
rw1232030,The Dukes of Hazzard (2005),4.0,1.4150461636539555
rw2525053,Zombie Bloodbath (1993 Video),3.0,3.265348887574728
rw0306405,The Crying Game (1992),5.0,3.3242926889521742
rw0596657,Nurse Betty (2000),2.0,3.3637630280549784
rw3315543,Fuss Over Feathers (1954),2.5,3.3539236459317694
rw3163450,Jarhead 2: Field of Fire (2014 Video),0.5,3.1671779006876126
rw1867745,Iron Man (2008),3.5,3.131083340019734
rw1509181,Burnt Offerings (1976),4.0,3.2725066899705255
rw5909800,Code Geass (2006–2012),4.5,3.394091299982844
rw3672009,Rake (2010–2018),5.0,3.1933324975412654
rw2224676,A Serious Man (2009),1.0,3.3832170481477744
rw3772854,Tale of Tales (2015),4.0,3.3158940909458248
rw1953088,Youth Without Youth (2007),2.0,3.3105693880955323
rw2821725,How to Make Money Selling Drugs (2012),4.5,3.346842074065177
rw4498448,Hunter Killer (2018),5.0,2.2447267454611537
rw1745598,Secretary (2002),1.0,3.3338568931454704
rw3767791,The Promise (II) (2016),4.5,3.2208328750911
rw3019430,Wedding Crashers (2005),5.0,3.2675300846866318
rw5740699,Disturbia (2007),2.0,3.1913360141929674
rw3227703,The Barrens (2012),1.5,3.310656058649349
rw1340461,King Kong (2005),3.5,2.8728517024380498
rw5726835,The Hollow (2018–2020),2.0,3.0936242722212213
rw1636072,Zero Day (2002),5.0,3.2665689990353868
rw5608234,Train to Busan (2016),4.0,4.084874325974817
rw1793665,The Mist (2007),1.0,3.253907533696155
rw5856871,Unsubscribe (I) (2020),1.0,3.32638564527059
rw5045538,Fast & Furious Presents: Hobbs & Shaw (2019),3.5,3.3453267893395218
rw2616015,The Avengers (2012),5.0,4.258374067338845
rw4253255,Bram Stoker's Dracula (1992),2.0,1.7700562736916317
rw0985965,Major Dundee (1965),2.0,3.3796423396502737
rw5126027,X-Men: Dark Phoenix (2019),4.5,2.337449598620663
rw3246226,"Ron Jeremy, Life After the Buffet (2014)",0.5,3.717237818966546
rw5287556,The Irishman (2019),1.5,3.2920743194030067
rw5866464,Dating Amber (2020),5.0,3.3491096719837086
rw3398549,Homicycle (2014),1.5,3.456475213871336
rw4266596,Star Wars: Episode VI - Return of the Jedi (1983),5.0,3.2801375065852536
rw5717465,DC Super Friends: The Joker's Playhouse (2010 Video),5.0,3.5187234226875694
rw4639506,Enaaya (2019– ),4.5,3.3894782351555706
rw4278975,The Invitation (I) (2015),4.5,3.352510581976918
rw4273581,A Wrinkle in Time (2018),2.5,3.827409619061343
rw2164883,Just My Luck (2006),1.0,4.246843139580833
rw1964224,Sleepy Hollow (1999),5.0,3.2533481988153863
rw0219890,The Coca-Cola Kid (1985),4.0,3.397948688654706
rw5749692,Venom (2018),5.0,3.74717828427727
rw2672278,屍樂園 (2009),5.0,4.050904214831036
rw3468515,American Ultra (2015),4.0,3.2697168663643095
rw1565090,Master and Commander: The Far Side of the World (2003),4.5,3.263247946660209
rw6163152,The Finest Hours (2016),5.0,3.2882861822148124
rw3731626,Nuts (1987),4.5,3.3277299131697617
rw6206445,Mirzapur (2018– ),5.0,3.717237818966546
rw0584274,The Lord of the Rings: The Return of the King (2003),5.0,4.52509492598865
rw2289011,Battlefield Earth (2000),5.0,3.457322107296497
rw5760880,Sheep Without a Shepherd (2019),4.0,3.119593330846752
rw1145885,The Life Aquatic with Steve Zissou (2004),0.5,4.510596260093498
rw2733277,Faltu (2006),4.5,3.710317567112034
rw2370832,Despicable Me (2010),4.0,3.7957129889515135
rw3435952,The Midnight Man (I) (2016),5.0,3.1843618507450993
rw1605308,Dr. Chopper (2005 Video),5.0,3.182029583628131
rw3080539,De Lego Film (2014),4.5,3.429886503872693
rw6450591,The Wilds (2020– ),4.0,3.2757861691794266
rw5153773,El vampiro (1957),2.5,3.3197399939713126
rw4046875,Faith Under Fire (2018 TV Movie),4.5,3.3447566495628664
rw5946184,Carry on Screaming! (1966),4.0,3.318671574979327
rw1680216,1408 (2007),2.5,3.600183484363969
rw1650231,Safe Men (1998),1.0,4.349225468402002
rw5361717,The Flintstones in Viva Rock Vegas (2000),3.0,3.371068577658521
rw4009822,Redneck (1973),3.5,3.4247575941235073
rw2199682,The Relief of Belsen (2007 TV Movie),3.5,3.3234924388678686
rw5016562,Hail Satan? (2019),4.0,3.314985760411252
rw4728485,The Queen's Corgi (2019),2.5,3.4565678911432625
rw3601664,The Revenant (2015),2.0,3.462946281523089
rw5511110,Hunters (2020– ),1.0,3.670516885243438
rw6166613,Godless (2017),4.0,3.3009843188193897
rw2946695,Cadillac Ranch (1996),1.0,3.353076420800819
rw2842406,Ship of Theseus (2012),4.5,3.3549666507387825
rw0525617,Cruel Intentions (1999),3.5,1.7471493189169784
rw5594932,Bad Boys for Life (2020),4.0,3.2886698959860814
rw3796445,Tombstone (2017),0.5,3.2749572454234626
rw0311949,Reservoir Dogs (1992),5.0,3.331019913148973
rw5037323,Once Upon a Time... in Hollywood (2019),3.5,3.8880349891286934
rw0708876,Brotherhood of the Wolf (2001),5.0,3.371562616670693
rw5472338,Once Upon a Time... In Hollywood (2019),3.0,3.7520628097530127
rw6119404,Bastille Day (2016),3.0,3.209263066820584
rw1824409,The Matrix Reloaded (2003),2.0,3.820098808242504
rw5689936,You (2018– ),0.5,3.691349337545157
rw1624962,諾桑覺寺 (2007 TV Movie),4.5,3.339917854406405
rw1660575,Gizelle (2006–2008),2.0,3.620943968996042
rw2809688,Star Trek Into Darkness (2013),4.5,2.0315611991370646
rw0683785,Gangs of New York (2002),1.0,3.3010896898717865
rw5043441,Yesterday (III) (2019),2.5,3.4087652903507273
rw1728269,I Now Pronounce You Chuck & Larry (2007),3.0,2.5569500830510568
rw0302932,Alien 3 (1992),4.5,1.345219897290748
rw5567794,The Hunt (II) (2020),5.0,3.2585148176315735
rw5989080,Gunjan Saxena: The Kargil Girl (2020),4.5,3.907384936227887
rw4149303,LOL (2012),5.0,3.3674327518878733
rw4568177,Bad Times at the El Royale (2018),1.5,4.281112408014112
rw5845245,The Last of Us: Part II (2020 Video Game),5.0,3.30291665212692
rw1838302,The Werewolf of Washington (1973),2.0,3.3218512923295824
rw4604241,IO (2019),3.5,3.1484263040787708
rw1764338,Weasels Rip My Flesh (1979),0.5,3.2778956275966427
rw5271743,About Endlessness (2019),3.5,3.177160360669981
rw2391377,Hall Pass (2011),3.0,1.6077029095358308
rw5623350,Freakshow (2007 Video),3.5,3.327142412270345
rw1986911,Loser (2000),0.5,3.350488237273034
rw1299088,House of the Dead (2003),2.5,1.4231938674437588
rw2959787,The Girl with the Dragon Tattoo (2009),4.5,3.23910298371321
rw3029314,Harsh Times (2005),1.5,1.4960267641639646
rw2264609,A Cry in the Night (1956),3.5,3.481042759655401
rw1710195,Hairspray (2007),4.0,3.4050215273110824
rw3795699,The Deuce (2017–2019),0.5,3.3717796295745686
rw0515297,The Talented Mr. Ripley (1999),2.5,1.3798906028426319
rw5070707,Fifty Shades of Black (2016),3.0,3.3197076893206576
rw2998198,The Raid 2 (2014),0.5,3.423455734821368
rw6243841,Never Let Me Go (2010),5.0,3.380365295689402
rw1746225,Mr. Brooks (2007),3.5,3.694140194126004
rw0717231,Harry Potter and the Sorcerer's Stone (2001),4.5,4.508538709434633
rw5597080,Belzebuth (2017),2.0,3.179779691553043
rw5447546,What's Your Number? (2011),3.0,3.4246314214023803
rw1422534,The Lion King (1994),5.0,4.555881815902252
rw5556057,The Shining (1980),2.5,3.3252168035249454
rw1115797,The War of the Worlds (2005 Video),3.0,3.35992695399595
rw2136680,Dorian Gray (1970),3.0,3.457496041651321
rw6122331,The Chosen (2017– ),5.0,4.819159816343372
rw2288067,Mallrats (1995),4.5,3.2444948138589367
rw0908346,Tupac: Resurrection (2003),2.5,3.4630906955189813
rw5489442,Lying and Stealing (2019),1.0,3.169480915144903
rw4401312,Disco Pigs (2001),5.0,3.267438345018913
rw0395228,Sgt. Bilko (1996),1.5,3.3764315976308725
rw1627262,龍騎士 (2006),5.0,1.9155795821393877
rw1575691,More Than a Secretary (1936),2.0,3.4398386787793855
rw3433966,And Then There Were None (2015),3.0,3.3812055864857085
rw0116056,The Devils (1971),0.5,3.2774296369617613
rw4853120,Happy Death Day 2U (2019),0.5,3.1563694143487737
rw2779464,Deal of a Lifetime (1999),3.5,3.654623676380448
rw3416043,Deadpool (2016),4.5,4.056822078092455
rw5658284,2001: A Space Odyssey (1968),4.0,4.070912927065464
rw5444990,Queen & Slim (2019),4.5,3.5234967221196665
rw1613108,Estória do Gato e da Lua (1997),4.0,3.717237818966546
rw1465851,Miracles (1986),4.5,3.3938977311780576
rw3368346,5 to 7 (2014),2.5,3.404427462086001
rw1327447,Yathrakarude Sradhakku (2002),4.5,3.5534870336278392
rw5180495,Fractured (I) (2019),4.0,4.232735253534542
rw6143456,The Glorias (2020),5.0,3.2830717840529253
rw1124283,The Reflecting Skin (1990),5.0,3.360376170089854
rw5473199,Grey's Anatomy (2005– ),2.5,3.350005255082429
rw4737136,He's Out There (2018),1.5,3.2587374836397314
rw4006121,Backyard Ashes (2013),0.5,3.42653007610236
rw3351892,The Collection (II) (2012),2.5,3.3251304153097774
rw1915493,Citizen Toxie: The Toxic Avenger IV (2000),3.0,4.453688608118643
rw3786646,Amelia 2.0 (2017),4.0,3.263372350665372
rw5404386,WWE Raw (1993– ),5.0,3.319298034737324
rw5475705,Disturbing the Peace (2020),0.5,3.331481924046521
rw1978398,Planet Earth (2006),5.0,3.4002573656482946
rw2933941,The Past (2013),4.0,3.311139419758671
rw4331175,Nocturnal Animals (2016),4.5,4.109124762835896
rw2631249,Iron Sky (2012),3.5,3.7505615084534605
rw3067186,The Notebook (2004),4.5,4.591323623921305
rw2676738,Kennwort... Reiher (1964),5.0,3.717237818966546
rw2640273,Red Rose of Normandy (2011 Video),5.0,3.249083604753277
rw0055851,Oklahoma! (1955),5.0,3.414640022306268
rw2757760,Bloody Mama (1970),2.0,3.362100554529724
rw1548248,Wild at Heart (1990),4.0,4.451217542031936
rw5855113,Life in Squares (2015– ),3.0,3.4879337565103747
rw1249438,Babam ve Oglum (2005),5.0,3.334128862322777
rw3344869,The Subjects (2015),3.5,3.2642396426862637
rw0633139,Blade II (2002),4.0,4.4011347722478815
rw4097977,The Beguiled (2017),1.5,3.1387046932862095
rw2572864,The House of the Seven Gables (1940),3.0,3.4429217032097945
rw2752051,詭屋 (2011),3.5,3.3343888819677883
rw3140442,Rocky Mountain (1950),3.5,3.355303980751896
rw2199690,The 39 Steps (1959),2.0,3.426631541904867
rw1345449,Spun (2002),4.5,3.2888425134365016
rw4709381,Star Wars: Episode VIII - The Last Jedi (2017),5.0,2.8361806317412928
rw4899843,Wide Sargasso Sea (1993),3.0,3.2959872584676346
rw4956314,The F Word (I) (2013),4.5,3.3615143661438016
rw1006144,The Life Aquatic with Steve Zissou (2004),5.0,1.378970481081652
rw5004703,The Blind Side (2009),3.5,3.33891500762701
rw1167249,Passion (1954),2.0,3.3028194352455267
rw6064716,Usagi Drop (2011–2012),5.0,3.408155438031725
rw3074636,Godzilla (I) (1998),3.5,2.1852842158748005
rw1490264,Audition (1999),5.0,3.3155572366530266
rw3810472,Jurassic World (2015),3.0,3.246515211444783
rw0899715,The Passion of the Christ (2004),0.5,3.1231476189699414
rw6392504,The Midnight Sky (2020),2.0,2.926304057613647
rw4100211,Ask Me Anything (2014),3.5,3.3057356318922584
rw2061666,It Happened One Night (1934),4.5,3.4539126184715836
rw3488354,The Savage Five (1974),4.5,3.518436237890205
rw3212878,Do You Believe? (2015),4.0,3.356613293561556
rw1316034,Cinderella (1950),1.5,3.5408359613951665
rw0272099,Lethal Weapon 2 (1989),4.5,1.6758014036067754
rw0446692,The Mummy (1999),3.5,3.1210940681698403
rw4098323,Martyrs of Marriage (2016),5.0,3.717237818966546
rw3086190,Before I Go to Sleep (2014),3.5,3.2410135873823043
rw4174948,Kaleidoscope (II) (2016),2.0,3.397572947532644
rw5789299,KD (A) Karuppudurai (2019),4.0,3.670516885243438
rw5535951,Her Name Was Christa (2020),4.5,3.2915124605323487
rw3780369,Annabelle: Creation (2017),3.5,3.3185082228695086
rw1178238,Charlie and the Chocolate Factory (2005),3.5,4.113365885597094
rw0965683,...And God Created Woman (1956),3.5,3.3696396368388557
rw4468635,Alien Addiction (2018),5.0,3.2290338819997566
rw3726224,A Dog's Purpose (2017),5.0,3.4398285349070705
rw0307010,Educating Peter (1992),5.0,3.654623676380448
rw1324830,The Deadly Bees (1966),2.0,3.3324093472927645
rw1079752,13 Seconds (2003 Video),3.0,3.110666949933023
rw5984708,Toast (2010 TV Movie),1.5,3.419843003653893
rw3222794,The Shawshank Redemption (1994),4.5,4.89508435735414
rw3024268,One Direction: This Is Us (2013),5.0,3.3630670050669798
rw0522900,The Astronaut's Wife (1999),1.0,3.1753388549120762
rw5527474,Private Practice (2007–2013),4.5,3.4188707916326346
rw3511506,Star Trek Beyond (2016),4.5,3.208540861020624
rw3457079,Adam's Rib (1949),2.0,4.0621448721906965
rw5567016,The Girl with the Dragon Tattoo (2011),4.0,3.3499937332715524
rw1350713,Lucky Number Slevin (2006),4.0,3.2410799683219103
rw4298697,Extinction (2018),3.5,3.238875744541271
rw0793751,Not Another Teen Movie (2001),4.5,3.537027085416477
rw5396763,Uncut Gems (2019),3.0,3.0846252750672063
rw0111810,The Interview (1970 TV Movie),3.5,3.3437616543077437
rw2962753,Idiocracy (2006),5.0,4.562059197315505
rw4055373,The Open House (2018),0.5,3.1056722404829498
rw2305118,The Boxer (2010),0.5,3.325687935263584
rw5619095,Contagion (2011),4.5,3.207493207874759
rw2666339,Keith Lemon: The Film (2012),0.5,3.349965876852182
rw5067705,Damages (2007–2012),4.0,3.2852696202857445
rw5978154,Work It (2020),4.0,3.24117921807131
rw3032550,Frozen (I) (2013),1.0,4.375131710184938
rw2329405,Schindler's List (1993),3.5,1.3398901591474153
rw4686044,12 Angry Men (1957),5.0,4.51004643611391
rw5622670,The Invisible Man (I) (2020),1.5,3.451031630299751
rw6070494,Die Screaming Marianne (1971),2.0,3.346992045137761
rw1980067,The Boy in the Striped Pajamas (2008),5.0,3.402504985108954
rw0272016,Leningrad Cowboys Go America (1989),5.0,3.4305470881679563
rw4553709,Vice (I) (2018),4.0,2.2877101602324803
rw2110695,The X Files: I Want to Believe (2008),3.5,3.223256154926259
rw3192718,Gone Girl (2014),4.0,3.207416661804626
rw6082137,I's (2013),0.5,3.3630670050669798
rw1402503,Karas: The Prophecy (2005 Video),4.0,3.432691722103181
rw2354973,Holiday from Rules? (1958),2.0,3.464762233886854
rw2674023,4:44 Last Day on Earth (2011),1.0,3.253360733435994
rw2035187,Mr. Brooks (2007),3.5,3.694140194126004
rw2372967,A Serbian Film (2010),4.5,3.1085452047808664
rw4442124,The Good Cop (2018),4.5,4.430705225507021
rw2895206,Office Space (1999),4.5,3.809368853934299
rw5044427,Pokémon: Detective Pikachu (2019),4.0,3.4843339294421356
rw0969073,The Ten Commandments (1956),3.5,3.5038194730369376
rw5236563,Watchmen (2019),4.5,2.188976480400725
rw1973846,Quantum of Solace (2008),4.0,3.1314534822568283
rw1788661,A Real Young Girl (1976),2.0,3.4079211993168412
rw2408311,La casa muda (2010),0.5,3.039071674600075
rw0962335,Once Bitten (1985),2.5,3.31345486370996
rw0796697,Spider (2002),3.5,3.3119982602866047
rw0612176,Metal Gear Solid (1998 Video Game),5.0,3.654623676380448
rw5885584,Pretty Woman (1990),3.5,3.2181782175585036
rw3831507,The Kid (1921),4.0,3.495937988284302
rw1641318,Moby Dick (1956),3.5,3.318131188351492
rw3851470,The Holcroft Covenant (1985),1.5,3.181436762457471
rw3327252,The Martian (2015),4.0,3.283244504275469
rw4110502,Showgirls (1995),2.5,3.413673596181812
rw5822496,Little Giants (1994),3.5,3.362000717107803
rw1056347,I Passed for White (1960),4.0,3.470001373407762
rw1833099,The Bank Job (2008),5.0,3.7648642276088413
rw0257960,Hellbound: Hellraiser II (1988),4.5,3.191005628724868
rw2577950,The New World (2005),4.0,3.1497000198539515
rw3824817,Blade Runner 2049 (2017),5.0,3.5862001195690625
rw0669148,Clerks (2000–2001),4.0,3.368166354458484
rw4812390,Avengers: Endgame (2019),3.0,4.106474620758192
rw6128596,The Shawshank Redemption (1994),5.0,4.634180741187223
rw2836509,Union Station (1950),4.0,3.352025160378943
rw3379393,Star Wars: Episode VII - The Force Awakens (2015),3.0,2.4516949500607326
rw1253997,Terror Toons (2002 Video),0.5,1.3554103598989753
rw3458875,The A Word (2016– ),5.0,3.717237818966546
rw0244815,The Hanoi Hilton (1987),2.0,3.3669297000828755
rw3001220,Captain America: The Winter Soldier (2014),4.0,2.8846767293377535
rw1044311,Dogtown and Z-Boys (2001),5.0,3.343719257239834
rw1807752,Anatomy Class (2000),3.5,3.1486373388462354
rw5610045,Coffee & Kareem (2020),2.5,3.356923554933054
rw0021193,The Big Premiere (1940),3.5,3.5197030903320523
rw5683201,Interstellar (2014),5.0,4.317688274109335
rw5938431,Dil Bechara (2020),5.0,4.980641533961315
rw2369811,Mothlight (1963),5.0,3.4472980102257114
rw2994797,Boardwalk Empire (2010–2014),4.0,3.362520791627641
rw1701674,L.A.P.D.: To Protect and to Serve (2001),0.5,3.2539424009868405
rw3655040,Logan (2017),5.0,3.579188975270364
rw4205483,Ocean's Eight (2018),0.5,1.566711681743102
rw2098225,Titus (1999),3.5,3.313462427692929
rw6242080,Sarah Cooper: Everything's Fine (2020 TV Special),1.5,3.2280217337518935
rw1066940,The Untouchables (1987),4.5,3.2973322005092762
rw2551059,The Devil Inside (2012),0.5,3.30573552090434
rw1232234,The Girl in the Café (2005 TV Movie),4.0,3.4228419506770744
rw1564994,The Covenant (2006),1.0,1.6663364540868357
rw3753076,Outlaws and Angels (2016),4.5,3.3199885018516766
rw5590605,Pulp Fiction (1994),5.0,4.195598227000019
rw6075768,Mulan (2020),3.5,2.8824487991915344
rw3376562,Star Wars: Episode VII - The Force Awakens (2015),4.0,2.480097903618112
rw0871966,House of the Dead (2003),0.5,2.7929827474709445
rw0566869,Short Sharp Shock (1998),3.5,3.2300483410398795
rw2159282,What Ever Happened to Aunt Alice? (1969),3.5,3.246963414931328
rw1083980,Nine Months (1995),4.0,3.3083282695916845
rw4222001,Call Me by Your Name (2017),4.0,3.3571175489701695
rw1121458,One Body Too Many (1944),2.5,3.4584462434401715
rw0439975,Virus (1999),2.5,3.183804061705544
rw0975229,Wide Awake (1998),4.0,3.3558699393835583
rw3189925,The Slap (2015),0.5,3.131334876160048
rw0659633,Jaka Sembung (1981),3.0,3.4301163750192547
rw5854737,Gladiator (2000),4.5,4.5846180280868785
rw1204903,North Country (2005),5.0,3.1145202715498983
rw6450193,Honest Thief (2020),2.0,3.1625305320091632
rw1277674,Witchcraft X: Mistress of the Craft (1998 Video),4.5,3.3472628221459564
rw0509249,The Matrix (1999),5.0,3.4384005980981733
rw4433902,Bohemian Rhapsody (2018),3.5,4.853943172933303
rw1576506,The Blue Max (1966),4.0,3.344850434583082
rw3039068,Maleficent (2014),3.5,1.7172826118192988
rw0898725,The Passion of the Christ (2004),5.0,1.1765337107745089
rw5151294,唐頓莊園 (2019),4.5,3.3054639216983146
rw4924189,I Am Mother (2019),5.0,3.1864414751555254
rw3361436,The Pelican Brief (1993),4.5,3.297426330766751
rw1982171,Killer Nurse (2008 Video),2.0,3.717237818966546
rw1227703,Rent (2005),1.5,3.408692550469191
rw2733622,Balak Palak (2013),5.0,3.345795563791206
rw3183365,Fifty Shades of Grey (2015),0.5,4.1537826984065465
rw2383966,The Killer Inside Me (2010),4.0,3.1746686092773895
rw3404547,Põrgu (1983),4.0,3.670516885243438
rw3338076,Eaters (2015),0.5,3.304096191711864
rw2360661,Titanic (1997),3.0,2.6773175207338884
rw2229529,Inglourious Basterds (2009),3.0,2.5203233171372172
rw1758771,Dawn of the Dead (2004),4.0,3.2330477585285107
rw2384707,Das Boot (1981),2.5,3.2290347254393237
rw5310551,小丑 (2019),5.0,4.881925440069038
rw6278275,Hunter x Hunter (2011–2014),5.0,3.5005580445791193
rw0385421,From Dusk Till Dawn (1996),1.0,2.8187586423497693
rw4515638,Fantastic Beasts: The Crimes of Grindelwald (2018),2.5,3.3209575666689615
rw1252261,Lady Vengeance (2005),3.0,3.2948532223764575
rw3757277,The Boss Baby (2017),2.5,3.340381561183982
rw6140502,Enola Holmes (2020),1.5,4.019354132302248
rw2764975,Iron Sky (2012),2.5,3.7505615084534605
rw4019759,Stanley Ka Dabba (2011),4.0,3.3832859493363037
rw1361544,Mission: Impossible III (2006),5.0,3.264183439782122
rw5288701,Happy Endings Sleepover (2019),5.0,3.3734700573578724
rw1884591,American Hardcore (2006),2.0,3.460441347474753
rw4438779,Beautiful Boy (I) (2018),4.0,3.454141897679733
rw5222908,The Lion King (2019),0.5,4.580589017470211
rw0357741,The Brothers McMullen (1995),4.0,3.3101075117964958
rw5975970,See No Evil (2014– ),4.0,3.1213979447114575
rw3535824,The Neon Demon (2016),1.5,3.2721065880405105
rw3594001,This Time for Keeps (1942),3.0,3.4765213083739566
rw1438928,The Descent (2005),3.5,3.331109004848073
rw3785169,The Private Affairs of Bel Ami (1947),5.0,3.494167442793044
rw4534690,Cold War (2018),3.5,3.3747499364211713
rw2639758,All the Boys Love Mandy Lane (2006),2.0,3.185746497435402
rw5737388,South Park (1997– ),5.0,4.38771198896852
rw3729995,It Comes at Night (2017),0.5,3.242104224834417
rw0760343,Don't Say a Word (2001),3.0,3.2853976501382194
rw0425448,Meet Joe Black (1998),1.5,3.297383743336862
rw2310125,The Hills Have Eyes (2006),0.5,3.281611241012466
rw4995543,Stranger Than Fiction (2006),5.0,3.2410775230333133
rw3605387,American Honey (2016),5.0,3.320459740350566
rw2855926,Portrait of a Zombie (2012),3.5,3.2063720049001723
rw0253898,Akira (1988),4.5,4.612517412229596
rw1361106,Extreme Ops (2002),0.5,3.2786376836385815
rw5937438,Dil Bechara (2020),5.0,4.571130437633036
rw5494280,Thalaivaa (2013),2.0,3.3865662670578733
rw1181369,The Trigger Effect (1996),3.0,3.223695329138635
rw0534365,American Psycho (2000),4.0,3.631990347966821
rw6362561,The Family Man (2000),5.0,3.366858917870245
rw0386891,House Arrest (1996),5.0,3.377852954806029
rw4739425,Captive State (2019),1.5,1.9522460556281824
rw0950945,Waking Life (2001),5.0,3.419552787691042
rw6407882,Wonder Woman 1984 (2020),2.5,1.75820177608107
rw5641827,The Golden Horde (1951),2.0,3.4708679077378446
rw2431717,La sombra del ciprés es alargada (1990),3.5,3.4321357185102292
rw5130727,Alita: Battle Angel (2019),4.0,4.298732455821785
rw3228896,Violence (2015),4.5,3.4932550620605536
rw3206132,The Equalizer (2014),4.0,3.368797349888738
rw6031149,Rango (2011),4.0,2.0596563816516014
rw4830564,Consumer 101 (2018– ),0.5,3.4421188116045305
rw4522884,Gremlin (2017),5.0,3.298062412182815
rw3034717,Charlie Countryman (2013),2.0,3.2756903896764173
rw5620205,Money Heist (2017– ),2.5,2.4812392471110902
rw0730746,Die Another Day (2002),3.0,4.020790057511091
rw1734961,Wiseguys vs. Zombies (2003 Video),1.0,3.2301953730898982
rw3019349,One Humanity (2014),4.5,3.620943968996042
rw3855218,The Purge: Election Year (2016),3.5,3.2693607953097574
rw2033068,Watchmen (2009),5.0,2.512047365371884
rw0077952,Lawrence of Arabia (1962),5.0,3.4844966108212674
rw0115993,Demons of the Mind (1972),3.5,3.315142234362327
rw1105161,Mr. & Mrs. Smith (2005),4.5,3.2052069681239246
rw1378485,The Da Vinci Code (2006),3.0,3.4735034184245497
rw2662424,The Perfect Husband: The Laci Peterson Story (2004 TV Movie),3.0,3.256727123502846
rw5124456,The I-Land (2019),5.0,3.3956936830760625
rw3363129,Ben 10 (2005–2008),4.5,3.5123939588640023
rw2848179,Chennai Express (2013),3.0,3.4629445394649943
rw4237602,Dallas Buyers Club (2013),5.0,3.7661622420613834
rw1795617,Ben-Hur: A Tale of the Christ (1925),3.5,3.4705181538608056
rw1575954,The Texas Chainsaw Massacre: The Beginning (2006),4.0,2.0764512504456882
rw4188364,Hamilton: One Shot to Broadway (2017),0.5,3.3980177349746206
rw4761083,Captain Marvel (2019),4.5,3.66913896117761
rw1451447,FleshEater (1988),2.0,3.3198708921743143
rw0992117,Alien vs. Predator (2004),5.0,3.155324612238204
rw4386160,Venom (2018),4.5,3.8212204613086778
rw0882348,The Last Samurai (2003),5.0,3.360599020125217
rw4549868,K.G.F: Chapter 1 (2018),5.0,4.386755058792402
rw0382526,Dream for an Insomniac (1996),5.0,3.2532246776110654
rw0699073,The Others (2001),5.0,3.670116209103584
rw4259778,Mission: Impossible - Fallout (2018),5.0,3.243990587378906
rw1395238,Napoleon Dynamite (2004),5.0,3.492938578843053
rw3714860,Alien: Covenant (2017),2.5,3.753867212583331
rw6351205,The Shawshank Redemption (1994),5.0,4.639756405787067
rw5383492,Unbelievable (2019),4.5,3.332546891069345
rw4184689,The Lost Viking (2018),2.0,3.2840929429263013
rw2234152,The Time Traveler's Wife (2009),3.5,3.3729758353435795
rw2010183,Secrets (1924),5.0,3.3387214896074306
rw2771597,Battleship (2012),1.0,3.236277670727946
rw1682851,Eragon (2006),0.5,3.6194395468811202
rw3631309,The Lost World: Jurassic Park (1997),4.5,3.7713997815804228
rw0879788,RFK (2002 TV Movie),4.0,3.44205184913358
rw5735469,Uncut Gems (2019),0.5,3.2246745288169207
rw5010230,Crawl (I) (2019),3.5,3.7884746929056954
rw0902156,Eternal Sunshine of the Spotless Mind (2004),4.5,3.4798947608491106
rw2159644,J.T. (1969 TV Movie),4.5,3.257629246269156
rw6273157,Gunjan Saxena: The Kargil Girl (2020),0.5,3.907384936227887
rw4271350,Fanney Khan (2018),2.0,3.3842750892608615
rw1412935,L'année des méduses (1984),4.0,3.4737736371862984
rw5836347,The Tiger (2015),4.0,3.373193574430412
rw4838556,Maharshi (2019),5.0,3.278212609955139
rw4007652,The Road Is Jericho: Epic Stories & Rare Matches from Y2J (2015 Video),5.0,3.2802962023179574
rw2344470,Orange (2010),3.5,3.3586436697115407
rw1526082,Arabesque (1966),0.5,3.389288794365632
rw2503233,False Innocence (2009 TV Movie),3.5,3.710317567112034
rw4289001,Til Death Do Us Part (II) (2017),0.5,3.164464352193293
rw0983539,Gypsy 83 (2001),5.0,3.151036189789022
rw4245819,Skyscraper (2018),3.0,3.1878722442487684
rw1875375,Barbie Diaries (2006 Video),3.0,3.399221946610463
rw4561312,The Bold and the Beautiful (1987– ),1.5,3.360144984870713
rw2025904,Pygmalion (1938),3.5,3.451507850111159
rw6013597,The Patriot (2000),5.0,3.4057957414580415
rw5619757,Basic (2003),3.5,2.5801360385574545
rw6311339,Broadway Melody of 1940 (1940),4.5,3.524557192975543
rw4864291,Pirates of the Caribbean: At World's End (2007),5.0,3.9028769061926742
rw3253253,Interstellar (2014),4.0,3.9713721780113813
rw1713282,A Few Good Men (1992),3.0,3.324685602516602
rw0063021,The Unearthly (1957),1.0,3.3637767408540675
rw3544810,Birdman or (The Unexpected Virtue of Ignorance) (2014),4.0,3.5998222763924823
rw1343179,In the Mouth of Madness (1995),4.0,3.368967115082132
rw4584483,The Blacklist (2013– ),3.0,3.398633032665253
rw3377664,The Ridiculous 6 (2015),3.5,3.2732080108346437
rw0297712,Oscar (1991),4.5,3.321181109527504
rw2600181,A Separation (2011),5.0,3.412616272488361
rw6017273,Flesh (2020),5.0,3.7813075499846556
rw0065721,She Demons (1958),1.5,3.3427141288283897
rw1304418,Women in Revolt (1971),5.0,3.5049533211284984
rw0755321,Panic Room (2002),4.0,3.226654418549876
rw4736962,The Order (2019–2020),4.5,3.670516885243438
rw4063799,Get Out (I) (2017),4.5,3.098576442996029
rw0675304,A.I. Artificial Intelligence (2001),2.0,3.4692022117074006
rw6381093,The Godfather (1972),5.0,4.596049012989269
rw4911948,Chernobyl (2019),5.0,4.710917507795833
rw3781509,Van Helsing (2016– ),2.5,2.7833124878625
rw0321180,Falling Down (1993),4.0,3.305868681078537
rw3080224,Lone Survivor (2013),1.5,3.2712448448824314
rw3034597,The Devil's Backbone (2001),5.0,3.4501863017815846
rw2030346,Our Daily Bread (2005),0.5,3.302444901907589
rw1829421,The Sopranos (1999–2007),4.5,4.509617501668919
rw1636471,Kaw (2007),2.5,3.2610040531506193
rw2200449,Shkola (2010),5.0,3.378469371733503
rw3816972,The Godfather (1972),5.0,4.557545299250141
rw2452695,The Experiment (2010),3.0,3.181462574592804
rw3079487,A Disney Christmas Gift (1983 TV Special),4.5,3.5680045187136864
rw0627350,The Blair Witch Project (1999),3.5,3.670873160581469
rw1364586,Stinger (2005),0.5,3.346893178364537
rw1536833,Siegfried & Roy: The Magic Box (1999),3.0,3.3292488076547206
rw3863538,The Punisher (2017–2019),4.0,3.410795043557125
rw1947711,Righteous Kill (2008),1.5,2.4471851034913694
rw3832112,Justice (II) (2017),0.5,3.4094204695728028
rw1074745,The Funhouse (1981),3.5,3.2575162131309345
rw1680693,The Lake House (2006),1.0,2.2233974307655737
rw3354008,The Stanford Prison Experiment (2015),4.0,3.428038878766482
rw3765551,A Date for Mad Mary (2016),4.0,3.4556767995290167
rw5307677,鋒迴路轉 (2019),3.5,3.443847948159227
rw5743958,Life (I) (2017),2.5,3.194740483723872
rw5453089,Get Hard (2015),5.0,3.28748985404845
rw4524220,Zero (III) (2018),2.0,4.512563043602024
rw3103031,The Purge: Anarchy (2014),4.0,3.201383135128826
rw1867942,Spy Kids 3: Game Over (2003),2.5,3.311239893781345
rw4061690,Your Move (2017),4.5,3.130782844041167
rw1932593,Welcome to the Jungle (2007 Video),1.5,3.1650778613304875
rw4593404,Glass (2019),5.0,3.7962343118736688
rw6279967,Mum Bhai (2020– ),5.0,3.232443372128227
rw0086533,"One Potato, Two Potato (1964)",5.0,3.357121789269122
rw1329154,Experiment (2005),4.0,3.134710479296805
rw3806823,Snowden (2016),3.5,3.295413278854401
rw0458954,The Lord of the Rings: The Fellowship of the Ring (2001),5.0,2.9487882657614417
rw0779063,Thirteen Conversations About One Thing (2001),4.5,3.43902247265551
rw3644886,The Founder (2016),3.5,3.2670583095024934
rw5448991,John Henry (2020),3.5,1.6220674920796203
rw4673701,Mary Queen of Scots (2018),0.5,3.4265002610661224
rw1545854,Clash by Night (1952),3.0,3.3523094401606066
rw4850398,Matriarch (I) (2018),2.5,3.4473411717843296
rw6172688,Murder Mystery (2019),4.0,3.1305263017455442
rw5506067,Dungeon ni Deai wo Motomeru no wa Machigatteiru Darou ka (2015– ),5.0,3.318123118175702
rw0179358,Resurrection (1980),4.5,3.1866509663232145
rw6171520,Bob the Builder: Mega Machines (2017),5.0,3.4536697077544343
rw5231774,Fun with Dick and Jane (2005),0.5,3.311761973634934
rw2909548,Too Perfect (2011),1.5,3.620943968996042
rw5805846,Deep Impact (1998),3.0,3.205549454931954
rw4996939,Dark (2017–2020),4.0,3.733945886733599
rw1951765,The Thing (1982),5.0,3.2409120583732722
rw1085936,Revelation (2001),2.0,3.34334614025847
rw5746340,John Henry (2020),0.5,3.4428376315087164
rw5717853,Hold the Dark (2018),1.5,1.7394309220031892
rw3724423,The Prophecy II (1998 Video),2.0,3.258946888733067
rw0165011,1941 (1979),4.5,3.620943968996042
rw1545829,Motel Hell (1980),5.0,3.2041525980271173
rw5704447,Manifest (2018– ),0.5,2.077593919027134
rw0363285,Halloween: The Curse of Michael Myers (1995),3.5,3.1047190876763846
rw5352540,Hand of God (2014–2017),4.5,3.54436051694513
rw3814017,Bushwick (2017),3.5,3.2056521509371834
rw2792903,Prometheus (I) (2012),2.5,0.843726883141002
rw4512320,Destination Wedding (2018),1.0,3.267215532579832
rw3098329,Catch-22 (1970),3.5,3.220601018668557
rw2864870,The Home Front (1943),3.5,3.654623676380448
rw5373451,Messiah (2020),4.5,3.717237818966546
rw1171748,Star Trek: Voyager (1995–2001),4.0,4.177199041479634
rw3585574,Mothers and Daughters (2016),3.0,3.2528062375280298
rw2734674,金剛 (1933),5.0,3.5076593220825902
rw3352704,Love the Coopers (2015),1.0,3.271219757314156
rw0326155,The Nightmare Before Christmas (1993),5.0,3.281207537731208
rw0867668,Bruce Almighty (2003),5.0,1.4348179697290728
rw4104082,Blade Runner (1982),5.0,3.3572217146366223
rw3548353,Actor in Law (2016),4.0,3.3314900069975812
rw1648579,Boys' Night Out (1962),1.5,3.399296316986869
rw2766636,The Last Exorcism 2 (2013),3.0,1.6773398803626414
rw5972882,Love Is Blind (2020– ),2.5,3.2396540052158116
rw0969418,The Godfather (1972),5.0,4.557545299250141
rw5456160,John Wick: Chapter 3 - Parabellum (2019),1.0,3.2305139575439865
rw2794982,Gippi (2013),2.5,3.512195000757912
rw2246584,Cannery Woe (1961),4.0,3.3491724080828056
rw5724105,Satellite Shankar (2019),5.0,3.365194091264013
rw5979149,Out of Sight (1998),2.5,3.2659972610671915
rw6138996,Star Trek First Frontier (2020),4.0,3.4102124025707834
rw5916126,Kal Ho Naa Ho (2003),5.0,3.3223907346009773
rw1004736,Sergeant York (1941),5.0,3.2811607837274313
rw2451243,Transformers: Dark of the Moon (2011),3.5,1.6815018065767493
rw5304264,De Palma (2015),5.0,4.337281322324325
rw4181159,Sara's Notebook (2018),5.0,3.3388337536455195
rw5193244,God Friended Me (2018–2020),5.0,4.676817564157024
rw4185902,Bella and the Bulldogs (2015–2016),0.5,3.4106994747931587
rw3233296,House of Cards (2013–2018),5.0,3.307439249179929
rw2423890,The Brute Man (1946),2.0,3.4628466361221935
rw4410478,Halloween (I) (2018),5.0,3.2276655282286697
rw1340441,Drunken Master (1978),2.5,3.431485355407711
rw0328331,Schindler's List (1993),0.5,3.453562071585797
rw2352828,La faute à Fidel! (2006),3.5,3.4414656072293783
rw6332110,Black Christmas (2019),1.0,3.158461850838626
rw4357787,Christopher Robin (2018),3.0,3.393348101052574
rw3276374,Black Swan (2010),4.0,3.2526460212642387
rw1628228,Barbary Coast (1935),3.5,3.442347793307553
rw5547753,Aquaman (2018),4.0,2.7280721731309696
rw2705809,Katalin Varga (2009),3.5,3.3820054371659034
rw5461471,Burn Notice (2007–2013),5.0,3.298220200337057
rw0965941,National Treasure (2004),4.0,3.060740043652328
rw0750688,Possession (2002),2.0,3.3524991580422694
rw1587402,Evil Dead II (1987),4.0,3.2204318335179583
rw2338596,The Odd Couple (1968),4.5,3.4242564590693645
rw3462560,Bourek (2015),5.0,3.3722831122772186
rw1497701,We Who Are About to Die (1937),4.0,3.710317567112034
rw0048475,Ambush at Tomahawk Gap (1953),3.5,3.3734175618748163
rw2081366,Riding Alone for Thousands of Miles (2005),5.0,3.376934443446008
rw6435044,Speed (1994),4.0,4.317251035912064
rw5604720,Meet the Parents (2000),5.0,3.3723564222793083
rw6283912,One of Our Aircraft Is Missing (1942),3.5,3.3750079083784446
rw5596669,Jay and Silent Bob Reboot (2019),3.5,3.203201797319395
rw0950776,Clueless (1995),4.0,3.3285558558996904
rw5905524,Goodfellas (1990),5.0,4.265351039976078
rw3785572,The Defenders (2017),3.0,3.334233717804161
rw5864115,Marco Polo (2014–2016),5.0,3.41386497531419
rw4573080,The Sopranos (1999–2007),5.0,4.192520599302116
rw5918128,The Other Lamb (2019),1.5,3.196524763257144
rw1755183,The Phantom of the Opera (1925),5.0,3.3395883870081846
rw1861259,A Night Out (I) (1915),3.0,3.393581698668556
rw6156263,Daniel Sloss: X (2019 TV Special),5.0,3.2856376360153177
rw0792631,Dogville (2003),5.0,3.4120791221166793
rw0666537,The Mummy Returns (2001),4.0,1.9868639796481038
rw4615549,Spider-Man: Into the Spider-Verse (2018),4.5,4.347387325635971
rw6019842,The Gone Game (2020),4.0,3.710317567112034
rw3122717,Il mio viaggio in Italia (1999),2.0,3.3329014066048748
rw5102645,Northern Pursuit (1943),1.5,3.4019018590115646
rw3456783,Everybody Wants Some!! (2016),4.5,3.4030260647750583
rw3026448,A Million Ways to Die in the West (2014),3.0,4.43978130266324
rw4249086,Operazione Goldman (1966),3.5,3.295869964581198
rw4430195,Nicotine (II) (2016),4.0,3.4032653052834094
rw5857724,Freaks (2018),4.0,3.25890867328831
rw2080376,Me and You and Everyone We Know (2005),1.0,1.8703240748476195
rw5875754,Fantastic Beasts and Where to Find Them (2016),0.5,3.266439199763246
rw6131918,Bala (2019),3.5,3.4422469226825316
rw4857881,Home (II) (2015),5.0,2.9425915223605132
rw5403003,A Killing in a Small Town (1990 TV Movie),3.5,3.2314042725866168
rw3869285,Shut Eye (2016–2017),4.0,3.710317567112034
rw2176182,阿凡達 (2009),5.0,3.1775180949081565
rw2958170,Drishyam (2013),4.5,3.415644512135212
rw2607816,The Rose (1979),3.5,3.463369765294722
rw6272702,The Trial of the Chicago 7 (2020),4.0,3.490023448438673
rw4554522,Annihilation (2018),4.5,4.043393241534082
rw2588584,The Hunger Games (2012),2.0,2.277515784007018
rw2448241,Entourage (2004–2011),5.0,4.251865512391261
rw2069712,Skippy (1931),4.0,3.5099154199221325
rw2123381,National Lampoon's Animal House (1978),4.0,3.447667355478955
rw0575468,Stuart Little (1999),0.5,3.447022137889384
rw5139559,"Hello, Privilege. It's Me, Chelsea (2019 TV Movie)",0.5,3.3537483895988056
rw6289761,Northern Exposure (1990–1995),5.0,3.670516885243438
rw1477226,When a Stranger Calls (2006),5.0,2.130797944512108
rw1544313,Waterloo Bridge (1931),4.0,3.4026257600958476
rw3296144,Taxi Driver (1976),5.0,3.6605805561781914
rw4600150,United 93 (2006),3.5,1.5130375872304471
rw2045351,Role Models (2008),4.0,4.023903783813972
rw4299382,The Sea of Trees (2015),2.0,3.3141649167950162
rw3789949,Killing Ground (2016),3.0,3.416248825238508
rw4094328,The Thirteenth Chair (1929),1.0,3.450582962453885
rw4256946,Ready Player One (2018),2.5,3.0546947469808265
rw2943290,Star Wars: Episode IV - A New Hope (1977),2.5,3.4402461279689343
rw1228683,Harry Potter and the Goblet of Fire (2005),4.0,3.1725156673181565
rw5692042,Normal People (2020),4.5,3.710317567112034
rw2497653,"The Good, the Bad and the Ugly (1966)",4.5,3.3938206872810235
rw6204304,Books of Blood (2020),1.0,3.1935195086685466
rw1376479,X-Men: The Last Stand (2006),2.5,3.3379502299062502
rw1794141,Love Actually (2003),2.5,3.3246011209107
rw5219607,Fractured (I) (2019),5.0,3.4545738831114154
rw1900279,The Last Big Thing (1996),0.5,3.3336215353355354
rw5261677,See (2019– ),3.0,1.8732933097903957
rw2855147,Blue Jasmine (2013),5.0,3.309566025949693
rw6092662,The Way I See It (2020),4.5,3.371512675056458
rw0093392,Finders Keepers (1966),2.5,3.4231663839696598
rw1835651,Hot Dog (II) (1930),1.5,3.4020792435865537
rw3401796,The Outlaw Michael Howe (2013 TV Movie),1.5,3.3195757040322764
rw4379061,The Disaster Artist (2017),4.5,1.7775816439863936
rw5328925,Le notti bianche (1957),5.0,3.3203613242507135
rw0656824,Spiders (2000),3.0,3.2108600401948237
rw4996126,The InBetween (2019),0.5,3.3942948732877936
rw4578767,Joysticks (1983),2.0,3.374055151982421
rw3044046,Kill List (2011),0.5,3.0792009401515394
rw6210851,The Whittler (2020),1.0,3.4460962236722072
rw4590981,Nocturnal Animals (2016),4.0,4.109124762835896
rw5037115,Gangs of Wasseypur (2012),5.0,3.381627036663439
rw2920399,The Parallax View (1974),3.5,3.353430652930462
rw1123813,Charlie and the Chocolate Factory (2005),4.0,3.812235937959954
rw4041772,The Tradesmen (2011),4.0,4.113800799354623
rw1381504,Bad Education (2004),5.0,3.5371155317897136
rw2064583,Star Trek (2009),2.5,3.1080612467969404
rw1030978,Mark of the Devil (1970),2.0,3.2678750602785307
rw2308443,Nikita (2010–2013),1.5,3.732864900034079
rw1074665,The Thing About My Folks (2005),5.0,3.477054537519062
rw2153401,The Men Who Stare at Goats (2009),4.0,3.418203936559634
rw2055285,American Violet (2008),2.5,3.368400323247093
rw5920198,Love Life (2020– ),5.0,3.620943968996042
rw3554195,Operation Mekong (2016),5.0,3.2150895282918337
rw0065766,Some Came Running (1958),4.0,3.2999551852253215
rw4830136,The Blackcoat's Daughter (I) (2015),3.5,3.359442389363393
rw4702138,Captain Marvel (2019),5.0,3.0162486030029956
rw1578195,The Covenant (2006),3.0,1.6663364540868357
rw4080699,The Greatest Showman (2017),4.5,3.7698657573700483
rw4344184,Game of Thrones (2011–2019),5.0,3.111754518119974
rw1451112,The Apostle (1997),5.0,3.45731306986372
rw0077264,Gigot (1962),5.0,3.5060259904452344
rw6168068,Interreflections (2020),5.0,3.279016418371465
rw0986620,Highlander (1986),4.5,3.3356604396387315
rw4425078,Shimmer Lake (2017),4.5,3.165306693447232
rw3100421,Haider (2014),4.5,3.4426345870020927
rw4298139,Inbred (2011),0.5,3.242867746853746
rw0913694,De-Lovely (2004),5.0,3.4521810808075206
rw3024252,The Tingler (1959),3.5,4.155022691456975
rw4910745,Absolutely Anything (2015),3.5,3.2896605902099005
rw3611545,Knight of Cups (2015),1.0,3.3855876203184767
rw5583578,The Amazing Mr. Williams (1939),4.0,3.3139727813972426
rw0202324,Liquid Sky (1982),4.5,3.408343421911326
rw1169663,Kansen (2004),3.0,3.2182005784105403
rw1533869,American Dreamz (2006),4.0,3.0760998868488225
rw1475931,The Seven Year Itch (1955),5.0,3.418932676228942
rw5987174,Super Monsters (2017– ),5.0,3.2992507634329598
rw0046321,Above and Beyond (1952),4.5,3.4800377685350172
rw2246823,The Deer Hunter (1978),4.0,4.454181331888615
rw5514732,Intelligence (2020– ),0.5,3.2929551786688838
rw5880860,Daredevil (2015–2018),5.0,4.557684193968263
rw1659614,Children of Men (2006),3.0,4.520768181409649
rw0108754,Popi (1969),5.0,3.4123190869260314
rw0786393,L'adversaire (2002),4.0,3.454082137769305
rw3293215,Star Wars: Episode II - Attack of the Clones (2002),3.5,2.990361963082926
rw4063037,The Lincoln Lawyer (2011),2.0,3.301019178998759
rw1171790,I Am Dina (2002),5.0,3.2023108462030225
rw1112051,Fullmetal Alchemist (2003–2004),4.5,3.4756047108167585
rw6385910,Four Weddings and a Funeral (2019),4.0,4.324845870995521
rw3559247,The Siege of Jadotville (2016),3.0,3.1437438818482146
rw5192123,I Spit on Your Grave (2010),1.0,3.1118926562644202
rw2996291,Delivery Man (2013),5.0,3.3361766259986694
rw2208123,Fast & Furious (2009),4.0,3.4173660800534775
rw0746462,The Pianist (2002),4.5,3.3433078143318182
rw5880924,The Rookie (1990),3.5,3.2540092529601203
rw1419562,The Shawshank Redemption (1994),4.5,4.89508435735414
rw5228312,John Wick (2014),3.0,4.326127295614876
rw1077041,Tarnation (2003),4.0,3.2956584125946127
rw1394388,The Devil's Rejects (2005),5.0,1.4345389659033332
rw1384107,Four Brothers (2005),4.0,4.2895429760629495
rw6245533,Paranormal (2020– ),3.0,3.4137100401832168
rw1401790,End Game (2006),2.5,3.22374684328897
rw4336871,If Beale Street Could Talk (2018),4.5,3.300140346121675
rw4407290,The Haunting of Hill House (2018),5.0,4.03908451786914
rw0993127,Super Fuzz (1980),1.0,3.454903659534316
rw0693326,Mistress Madeleine (1986),2.0,3.654623676380448
rw3411985,The Imitation Game (2014),3.0,4.405167396703275
rw0512230,Planet of the Apes (2001),1.5,2.174158709106275
rw2690618,Wrong Turn 5: Bloodlines (2012 Video),0.5,3.130214174151257
rw3455897,The Pyramid (2014),3.0,3.7964779647515963
rw1715845,Family Guy (1999– ),3.0,3.4219163321697637
rw4771989,The Code (2019– ),1.5,3.307009283756235
rw6128338,Enola Holmes (2020),4.5,2.7498698017512697
rw5884219,Sufiyum Sujatayum (2020),5.0,3.3792595330011777
rw2484026,The Book of Eli (2010),0.5,3.0593843121389077
rw5910231,The Invisible Man (I) (2020),4.0,3.451031630299751
rw2537067,The Adventures of Tintin (2011),5.0,4.077416151934986
rw5063930,Parey Hut Love (2019),1.0,3.717237818966546
rw5486173,High Fidelity (2020),5.0,3.1140292688801625
rw1918631,The Swimmer (1968),4.5,3.1778595711157345
rw2879674,East of Shanghai (1931),3.5,3.1767387575954587
rw3465543,Locke (2013),5.0,3.4888696992055483
rw3818305,Baby Driver (2017),4.0,3.665739220977024
rw2623838,One More River (1934),5.0,3.3490510055289464
rw0599069,Gladiator (2000),5.0,4.507585999664516
rw5483577,The Goop Lab (2020– ),3.5,3.179892220809709
rw4930415,Good Girls (2018– ),4.5,3.4511974602592868
rw1958577,The Zombie Diaries (2006),5.0,3.2489073898747227
rw2338791,Morning Glory (2010),4.0,3.38704459967651
rw1795114,16 Blocks (2006),2.5,3.660397355711693
rw2533992,Sout-e payan (2011),3.5,3.620943968996042
rw3745101,Amore tra le rovine (2015),2.5,3.372457755706404
rw2898839,Seven Years in Tibet (1997),4.0,3.3525346277175854
rw1401493,Nuvvostanante Nenoddantana (2005),4.0,3.3485202995314753
rw3195286,Maps to the Stars (2014),0.5,4.084018695595566
rw1031835,All That Jazz (1979),4.5,3.3737034019164147
rw0461372,The Lord of the Rings: The Fellowship of the Ring (2001),4.0,3.703941290406049
rw5467026,Parasite (2019),5.0,4.309504851189774
rw2435157,The Taint (2011),4.5,4.271599973261127
rw3663043,The Student (2016),4.0,3.282341173266277
rw5010326,Lewis Black: Black to the Future (2016 TV Special),0.5,3.29494235300529
rw1030929,Inseminoid (1981),3.0,3.334246507377127
rw2143842,Where the Wild Things Are (2009),5.0,3.3829976513663023
rw4073315,Star Wars: Episode VIII - The Last Jedi (2017),0.5,3.9240908342970586
rw0595866,The Haunting (1999),0.5,3.1648888489726392
rw1965675,Octopus (2000 Video),2.0,3.2961390794905143
rw1291037,Æon Flux (2005),1.5,3.7410624686710845
rw3466811,Theri (2016),5.0,3.291752206988644
rw4290991,Blade Runner 2049 (2017),4.5,3.535200103748588
rw3449402,The Lady from Shanghai (1947),3.5,3.337369985193262
rw3414190,Fury (2014),2.0,2.9532891758929347
rw1310638,Saw II (2005),1.5,3.2025895393039794
rw0431204,Scream 2 (1997),5.0,4.235263981027352
rw1913337,The Dark Knight (2008),5.0,4.209287583166784
rw0701043,The Fast and the Furious (2001),2.5,3.209282030990554
rw2692023,Trash Humpers (2009),0.5,3.1812614304954945
rw4952616,Zombieland (2009),4.5,4.204364866965751
rw2320925,Madrasapattinam (2010),4.0,3.275274189950588
rw6450385,Chasing the Rain (2020),0.5,3.654623676380448
rw5632916,Resident Evil (2002),3.0,3.816824854271088
rw1339322,The Benchwarmers (2006),0.5,3.3139798464228387
rw3013408,Omar (2013),3.0,3.379021557501429
rw5139515,A Slight Case of Larceny (1953),3.0,3.4117234243501686
rw1179775,Funny Man (1994),4.5,3.2319608588091073
rw4012909,The Shape of Water (2017),5.0,2.976260306923294
rw0310179,Memoirs of an Invisible Man (1992),4.0,3.268500290027961
rw3703514,3 Generations (2015),2.5,3.438563645883449
rw5256669,Maleficent: Mistress of Evil (2019),4.5,3.1978944748500404
rw5446863,Clerks (1994),2.0,4.447185896176145
rw3812477,Baby Driver (2017),4.0,3.631743884956363
rw2916195,Krrish 3 (2013),5.0,3.2194940241590846
rw5765722,Fantasy Island (2020),1.0,1.4277975002260015
rw2970432,Dallas Buyers Club (2013),4.0,4.629862981056883
rw1852086,Little Women (1933),3.5,3.3979436842153405
rw3842791,Kingsman: The Golden Circle (2017),0.5,4.270882654489446
rw1107418,Les petits fils (2004),5.0,3.3261450058982693
rw0348502,The Shawshank Redemption (1994),5.0,4.639756405787067
rw4615103,Charmed (2018– ),0.5,3.39338827217352
rw1280968,Plankton (1994 Video),3.0,3.316753767192623
rw2937947,The Portal (I) (2010),0.5,3.174862327737866
rw1085851,American Beauty (1999),5.0,3.2603742770310076
rw0658819,Dr. T & the Women (2000),1.5,3.453044131650171
rw1075774,Kingdom of Heaven (2005),3.5,3.3586746931089864
rw3194901,Kingsman: The Secret Service (2014),4.5,3.342524694726103
rw4521272,The 12th Man (2017),4.0,3.312411535698352
rw2208178,Ninja (2009),3.0,3.3428223771374785
rw0237339,White Slave (1985),3.0,3.3228859545009346
rw3066491,Kissing Darkness (2014),0.5,3.125812118131266
rw2803221,Star Trek Into Darkness (2013),1.0,3.169712088574868
rw0656681,One Night at McCool's (2001),3.5,3.3865290306500913
rw3101519,Time Out of Mind (2014),0.5,3.3445694715771968
rw4992211,El hombre de al lado (2009),4.5,3.45780307628801
rw4684412,Bodyguard (2018),4.5,3.26299041848477
rw1636728,Panic in the Streets (1950),3.5,3.4160871070581753
rw0981940,And Justice for All (1979),4.0,3.335371168695042
rw2563560,The Tree of Life (2011),1.0,3.275748726405495
rw0553053,Jawbreaker (1999),2.5,3.374179723184305
rw2672160,The Man Who Knew Too Much (1934),4.0,3.476189785530563
rw5776149,Public Enemies (2009),4.0,3.2000069833381435
rw3771586,Girlfriend Killer (2017 TV Movie),2.5,3.219362751526854
rw2101708,Transformers: Revenge of the Fallen (2009),1.5,1.3448941853716707
rw4290612,Heathers (2018),5.0,3.3406047240697236
rw4230878,The First Purge (2018),4.0,2.5119988366325856
rw1049570,What I Want My Words to Do to You: Voices from Inside a Women's Maximum Security Prison (2003),5.0,3.3645067061177896
rw1789285,The Thing (1982),5.0,3.2409120583732722
rw4803945,Shazam! (2019),0.5,3.373291409327553
rw3524731,The Get Down (2016–2017),4.5,3.1505061286587703
rw0247978,No Way Out (1987),5.0,3.326333501903162
rw6226003,Endless Corridor (2014),5.0,3.654623676380448
rw5735954,The Shawshank Redemption (1994),5.0,4.598472076854514
rw5501774,The Last Man on Earth (1964),3.0,3.2729050774112016
rw1932675,Two Thousand Maniacs! (1964),3.0,3.349572554459209
rw1913802,Hopalong Cassidy Returns (1936),5.0,3.4016979035456796
rw5053252,The Giant Gila Monster (1959),2.0,3.481761898412043
rw1477934,I Am a Sex Addict (2005),0.5,3.3213141345793744
rw1675965,Army Wives (2007–2013),5.0,3.654623676380448
rw4299340,Suburban Commando (1991),3.5,3.4744363826037894
rw4125479,Murder on the Orient Express (2017),2.5,2.716922542864506
rw6403807,Godmothered (2020),2.0,3.209018107591629
rw0752716,Road to Perdition (2002),4.0,3.4757498979968564
rw4095525,Brimstone (2016),4.0,3.3452938210778953
rw1138973,Charlie and the Chocolate Factory (2005),5.0,3.812235937959954
rw2425686,The Love Parade (1929),3.5,3.5307672350263215
rw6302103,Cinema Paradiso (1988),5.0,3.4913833355601986
rw1529741,That's Carry On! (1977),2.5,3.535968032854767
rw0848064,Barbershop (2002),2.5,3.352422721199807
rw1779110,The Love Letter (1999),3.5,3.364210531515537
rw3662008,Logan (2017),3.0,4.285596566951473
rw0599875,Gladiator (2000),4.0,4.5846180280868785
rw1139581,Sky High (2005),4.0,3.3037181685591728
rw4685612,Suppose They Gave a War and Nobody Came (1970),2.5,3.4524728692895534
rw3176709,Holiday: A Soldier is Never Off Duty (2014),5.0,3.276949794705687
rw0265830,The 'Burbs (1989),5.0,3.26761482917737
rw3123171,The Dorm That Dripped Blood (1982),3.5,3.3939954302149995
rw2184324,Bad Reputation (2005),1.0,3.3540995202452977
rw2349105,The Extra Man (2010),2.5,3.3414766315393547
rw0679026,Pearl Harbor (2001),0.5,1.823113305502899
rw6004446,The Tax Collector (2020),3.0,3.222267998002572
rw4731850,Battlestar Galactica (2004–2009),5.0,4.441022344285148
rw2784578,Adventures in Babysitting (1987),4.0,3.400982187232229
rw2767351,S. Darko (2009),5.0,3.305711446298841
rw4202790,BrainDead (2016),3.5,3.3761207930838313
rw2736792,Blood and Lace (1971),1.5,3.337202026893584
rw5600382,The Guilty (2018),3.5,3.2557701470250113
rw5943199,Arbitrage (2012),3.0,3.2280937704797483
rw0495664,Shrek (2001),5.0,4.117506011041454
rw4611100,Polar (I) (2019),5.0,3.718720122311634
rw1669343,Catch and Release (II) (2006),2.5,3.344931045902243
rw3451925,Star Wars: Episode VII - The Force Awakens (2015),3.5,2.581578673415498
rw6090734,Constantine (2005),3.0,3.3058861359333402
rw3679372,Looking for Ms. Locklear (2008),4.5,3.3575598777256417
rw3715249,The Americans (2013–2018),2.5,3.654623676380448
rw2105016,The Farmer Takes a Wife (1935),3.0,3.4461699915046955
rw0606727,Galaxy Quest (1999),2.0,3.217011762447008
rw6325664,The Christmas Chronicles: Part Two (2020),5.0,3.751016061427045
rw3518657,An American Rhapsody (2001),1.0,3.312867143036344
rw1706782,Jesus Camp (2006),4.5,1.4903562112651978
rw1016406,A Man for All Seasons (1966),4.5,3.4436273118959693
rw1113343,The Jerk (1979),3.0,3.4907554395026907
rw3408802,Shoah (1985),2.0,3.3845511037650198
rw2086813,Transformers: Revenge of the Fallen (2009),0.5,1.629837365360395
rw1081790,Chaplin (1992),5.0,3.517044304965939
rw1427765,Relative Strangers (2006),4.0,3.3958274695614565
rw5200994,Primal (2019– ),5.0,3.3264503221572843
rw5210126,Arctic (2018),0.5,3.7358144829307633
rw0864346,Runaway Jury (2003),1.0,3.373032450090069
rw4043947,Step Sisters (2018),4.0,3.3630165234652845
rw3556016,True Blood (2008–2014),5.0,3.3918877140130523
rw5454110,It Chapter Two (2019),0.5,3.281699472968067
rw2568445,Beginners (2010),1.5,3.4347775836129433
rw5682799,Brazil (1985),5.0,4.402149331876882
rw4173001,Carter & June (2017),4.5,3.237390047543564
rw3726045,The Mummy (2017),3.0,3.1492267399596754
rw5525869,A Wakefield Project (2019),0.5,3.1405025937471547
rw6180435,Affenkönig (2016),3.0,3.419681180666816
rw3302264,Straight Outta Compton (2015),5.0,3.724028458840621
rw4720177,Stratton (2017),4.0,3.185141174194235
rw6394089,The Midnight Sky (2020),4.0,2.2696377387361015
rw3720752,Forsaken (I) (2015),3.0,3.161377160725565
rw3116422,Starry Eyes (2014),3.5,3.2242565564989265
rw4599211,What the Bleep!?: Down the Rabbit Hole (2006),1.5,3.231434081066174
rw2250665,Transformers: Revenge of the Fallen (2009),1.0,1.5020488691080982
rw6272372,Bloody Ballet (2018),2.0,3.2301657486670265
rw3226823,The Cabin in the Woods (2011),3.0,3.311667701653927
rw3102740,Meet the Mormons (2014),5.0,3.3012585309016047
rw2082641,Transformers (2007),4.0,2.971756847521796
rw4227449,Justin Bieber: Never Say Never (2011),5.0,3.2745560510721643
rw3365532,8 Million Ways to Die (1986),3.0,3.3083359829190093
rw5147231,Bard of Blood (2019– ),5.0,3.4821949431500787
rw3857761,Murder on the Orient Express (2017),3.0,2.7830199817038026
rw4110928,The Titan (2018),2.0,3.175265728017077
rw4321195,Star Wars: Episode III - Revenge of the Sith (2005),4.0,4.096844977690838
rw5671042,Extraction (2020),0.5,3.301586256356579
rw0722553,The Man Who Wasn't There (2001),3.5,3.4808543603917035
rw6430060,Paurashpur (2020– ),5.0,3.710317567112034
rw0825348,X-Men 2 (2003),4.5,4.0348576403382035
rw1916395,Airplane II: The Sequel (1982),3.0,3.357661829569885
rw5011250,Ardaas Karaan (2019),5.0,3.3413671952424915
rw3552192,Mr. Church (2016),5.0,4.297302560994251
rw5499705,Patriot (II) (2015–2018),5.0,4.4213639476065625
rw0869935,Spider-Man 2 (2004),5.0,4.015321342605958
rw4838830,iMurders (2008),2.5,3.370180750488167
rw3736679,Bo Burnham: Make Happy (2016 TV Special),0.5,3.433990214361624
rw5888474,Two Lovers (2008),5.0,3.403528676237686
rw4431254,A Star Is Born (2018),2.5,3.1412020213471266
rw2406003,Wallander (2008–2016),4.0,3.428955596801021
rw1308953,Hackers (1995),0.5,3.2310748899940562
rw4796730,Destined to Be Ingested (2008),1.5,3.24375740556137
rw1809376,The Art of Travel (2008),4.5,3.448293413616485
rw4427843,Smoke (2018–2019),4.0,4.187564988741745
rw1541138,Pulp Fiction (1994),5.0,4.195598227000019
rw0038742,Portrait of Jennie (1948),5.0,3.450184732968655
rw0673841,Tully (2000),5.0,3.331925620723393
rw2598964,The Glass Key (1942),4.5,3.40355741138937
rw3201786,Exodus: Gods and Kings (2014),0.5,3.347505060781298
rw3377816,In the Heart of the Sea (2015),3.5,3.797861919421262
rw4202873,The Last Guest (2017),3.0,3.3794323031713738
rw2161891,破碎的擁抱 (2009),3.5,3.325254895058657
rw0032935,The Picture of Dorian Gray (1945),3.5,3.4523086039315434
rw0427454,Nightwatch (1997),4.0,3.1841613940742906
rw4324464,The Nun (2018),0.5,3.247962502918298
rw6063540,Infidelity in Suburbia (2017 TV Movie),1.0,3.3088892045774387
rw3621020,The Legend of Tarzan (2016),4.0,3.2677821063168797
rw4259731,The Hangover (2009),0.5,3.2383847713259626
rw0677891,Pearl Harbor (2001),5.0,1.823113305502899
rw1527964,Guest House Paradiso (1999),3.0,3.3540819813069045
rw3523802,You Only Live Twice (1967),4.0,3.175461110214318
rw3856586,Death on the Diamond (1934),4.5,3.381424284469755
rw5566159,One Way (IV) (2016),1.0,3.2414304837285197
rw0565722,Cast Away (2000),2.5,4.299690949941345
rw6297984,Run (I) (2020),3.5,3.2468157633025805
rw0179341,Raise the Titanic (1980),0.5,3.2978320560726444
rw1735247,The Bourne Ultimatum (2007),1.0,3.3488460433830256
rw6222432,Christine (1983),4.0,3.2197323608141044
rw5992272,Gunjan Saxena: The Kargil Girl (2020),4.5,3.8139108853515507
rw3800720,It (I) (2017),4.0,3.9895407766605624
rw0727829,Windtalkers (2002),0.5,3.3882957325062506
rw6104404,Dolly Kitty and Those Twinkling Stars (2019),5.0,4.466547690217496
rw4380824,The Best Exotic Marigold Hotel (2011),4.0,3.474108537713464
rw5548468,Spenser Confidential (2020),0.5,4.399044509884096
rw0843009,Hero (2002),2.5,4.069859850843179
rw1566944,Boy-Next-Door (2004),5.0,3.3084243063214243
rw2373555,Nowhere Boy (2009),3.5,3.515320942507635
rw0153028,Exorcist II: The Heretic (1977),2.5,3.2983187139055903
rw3527008,Little Devils: The Birth (1993),3.0,3.301777876078494
rw0978931,Close Your Eyes (2002),1.5,3.40222063783746
rw3836107,Baby Driver (2017),4.0,3.631743884956363
rw3192644,Drive In Massacre (1976),1.0,3.177012274636671
rw4311680,Mamma Mia! Here We Go Again (2018),2.0,3.3888385456397887
rw3869971,Coco (I) (2017),5.0,3.8046730054362894
rw1335214,Oldboy (2003),0.5,3.2942003946704026
rw5853675,Rurouni Kenshin Part I: Origins (2012),4.5,3.3502209106173626
rw3402765,Ti guan (1979),5.0,3.654623676380448
rw5719602,Crossroads (1986),3.5,3.381081429824102
rw4132009,Jumanji: Welcome to the Jungle (2017),3.5,3.431516056129295
rw4417817,The Haunting of Hill House (2018),4.5,4.03908451786914
rw3000831,The Amazing Spider-Man 2 (2014),0.5,3.7441189144023346
rw0545078,The Legend of Bagger Vance (2000),0.5,4.054607322389511
rw2624133,Skew (2011),0.5,3.2259847825210435
rw3831404,Insidious (I) (2010),3.0,3.1942738748435664
rw5450769,Anveshanam (2020),4.0,3.620943968996042
rw5458820,Registe (2014),5.0,3.670516885243438
rw3290560,Tag (2015),4.0,3.3189561422320186
rw3078831,The Prince (I) (2014),4.5,3.235514478279064
rw1201353,Finding Nemo (2003),1.0,3.3895634318427335
rw3444377,The Hateful Eight (2015),2.5,2.455158536933389
rw4408998,Gone (I) (2012),2.5,3.266688601663196
rw4405866,Titans (I) (2018– ),0.5,3.8041777497593636
rw0393931,The Rock (1996),5.0,4.291854433026626
rw1464565,Mountain Patrol (2004),5.0,3.3687044126108354
rw5658224,Over the Hedge (2006),2.0,3.426712573450107
rw5381109,Tõde ja õigus (2019),5.0,3.248000794837274
rw4257527,The Shawshank Redemption (1994),3.5,4.89508435735414
rw4480994,Ralph Breaks the Internet (2018),2.5,3.7735073718086865
rw5120592,Dream Girl (III) (2019),4.5,3.479153992564852
rw2966782,Wreckage (I) (2010),3.5,3.055679828944549
rw1783205,Transformers (2007),1.5,3.2169882274970583
rw6018679,The Perfect Storm (2000),4.0,3.355373811207244
rw5491619,Adults in the Room (2019),5.0,3.264350332223925
rw6271363,Knock Knock (I) (2015),4.0,3.389808967624413
rw3666892,The Blood Is at the Doorstep (2017),5.0,3.2648470348501175
rw5585472,Sling Blade (1996),4.0,4.310334325816394
rw4717513,Captain Marvel (2019),3.0,3.0162486030029956
rw1912745,The Dark Knight (2008),5.0,4.209287583166784
rw2269190,Accepted (2006),4.0,3.2936699833275003
rw2246249,Iron Man 2 (2010),4.0,3.229475467911212
rw0162704,Night Cries (1978 TV Movie),5.0,3.363155980817871
rw1128401,War of the Worlds (2005),3.5,3.6223750137897373
rw0654845,Moulin Rouge! (2001),5.0,2.856591035085405
rw2908779,Steamboy (2004),2.0,3.3979892450148452
rw2009415,Life Is Beautiful (1997),4.0,4.160386524507628
rw1150239,Four Brothers (2005),5.0,3.7877015896893913
rw3331145,Money Train (1995),3.5,3.4318950383997686
rw4940737,All Roads Lead (2013),1.0,3.710317567112034
rw3344136,Steve Jobs (2015),2.5,3.298755211577738
rw3232699,Black or White (2014),4.0,3.3329373879914828
rw5936040,Dil Bechara (2020),5.0,4.563925295882064
rw3340087,The Purge (I) (2013),2.5,3.1405387920148935
rw5409403,Bumblebee (I) (2018),3.0,3.270726248911299
rw1653006,FTV (1985– ),5.0,3.620943968996042
rw2547621,Catwoman (2004),0.5,1.4860122562835991
rw2135419,Eraserhead (1977),2.5,3.3207267669883236
rw1456590,Mulholland Dr. (2001),3.5,2.551193926188852
rw6083425,Away (2020),0.5,2.3240657639622433
rw2644412,黑店狂想曲 (1991),4.5,3.245952982257208
rw5220057,The War of the Worlds (2019),1.5,3.3992048920143128
rw1913062,The Cradle (2007),2.5,3.198310531074822
rw1889921,The Searchers (1956),5.0,3.339420571502896
rw0856192,Honogurai mizu no soko kara (2002),2.0,3.286815033695951
rw3239821,Project Almanac (2015),1.0,3.0747171768356902
rw3673835,Criminal Minds (2005–2020),1.0,4.3951781980324816
rw6116956,The Invisible Man (I) (2020),3.5,2.9380195042060904
rw4497454,The Fear Footage (2018),1.0,3.082107254510552
rw0080840,Charade (1963),4.5,3.3805107735317934
rw0046337,Against All Flags (1952),3.0,3.602610711044177
rw2748424,福爾摩斯與華生 (2012–2019),2.5,1.534575816106783
rw5450605,Midsommar (2019),0.5,2.7066345199954527
rw3528429,Tracks (I) (2013),3.5,3.385954612333962
rw5464414,Monster-in-Law (2005),3.5,3.0507156961476585
rw0103406,Night of the Living Dead (1968),5.0,4.0635854176322015
rw3748129,The Red Turtle (2016),4.5,3.4607100606413113
rw4507645,NXT TakeOver: Brooklyn IV (2018 TV Special),3.5,3.125210049693005
rw1692308,Opposite Sex (2000),5.0,3.2568064415020426
rw1487550,Heat Wave (1990 TV Movie),4.0,3.3007478382679785
rw4197971,Shooter (2016–2018),3.0,3.194726959392092
rw4738312,Beauty and the Beast (1991),5.0,3.5747191367941915
rw6339600,The Highwaymen (2019),4.5,3.754158794830352
rw2332177,"The Chronicles of Narnia: The Lion, the Witch and the Wardrobe (2005)",4.5,4.593078450171601
rw0897586,Lost in Translation (2003),3.5,4.1021268977244745
rw2451333,Hugs and Mugs (1950),3.5,3.670516885243438
rw1029985,Girl Fever (2002),3.5,3.717237818966546
rw2909649,Intolerance: Love's Struggle Throughout the Ages (1916),4.0,3.466824491215881
rw2239248,No Impact Man: The Documentary (2009),4.0,3.4033519706537785
rw1110664,Land of the Dead (2005),5.0,3.224567532585461
rw3015080,The Flight of Dragons (1982 Video),4.5,3.4064690726543168
rw4210590,Goliath (2016– ),4.5,3.3836168223231975
rw3871900,The Viking Queen (1967),2.5,3.51963287033614
rw6130057,Tenet (2020),4.5,3.6856027953283927
rw3355066,Mr. and Mrs. North (1942),3.0,3.371187368573484
rw0469386,Safe Men (1998),5.0,2.0536313531696346
rw4258456,Mission: Impossible - Fallout (2018),4.0,3.6470930474490784
rw4155125,Deception (2018),2.5,3.3805597646578396
rw3483580,X-Men: Apocalypse (2016),3.5,3.2067629051576154
rw3756003,Song of Scheherazade (1947),4.0,3.42118119577634
rw5596257,Star Wars: Episode VII - The Force Awakens (2015),0.5,3.0475555274543686
rw3450473,The Death of Superman Lives: What Happened? (2015),4.0,3.233490936012231
rw5435673,Harley Street (2008– ),0.5,3.3725358418659233
rw5502597,The Pale Horse (2020),0.5,3.2607054412236494
rw2839730,Spring Breakers (2012),0.5,3.249110139373833
rw0430001,Passion's Way (1999 TV Movie),3.0,3.3523884856288495
rw5658393,Triple Frontier (2019),4.5,2.927827408096877
rw1211273,Natural Born Killers (1994),5.0,3.383204142176952
rw5278854,A Beautiful Day in the Neighborhood (2019),2.5,3.4460503611477753
rw3771923,Son of Bigfoot (2017),5.0,3.456904283784964
rw4419373,The Killing of a Sacred Deer (2017),2.0,3.285656446831949
rw4444928,Batman (1989),4.0,3.8316836193971717
rw5154379,Emergence (2019–2020),4.5,3.7884201939284012
rw0897072,Lost in Translation (2003),4.5,3.5151299113504333
rw2478693,Jonathan Livingston Seagull (1973),2.0,3.3819182527177314
rw4805927,Avengers: Endgame (2019),3.0,4.015303623272363
rw0874169,Angels in America (2003),4.0,3.2452205346545933
rw5620644,Shikara (2020),4.5,3.284307385466496
rw2000882,Batman (1989),4.0,4.209357328949216
rw1466258,Cellular (2004),3.5,3.1231090896240143
rw4368412,God Friended Me (2018–2020),5.0,4.672185345844958
rw2972913,X-15 (1961),2.5,3.3418101646847918
rw4237348,How It Ends (2018),4.5,3.262530517995939
rw1049324,Internal Affairs (1990),3.0,3.262337912702367
rw5503960,Sanditon (2019),2.0,3.710317567112034
rw1895553,Hollywood Steps Out (1941),5.0,3.3742884207497594
rw1679010,Mr. Brooks (2007),4.5,3.694140194126004
rw5246788,Jojo Rabbit (2019),4.5,4.192545612292987
rw3211019,It Follows (2014),3.5,3.2787189086964443
rw2056589,The Adventures of Mark Twain (1944),3.5,3.4111766942911115
rw4199765,The Lesson (2015),1.5,3.2730015841155753
rw4203075,Incredibles 2 (2018),5.0,4.093956092863997
rw5895619,The Berlin Bride (2020),5.0,3.2291763590852693
rw4658115,Exorcist II: The Heretic (1977),3.0,3.2983187139055903
rw4101577,Life After Manson (2014),3.0,3.3790020099340263
rw4098924,Jason Bourne (I) (2016),0.5,3.178970088708394
rw5529282,Sonic the Hedgehog (2020),5.0,3.107239722418361
rw3694611,The Penthouse (1967),3.5,3.5957449565365236
rw0424575,Ma vie en rose (1997),5.0,3.3970627973576435
rw1825406,I Met the Walrus (2007),3.0,3.4185819294315127
rw5840177,The Last of Us: Part II (2020 Video Game),2.5,3.30291665212692
rw4610271,Suicide Squad (2016),0.5,3.230641791821256
rw2614903,Department (2012),0.5,3.2624372582067878
rw2773369,Money Movers (1978),3.5,3.3450264316140395
rw2963090,Sirens (1994),4.0,3.315188277812614
rw3499405,The Admiral: Roaring Currents (2014),3.5,3.2370547890949166
rw0576772,Detroit Rock City (1999),4.0,3.5771936457659845
rw1768338,Thompson (1988),5.0,3.717237818966546
rw1781780,Merry Christmas Mr. Lawrence (1983),5.0,3.35024773298323
rw4810530,Dumbo (2019),2.0,3.3312058585956135
rw1566407,Windtalkers (2002),1.0,3.3882957325062506
rw1344585,Riki Riki (2005),4.0,3.620943968996042
rw5067786,The Rebound (2009),5.0,3.354147483825398
rw0148479,La marge (1976),5.0,3.366022161799778
rw2063744,Star Trek (2009),4.0,2.54294060024847
rw6183002,Hot Mess (2018),5.0,3.317911444884096
rw3377634,The Cape Town Affair (1967),2.5,3.198115618443391
rw1011833,Coward of the County (1981 TV Movie),2.5,3.3771877513984263
rw1686003,The Adventures of Buckaroo Banzai Across the 8th Dimension (1984),4.0,3.3532200119596447
rw1615401,內陸帝國 (2006),4.5,3.254482426880789
rw3576900,The Hateful Eight (2015),0.5,2.986024492820345
rw2565976,The Children (2008),3.5,3.256130314998634
rw1312196,The Women of Charmed (2000 TV Movie),4.5,3.324110893863616
rw1339160,Fahrenheit 9/11 (2004),4.0,3.487019046074656
rw4982564,Midsommar (2019),3.0,1.9061912019681413
rw5984837,Three Colors: Red (1994),3.5,3.3428253976840008
rw4039774,Iron Sky (2012),4.0,3.1299491539536737
rw3769011,Sylvia Scarlett (1935),2.0,3.435943574825562
rw0200773,Eddie and the Cruisers (1983),5.0,3.424961948246908
rw1971156,The List (I) (2007),0.5,3.4084172513876116
rw0950476,Anything But Love (2002),4.5,3.4811048522083774
rw5815699,Godzilla: King of the Monsters (2019),2.5,3.192447555076781
rw0707438,Better Than Sex (2000),2.0,3.429316057928297
rw5410786,Resident Evil: Extinction (2007),3.5,3.258740350407118
rw4629015,Polar (I) (2019),4.0,3.718720122311634
rw4127555,The Good Fight (I) (2017– ),4.0,3.3401310805071884
rw2640144,The Hill (1965),5.0,3.437727686416717
rw3202761,Interstellar (2014),4.0,3.8314322682137565
rw5927777,Ad Astra (2019),5.0,1.9708619829362064
rw5817000,The Victims' Game (2020– ),4.5,3.295936503629174
rw5220738,Gummo (1997),0.5,1.9401595366146613
rw4898832,Spider-Man: Into the Spider-Verse (2018),5.0,4.186402577885898
rw6226606,Endless Corridor (2014),5.0,3.620943968996042
rw1699668,1408 (2007),5.0,2.7794688817049362
rw6104152,The Cabin in the Woods (2011),4.0,3.311667701653927
rw1563722,Guilty by Association (2003 Video),0.5,3.2148883065385734
rw1162226,Titanic (1997),5.0,2.762909381001211
rw0203125,Never Say Never Again (1983),3.0,4.271941903099695
rw2549246,Brideshead Revisited (2008),1.5,3.3705206494618243
rw4794558,Forrest Gump (1994),5.0,4.704278322109606
rw3030409,Edge of Tomorrow (2014),4.0,3.190471884343497
rw4575071,Uri: The Surgical Strike (2018),4.0,4.348948746731304
rw1386378,Molokai (1999),3.5,3.375836205411042
rw4608394,Unbreakable (2000),4.0,2.456527747519121
rw1772357,High School Musical (2006 TV Movie),0.5,2.355646751555697
rw3496527,De Palma (2015),5.0,4.345194004424495
rw5622239,Black Sabbath (1963),3.5,3.4258538480902185
rw6200781,Lady Bird (2017),3.5,3.426100845414918
rw3231694,The Good Wife (2009–2016),5.0,3.4192035692709695
rw2803804,Gregory Go Boom (2013),5.0,3.710317567112034
rw6012049,Sputnik (2020),3.5,3.0926727627238173
rw5665503,The Willoughbys (2020),5.0,2.4547399953022246
rw1502416,The Cat in the Hat (2003),3.0,3.444757494473773
rw4534933,Holmes & Watson (2018),0.5,2.8123758549975917
rw3069658,Kick-Ass 2 (2013),2.5,3.4297495104328006
rw4355045,A Simple Favor (2018),0.5,3.3246389310666427
rw2806106,Father and Daughter (2000),3.5,3.511418481795336
rw4447585,"Like, la leyenda (2018– )",0.5,3.3495640277516365
rw3677492,The Walking Dead (2010– ),5.0,2.358832969463647
rw1615542,危機四伏 (2000),1.5,3.292970757384827
rw5984036,Anelka: Misunderstood (2020),0.5,3.330674784799051
rw0011687,The World Changes (1933),3.0,3.406277995692683
rw4993277,13 Graves (2019),4.0,3.2831295166906895
rw5945346,Mrs. Serial Killer (2020),5.0,4.048745206079022
rw2116667,The Mean Season (1985),3.5,3.3499844876167617
rw5978223,Mortal (I) (2020),3.5,3.1599389335877746
rw0663729,Çalikusu (1966),5.0,3.3544393086541437
rw4306117,Slender Man (2018),5.0,3.219725429266691
rw1783340,1408 (2007),2.5,2.7794688817049362
rw4370257,Halloween (1978),5.0,4.355159403715641
rw5557114,C Kkompany (2008),3.5,3.4220588926041358
rw2243006,A Nightmare on Elm Street (2010),1.5,3.1503954700836387
rw2393668,The Big Trail (1930),3.5,3.3965933726323083
rw6218729,Strangerland (2015),4.0,3.238268718866131
rw2833163,Crossing Lines (2013–2015),3.5,3.710317567112034
rw1244917,King Kong (2005),4.0,2.5224563701836002
rw1592060,The Messengers (2007),2.0,1.828042385053892
rw6047601,Blow the Man Down (2019),4.0,3.623805339642347
rw5742703,The Farewell (I) (2019),3.0,3.3982985025959924
rw3524267,Grimm (2011–2017),2.0,2.6353746859482357
rw2246826,The Perfect Game (2009),4.5,3.4034558884508623
rw1162247,Sahara (2005),3.5,3.3176146818615138
rw2850672,Law Abiding Citizen (2009),2.5,3.2057697414543656
rw5607841,Resident Evil 6 (2012 Video Game),4.0,3.2013355044098346
rw5017918,Another Life (2019– ),0.5,2.9366068489429202
rw1842331,Carver (2008 Video),3.5,3.2339292357908436
rw4758989,Ambulance (2016– ),5.0,3.5746210481048992
rw3794198,Shot Caller (2017),2.5,3.2424209347521904
rw4716672,Bad Lieutenant (1992),5.0,3.306181850404199
rw1245816,A Christmas Carol (1984 TV Movie),5.0,3.3346461874766415
rw5092572,The Dead Don't Die (2019),4.5,3.186226479087942
rw5535347,Rebro Adama (1991),4.5,2.6905880773803035
rw4712073,Captain Marvel (2019),5.0,3.0162486030029956
rw2591887,Wrath of the Titans (2012),3.5,3.2871780978192944
rw3005381,Elf (2003),4.0,3.150840460270234
rw2967313,Filth (I) (2013),4.0,3.310031521262296
rw0659480,The Dish (2000),5.0,3.274845216714891
rw6354012,The Invisible Guardian (2017),4.5,3.371037933534479
rw3437920,Bennie Stout (2011),5.0,3.436218845059142
rw4483200,The Big Short (2015),5.0,3.393535734472887
rw2475871,Reservation (2011),2.5,3.369712153124393
rw4173762,Maps to the Stars (2014),4.5,1.526455394873343
rw4563771,Ricochet (1991),0.5,3.3169832565299626
rw1564354,Happily N'Ever After (2006),2.5,3.400473706370902
rw1505119,Torchwood (2006–2011),2.5,3.710317567112034
rw4894768,Fail Safe (1964),4.5,3.358469808007869
rw3413994,The Revenant (2015),0.5,3.453942668536815
rw2297999,No Country for Old Men (2007),3.5,4.464214715047034
rw4159878,Not Suitable for Children (2012),4.0,3.402547953671313
rw4170059,Cargo (I) (2017),3.0,3.3618748250568076
rw1888023,Guess Who's Coming to Dinner (1967),4.5,3.4958496801652332
rw3440234,Batman v Superman: Dawn of Justice (2016),4.5,3.459202174066554
rw3479693,Take Back Your Power (2013),3.0,3.710317567112034
rw5084535,Aliens (1986),5.0,4.0643815041892655
rw4689208,Char Man (2019),0.5,3.340731237254561
rw1397049,Livelihood (2005),4.5,3.2472658671007526
rw4902236,The Angry Video Game Nerd (2004– ),5.0,3.369939443724473
rw4807536,The Orville (2017– ),4.5,4.4165232347943775
rw5480229,Edge of the Axe (1988),1.0,3.2416928752524514
rw0278969,Awakenings (1990),5.0,3.339768201304373
rw3030019,Phantoms (1998),3.0,3.2799125681264614
rw5772346,Jason X (2001),0.5,3.137465981482251
rw3458522,Where to Invade Next (2015),5.0,3.2710342574856424
rw0460812,The Lord of the Rings: The Fellowship of the Ring (2001),1.0,2.9487882657614417
rw4228118,Deceived (1991),3.5,3.1169340594755837
rw4547283,Santa Claus Conquers the Martians (1964),3.0,3.329611793481399
rw6424909,The Orville (2017– ),5.0,4.119494079655486
rw1170450,Kelly's Heroes (1970),4.5,3.3317767980368806
rw0160375,Halloween (1978),5.0,4.359219139949621
rw1640087,Long Way Round (2004–2010),1.0,3.5290445975371196
rw3676478,RoboCop (1988),4.0,4.082796563818974
rw1495321,The Evil of Frankenstein (1964),3.0,3.253615413490408
rw4626603,Green Book (2018),4.5,3.511651826015046
rw4307500,Pieces (1982),3.5,3.468938442907414
rw5702216,Wonderwall (1968),1.5,3.433844295299797
rw3514880,Arnold (1973),1.0,3.3753015277567755
rw5839191,Detective Byomkesh Bakshy! (2015),5.0,3.3079035641735506
rw5190383,Love Is Not Enough (I) (2019),5.0,3.3027255299361147
rw0455703,Halloween H20: 20 Years Later (1998),2.0,3.2729511765108747
rw2968131,Cloverfield (2008),0.5,2.710097284792653
rw5890359,Fantasy Island (2020),0.5,1.6559604662137373
rw2247797,Simón del desierto (1965),4.0,3.334085954313533
rw5775746,Grant (2020),4.0,3.4977032599301854
rw5742117,Scoob! (2020),0.5,3.5522009803592263
rw4610480,Silenced (2011),5.0,3.198461861617196
rw2307612,Once a Thief (1965),3.5,3.4171273670340567
rw4228504,Marcella (2016– ),4.5,3.20777223060685
rw4056220,The Last Man on Earth (2015–2018),4.5,3.2700459612237776
rw6332982,The Big Lebowski (1998),5.0,3.388341293319206
rw1613759,The Return of Doctor X (1939),3.0,3.366521555955791
rw0511165,The Matrix (1999),5.0,3.6905902999114053
rw2918846,Turner & Hooch (1989),1.0,3.228582502391238
rw3237396,Teenage Mutant Ninja Turtles (2014),2.5,2.904158342354445
rw1528920,Curse of the Demon (1957),4.5,3.3750822532154205
rw6390103,Jett (2019– ),5.0,3.354752926936914
rw4915276,Repossessed (1990),0.5,3.446700372171418
rw4178130,A Quiet Place (2018),1.5,3.4283121104143617
rw2815005,Full Metal Jacket (1987),4.5,3.298563790763556
rw1451145,Snakes on a Plane (2006),3.0,3.2614060254675663
rw5827064,The Family (I) (2013),2.5,3.2090948217442805
rw6018630,The Babadook (2014),0.5,3.757022710294192
rw4591592,Glass (2019),5.0,3.784352533049277
rw6224287,Endless Corridor (2014),0.5,3.717237818966546
rw5699360,2 Guns (2013),5.0,3.1794791761631687
rw2988640,The Green Mile (1999),4.5,4.2359866414982195
rw0656981,Animal Factory (2000),4.0,3.4495971873320856
rw1143873,The Chumscrubber (2005),0.5,3.3902126636637653
rw4718922,What Lies Ahead (2019),4.5,3.1298561419080024
rw1366999,Curb Your Enthusiasm (2000– ),5.0,3.3833073096070856
rw2072512,Meet the Spartans (2008),1.0,3.2302847924451936
rw5203210,The Haunting of Hill House (2018),5.0,4.060028518737832
rw4713172,Valerian and the City of a Thousand Planets (2017),5.0,3.1955958660303385
rw3030808,About Last Night (2014),2.5,3.3683554138906286
rw1843923,Hardcore (1979),3.5,3.3026488146982973
rw4094131,Flower (I) (2017),0.5,3.4241674764663457
rw2408098,True Heart Susie (1919),3.0,3.431977511117805
rw5315404,Playmobil: The Movie (2019),3.0,3.5548089371943075
rw4042921,Mountain (I) (2017),1.5,3.325415984473103
rw1990734,You Only Live Twice (1967),3.5,3.33652953693364
rw0424032,L.A. Without a Map (1998),3.5,3.385514296290487
rw3538543,Star Wars: Episode VII - The Force Awakens (2015),3.5,2.581578673415498
rw2399103,Four Lions (2010),1.5,3.3803315601699855
rw4278208,Fist of Fury (1972),5.0,3.339572651303545
rw3203352,The Pyramid (2014),4.0,3.115494452077788
rw4165076,Monster Family (2017),0.5,3.4979376068706047
rw5011697,Shazam! (2019),0.5,3.2538915267581485
rw6420657,Wonder Woman 1984 (2020),0.5,2.853796587454046
rw1558208,The Masque of the Red Death (1964),3.0,3.2702371579784417
rw2826794,Furious 6 (2013),3.0,3.710162222616502
rw1796645,One Hour Photo (2002),4.0,3.323349022011132
rw4515166,The Brass Teapot (2012),3.5,3.3663001772768912
rw0667047,The Mummy Returns (2001),0.5,3.2579167690836957
rw2295472,Eat Pray Love (2010),3.5,3.35405430052023
rw6351361,Ava (IV) (2020),1.0,3.230020045665829
rw5920934,WingMen (2016–2020),4.5,3.710317567112034
rw1690889,Harry Potter and the Order of the Phoenix (2007),3.0,3.361775904633008
rw2614295,The Dictator (2012),4.0,3.361037731332848
rw4364570,Another Perfect Stranger (2007),5.0,3.2203450924513572
rw4110186,Brawl in Cell Block 99 (2017),1.5,3.3762676130427063
rw2619823,Best Friends Forever (2012),5.0,3.439477720140339
rw4757305,The Man from Earth: Holocene (2017),0.5,3.2216322481274022
rw6129282,The Leftovers (2014–2017),0.5,4.342591350916178
rw2731672,Project: Metalbeast (1995),2.5,3.224529362686133
rw3033458,Absolute Zero (2006 TV Movie),0.5,3.240919940977849
rw5577371,I Dream of Jeannie (1965–1970),5.0,3.3256444712019437
rw0950525,The Hard Way (1980 TV Movie),4.5,3.351596814334541
rw1379938,Gunga Din (1939),2.5,3.529020788165576
rw1262059,Jungle Assault (1989),0.5,3.717237818966546
rw4135419,Lost in Space (2018– ),3.0,1.5723570322941542
rw2902764,The Clinic (I) (2003–2009),5.0,3.264053121223299
rw1596224,The Last King of Scotland (2006),3.5,3.4454013173926823
rw2255901,Inferno (II) (1999),2.0,3.2468173679054204
rw2224037,This Is the Army (1943),4.0,3.394368945190882
rw1964909,The Happening (2008),1.0,3.2535296904171123
rw1347079,A Chorus Line (1985),3.0,3.3891422480073152
rw3021724,Philomena (2013),4.0,3.34273577096794
rw0040276,The Hidden Room (1949),4.5,3.3518074048470075
rw1264626,It Came from Outer Space (1953),4.0,3.3000596558666837
rw5567278,Amateur Night (2016),0.5,3.305656277844304
rw1940680,The Dark Knight (2008),5.0,4.305034102172052
rw6228269,Guillermo Villas: Settling the Score (2020),2.5,3.434206783481242
rw5256241,Alvin and the Chipmunks: The Road Chip (2015),5.0,3.4015193347952053
rw0480360,Star Wars: Episode I - The Phantom Menace (1999),3.5,3.1464883787938094
rw6294359,Interstellar (2014),0.5,4.317688274109335
rw3134196,State of Affairs (2014–2015),5.0,3.2445903409181196
rw5390734,Demon Slayer: Kimetsu No Yaiba (2019– ),4.5,3.710317567112034
rw2899067,Free Birds (2013),3.0,3.519431926951775
rw6223904,Endless Corridor (2014),0.5,3.717237818966546
rw1941093,Yateem (1988),4.0,3.4664714625623425
rw2172525,As Time Goes By (1992–2005),5.0,3.3361281755024685
rw1301993,The Eavesdropper (2004),5.0,3.2124154109581533
rw5915662,The Stendhal Syndrome (1996),3.0,3.252557950446857
rw2889536,Twice Born (2012),2.0,3.383698853790098
rw6125366,Mrs. Serial Killer (2020),5.0,3.9311843270027795
rw3237989,The Burning Dead (2015),0.5,3.273902295146062
rw3255185,Scary Movie V (2013),2.5,3.224750264698454
rw4749911,Stepfather III (1992 TV Movie),2.5,3.213114452886898
rw5236902,A Wrinkle in Time (2018),4.0,2.8338319573429924
rw2779897,Shopping (1994),5.0,3.322222199294411
rw2325312,Desire (1936),4.0,3.508511400233759
rw2140614,Camp Blood (2000 Video),2.0,3.2447337460887433
rw5875655,A Midsummer Night's Dream (I) (2019),5.0,3.374895913823621
rw1352622,Scary Movie 4 (2006),1.0,3.42037891772969
rw0699563,The Others (2001),4.0,4.22327812768774
rw2077330,Violent Saturday (1955),4.0,3.4613126289607172
rw1784547,Sweeney Todd: The Demon Barber of Fleet Street (2007),2.0,3.6799031500748995
rw4168514,Black Panther (2018),2.5,3.1073058999636767
rw3305163,Wolf Hall (2015),3.5,3.2465651639894957
rw3757427,Free to Choose (1980– ),5.0,3.3565387551737422
rw2523245,Scalpel (1977),3.5,3.392636642790458
rw4772337,Iron Man (2008),5.0,3.131083340019734
rw2413979,Deathrow Gameshow (1987),1.5,3.2797119414322915
rw0010613,Ever in My Heart (1933),5.0,3.5439948907221797
rw0988768,Pink Narcissus (1971),4.5,3.3663036368605437
rw1275179,Hostel (2005),4.0,3.17407932785128
rw0885642,Mystic River (2003),3.0,3.277362117293606
rw2334981,Monsters (2010),0.5,3.2996857167002185
rw6362510,Transsiberian (2008),3.0,3.331831502171039
rw1801400,Jackass Number Two (2006),2.0,3.309669502567049
rw2153761,Mercury Rising (1998),1.5,3.2479357570713336
rw5440225,Hell on Wheels (2011–2016),5.0,3.4303428764261286
rw4544461,The Oath (2018),3.0,3.180687295584384
rw0089669,The Human Duplicators (1965),1.5,3.3255622639043394
rw1685128,Aap Kaa Surroor: The Moviee - The Real Luv Story (2007),0.5,3.3049464399159563
rw6423647,Black Widows (2020– ),5.0,3.2828723855625683
rw3579419,The Exorcist (2016–2018),4.5,3.654623676380448
rw4852992,Let the Right One In (2008),3.5,3.1408888341127077
rw0176673,The Gods Must Be Crazy (1980),4.5,3.349019661815499
rw1982632,Twilight (I) (2008),0.5,3.1446459527117403
rw2560315,Cars 2 (2011),4.5,3.3963200884574545
rw1563558,The Eddy Duchin Story (1956),4.0,3.361694704112263
rw6146921,Serious Men (2020),5.0,3.3457657030478414
rw1415554,Pirates of the Caribbean: Dead Man's Chest (2006),1.0,2.3211245495024984
rw4013646,The Hitter (1978),4.0,3.4011638461454634
rw1508890,Werewolf in a Girls' Dormitory (1961),2.0,3.25959378980227
rw4895115,Viral Beauty (2018),4.5,3.2524707021902346
rw5964205,Whiplash (2014),4.5,3.381392756800172
rw3099666,Scream (1996),5.0,4.2750038598686135
rw4713377,Captain Marvel (2019),3.0,3.0162486030029956
rw2824662,Fires Were Started (1943),2.5,3.361520256727293
rw4993468,Super 30 (2019),5.0,3.2286490464491924
rw0791590,Amores Possíveis (2001),4.0,3.392262480046953
rw1550961,Elf (2003),3.0,3.809578576725014
rw2964523,Lawrence of Arabia (1962),5.0,3.4844966108212674
rw0161084,The Hobbit (1977 TV Movie),5.0,3.5654963201281595
rw5844464,Wasp Network (2019),3.5,3.2563673744711576
rw1200216,Wallace & Gromit: The Curse of the Were-Rabbit (2005),4.0,3.4201084935273425
rw2808128,After Earth (2013),1.0,3.206489877487825
rw1602258,Thirtysomething (1987–1991),5.0,3.426512574244346
rw2383331,MacGruber (2010),0.5,3.172567554119355
rw5019390,K.G.F: Chapter 1 (2018),5.0,4.452682912931082
rw3776639,It Came from Outer Space (1953),2.0,3.3000596558666837
rw2101701,Drag Me to Hell (2009),3.0,4.255350731730249
rw0322485,Groundhog Day (1993),4.5,3.3612437923892866
rw2460871,The Undefeated (2011),5.0,3.3328630348506563
rw5157070,Sierra Burgess Is a Loser (2018),1.0,3.4527788482725614
rw3285213,Wolf Warrior (2015),1.5,3.3000690038904557
rw4541610,Rapurasu no majo (2018),1.0,3.2096569722502037
rw0980842,Bridget Jones: The Edge of Reason (2004),3.5,3.4057863805411963
rw4505090,Hold the Dark (2018),3.5,1.7394309220031892
rw1539110,Rio Bravo (1959),4.0,3.4938286092500803
rw0010202,Alice in Wonderland (1933),3.5,3.4165123862291904
rw2765799,Night Drive (1977 TV Movie),4.0,3.237621203357028
rw0244008,Friendship's Death (1987),4.0,3.517197405122513
rw1287250,Dirty Dancing: Havana Nights (2004),5.0,3.3190338267584316
rw4801547,Happy Anniversary (I) (2018),2.5,3.459819838825369
rw4779726,The Twilight Zone (2019– ),0.5,3.318778082870457
rw1035430,On the Riviera (1951),2.5,3.4398133250204075
rw5678670,Coco (I) (2017),4.0,4.395694783500521
rw1636619,The Assassination of Richard Nixon (2004),1.5,3.3116491407934334
rw6060715,Abhay (2019– ),5.0,4.7439981317634965
rw3696791,Eloise (2016),0.5,3.1231165019556335
rw1639360,One Way (II) (2006),4.5,3.216094985909331
rw5147636,Un amour impossible (2018),5.0,3.407616933023764
rw2897251,The Mortal Instruments: City of Bones (2013),2.5,3.368194902480249
rw5663092,Ice Princess (2005),3.5,3.721414733571759
rw1297815,The Seventh Stream (2001 TV Movie),3.5,3.3834238400801557
rw4752852,Unplanned (I) (2019),5.0,3.2183283826979383
rw1340981,Jackass: The Movie (2002),5.0,4.409308631359337
rw4825711,Vikings (2013–2020),5.0,4.5030740517779435
rw4556922,The Invitation (I) (2015),5.0,3.352510581976918
rw4043660,Padmaavat (2018),1.5,4.413981738103466
rw2539036,La donna del lago (1992 TV Movie),3.5,3.2997072916845864
rw1792494,Species (1995),3.0,3.242030782922832
rw5790648,Clemency (2019),2.5,3.281303185182553
rw2379572,One Flew Over the Cuckoo's Nest (1975),4.5,4.508571225595422
rw6306363,One for the Money (2012),0.5,3.333906153995494
rw5441775,Judy (II) (2019),5.0,3.409061369836778
rw0992341,Riders of the Rio Grande (1943),3.5,3.444644572451936
rw3724834,The Hunter (IV) (2011),4.0,3.220892968915795
rw0237413,Sherman's March (1985),0.5,3.3195478861076024
rw6120797,Enola Holmes (2020),4.5,2.7498698017512697
rw3756340,Arrival (II) (2016),2.0,2.6588674714280027
rw3497507,Hillbillys in a Haunted House (1967),1.5,3.369576049656387
rw2400783,Hereafter (2010),2.5,3.240146685392602
rw1842616,The Deaths of Ian Stone (2007),4.5,3.258589941912973
rw5270068,After the Wedding (2019),4.5,3.2753317502616808
rw3600987,London Has Fallen (2016),2.0,3.7547263579694485
rw3385071,Star Wars: Episode VII - The Force Awakens (2015),4.0,2.4516949500607326
rw6273609,Come Next Spring (1956),3.0,3.383332803250139
rw4915002,PM Narendra Modi (2019),5.0,3.4131592057024993
rw4306483,Neon Genesis Evangelion: The End of Evangelion (1997),0.5,4.4156345505222685
rw2859993,The Old Curiosity Shop (2007 TV Movie),3.5,3.307283388609334
rw2995241,The Lorax (2012),3.0,3.476015292180678
rw1454858,The Comeback (2005–2014),5.0,3.3004691995979414
rw1586354,Apocalypto (2006),1.5,2.5328962227622283
rw2546082,L'important c'est d'aimer (1975),0.5,3.35146906294183
rw3253932,Hercules (I) (2014),4.0,3.362141364270092
rw4207130,Picnic at Hanging Rock (2018),4.0,3.401453127184509
rw5243447,Jack Ryan (2018– ),3.0,3.858719754132041
rw1119764,Dr. No (1962),2.5,3.4495350558814617
rw5375584,Men in Black: International (2019),4.5,3.287223311241832
rw5920739,Dark (2017–2020),5.0,3.438129710783025
rw5253349,Now You See Me 2 (2016),5.0,3.225172502410569
rw2489551,City by the Sea (2002),4.0,3.343810080251167
rw6279009,His House (2020),3.0,3.323207592592565
rw0890415,Seabiscuit (2003),4.0,3.243777340391872
rw3063502,Delirium (2014 TV Movie),1.0,3.0875943130193457
rw4418110,An Hour to Kill (2018),5.0,3.373580982569659
rw0171914,The Warriors (1979),4.5,3.5431467583621763
rw4007329,Star Wars: Episode VIII - The Last Jedi (2017),3.0,3.9240908342970586
rw2016966,The President Is Coming (2009),1.0,3.710317567112034
rw6268146,Twilight (I) (2008),1.5,3.1446459527117403
rw2549420,Rasputin (2011),1.5,3.27683614031553
rw1748309,Veronica Mars (2004–2019),4.5,3.188341381799284
rw2458640,Koyaanisqatsi (1982),5.0,4.40529396652335
rw1699132,Running with Scissors (2006),2.5,3.3050180534651226
rw4133138,For The People (2018–2019),4.0,3.301860621684926
rw3335579,The Jokesters (2015),3.5,3.148784897322046
rw3034917,Hara-Kiri (1962),4.0,3.4087986262144465
rw4211984,Lost in Space (2018– ),0.5,3.1296542627792245
rw1563786,Batman (1989),5.0,3.8316836193971717
rw5112965,Brightburn (2019),5.0,3.25551758044242
rw3405002,Surviving Christmas (2004),3.0,3.2087409120203105
rw5262158,Serenity (2019),4.5,1.4488125742206426
rw6076699,Advokaten (2018– ),5.0,3.4866095812468854
rw4745921,Rampage (2018),3.5,4.250976809840917
rw4532640,Bird Box (2018),2.0,3.024343713322911
rw5980860,Indiana Jones and the Temple of Doom (1984),4.5,3.395262640841496
rw3212458,Arrow (2012–2020),4.5,3.395164440442929
rw2499415,Transformers: Dark of the Moon (2011),0.5,3.424800900402122
rw2321273,Kangaroo Jack (2003),0.5,3.4318499253545083
rw5325579,L'homme qui voulait vivre sa vie (2010),3.5,3.3868597113906618
rw2426320,Annie Hall (1977),4.0,3.410177029335999
rw6269373,The Cake General (2018),5.0,3.3735090206362632
rw1611612,Toward the Unknown (1956),4.0,3.4478590008184473
rw4386712,Eghantham (2018),5.0,3.5076760621780023
rw3317378,Harry Potter and the Sorcerer's Stone (2001),5.0,4.3545216230445165
rw1310377,Blunder Boys (1955),4.5,3.717237818966546
rw4036559,Regression (I) (2015),4.0,3.292629529406159
rw4729196,The Widow (I) (2019),2.5,3.244207734103743
rw4768213,Star Wars: Episode II - Attack of the Clones (2002),2.5,2.990361963082926
rw6188632,The Handmaid's Tale (2017– ),4.5,3.3932715220269123
rw3812697,Zero Kelvin (1995),3.0,3.3021204513072058
rw3551711,ARQ (2016),4.5,3.2544171509496835
rw3071914,Carlos (2010),5.0,3.33411686301006
rw4860273,Union Pacific (1939),2.5,3.441769253840408
rw6448461,Coolie No. 1 (2020),0.5,0.6532215122197508
rw6349431,The Christmas Chronicles: Part Two (2020),4.0,4.40525546468178
rw2717968,Mattie (2011),3.5,3.5189661762938846
rw0804137,The Good Thief (2002),3.5,3.620943968996042
rw2203525,Broom-Stick Bunny (1956),5.0,3.717237818966546
rw3813121,Bad Company (1995),2.5,3.340990314987351
rw0276592,Uncle Buck (1989),5.0,3.1823527212601808
rw3445109,Milk Money (1994),2.0,3.3633380269575297
rw1967076,Angel Face (1953),4.0,3.4208339843194304
rw3372383,Black Christmas (1974),4.5,3.304096255255935
rw5984175,Another Woman (1988),3.0,3.388372111646741
rw3522258,Daylight's End (2016),4.5,3.214098598878984
rw2293647,Night Comes Too Soon (1948),3.0,3.717237818966546
rw3420991,Penance (I) (2009),1.0,3.286084960856709
rw0663620,Nuremberg (2000),2.0,3.392651035369411
rw2935276,The Godfather: Part II (1974),4.5,3.4618322071792784
rw3375801,Supergirl (2015–2021),5.0,3.269416818677898
rw4144581,The Week Of (2018),0.5,3.3913721119785567
rw1726515,Eragon (2006),2.5,2.9144076269183063
rw1370635,Shane (1953),4.0,3.362126779231463
rw2254231,The House on Sorority Row (1982),1.5,3.294231236701506
rw2691722,Fast Girls (2012),2.5,3.3734207595850756
rw3198767,Gone Girl (2014),4.0,3.207416661804626
rw3010110,Transcendence (I) (2014),5.0,3.210676069403789
rw4082619,Spirited Away (2001),5.0,3.8671711276170706
rw3199058,Man on the Moon (1999),5.0,3.450206963249012
rw1666328,Sahara (2005),3.5,3.3176146818615138
rw4760020,The Decks Ran Red (1958),2.0,3.398276844640007
rw2598946,Titanic (2012),2.5,3.332410038119574
rw4090796,Winter Kills (1979),1.0,3.3678821917238464
rw1480440,The Monster of Piedras Blancas (1959),3.5,3.292901675373468
rw0253800,Akira (1988),5.0,4.612517412229596
rw1555888,The Return of the Living Dead (1985),4.5,4.425888286115873
rw4031421,Side Effects (I) (2013),3.5,3.3440896966077616
rw1686040,The Flying Scotsman (2006),4.5,3.251051592325519
rw6355149,Durgamati: The Myth (2020),0.5,3.1783956553379875
rw1483365,V for Vendetta (2005),5.0,3.966019763785537
rw3321546,Limitless (2015–2016),2.5,3.2121606750661558
rw0485829,Star Wars: Episode II - Attack of the Clones (2002),4.0,3.0427039970238794
rw3398568,Dickson Experimental Sound Film (1894),3.5,3.4698514221275922
rw5311116,BoBoiBoy Movie 2 (2019),2.5,3.56319836851287
rw3104894,Haider (2014),3.5,3.917285745427306
rw1354068,Broken Flowers (2005),0.5,3.334990213505477
rw6368977,In Time (2011),3.5,3.250554011123666
rw1286984,Private Lessons (1981),3.5,3.446141965909991
rw2191499,神鬼尖兵 (1999),4.5,3.3478898250046303
rw2310928,Drag Me to Hell (2009),4.0,4.255350731730249
rw0959388,Saw (2004),5.0,3.133247683725254
rw5780023,The House of Violent Desire (2018),0.5,3.1918562695627326
rw1108975,Young Winston (1972),3.0,3.4534343316685034
rw2076240,Pride and Glory (2008),3.0,3.405836652726277
rw1431356,Easter Parade (1948),4.5,3.5152644893783664
rw4169335,Chevalier (2015),3.0,3.441946655295029
rw5610383,Katha Sangama (2019),4.0,3.435919852598012
rw3056663,Hachi (2009),5.0,3.3216136951557305
rw2139277,The Chronicles of Narnia: Prince Caspian (2008),5.0,3.372625374675498
rw4372808,Live (IV) (2018),3.0,3.28913088777763
rw1522476,Harsh Times (2005),0.5,2.177830686338939
rw3635877,Mr. Church (2016),5.0,4.613515021493483
rw5465607,El Camino: A Breaking Bad Movie (2019),3.5,4.564132979052829
rw1985316,Che: Part Two (2008),5.0,3.259117859161326
rw4136223,Riverdale (2017– ),4.0,1.3766626382179554
rw3556523,Shamitabh (2015),2.5,3.4587755388691885
rw6394630,The Midnight Sky (2020),4.5,2.2696377387361015
rw6323184,The Simpsons Movie (2007),4.5,3.4435487531385283
rw1773574,The Golden Compass (2007),1.5,1.4378291799781073
rw3641615,The Americans (2013–2018),1.0,3.654623676380448
rw2168411,Reign of the Gargoyles (2007 TV Movie),1.5,3.2568337584032685
rw2738723,Tôshô Daimos (1978–1979),5.0,3.404432806469173
rw3868625,The Illusionist (2006),4.0,3.1944449860447626
rw1691052,Battle Beyond the Stars (1980),5.0,3.360133625392692
rw2456984,The Company Men (2010),4.0,3.3323609217431556
rw4403253,My Life as a Zucchini (2016),4.5,3.3262875301061703
rw1042353,Ice Princess (2005),4.0,3.451613531603885
rw2889784,Waar (2013),4.5,3.2480944594094443
rw2705402,暮光之城：破曉2 (2012),5.0,3.3123939901763686
rw3595307,La La Land (2016),3.0,2.8441587410715257
rw1311301,House II: The Second Story (1987),3.5,3.3513847071032403
rw2174693,The Younger Generation (1929),3.0,3.654623676380448
rw2023217,BloodRayne: Deliverance (2007 Video),0.5,3.218189595428435
rw6342468,Intezaar (2020),4.5,3.2705243008472227
rw6073022,After We Collided (2020),4.0,3.283566596874123
rw0184804,Excalibur (1981),5.0,4.054659838925654
rw0406217,In the Mood for Love (2000),4.0,3.441627162743175
rw3381894,Paper Towns (2015),4.0,3.4588513026258734
rw6446874,La llorona (2019),3.5,1.606119126355875
rw4808290,Avengers: Endgame (2019),5.0,3.726030391031043
rw3374308,Star Wars: Episode VII - The Force Awakens (2015),3.0,2.8370695618395354
rw1083203,Unleashed (2005),3.5,3.1813756082230493
rw3275999,"It's the Easter Beagle, Charlie Brown! (1974 TV Movie)",2.0,3.4083437442924267
rw3487478,Ace Ventura: When Nature Calls (1995),4.0,3.1898956328908237
rw2377421,The Traveler (I) (2010),0.5,3.3771166523885126
rw1691377,Die Hard 4.0 (2007),0.5,3.183278299092132
rw6104963,The Devil All the Time (2020),5.0,3.3930981036381
rw3360149,Gran Torino (2008),2.5,3.7587858333098354
rw1104674,Hitch (I) (2005),1.0,1.683627080267709
rw0797097,Elling (2001),4.0,3.4440485539694783
rw6021189,Stalker (1979),1.0,3.2052324905992524
rw5242751,Parasite (2019),4.0,4.309504851189774
rw0599743,Gladiator (2000),4.0,4.507585999664516
rw1782569,Aaja Nachle (2007),4.5,3.1964387711565774
rw1332116,Kidon (2005),4.5,3.242055636620589
rw0690602,Halloween: Resurrection (2002),0.5,3.256507698408587
rw1674469,Mr. Brooks (2007),4.0,3.716412609000285
rw2338074,Unstoppable (2010),2.0,3.225197066410832
rw4129122,Phantom Thread (2017),4.5,3.390458884887337
rw2526589,The Baby (1973),4.0,3.3039105150195915
rw5643154,Take Point (2018),4.0,3.1911110802338505
rw4343707,Fallen Angel (1945),4.5,3.490458571577085
rw0999874,The Last Emperor (1987),5.0,3.463740068466926
rw2904641,2 Guns (2013),3.0,4.30687453044864
rw4068260,Money Heist (2017– ),1.0,2.4812392471110902
rw1025845,Bride & Prejudice (2004),5.0,3.4464913548460387
rw0548103,Children of the Corn V: Fields of Terror (1998 Video),1.5,3.331370609790138
rw3459202,Star Wars: Episode VII - The Force Awakens (2015),2.0,2.581578673415498
rw3479161,Ender's Game (2013),3.0,2.8027647073626873
rw3658446,Canvas of Death (2016),0.5,3.333660341265947
rw1360715,Star Trek: Insurrection (1998),3.0,3.1423975969014304
rw2762434,Barb Wire (1996),1.5,3.3305276315487418
rw2406391,Se7en (1995),4.5,4.261239491523157
rw5059574,The Banana Splits Movie (2019),4.5,3.3769301975181585
rw1881939,The Andromeda Strain (2008),0.5,3.358655773833802
rw3147619,The Loved One (1965),5.0,3.4005195614047556
rw1370517,Dangerous Assignment (1952– ),4.0,3.4194628344732996
rw1163024,Roller Boogie (1979),0.5,3.3139532714287
rw3409350,Chhota Bheem Himalayan Adventure (2016),5.0,3.717237818966546
rw1502596,Jarhead (2005),1.5,3.160755802014152
rw6019933,2gether (2020),5.0,3.342621830335896
rw6276892,Soorarai Pottru (2020),5.0,4.4872235244140315
rw0484334,Star Wars: Episode II - Attack of the Clones (2002),4.0,2.990361963082926
rw0354996,American Job (1996),2.0,3.670516885243438
rw5492409,Sanditon (2019),5.0,3.717237818966546
rw1157021,Supercross (2005),3.0,3.273461198221983
rw2397284,Battle Los Angeles (2011),0.5,2.1109561351592663
rw0019618,Gone with the Wind (1939),5.0,4.2676470016397445
rw2090015,Moon (2009),5.0,3.3745200764253958
rw5643497,Paris est à nous (2019),4.5,3.309516756845299
rw2828286,Knick Knack (1989),4.0,3.4432771952981645
rw1189600,Moog (2004),3.0,3.5025176069930266
rw4788310,Escape Room (I) (2019),4.5,3.422957699109151
rw5303031,安眠醫生 (2019),5.0,4.25803167750825
rw4276365,2nd class (2018),3.5,3.3438728296179097
rw1453634,Night Stalker (2005– ),2.5,3.265382597688321
rw6146025,Apocalypse of Ice (2020),0.5,3.2783268128886607
rw1713027,Cidade de Deus (2002),4.5,4.199367161727801
rw4144738,The Walking Dead (2010– ),1.0,4.388319385307104
rw2593859,First Knight (1995),1.0,3.426857569553334
rw2158014,海盜電台 (2009),0.5,2.95081138691343
rw0878370,Freaky Friday (2003),4.5,3.4000306444695902
rw3102109,End of the Line (II) (2007),4.5,3.2930240981345844
rw1344092,Four Sided Triangle (1953),3.0,3.409133449992713
rw4270235,Raazi (2018),1.0,3.3474813611747902
rw1101658,Saint Ange (2004),0.5,3.200982832886056
rw2376396,The Tourist (I) (2010),4.5,3.23872523400283
rw0336046,Clerks (1994),5.0,2.504693217694642
rw1789139,Atonement (2007),1.0,3.2470591670552413
rw5401610,Psycho Pike (1992 Video),3.0,3.295628820097648
rw0637469,"Crouching Tiger, Hidden Dragon (2000)",4.5,3.389668285956263
rw0880365,Terror Toons (2002 Video),0.5,1.4120394604731297
rw4607458,Polar (I) (2019),4.0,4.129567801553521
rw2432462,Game of Thrones (2011–2019),0.5,4.280599625114082
rw6408536,Coolie No. 1 (2020),0.5,0.6512599141865499
rw2556992,The Mask (1994),3.5,3.450702362002862
rw1984859,Night of the Flesh Eaters (2008 Video),5.0,3.710317567112034
rw5958464,The Town That Dreaded Sundown (2014),4.0,3.1922888291476066
rw5072902,Parivar (1956),5.0,3.654623676380448
rw0741357,Unfaithful (2002),5.0,2.7886150179669884
rw1755815,Phantom of the Paradise (1974),4.0,3.3940653114604316
rw2011559,Friday Foster (1975),4.5,3.4184569917249767
rw4223425,Hounds of Love (2016),4.5,3.339403479836163
rw5669956,Hustle (2004–2012),3.0,3.3328416396718175
rw5467619,The Exterminating Angel (1962),1.5,3.3779161733855823
rw3793062,Adam Had Four Sons (1941),2.0,3.360209793452426
rw2557362,Bad Teacher (2011),2.0,3.338169486531667
rw4147821,Rampage (2018),5.0,3.4641552465925836
rw0652346,Secrets (1992),2.0,3.4285575332726883
rw5053261,My Fair Lady (1964),4.0,3.4344290271442195
rw2207311,Transmorphers: Fall of Man (2009 Video),1.0,3.3459977610678315
rw1129018,Fantastic Four (I) (2005),3.5,3.3541918841059877
rw1665852,Pirates of the Caribbean: At World's End (2007),5.0,4.304717334187541
rw4808789,Brave (2012),3.0,4.449816282262317
rw3618529,A Series of Unfortunate Events (2017–2019),4.5,3.3752921707215595
rw2301536,L'appât (1995),3.5,3.452078331457242
rw4555241,Bird Box (2018),3.5,2.8862311829987233
rw1395295,Just Friends (I) (2005),3.0,3.3296024350557842
rw5380406,You (2018– ),5.0,1.83929670384019
rw1717496,Lilies of the Field (1963),5.0,3.4908385863895806
rw1700133,The Core (2003),3.0,3.249184363731038
rw1909447,The Shawshank Redemption (1994),5.0,4.598472076854514
rw0413984,Almost Heroes (1998),5.0,3.3757784289907646
rw5764158,Snowpiercer (2013),4.0,3.243478485216965
rw4929666,Electrick Children (2012),3.0,3.292322433187804
rw0874711,Big Fish (2003),5.0,2.14374062962504
rw5646923,Sweet Sunshine (2020),4.5,3.4313241310291014
rw6076531,Insomnia (2002),4.5,3.3273001900612593
rw4612383,Bird Box (2018),2.0,2.8862311829987233
rw3685316,Major Grom (2017),4.0,3.2582588967430586
rw1709771,Pee-wee's Big Adventure (1985),5.0,3.407415636212109
rw0055258,The Ladykillers (1955),4.5,3.3993930146584597
rw3011331,Freeway (1996),5.0,3.3079318901098476
rw2812266,Ringers: Lord of the Fans (2005),3.0,3.335400074783544
rw5983156,The Boys (2019– ),5.0,4.607589070707488
rw1071225,Sasori in U.S.A. (1997),1.5,3.210927467056657
rw4676252,Hirugao (2017),0.5,3.4279831602364506
rw1072847,Megalodon (2002 Video),0.5,3.248455788462041
rw1765107,Enough (I) (2002),3.0,3.335831166229649
rw3870273,Back to School (1986),3.5,3.2794955547974887
rw1548795,Blood of a Champion (2005 Video),1.5,3.3692824845981924
rw5200859,El Camino: A Breaking Bad Movie (2019),5.0,3.9704193863924364
rw4264742,Skin Creepers (2018),3.5,3.0876832431291357
rw0582302,The Lord of the Rings: The Return of the King (2003),5.0,4.52509492598865
rw2227453,The Devil on Horseback (1936),3.0,3.620943968996042
rw5425344,Mother! (2017),0.5,2.6409584985184233
rw6396829,The Midnight Sky (2020),2.5,2.841701358241264
rw3045072,22 Jump Street (2014),4.5,3.2095839911744095
rw1839515,Faded Dreams (2007),4.0,3.2498638985228427
rw3161186,魔法黑森林 (2014),4.5,3.4221290112620375
rw4932058,X-Men: Dark Phoenix (2019),3.5,2.9193815785105093
rw0246167,Leif (1987),5.0,3.4755571244577674
rw1829289,Day of the Dead (2008 Video),4.0,3.1815179316318907
rw4591888,A Star Is Born (2018),3.0,3.0051989139621913
rw2060241,Se7en (1995),4.0,4.261239491523157
rw5255309,Batwoman (2019– ),3.0,3.338540042262188
rw2174034,屍樂園 (2009),4.0,4.407742349676298
rw4618301,Felix in Hollywood (1923),4.0,3.3876492707815227
rw2871853,Oz the Great and Powerful (2013),1.5,4.166606761069399
rw6371946,Home Alone (1990),4.0,3.300848000527401
rw4917680,Kesari (2019),4.5,3.43609565936906
rw3375227,Bajirao Mastani (2015),5.0,3.32241571296931
rw2919615,Sooper Se Ooper (2013),2.5,3.3432656648046017
rw0309269,The Last of the Mohicans (1992),5.0,3.4441119041672184
rw4780176,"Ruben Brandt, Collector (2018)",5.0,3.3966626427213327
rw0468487,Resident Evil (2002),2.5,3.946479578866677
rw0203161,Never Say Never Again (1983),5.0,3.256484780919698
rw2898808,Captain Phillips (2013),4.5,2.8075203486999394
rw0003310,Hot Water (1924),3.5,3.498306376313951
rw3352875,With These Hands (1950),2.5,3.387259721091537
rw4438692,Rings (2017),1.0,3.081901351060072
rw1916751,The Palm Beach Story (1942),5.0,3.396224085278494
rw6015076,Pareeksha (2020),5.0,3.3066263765616917
rw5607342,Danny Roane: First Time Director (2006),4.0,3.386024398834803
rw4126886,The Last O.G. (2018– ),1.0,3.71308105580834
rw1018136,Safe House (1998),5.0,3.2050548539938535
rw5237883,The Game Changers (2018),5.0,3.161479775162638
rw2785734,The Lords of Salem (2012),4.0,3.3136313385101026
rw3737171,Forrest Gump (1994),5.0,4.6290414266461415
rw5212397,Parasite (2019),5.0,4.040897398877858
rw3614518,Burying the Ex (2014),3.0,3.0949003833529747
rw3694497,The Patience Stone (2012),3.5,3.3706241163240795
rw2035128,American Drug War: The Last White Hope (2007),3.5,3.3375966314857317
rw1005104,The Village (2004),5.0,3.77324165961428
rw1445412,South Park (1997– ),5.0,4.47165619531902
rw0536452,Nutty Professor II: The Klumps (2000),2.0,3.3188389636952267
rw3644033,The Great Wall (I) (2016),5.0,2.5883354617440073
rw0113352,Quiet Days in Clichy (1970),0.5,3.3662161387731544
rw5983272,The Butterfly Effect (2004),5.0,4.260345456063455
rw1706870,Run Ronnie Run (2002),1.5,3.4267792310622656
rw4356914,The Good Cop (2018),5.0,4.085259884461787
rw1922812,Dad's Army (1971),5.0,3.3667953044761667
rw1707654,Hobgoblins (1988),1.0,3.2993481174759935
rw1283905,Brokeback Mountain (2005),5.0,4.418233408671061
rw1764312,Vampire Hunter D (1985),4.0,3.5072749367468137
rw5807394,An Interview with God (2018),2.5,3.423585742604835
rw1348851,Silent Hill (2006),4.0,3.0994283939801606
rw5788711,Knights of the Zodiac: Saint Seiya (2019– ),5.0,3.3543847093060446
rw2792475,Grave Encounters 2 (2012),1.5,3.220839797932436
rw3507623,Frankenstein's Castle of Freaks (1974),3.0,3.4487424478114126
rw5119722,Code of the Wild (2019– ),0.5,3.3536753896707254
rw4574949,Master of Arms (2018– ),5.0,3.3438638222756225
rw3192342,"Two Days, One Night (2014)",5.0,3.4072104983142806
rw3063224,Get on Up (2014),4.5,3.321508890736968
rw4081288,Out of the Shadows (I) (2017),1.0,3.1229528569449907
rw2926874,House of Good and Evil (2013),0.5,3.3095102774627496
rw5357570,Masum (2017),4.0,3.407585672587293
rw5220303,I'm Not There (2007),2.5,3.5135844615756797
rw4233535,Moonlight (I) (2016),3.5,3.2826592256698643
rw2327836,Despicable Me (2010),4.0,3.82007177547634
rw2931078,Frozen (I) (2013),5.0,2.7452740830600275
rw3036060,Borgman (2013),3.5,3.251627124769919
rw2824363,The Lone Ranger (2013),2.5,3.2369740526353423
rw2347918,The Matrix Revolutions (2003),1.5,3.2680860576219666
rw1419022,Syriana (2005),4.0,3.4099931653598916
rw3307833,Home (II) (2015),5.0,4.392173921579244
rw1804247,Cloverfield (2008),0.5,2.70265761273124
rw6089971,Rent-A-Pal (2020),4.5,3.195003282629888
rw3849941,Singularity (I) (2017),0.5,3.122326914581166
rw1199699,Elizabethtown (2005),4.0,3.2664428486577033
rw4960342,Wonderful World (2009),3.0,3.4012482698180584
rw4057716,Eye in the Sky (2015),2.0,3.3050364891275685
rw1528841,Dhoom 2 (2006),4.5,3.2996479901352287
rw2011169,Slumdog Millionaire (2008),0.5,3.4962851793566347
rw5419978,Hero (III) (2019),2.5,3.3960333189177327
rw3625663,The Walking Dead (2010– ),5.0,4.388319385307104
rw2789025,Iron Man Three (2013),3.5,3.396824208963877
rw3109848,The Last Will and Testament of Rosalind Leigh (2012),1.0,3.2665417894947177
rw0474693,U.S. Marshals (1998),3.5,3.226533722610349
rw0329016,Sins of Desire (1993),3.5,3.1948219169312777
rw0922421,Finding John Christmas (2003 TV Movie),4.0,3.2082892759054475
rw4685447,Vikingane (2016– ),5.0,4.371890587419784
rw2495592,Gnomeo & Juliet (2011),4.5,3.4231356251899223
rw2976496,300: Rise of an Empire (2014),4.5,3.246560268223995
rw0454949,The Green Mile (1999),5.0,4.171158395068127
rw3747531,Baby Driver (2017),3.5,3.830811405688121
rw2516956,J. Edgar (2011),4.0,3.4210129040131805
rw2137177,Scaramouche (1952),4.0,3.324037566922456
rw3345958,The Man from U.N.C.L.E. (2015),4.5,3.2301937216248677
rw5660829,The Turning (2020),0.5,3.232301420867539
rw0044454,The Day the Earth Stood Still (1951),5.0,3.2620554870301754
rw2654468,Living with Wolves (2005 TV Movie),4.5,3.3529355519477373
rw0228245,Weird Science (1985),3.5,3.3510530283166426
rw3606078,Assassin's Creed (2016),2.5,4.351726238042873
rw2039122,The Rocking Horse Winner (1949),3.5,3.396848193689194
rw3644439,Ransom (2017–2019),5.0,3.371783707673967
rw5981766,Bad Boys (1995),3.5,3.313182024320387
rw0431067,Scream 2 (1997),5.0,4.273910508805144
rw4991437,Spider-Man: Far from Home (2019),3.0,2.9763064159925987
rw6426816,Jojo Rabbit (2019),4.5,4.184446817151745
rw0214773,Romancing the Stone (1984),4.0,3.251516348455351
rw4523973,Zero (III) (2018),5.0,2.41390265767171
rw3596367,Spectral (2016),2.5,3.279905856707437
rw4357837,The Gifted (2017–2019),5.0,3.264188323368216
rw1640932,Criminal Minds (2005–2020),5.0,1.9552497890982778
rw3495081,Independence Day: Resurgence (2016),2.0,3.2381293325652867
rw2833413,The Grifters (1990),3.0,3.3995629299741075
rw6286361,Barbie Fairytopia: Mermaidia (2006 Video),4.5,3.5843381685499613
rw5031946,Rustum (2019),2.5,3.3668522583847276
rw3785181,Final Fantasy XV (2016 Video Game),4.5,3.3448663892435033
rw4790107,Drunk Parents (2019),0.5,3.273034358479421
rw3341059,Dante's Peak (1997),4.5,2.804977704783882
rw6437941,Suits (2011–2019),4.0,3.3223203350383153
rw0156535,Suspiria (1977),5.0,3.634052140890875
rw5222604,A.I. Artificial Intelligence (2001),3.5,2.4014102450338815
rw2181593,阿凡達 (2009),4.0,3.4483335369412687
rw3191594,Code Name: K.O.Z. (2015),0.5,3.3012452348181274
rw0778780,Ice Age (2002),5.0,3.405085460585534
rw0740286,Life with Judy Garland: Me and My Shadows (2001),4.5,3.357692706476433
rw5280631,Ready or Not (I) (2019),5.0,3.1780850804391894
rw1044227,Kiki's Delivery Service (1989),5.0,3.3387279487280646
rw1764562,Let's Get Tough! (1942),2.5,3.3864158282345977
rw4107855,Black Panther (2018),5.0,2.8972234395897125
rw6333377,Hillbilly Elegy (2020),3.5,3.4541864948776992
rw2602461,Smiling Along (I) (1938),3.0,3.2952207179941855
rw3611793,Magpie (2014),3.5,3.2811566589720704
rw2180650,迷幻公園 (2007),3.5,3.290977482127817
rw4993907,Skyscraper (2018),3.0,3.1878722442487684
rw3372423,Frontier (1935),2.5,3.264340173652742
rw3383514,Before We Go (I) (2014),1.5,3.3939890118877676
rw5517321,Color Out of Space (2019),1.5,3.341928730235106
rw4520023,Travelers (2016–2018),5.0,3.670516885243438
rw5974436,Brave New World (2020),5.0,3.654623676380448
rw3427851,Zootopia (2016),4.5,3.4696144150836816
rw2363248,The Town (2010),4.0,3.397939128980306
rw2509530,The Missouri Breaks (1976),2.5,3.3856859547076987
rw3033295,Only the Brave (2006),3.5,3.3339250863292915
rw2080468,He's Just Not That Into You (2009),2.5,3.236614161645461
rw2461685,Cyberbully (2011 TV Movie),4.5,3.28621659696605
rw1424061,What's Eating Gilbert Grape (1993),5.0,3.2831222164856393
rw2741345,普羅米修斯 (I) (2012),3.0,0.843726883141002
rw4506818,Four Hands Menu (2018– ),4.5,3.5329388559203263
rw2221742,Inuyasha (2000–2004),4.0,3.5335566382916217
rw3245265,Tomorrowland (2015),5.0,3.3608752550259466
rw0790162,Wendigo (2001),5.0,2.5210675073860376
rw3228799,Der ewige Jude (1940),0.5,3.2630152405012294
rw3680710,Rendition (2007),2.0,3.1875585428776376
rw4429334,Bravetown (I) (2015),1.0,3.46261552165231
rw5581961,Paytakht (2011– ),4.5,3.4368694565433806
rw5156526,小丑 (2019),5.0,3.9013784684652024
rw4972801,Agent Sai Srinivasa Athreya (2019),5.0,3.3727415942040677
rw5483010,Blazing Saddles (1974),5.0,2.208637103241509
rw5311371,My Christmas Love (2016 TV Movie),2.5,3.3382471112650753
rw6248469,Planet of the Apes (1968),4.0,4.403746253279057
rw2120855,Drag Me to Hell (2009),5.0,3.434874129937131
rw5053391,Spirited Away (2001),4.5,3.8671711276170706
rw4968568,Out of Blue (2018),1.0,3.216773377165274
rw3698683,The Space Between Us (I) (2017),3.0,3.3562357765881923
rw3679098,Beauty and the Beast (I) (2017),4.5,4.683615978269322
rw0425714,Metroland (1997),5.0,3.3885754746082295
rw0522523,Shakespeare in Love (1998),5.0,2.9360224553979317
rw0304138,The Bikini Carwash Company (1992),5.0,3.260999996623226
rw4467231,God Friended Me (2018–2020),5.0,4.605300341566288
rw1261247,Vanishing Point (1971),5.0,3.3132738375957334
rw3567372,The Girl on the Train (2016),3.5,3.2699193530477055
rw5220684,31 (2016),2.0,3.166473441845212
rw1742323,Time Out (2001),2.5,3.281329317684646
rw3701225,Forrest Gump (1994),5.0,4.496358412183422
rw2031123,Almost Blue (2000),4.0,3.282363504849269
rw2895874,Kick-Ass 2 (2013),3.5,2.870928421992194
rw3179802,Project Almanac (2015),3.0,1.8396427291365909
rw0482657,Star Wars: Episode I - The Phantom Menace (1999),4.5,3.1464883787938094
rw3007790,Mothra (1961),3.0,3.181496501326792
rw1949145,The Best Years (2007– ),5.0,4.33645349901789
rw5845195,Floor is Lava (2020– ),4.5,3.318893680664375
rw3221087,The Voices (2014),5.0,3.2307799600450577
rw6051655,Agramon's Gate (2019),5.0,3.2293914686250274
rw0878868,Jackass: The Movie (2002),5.0,4.395580878698743
rw3510649,Kuroko's Basketball (2012–2015),4.5,3.4831631169441155
rw3361320,Inside (2007),4.0,3.996412409965809
rw5932335,Dil Bechara (2020),5.0,4.621146073655622
rw0545128,The Legend of Bagger Vance (2000),4.5,1.6235515606926352
rw4542685,Simmba (2018),0.5,3.442111893057146
rw0201063,Geek Maggot Bingo or The Freak from Suckweasel Mountain (1983),0.5,3.261402292927928
rw1497115,The Texas Chainsaw Massacre: The Beginning (2006),1.0,3.275604861072476
rw5463892,Mr. Robot (2015–2019),5.0,3.620943968996042
rw1443630,For Love of the Game (1999),5.0,3.4160513131389276
rw6341157,The Undoing (2020),2.0,3.3381762809348876
rw3069238,Hoe Tem Je Een Draak 2 (2014),5.0,4.026507977477904
rw0496334,Shrek (2001),4.0,4.32476876778079
rw5654092,The Final Project (2016),1.0,3.2251014304224803
rw4331535,John Wick (2014),5.0,3.100629734978068
rw5072972,The Snowman (2017),4.0,3.242424610267362
rw1750186,Why Did I Get Married? (2007),5.0,3.2209120074466893
rw3001200,Bears (I) (2014),4.0,3.031317753408467
rw2792225,Hider in the House (1989),3.5,3.1590449646722703
rw2934914,Judge Dredd (1995),3.5,3.769647404857951
rw3475825,Knock Knock (I) (2015),3.5,3.754479056604688
rw1404446,Superman Returns (2006),5.0,2.610165523093311
rw0455053,The Green Mile (1999),4.0,4.171158395068127
rw4995092,Keeping Up with the Joneses (2016),2.5,3.3195946292271885
rw5538577,The Rat (II) (2019),5.0,3.3644344819196403
rw2042264,Taboo (1999),4.0,3.4143476889115356
rw2228408,Scoop (2006),3.5,3.3740525534986445
rw4698421,Gone with the Wind (1939),5.0,4.277493060368394
rw4303929,Frankenweenie (1984),3.5,3.3032586981477703
rw5557262,The Day After Tomorrow (2004),5.0,3.1890102676551315
rw0186026,Halloween II (1981),2.5,3.213839142374386
rw2228979,How to Train Your Dragon (2010),5.0,3.3435722576348397
rw2499542,Inception (2010),1.5,4.48371643272605
rw5701528,City of Dreams (2019– ),3.0,3.3933296641886277
rw1791047,The Murder Game (2003– ),3.5,3.2625989638772763
rw6244654,Hangman (II) (2015),0.5,3.210155473890102
rw4235919,The Outpost (2018– ),5.0,3.20703638511837
rw5591515,Big Town After Dark (1947),2.5,3.4092396714439097
rw0909024,"I, Robot (2004)",4.0,2.832553784265679
rw5518239,Columbus (I) (2017),1.5,3.433057427535604
rw1336969,House of the Dead 2 (2005 TV Movie),1.5,3.05945076325792
rw5750059,White Lines (2020),3.0,3.4426136573901363
rw1443069,They Live (1988),5.0,3.2366962706892313
rw2359448,Jim Jefferies: I Swear to God (2009 TV Special),5.0,3.350052018046013
rw1835978,Stay Alive (2006),1.0,3.2044828560402125
rw1623596,Mystery Science Theater 3000: The Movie (1996),3.0,3.4201765979510967
rw3223636,Transformers (2007),2.0,2.971756847521796
rw5238092,Gamer (2009),3.5,3.2379643537578895
rw5763782,Shaka Laka Boom Boom (2000–2004),4.0,3.318300009951005
rw3105013,Godzilla (I) (1998),1.5,2.145999159746713
rw4575726,Kickboxer: Retaliation (2018),3.0,3.2055857776246226
rw3417655,Vinyl (2016),1.5,3.2715201306905617
rw2932938,Dredd (2012),3.0,2.8976364317481527
rw6005347,Tiny Creatures (2020– ),0.5,3.3550815802488994
rw5428470,Talladega Nights: The Ballad of Ricky Bobby (2006),4.5,3.784027942283971
rw1235257,"The Chronicles of Narnia: The Lion, the Witch and the Wardrobe (2005)",5.0,4.641504354343039
rw1280862,The Last of the Blonde Bombshells (2000 TV Movie),5.0,3.423398267460279
rw3324877,The Strain (2014–2017),1.5,3.620943968996042
rw4706578,Cleaning Up (2019– ),4.0,3.3115277789167434
rw4318747,Geetha Govindam (2018),0.5,3.4429920396835523
rw1531562,Mystic India (2005),3.5,3.4177502603642593
rw6426201,Battles Without Honor and Humanity: The Complete Saga (1980),4.0,3.422790607137376
rw0148558,The Message (1976),5.0,3.4437486976931333
rw2780386,Jack Reacher (2012),0.5,3.737457109491069
rw5746955,S.W.A.T.: Under Siege (2017),3.5,3.3354899556577102
rw3178797,Jupiter Ascending (2015),3.5,3.1767900932995055
rw4664665,The Imitation Game (2014),5.0,2.7280506390353025
rw5962846,Holy Hell (2016),3.5,3.2237621655873467
rw2309083,The Other Guys (2010),3.0,3.298803007401927
rw2942250,White Collar (2009–2014),5.0,3.321953222911008
rw3762232,The One I Love (2014),3.0,3.3513240839499328
rw0641019,Get Over It (2001),4.5,3.3616645309133384
rw1728301,Blades of Glory (2007),3.5,3.4659047767488347
rw0867006,Battlestar Galactica (2003),5.0,4.524043025906574
rw3662797,47 Meters Down (2017),5.0,3.223230055159341
rw4548638,Aquaman (2018),5.0,3.023555773389325
rw4345886,Solo: A Star Wars Story (2018),4.5,3.465563829986832
rw0891036,Hollywood Homicide (2003),2.5,2.6341236812134823
rw5429438,Aliens (1986),4.5,4.066585092848636
rw2755974,Rajneeti (2010),4.0,3.406799997929824
rw3807134,Incendies (2010),4.5,3.071275226538756
rw6257015,A Very Charming Christmas Town (2020 TV Movie),4.0,3.3617850724933507
rw2935691,Paranormal Activity: The Marked Ones (2014),4.0,3.2353800161652706
rw0508744,The Matrix (1999),5.0,3.4384005980981733
rw1309819,Jarhead (2005),3.0,3.160755802014152
rw2602349,Shoot the Moon (1982),4.5,3.192878794250461
rw4717091,Baywatch (2017),3.5,4.114319969182794
rw3094140,Outlander (2014– ),5.0,3.427100290183104
rw5921917,Greyhound (2020),4.5,2.7703821973699303
rw4033339,Jim Jefferies: Freedumb (2016 TV Special),4.5,3.298476369495761
rw5809422,Ad Astra (2019),1.0,1.9708619829362064
rw1244916,Unknown World (1951),1.0,3.304433911539414
rw5410388,His Dark Materials (2019– ),3.5,3.1790227772438135
rw3324607,Get Rich or Die Tryin' (2005),3.0,3.358477014197302
rw6122523,London Confidental (2020),5.0,3.670516885243438
rw4584125,Star Wars: Episode VIII - The Last Jedi (2017),4.5,3.1039185074261844
rw0964832,Crooklyn (1994),2.5,3.4645963402061803
rw1966950,What a Girl Wants (2003),3.5,3.347515002571299
rw5700915,The Dirty Dozen (1967),3.0,3.2991832228971187
rw4090576,The Lady Is Willing (1934),2.5,3.5175937052297535
rw0871157,Cidade de Deus (2002),4.5,4.188582316006874
rw4350715,Jurassic World: Fallen Kingdom (2018),3.5,3.1619614367101407
rw3379229,The Revenant (2015),5.0,2.705999011971106
rw0097718,The Graduate (1967),5.0,3.8631217178404422
rw4426429,Hunter Killer (2018),0.5,3.9393509620585045
rw0279959,Cry-Baby (1990),1.5,2.8398124188040095
rw2480547,La casa muda (2010),3.0,1.2436280949101202
rw5116417,9/11 (2017),2.0,3.196939352126017
rw3641196,Zootopia (2016),2.5,3.4696144150836816
rw1909956,Room 36 (2005),4.0,3.620943968996042
rw2355074,Burlesque (I) (2010),4.5,3.1171902092680046
rw5377672,The Pianist (2002),5.0,3.3433078143318182
rw2424305,I Am Number Four (2011),1.0,3.2037910041340867
rw0514151,The Siege (1998),3.5,3.206929867317413
rw6346094,The Crown (2016– ),3.5,3.4959730682180967
rw3185716,The Karate Kid (2010),4.5,3.3932125928953796
rw2301838,Charlie Chan in Shanghai (1935),3.5,3.5044799097336132
rw0663856,The Contender (2000),3.5,3.3104804856037404
rw5588468,The Usual Suspects (1995),2.0,3.3618569608791704
rw1773777,Lou Grant (1977–1982),2.0,3.330461348287648
rw1921202,Tout va bien (1972),4.0,3.464896712365121
rw5729590,Weathering with You (2019),3.5,3.5643218409723625
rw2118526,V for Vendetta (2005),2.5,4.631651482600874
rw3397163,Brave (2012),5.0,3.116896938543316
rw2246652,The Last Thakur (2008),2.5,3.270968048535942
rw4009255,A Shadow World (2015),0.5,3.2440873456141666
rw5844033,Dead of Winter (1987),2.0,3.3749719149994766
rw2699857,Extinction: The G.M.O. Chronicles (2011),2.0,3.1479178278824094
rw4163859,The Greatest Showman (2017),4.0,4.090726852430303
rw2282363,Blood Cult (1985 Video),3.0,3.146005808636608
rw2729678,Brute Force (1947),4.0,3.2631892318068227
rw4701853,Leaving Neverland (2019),0.5,1.6116919454796812
rw1205008,Team America: World Police (2004),4.5,2.472789355614963
rw6374127,Justice League (2017),2.5,2.218161526043192
rw4655741,In Like Flynn (2018),3.0,3.3781427149577583
rw5913065,2001: A Space Odyssey (1968),4.5,3.756395003403964
rw5472789,Insatiable (2018–2019),5.0,3.3541174103035254
rw1439063,The Brave (1997),1.5,3.310861094145401
rw2347697,The Room (2003),2.5,4.356855691661503
rw0533540,The World Is Not Enough (1999),4.0,3.5664383419364514
rw6439065,It's a Wonderful Life (1946),5.0,3.4878767561365946
rw0730223,Die Another Day (2002),4.5,3.260049629649927
rw5746869,Guardians of the Galaxy (2015–2019),4.5,4.118837633799762
rw0861273,Hitters (2002),5.0,3.184236815573241
rw0135391,The Front Page (1974),3.0,3.59678125719763
rw3116302,Teenage Mutant Ninja Turtles (2014),2.5,2.9247069474964293
rw6331870,Bob Lazar: Area 51 & Flying Saucers (2018),1.0,3.8102754947178816
rw3401855,The Ten Commandments (1956),4.5,3.1348638710165395
rw6175302,Wedding Crashers (2005),4.0,3.2675300846866318
rw4306329,Call Me by Your Name (2017),5.0,3.3571175489701695
rw4604161,Suits (2011–2019),5.0,3.3223203350383153
rw6262227,Paranormal (2020– ),3.5,3.120325190258431
rw1565692,"Hamlet, Prince of Denmark (1980 TV Movie)",3.0,3.356633975283011
rw5900735,Greyhound (2020),2.0,3.710161483760612
rw3406194,R'ha (2013),2.0,3.448009409778644
rw2056521,"Oh, Mr. Porter! (1937)",4.0,3.5137390747775443
rw6219961,The Queen's Gambit (2020),4.5,3.3537616338207945
rw1960941,Appaloosa (2008),3.5,3.295205026987459
rw0583294,The Lord of the Rings: The Return of the King (2003),5.0,4.525969382033734
rw0722997,Bridget Jones's Diary (2001),5.0,3.2622074902709173
rw6323364,Sher Dil (2019),5.0,3.654623676380448
rw5424320,Hancock (2008),2.5,1.5812392070742332
rw3577269,Genius (2016),4.5,3.4451423636658705
rw0404288,Apt Pupil (1998),5.0,3.3240222127043593
rw4572742,Incredibles 2 (2018),4.0,4.093956092863997
rw2558292,Screamers: The Hunting (2009 Video),0.5,3.1261734968147596
rw3243249,Tanu Weds Manu Returns (2015),5.0,3.4506373331999645
rw0753219,Scary Movie 2 (2001),0.5,3.3285936631854915
rw5029622,Thor: The Dark World (2013),3.0,3.270422664973891
rw4897033,Valerian and the City of a Thousand Planets (2017),1.5,3.8545494067893453
rw5753124,NCIS (2003– ),5.0,3.387820467480749
rw4137927,A Quiet Place (2018),2.5,3.0901212470679056
rw1219964,The End of the Affair (1999),5.0,3.418805978585969
rw1383083,Conspiracy Theory: Did We Land on the Moon? (2001 TV Movie),5.0,3.3232090018315956
rw6402590,The Midnight Sky (2020),1.5,2.2696377387361015
rw4232319,Shooter (I) (2007),2.0,3.228524309498448
rw1529754,Monster in a Box (1992),4.5,3.2572507976663996
rw6214135,Uncut Gems (2019),1.5,3.3858920404502757
rw4731198,Thriller (1960–1962),5.0,3.222009497622252
rw0005199,The Cameraman (1928),5.0,3.4380284731073654
rw1270890,High School Musical (2006 TV Movie),1.5,1.6196399433489683
rw1339903,American Dreamz (2006),3.0,3.7638327440528854
rw4477110,The Christmas Chronicles (2018),5.0,3.519528404885985
rw0394723,Scream (1996),5.0,4.2750038598686135
rw1492607,The Big Lift (1950),4.5,3.3468255163508633
rw1966965,War of the Worlds (2005),3.5,3.6426431898507063
rw5902517,The Old Guard (2020),4.0,4.267675151745461
rw5460372,The Da Vinci Code (2006),3.5,3.1361732351543914
rw1349585,As Good as It Gets (1997),4.5,3.3755577635552108
rw5484404,The Will (2020),5.0,3.3092134245932523
rw2581002,The Flying Squirrel (1954),4.0,3.466146465473156
rw3628443,The Fall (I) (2013–2016),4.0,3.251806387334154
rw4364860,Tag (I) (2018),4.5,3.171975787678742
rw1442642,Pirates of the Caribbean: Dead Man's Chest (2006),1.5,2.169482659020276
rw6126600,500 Days of Summer (2009),4.5,4.649820047819307
rw1627993,Severance (2006),3.0,3.3446275731181996
rw4892276,Stronger (I) (2017),2.5,3.372203109653065
rw5666293,Rosemary's Baby (1968),4.5,4.494318184728074
rw3049609,Dawn of the Planet of the Apes (2014),4.5,4.1239423487835705
rw3350992,Spectre (I) (2015),2.0,3.4664235475744087
rw4839131,Captain Marvel (2019),3.0,3.5938545162447997
rw3594764,Santo in the Hotel of Death (1963),2.0,3.454914766649371
rw6197894,Strangers at the Door (2017),0.5,3.275960488843512
rw3146393,Santa Claus (1959),4.0,3.4363492406410434
rw5702832,Mrs. Serial Killer (2020),5.0,4.5735050678821585
rw0448310,"A Cool, Dry Place (1998)",2.5,3.3121311991105564
rw4970695,The Man Who Killed Don Quixote (2018),0.5,3.306801118866866
rw1464894,Tank Girl (1995),4.0,3.3066296903918557
rw2210508,All About Eve (1950),4.5,3.473426478304683
rw2049052,Cry-Baby (1990),2.5,2.182151920384078
rw5114542,The Man from Earth (2007),0.5,3.411375626876023
rw1708980,The House Without a Christmas Tree (1972 TV Movie),5.0,3.397920048009778
rw0478413,X-Men (2000),4.5,4.434258697264543
rw2813904,This Is the End (2013),0.5,1.1559506581402563
rw5132358,Rambo: Last Blood (2019),1.0,3.302378864066133
rw2788477,Dredd (2012),2.0,3.296118801178198
rw0793438,The Scorpion King (2002),4.0,3.3308969489777294
rw4948170,Jinn (2019– ),4.5,2.0706402738222756
rw2052675,The Fast and the Furious: Tokyo Drift (2006),1.0,2.8468748961447137
rw1089360,The Big Stuffed Dog (1981 TV Movie),3.5,3.654623676380448
rw3265517,Lava (2014),1.0,3.3804957250272705
rw3688562,Entertainment (2015),2.5,3.3617528399854857
rw5903821,The Old Guard (2020),5.0,3.9320279693434914
rw1133797,November (I) (2004),3.5,3.2449315002496966
rw0985630,Swades (2004),5.0,3.316020966084433
rw0153576,The Mighty Peking Man (1977),4.5,3.1602911441541193
rw2610407,The Graduate (1967),4.0,4.209575300927558
rw2858510,Lucky Night (1939),5.0,3.4357580548595923
rw0174564,The Day After Trinity (1981),3.5,3.654623676380448
rw6163766,Abhay (2019– ),5.0,4.858356587158051
rw2470077,Cowboys & Aliens (2011),4.0,3.1658284570354014
rw0370402,Se7en (1995),5.0,3.9669370518285842
rw1661004,Apocalypto (2006),2.0,2.2354317182577446
rw2958999,The Wolf of Wall Street (2013),4.5,4.051104089109158
rw1675292,American Nightmare (2002 Video),4.5,3.372919636288633
rw3187163,Fifty Shades of Grey (2015),3.5,3.460358853476848
rw1100030,Mr. & Mrs. Smith (1941),2.5,3.421026443304434
rw5958154,Deep Blue Sea 2 (2018 Video),1.0,3.2296641512123005
rw5835681,Inspector Gadget (1999),3.5,3.346533429440392
rw5525111,Wonderland (2013–2015),5.0,3.337409687628797
rw2381502,Attack on Darfur (2009),1.0,3.224632383781446
rw5414626,Giri/Haji (2019),2.0,2.53557772594743
rw2934175,The Hobbit: The Desolation of Smaug (2013),1.0,3.3101075096143866
rw4823126,The Wandering Earth (2019),2.0,3.206219892140454
rw0088601,A Charlie Brown Christmas (1965 TV Movie),5.0,3.514491756452946
rw6212093,The Little Vampire 3D (2017),5.0,3.393459992236072
rw1406431,Entourage (2004–2011),5.0,4.237669146042252
rw0574393,The Sum of All Fears (2002),4.0,3.3189448999948468
rw0879254,Laws of Attraction (2004),2.5,3.322472615441278
rw2251298,Vicky Cristina Barcelona (2008),3.5,3.3529694224901467
rw1295734,Final Destination 2 (2003),4.0,3.2924484060527712
rw1599325,毀滅戰士 (2005),1.0,3.257130263794977
rw0304794,Braindead (1992),3.5,3.3902592845239505
rw3577954,Scars of Dracula (1970),3.5,3.395986834408129
rw2048630,Baghead (2008),1.0,3.3057759648528884
rw1320306,L'enfant secret (1979),5.0,3.400168173811737
rw4561255,Shanghai Surprise (1986),1.0,3.45499730168728
rw0904156,Two Brothers (2004),0.5,3.40437127311619
rw4296986,Dinosaur (2000),5.0,3.452648410704714
rw6273327,Soorarai Pottru (2020),5.0,4.486194813397027
rw1855644,De erfgename (1949),4.5,3.3517148477161913
rw6017578,Flesh (2020),5.0,3.786346486110214
rw1549080,Sideways (2004),1.0,3.445267307245452
rw5210666,Tales of Found Footage (2019),0.5,3.4537787208221604
rw2382671,Mumbai Diaries (2010),4.5,2.570667482468555
rw1729208,The Broken Hearts Club: A Romantic Comedy (2000),3.0,3.4001216863896833
rw4486371,Reunited at Christmas (2018 TV Movie),0.5,3.30295298918118
rw3412391,The Comedians (1967),4.5,3.370065408164009
rw0639181,"O Brother, Where Art Thou? (2000)",4.5,3.823739704434493
rw5857185,Eurovision Song Contest: The Story of Fire Saga (2020),3.5,3.101613464934948
rw4183514,The Graduate (1967),4.0,4.209575300927558
rw5250346,The Fighter (I) (2010),4.0,4.159425269392927
rw4481049,Mirzapur (2018– ),4.5,3.710317567112034
rw4099840,Death Wish (2018),1.5,3.2961360544254927
rw2042065,In Bruges (2008),5.0,3.350866216803878
rw0247445,Moonstruck (1987),5.0,3.4492518347002794
rw3354662,500 Days of Summer (2009),5.0,4.028197589321556
rw6450812,Sherlock (2010–2017),4.5,4.45169844970723
rw2785081,The Croods (2013),3.5,3.301320740440345
rw1822727,Lilly Turner (1933),3.5,3.4858639041453148
rw1977786,Anaconda 3: Offspring (2008 TV Movie),0.5,3.0452281433373853
rw2378098,Plan B (I) (2009),5.0,3.255545791705456
rw4691837,ImMATURE (2019– ),5.0,4.626748941666096
rw5033711,Quarries (2016),3.5,3.1393767483869874
rw5107286,Blade Runner 2049 (2017),3.5,3.6234971414929946
rw2221976,Green Zone (2010),3.5,3.305927937697783
rw4117331,The Terror (2018– ),4.5,3.289176058409584
rw0738876,Asterix & Obelix: Mission Cleopatra (2002),4.0,3.3800429507771557
rw1497728,Titanic (1997),2.0,4.129187331763954
rw3600931,REC (2007),3.0,3.2336610620537702
rw3664302,Chasing Leprechauns (2012 TV Movie),4.5,3.2979238989792847
rw5797267,Collision Earth (2020),0.5,3.1460371906104165
rw4201102,Nancy (2018),3.5,3.3648550302028237
rw4179136,The Leftovers (2014–2017),5.0,1.9014142974818902
rw1361318,Final Fantasy VII: Advent Children (2005),2.0,4.490765075654611
rw3395802,Seventh Son (I) (2014),0.5,3.299101768343026
rw2462113,Mal día para pescar (2009),3.5,3.397759202875133
rw1985733,The Happening (2008),1.0,3.2535296904171123
rw0802543,My Little Eye (2002),3.5,3.166299055091671
rw0764913,Basic (2003),3.5,2.615709349490097
rw4936411,Jinn (2019– ),3.0,2.738407709539849
rw4835696,The Dark Side of the Sun (1988),3.0,3.426049239637382
rw1315836,Tutti i colori del buio (1972),4.5,3.329388584081509
rw2878923,This Is the End (2013),1.0,0.9466959746962276
rw6264094,Poison (2019– ),5.0,2.2736245079808772
rw0444310,Being John Malkovich (1999),5.0,3.3044840262594866
rw0075498,Something Wild (1961),4.5,3.439947395530622
rw4440848,Bohemian Rhapsody (2018),5.0,4.083278705598962
rw0538680,Spider-Man (2002),4.0,4.368506814887862
rw5305867,國王 (I) (2019),2.5,3.3419066196323306
rw4724373,Triple Frontier (2019),3.0,3.461573346431392
rw5811035,BlacKkKlansman (2018),4.0,3.2719088996658625
rw3849561,13 Minutes (2015),2.5,3.23152616811
rw3465991,The Avengers (2012),5.0,4.22962568061233
rw6078171,Train to Busan (2016),4.5,3.8389219074709677
rw3014308,The Bag Man (I) (2014),4.0,3.671305828661594
rw5093245,Heat (1995),5.0,3.2798135111844515
rw0163352,Shalimar (1978),5.0,3.345753773590522
rw0529659,Mind Games (1998 TV Movie),1.5,3.4137113875923486
rw4301098,Mission: Impossible - Fallout (2018),4.5,3.243990587378906
rw0059959,12 Angry Men (1957),5.0,4.536635234769589
rw3035894,The Client (2011),3.5,3.351804863327505
rw0103463,Night of the Living Dead (1968),4.5,4.406998037812008
rw1254983,King Kong (2005),3.0,2.9818459892449645
rw3803839,War for the Planet of the Apes (2017),4.5,3.3697123367620603
rw6101014,Pets United (2019),0.5,3.4422492261631277
rw3772798,Valerian and the City of a Thousand Planets (2017),4.0,3.3938146947986056
rw1825791,Mou gaan dou II (2003),3.5,3.374005593479501
rw2136849,Observe and Report (2009),2.0,3.4309115999468376
rw5834711,Space Force (2020– ),5.0,3.7885217233385338
rw5236645,Sunset Blvd. (1950),5.0,3.3341971017748695
rw0554038,Screwed (2000),4.0,3.3603004722617125
rw2550483,The Adventures of Tintin (2011),4.0,4.474281249704377
rw6084952,Uncle Tom (2020),5.0,4.423449962865743
rw4144407,Avengers: Infinity War (2018),5.0,3.8667103235864233
rw6332787,Vikings (2013–2020),5.0,4.53817184647129
rw0767235,Murder by Numbers (2002),3.0,3.3733962210174413
rw0326888,The Piano (1993),3.5,3.5372273164366184
rw2088434,The Freakmaker (1974),2.0,3.334648976788586
rw4774244,Dexter (2006–2021),4.0,3.34153358527525
rw3460669,Nina (I) (2016),4.0,3.303286231464828
rw2536810,Mission: Impossible - Ghost Protocol (2011),2.0,3.2756976049686135
rw3264622,Slap Shot 3: The Junior League (2008 Video),1.5,3.449468521294325
rw2764314,Sound City (2013),5.0,3.307484909618845
rw6203260,Prison Break (2005–2017),1.0,3.2951187669809374
rw5759148,Giri/Haji (2019),2.0,2.5901093241339153
rw5724109,Monsters (2017 Video),4.0,3.347355873740655
rw5211178,The Lighthouse (I) (2019),5.0,3.3375896200546586
rw1769347,Beowulf (2007),3.0,3.3759215598152097
rw4014896,Mother! (2017),5.0,1.249670713743741
rw5698242,Hollywood (2020),4.0,3.809470608326013
rw4191878,Shadowhunters (2016–2019),5.0,2.0816931318253324
rw1011587,Thirteen Days (2000),2.5,3.349665217758176
rw6031338,Flesh (2020),5.0,3.8166145979688473
rw5422720,Soundtrack (2019),5.0,3.3129812201692617
rw4375197,In the Heart of the Sea (2015),4.0,3.443231024373741
rw3747517,Ghost in the Shell (2017),1.0,4.05466485899695
rw0075663,The Two Little Bears (1961),1.5,3.4464462258086717
rw3630657,K-Shop (2016),3.5,3.192374880660464
rw0287827,Rosencrantz & Guildenstern Are Dead (1990),5.0,3.229048781612936
rw5221139,Sleeping with the Enemy (1991),5.0,3.3629891105184284
rw3059509,Wow! Wow! Wubbzy! (2006–2010),1.5,3.4264327090751
rw4480918,The Dark Knight Rises (2012),3.5,3.1599020388001997
rw3229189,The Count of Monte Cristo (1934),3.0,3.3380459917195484
rw3868200,Nails (I) (2017),3.0,3.16648745152148
rw3596359,Office Christmas Party (2016),4.5,3.277267465971051
rw0071933,Never on Sunday (1960),3.0,3.3045346691180724
rw5259050,Love Is Blind (I) (2019),1.5,3.271735923696636
rw6221826,The Long Hair of Death (1965),4.5,3.3120473165272504
rw0258201,Grave of the Fireflies (1988),5.0,4.152834028918184
rw4227906,The Bad Sleep Well (1960),2.5,3.262366846996418
rw0212472,Satomi hakken-den (1983),5.0,3.710317567112034
rw0931777,Kill Bill: Vol. 2 (2004),5.0,4.028380469281592
rw1048257,Million Dollar Baby (2004),0.5,3.4947902490907117
rw2376852,Mumbai Diaries (2010),2.0,4.118192464924706
rw0071250,The Virgin Spring (1960),4.5,3.3823000154940868
rw5000111,TRON: Legacy (2010),5.0,3.47670798067044
rw3063208,Get on Up (2014),3.5,3.321508890736968
rw1483377,The Proud Ones (1956),4.5,3.36183469384024
rw3168526,鳥人 (2014),3.0,3.872899712217551
rw1851228,The Kite Runner (2007),3.0,3.394767873753555
rw2978915,White Chicks (2004),4.0,3.266452859723368
rw5959280,Un ticket pour l'espace (2006),3.5,3.2631196757022365
rw5849161,Eric Andre: Legalize Everything (2020 TV Special),2.5,3.4312378897112463
rw2556672,Jail (2007– ),4.0,3.2734271902224474
rw2283448,The Book of Eli (2010),3.0,1.5879744188691873
rw4147933,Riverdale (2017– ),4.0,1.3766626382179554
rw5065214,The Hateful Eight (2015),2.0,2.619362992262622
rw0894189,Troy (2004),3.0,4.635214712178877
rw1645702,Gangs of New York (2002),4.5,1.9926189901821294
rw6033945,Nocturnal Animals (2016),4.5,3.994765326769147
rw2268323,The Crazies (2010),1.0,3.1973011530172997
rw5484449,World Famous Lover (2020),4.0,3.352245333996696
rw3650445,Moonlight (I) (2016),3.5,3.084007110199338
rw5206999,The Hole in the Ground (2019),2.5,3.073539228274521
rw2541083,A.N.T. Farm (2011–2014),0.5,3.324643045208303
rw5897010,The Old Guard (2020),4.0,4.215991221148408
rw3561692,Midnight in the Garden of Good and Evil (1997),3.5,3.1774538054388706
rw3081792,The Killing (2011–2014),3.5,3.258465998334312
rw5786530,Once Upon a Time... In Hollywood (2019),4.5,3.6555367312087124
rw1742286,Dr. Giggles (1992),2.5,3.3272275918041774
rw0292132,Cape Fear (1991),3.5,3.6935547632596286
rw3048946,G.I. Joe: Retaliation (2013),0.5,3.2045871031820456
rw4375216,The Killing of a Sacred Deer (2017),1.0,3.285656446831949
rw1820965,The Truth About Cats & Dogs (1996),3.5,3.281940143424664
rw5669380,Parasite (2019),5.0,4.040897398877858
rw0863205,The Cat in the Hat (2003),3.5,3.444757494473773
rw5616996,Jackson Durai (2016),5.0,3.670516885243438
rw0506309,Wing Commander (1999),2.0,3.330079882235069
rw5602821,Sketchy Behaviour (2019 TV Movie),5.0,3.3535866391418776
rw1782697,Enchanted (2007),4.0,3.3774961140921214
rw6165443,Firewood (2019),4.0,3.670516885243438
rw5059875,Rocko's Modern Life: Static Cling (2019 TV Movie),1.0,3.395725195054896
rw4641198,Wonder Woman (2017),3.0,1.8625255172149675
rw3198298,Warpaint (2012),1.0,3.3952487563605476
rw2288979,John Adams (2008),4.5,3.654623676380448
rw0475339,Velvet Goldmine (1998),5.0,3.2925346830495066
rw0583732,The Lord of the Rings: The Return of the King (2003),4.5,4.525969382033734
rw5196114,Steel Country (2018),4.0,3.710317567112034
rw6228570,Nicole (2019),5.0,3.2213842015942293
rw2267845,Boot Camp (2008),5.0,3.2603825982814754
rw5401391,Klaus (2019),1.5,4.419054998280713
rw0812652,Once Upon a Time in Mexico (2003),5.0,3.126805701692322
rw3805691,Slightly Daffy (1944),3.5,3.500122443499933
rw3689269,iBoy (2017),3.0,3.193180199960193
rw6355981,The Reagans (2020– ),0.5,3.3344580928663614
rw4458942,The Price of Everything (2018),3.0,3.463700355853573
rw4041360,Freak Show (2017),4.0,3.2709696820022796
rw5968584,Black Is King (2020),5.0,4.376708852336544
rw2774575,Big Fish (2003),1.0,3.7615540650175987
rw6328783,Tesla (I) (2020),0.5,3.300240699594755
rw4346942,American Made (2017),5.0,3.3802555805726913
rw4255847,The Dark Tower (2017),4.0,4.12079534234349
rw6070290,Children of Men (2006),5.0,3.1107316911067624
rw1681748,Ladies in Retirement (1941),3.0,3.435642504098782
rw5376887,Pirate Radio (2009),2.5,1.7428819606831805
rw0245265,Wings of Desire (1987),5.0,3.2181940731713583
rw2760649,Huang jia shi jie (1985),4.0,3.4427328750947046
rw5717133,Swallow (I) (2019),1.0,3.27303593439945
rw1261174,Conflict (1945),3.5,3.46344673321758
rw3150966,White Collar (2009–2014),5.0,3.321953222911008
rw4188151,Mike and Dave Need Wedding Dates (2016),3.0,3.326265083109734
rw5540650,Miss Congeniality (2000),3.5,3.3693181167330657
rw6155284,Star Wars: Episode VIII - The Last Jedi (2017),2.0,3.9240908342970586
rw5085172,Blade Runner 2049 (2017),4.5,3.535200103748588
rw2674212,Somewhere (2010),0.5,3.144882139709108
rw4457866,Leningrad (2009),0.5,3.3854107985008843
rw6190325,The Visit (I) (2015),4.5,3.235098993681975
rw2358065,TRON: Legacy (2010),3.5,4.414027455078676
rw1157931,Bloody Wednesday (1988),2.0,3.2168077658839365
rw3304980,Pixels (2015),4.0,3.3831847543627833
rw0732257,Donnie Darko (2001),4.5,3.3323820240433784
rw3325134,Pan (2015),2.5,3.3832796443327617
rw1513327,Should Men Walk Home? (1927),3.0,3.420918806607006
rw0334678,Ava's Magical Adventure (1994),1.5,3.670516885243438
rw5444562,Kissed (1996),2.5,3.426712637011801
rw5384837,The Grudge (2020),3.5,3.2447150660356154
rw5653388,Changeling (2008),2.5,3.3243310170646967
rw1814602,Undersea Kingdom (1936),4.0,3.395016252559992
rw4973143,The Dark Tower (2017),4.5,3.832005910467939
rw4138887,The Death of Stalin (2017),4.5,3.3207531260978134
rw4801828,Dragonheart 3: The Sorcerer's Curse (2015 Video),3.0,3.396916977636132
rw2308146,Tobacco Road (1941),4.0,3.4543761086592935
rw2190209,十誡 (1956),2.5,3.8947567423536444
rw4775394,A Quiet Place (2018),4.5,2.3311013205810265
rw6172661,Breakaway (2011),4.0,3.3533456870022453
rw2977767,Anchorman 2: The Legend Continues (2013),2.0,3.2733308461317376
rw1589972,Murder-Set-Pieces (2004),2.0,3.2404572646273078
rw0813406,Signs (2002),5.0,3.2583238417256073
rw4727303,Furious 6 (2013),2.5,3.480747494004644
rw6172232,Red Sonja (1985),4.0,3.4383631415847327
rw0687910,Original Sin (2001),2.0,3.252693551801153
rw5532909,Villain (I) (2020),5.0,3.2914614730877307
rw4584144,Sex Education (2019– ),3.5,3.4472576053426693
rw4331195,Filmworker (2017),1.0,3.4206753468543134
rw1095056,Cinderella Man (2005),5.0,1.67754380041098
rw6001769,La dernière vague (2019– ),3.0,3.670516885243438
rw5376044,Cats (2019),1.0,1.478241456966451
rw4943257,Monster (VIII) (2019),4.0,3.2154318047907067
rw4716621,After the Thin Man (1936),3.5,3.458145343793208
rw1782828,Behind Enemy Lines (2001),3.0,3.2316755322295
rw1721234,Akutoreizâ (1990 Video Game),5.0,3.4059116782093226
rw1873078,A Esteticista (2005),4.0,3.2896654333933615
rw6219540,I'm Thinking of Ending Things (2020),0.5,1.4344974701059565
rw2713767,The Way (I) (2010),4.0,3.376663073181102
rw4086628,Love Per Square Foot (2018),3.0,3.4437541408790473
rw6014561,Bandish Bandits (2020– ),1.0,3.4386452583108205
rw2412064,Blindness (2008),4.5,3.3372821898305807
rw4222760,Incredibles 2 (2018),4.5,4.260443139586175
rw3198678,Parallels (I) (2015),4.5,3.226106184403332
rw4298278,Last Man Standing (2011– ),5.0,3.230925338931541
rw5373853,Gordon Lightfoot: If You Could Read My Mind (2019),3.5,3.391932282571976
rw3878617,Possession (1981),0.5,3.286729331178031
rw3003197,The Tomorrow People (2013–2014),5.0,3.368945557233306
rw1099948,Song of the South (1946),4.0,3.4626572111104594
rw1901699,L: Change the World (2008),1.0,3.4481796637667084
rw5668567,Another Life (2019– ),1.5,2.68043067103371
rw3006369,Let's Kill Uncle (1966),3.0,3.335750676144258
rw3452006,Desk Set (1957),3.5,3.2973447906981814
rw0450638,Eye of the Beholder (1999),4.5,4.284306790225255
rw3055204,The Monuments Men (2014),3.0,3.319407952995483
rw4244997,Suburban Commando (1991),3.5,3.518178970407033
rw2602549,Captain America: The First Avenger (2011),0.5,3.337418242021645
rw1219883,Derailed (I) (2005),0.5,3.293946065939014
rw2162435,The Most Wonderful Time of the Year (2008 TV Movie),2.5,3.393560820838232
rw0459198,The Lord of the Rings: The Fellowship of the Ring (2001),0.5,3.566333830331416
rw4218187,Avengers: Infinity War (2018),3.5,4.181148472164116
rw3656094,Moonlight (I) (2016),4.0,3.084007110199338
rw2142162,Diary of a Madman (1963),4.0,3.3280883015609906
rw0282496,Goodfellas (1990),5.0,4.265351039976078
rw3592958,Frost/Nixon (2008),5.0,3.3090897719859793
rw1373798,Arabela (1979– ),5.0,3.2282783415942533
rw4513525,My Christmas Prince (2017 TV Movie),0.5,3.3705869392063477
rw0228472,Year of the Dragon (1985),5.0,3.327036421946709
rw1973210,It's a Wonderful Life (1946),5.0,3.4878767561365946
rw3340403,Dudes & Dragons (2015),5.0,3.3823021089934655
rw2454799,Gallipoli (1981),3.5,3.394133212979601
rw3877068,He Walked by Night (1948),4.0,3.3405964209912966
rw4627058,If Beale Street Could Talk (2018),0.5,3.300140346121675
rw1213597,Azumi (2003),4.0,3.0846119317461946
rw2340046,Chairman of the Board (1998),2.5,3.5280932013771666
rw3629411,Lion (2016),4.5,3.3504888069621357
rw5915776,Given (2019– ),4.5,3.380538897204474
rw3010392,The Amazing Spider-Man 2 (2014),4.0,1.6524735007356368
rw3111893,Rango (2011),1.0,3.7499293515789613
rw2729153,Shira: The Vampire Samurai (2005 Video),4.0,3.654623676380448
rw5392050,Messiah (2020),5.0,3.710317567112034
rw3078290,Mad Money (2008),3.5,3.4292890495097166
rw1918024,The Dark Knight (2008),1.0,4.698052031711483
rw1634368,Baron Prásil (1962),5.0,3.3810915867923144
rw1647590,Vacancy (2007),2.5,1.758404587776152
rw5414367,Haunt (I) (2019),5.0,3.229434743950986
rw1983713,Mumbai Meri Jaan (2008),4.5,3.323131625742867
rw2487374,Setup (I) (2011),0.5,3.218350335775476
rw4338305,Bleach (2018),5.0,3.3649596786915703
rw2388653,Dalaw (II) (2010),2.0,3.369562020890446
rw1477311,Analyze This (1999),4.0,3.3388441728004
rw5410389,Tanhaji: The Unsung Warrior (2020),4.0,4.402642887070645
rw5091552,Trollied (2011–2018),4.0,3.2446670463363962
rw0141555,Hester Street (1975),5.0,3.367638535352888
rw2296711,Into the Blue 2: The Reef (2009 Video),1.0,3.379511196751587
rw2169389,Tiger Bay (1959),4.5,3.22226946707133
rw3735282,Hollywood Homicide (2003),2.0,2.9518266611099557
rw5987660,Gunjan Saxena: The Kargil Girl (2020),0.5,3.8139108853515507
rw0800512,Mr. Deeds (2002),0.5,3.379042193378283
rw5665042,The Willoughbys (2020),2.0,4.368322567996332
rw1948298,The Sound of Music (1965),3.5,3.457171925124521
rw4642630,The Final Wish (2018),5.0,3.2378546756295097
rw3649334,Complete Unknown (2016),3.5,3.3157563141817037
rw0201612,The Hunger (1983),4.5,3.3393467304157625
rw3737668,The Last Man on Earth (2015–2018),5.0,3.2700459612237776
rw3323185,The Primary Instinct (2015),4.0,3.324876516429372
rw4706532,Absentia (2017– ),3.5,3.2761718858489384
rw0736722,Ali (2001),5.0,2.9024950096917084
rw1093244,Tae Guk Gi: The Brotherhood of War (2004),4.5,3.195723085996308
rw5422680,Bad Boys for Life (2020),5.0,3.2886698959860814
rw4981944,Toy Story 4 (2019),4.0,3.2493746102043626
rw4545629,Cargo (2013),3.0,3.297096789685719
rw6419059,Coolie No. 1 (2020),0.5,0.9567448048969812
rw1808317,Lost in Beijing (2007),2.5,3.406909605054585
rw1896347,I Am Legend (2007),2.5,3.2373430487284587
rw5378288,Messiah (2020),1.5,3.710317567112034
rw4435031,Venom (2018),4.5,3.8400158121854076
rw1207011,Saw II (2005),4.0,3.2025895393039794
rw4385472,Await Further Instructions (2018),2.0,3.0916008552447587
rw2287819,Trust (1990),5.0,3.365206958554724
rw4784266,The Killer Next Door (2018),0.5,3.1462462304239156
rw6097584,Kilink: Strip and Kill (1967),3.5,3.3851354989540603
rw0084859,Dr. Devil and Mr. Hare (1964),4.0,3.4260848573415004
rw5652200,Seed of Chucky (2004),5.0,3.334331208869515
rw5382266,Fractured (I) (2019),4.0,3.6756384730030853
rw1489039,Call of Duty 2 (2005 Video Game),4.5,3.3047018397827435
rw0070581,Can-Can (1960),2.5,3.4222145894157596
rw0633827,Birthday Girl (2001),4.5,3.22590820266865
rw3476293,Attack the Block (2011),4.0,3.2796017914394553
rw2220296,American Radical: The Trials of Norman Finkelstein (2009),4.5,3.4842333667147334
rw5416874,Grave of the Fireflies (1988),4.5,4.464754457718138
rw4549373,The Quake (2018),2.5,3.2121117634622216
rw2413043,Return from the Ashes (1965),2.5,3.317726793714382
rw4256205,The Kissing Booth (2018),1.5,1.674971527368277
rw2641570,Un homme qui crie (2010),3.0,3.2945687642873467
rw2381436,Blue Valentine (2010),2.0,3.4086188208335706
rw1197262,Nudity Required (2003),4.0,3.2122076345530015
rw2318202,Machete (2010),4.5,3.491124237873349
rw0103004,"Live a Little, Love a Little (1968)",4.0,3.4115366004393968
rw3828313,"Just, Melvin: Just Evil (2000)",5.0,3.309618878228274
rw5475295,The Upside (2017),4.5,3.375311923009012
rw4298757,Hereditary (2018),0.5,2.8303912459223417
rw5433156,The Dead Lands (2020– ),4.5,3.2631154917729166
rw5459331,NBA 2k19 (2018 Video Game),3.5,3.38942599844159
rw2146157,Defying Gravity (2009),5.0,3.4526548909651047
rw0410185,"Crna macka, beli macor (1998)",4.5,3.560477249465849
rw6117983,Messiah (2020),5.0,3.710317567112034
rw2359778,True Grit (2010),3.5,3.373906390916732
rw3271590,I'm Not Racist... Am I? (2014),1.0,3.3687884248901585
rw4517007,"Le ventre, notre deuxième cerveau (2014 TV Movie)",4.0,3.2669203496707215
rw3302668,Hot Pursuit (2015),1.0,3.299589652369013
rw5806550,Friday the 13th Part III (1982),3.5,3.186740915866607
rw3747195,Rocktober Blood (1984),4.0,3.330973894330066
rw2911266,RamLeela (2013),2.5,3.4138724794696667
rw1961734,Indiana Jones and the Kingdom of the Crystal Skull (2008),1.0,3.274282689656554
rw3760115,The Children's Hour (1961),5.0,3.760980858570218
rw1662652,Bug (2006),2.5,3.170455805299612
rw4773926,Il venditore di morte (1971),2.5,3.3220732027325814
rw1050290,Closer (I) (2004),5.0,3.2187032502446185
rw2954896,Gravity (2013),4.5,1.7621661448582475
rw2456434,The Devil Diamond (1937),2.5,3.710317567112034
rw5470826,Rogue One: A Star Wars Story (2016),4.0,2.7567702482990795
rw3374164,Star Wars: Episode VII - The Force Awakens (2015),3.0,2.4516949500607326
rw0956059,The Motorcycle Diaries (2004),4.5,3.4018564576736035
rw3426263,Emelie (2015),2.5,3.710317567112034
rw5948488,You Me Her (2016– ),4.5,3.422613034685564
rw0984398,The Rundown (2003),5.0,3.2041655825354707
rw2411638,Your Highness (2011),3.5,3.407770781644622
rw1760264,Frostbitten (2006),2.0,3.191763447689393
rw1596571,Who's Minding the Store? (1963),5.0,3.439617102477864
rw0539822,Stigmata (1999),5.0,3.03779724387105
rw2601540,Skeleton Man (2004 TV Movie),3.0,3.17267372793684
rw3525329,Luminarias (1999),1.5,3.717237818966546
rw0453749,Godzilla (I) (1998),0.5,2.1852842158748005
rw0123973,High Plains Drifter (1973),5.0,3.4221006265028246
rw1526001,Blind Beast (1969),3.0,3.296677012248241
rw0797684,The Good Girl (2002),5.0,3.405182086075746
rw5929305,Cursed (2020– ),1.0,3.670516885243438
rw1234423,Trainspotting (1996),4.5,3.3813406732256204
rw1716833,Woodstock (1970),5.0,3.4573055802848534
rw2029273,The End of Poverty? (2008),5.0,3.4658282819195745
rw0272377,Listen to Me (1989),0.5,3.3888132839160066
rw0195291,My Favorite Year (1982),0.5,3.490291861698456
rw5003913,Spider-Man: Far from Home (2019),2.5,3.167312645607161
rw5735110,Beastie Boys Story (2020),4.5,3.453884082595879
rw2995443,Andre (1994),1.0,3.358811231431396
rw2549028,Ghostbusters (1984),4.0,3.3201703180218725
rw1575228,Black Christmas (2006),2.0,2.7175648052178505
rw5316010,Kedi (2016),3.5,3.4438175763322403
rw5582338,The Platform (2019),4.0,3.3547304725602394
rw1323352,River's Edge (1986),4.0,3.2875154840113447
rw4067383,The Hunted (I) (2015),1.0,3.2197495027794374
rw4053275,My Secret Valentine (2018 TV Movie),4.0,3.241425688771438
rw0662961,Snatch (2000),1.0,3.385038335996314
rw5513006,My Hero Academia: Heroes Rising (2019),5.0,3.5431375053854164
rw1991432,The Seven Little Foys (1955),3.5,3.361031388660553
rw4781595,Black Summer (2019– ),5.0,3.710317567112034
rw1574007,Perfume: The Story of a Murderer (2006),3.5,4.116643583695208
rw1723854,Wrong Turn 2: Dead End (2007 Video),5.0,3.242830639435597
rw5629822,Frozen II (2019),4.0,4.6169946064913825
rw1783900,The Golden Compass (2007),0.5,2.1242459913585656
rw4309444,The Kissing Booth (2018),0.5,2.2379558219619895
rw5921791,Saigon (1947),2.0,3.316682462027995
rw0648951,Kikujiro (1999),4.0,3.4708181782138277
rw6375141,Aquaman (2018),0.5,3.023555773389325
rw4533774,Downsizing (2017),2.0,3.4256010134877193
rw3127593,Noah (2014),4.5,3.137065218456053
rw4574250,Let's Be Evil (2016),3.0,3.1592663963597554
rw4196985,Bates Motel (2013–2017),4.0,3.1504426617851813
rw0167359,The Great American Girl Robbery (1979),5.0,3.3415066065033296
rw2810814,House of Dark Shadows (1970),5.0,3.2015261557654586
rw0099901,You Only Live Twice (1967),2.5,3.6819827347356755
rw4188967,Veere Di Wedding (2018),5.0,3.3546285873098824
rw2799251,Star Trek Into Darkness (2013),0.5,3.2745132940839743
rw4388469,Taking Earth (2017),4.0,3.2820205344696114
rw1495481,Link (1986),4.0,3.213357316016062
rw6399142,Teen Spirit (2018),0.5,3.405231990053187
rw5797322,Crocodile Dundee (1986),4.0,3.344306338409022
rw5564505,The Lady Vanishes (1979),2.5,3.4282574235665866
rw0910846,Avellaneda's Moon (2004),3.5,3.3971270514366214
rw0340880,Immortal Beloved (1994),3.0,3.3233928766772274
rw5093060,Murder on the Orient Express (2017),2.0,2.7830199817038026
rw4629884,Purl (2018),0.5,3.8731374165806343
rw2841987,Fullmetal Alchemist: Brotherhood (2009–2012),5.0,3.440316996914099
rw4263320,A Sniper's War (2018),0.5,3.3750328229493842
rw2366922,Irresistible (2006),1.0,3.2529974143465274
rw5490962,Avenging Angel (1985),3.0,3.4198326736458737
rw0681568,Enemy at the Gates (2001),4.5,3.434227021584429
rw5094070,Emelie (2015),0.5,3.654623676380448
rw5732687,Uri: The Surgical Strike (2018),5.0,3.756478609108381
rw3294325,Cinderella (I) (2015),0.5,3.262594069069876
rw5579291,Shrek 2 (2004),3.0,3.4757786445213736
rw0931357,Kill Bill: Vol. 2 (2004),4.5,4.328877428510775
rw3206285,A Million Ways to Die in the West (2014),5.0,3.1910789353447364
rw6072132,Mulan (2020),4.0,2.0492369726107755
rw3713214,The Fate of the Furious (2017),3.5,3.1342063371717908
rw5625007,Freaks (2018),3.5,3.25890867328831
rw2079099,The Many Faces of Zorro (2000 Video),5.0,3.710317567112034
rw1355145,Indecent Proposal (1993),0.5,3.3247707953825207
rw0548816,Show Me Love (1998),5.0,3.3072281205579843
rw2478402,Chained for Life (1952),3.5,3.3833513269635764
rw6164666,Mr. Church (2016),5.0,4.297302560994251
rw4071776,Umberto D. (1952),4.0,3.5692468185986006
rw1529808,Going Overboard (1989),2.0,3.4257727577838124
rw3070823,Bears (I) (2014),3.0,3.779074202718956
rw5589177,Love in the Afternoon (1957),0.5,3.4832855033139247
rw4669704,Nobody's Fool (2018),4.0,3.314844837048416
rw2942816,The Bunglers (2012),5.0,3.369743124914086
rw6042633,Love Leads the Way: A True Story (1984 TV Movie),4.5,3.2387302399765017
rw4981147,Texicanas (2019– ),5.0,3.353859072924241
rw4131414,Black Panther (2018),5.0,2.616008331859491
rw1890039,À l'intérieur (2007),4.5,3.655567614855941
rw1976893,Election (1999),4.0,3.391026758926222
rw1294715,Fingersmith (2005),4.5,3.654623676380448
rw5115518,Mission Over Mars (2019– ),5.0,4.291084917522783
rw6374681,Holidate (2020),4.0,3.3344368580338046
rw5662768,For the Weekend (2020),4.0,3.353816035695239
rw2580841,Black Magic (1992 TV Movie),4.0,3.2949423701249754
rw3124852,Corpse Bride (2005),4.0,3.224197444915686
rw0185049,First Monday in October (1981),5.0,3.390899004205163
rw3467961,24 (I) (2016),5.0,3.131009567758459
rw6043882,Parasite (2019),5.0,4.066736837332907
rw1300509,Dante's Peak (1997),2.5,4.047912633587319
rw0347215,Texas Chainsaw Massacre: The Next Generation (1994),5.0,3.3284038464165437
rw6057508,Goodfellas (1990),5.0,4.265351039976078
rw4742320,The Invisible Guest (2016),5.0,3.1760974497554098
rw4479742,"Paul, Apostle of Christ (2018)",4.5,3.284311088602661
rw4776170,Black Summer (2019– ),3.5,3.710317567112034
rw3572929,Lost Treasure (2003),2.0,3.213895692665645
rw1934516,The Hunting Party (2007),3.5,3.207990132459368
rw1314960,Fright Night (1985),4.0,3.2464514798970887
rw1817014,The Savages (2007),4.5,3.4031675629456646
rw1143709,Charlie and the Chocolate Factory (2005),4.0,3.989387330517017
rw6248582,The Queen's Gambit (2020),4.5,3.3537616338207945
rw4548524,Star Trek II: The Wrath of Khan (1982),2.0,3.383167097354701
rw1806885,In the Woods (1999),0.5,3.3225823123836777
rw6175272,Banshee (2013–2016),5.0,3.022255335923651
rw4576212,Red Sparrow (2018),4.0,3.403531642133382
rw5888703,Eyes Wide Shut (1999),2.0,3.23323093921626
rw6294627,Mud (2012),3.5,3.3936871048271278
rw0267266,Bill & Ted's Excellent Adventure (1989),4.0,3.4028863064341484
rw1589765,The Texas Chainsaw Massacre: The Beginning (2006),2.5,2.6786061156781176
rw0943869,He Knows You're Alone (1980),4.5,3.3855083148711325
rw4387897,Tian sheng chang ge (2018),4.5,3.3541469903608006
rw3076084,City of Ember (2008),3.0,3.1726207369972435
rw2422167,Sapho (1917),2.5,3.4017049953003218
rw2072770,Bridge to Terabithia (2007),4.0,3.4112258400143274
rw4933955,Killing Eve (2018– ),4.5,3.7622778995616213
rw3532088,Pandemic (2016),2.5,3.2963435711785944
rw2350263,Due Date (2010),3.0,3.2835121256788176
rw4629879,The LEGO Movie 2: The Second Part (2019),5.0,3.363168605077706
rw0284412,Jetsons: The Movie (1990),5.0,3.544885627579884
rw6385185,Braven (2018),0.5,3.317684637500069
rw4342767,The Guardian (2001–2004),2.5,3.264134086947159
rw2347419,Fatal (2010),4.5,3.4400526026451796
rw1425336,Pandora Machine (2004 Video),3.5,3.620943968996042
rw1784072,Taare Zameen Par (2007),4.0,3.481256780125319
rw3169395,鳥人 (2014),4.0,3.501748599299225
rw4414753,The Super (2017),0.5,3.243969044210087
rw2098004,Ice Age: Dawn of the Dinosaurs (2009),3.0,3.364203842238309
rw4500556,Scorched Earth (2018),2.5,3.2988357948848788
rw5810333,Dumplings (2004),4.0,3.2493317823301315
rw1760658,The Stuff (1985),3.0,3.307508801807419
rw4300482,Ex Libris: New York Public Library (2017),3.0,3.3782798934149403
rw2940435,Silent But Deadly (2011),0.5,3.3689000707047794
rw4071718,Shakespeare in Love (1998),2.5,3.671898645196435
rw2620692,Running Free (1999),3.0,3.4241870874316755
rw2981295,Diamonds Are Forever (1971),3.5,3.405522147659634
rw2815261,Flame & Citron (2008),4.0,3.4649961481519673
rw0550801,Office Space (1999),4.0,4.136983952015997
rw0623673,All About My Mother (1999),5.0,3.503068771377358
rw4335848,Grizzly Man (2005),3.5,3.2864711047099555
rw4658738,Alita: Battle Angel (2019),5.0,3.9033392241252294
rw2859193,Longmire (2012–2017),5.0,3.3543199184776973
rw4004411,Spliced (2009– ),5.0,3.312078389413628
rw0817766,Now You Know (2002),4.5,3.3205022423990953
rw4679147,The World's Best (2019),2.0,3.4472792734864277
rw4002858,Star Wars: Episode VIII - The Last Jedi (2017),4.0,3.2659057102148643
rw2631031,The Ghost Writer (2010),4.0,3.2528713776236815
rw1278674,Lifeboat (1944),4.0,3.3305859677564826
rw0121465,Cabaret (1972),5.0,3.354358488817809
rw5308023,Shootout at Wadala (2013),4.5,3.3259393406046116
rw5768817,Uncivilized (2020),5.0,4.639239381600148
rw5426875,The Mandalorian (2019– ),5.0,4.668890924059673
rw5881018,Bloodshot (2020),2.5,4.030765377704346
rw2395154,The Wages of Fear (1953),4.0,3.42049061310304
rw4991270,The Lion King (2019),5.0,2.6496199671038005
rw6283645,"Love, Simon (2018)",5.0,3.356989519443762
rw5332962,The Barbarians (1987),2.5,3.3570941681236772
rw6435857,The Minimalists: Less Is Now (2021),2.5,3.3499038762015485
rw4717161,Alita: Battle Angel (2019),4.5,3.9033392241252294
rw1552120,The Monroes (1966–1967),3.0,3.431299486901523
rw1565642,Night at the Museum (2006),4.5,4.030939815813801
rw4594099,The Beautician and the Beast (1997),5.0,3.390540886644172
rw5497278,Ghostbusters: Answer the Call (2016),0.5,3.330757164776946
rw4671847,First Reformed (2017),5.0,3.2347024175560644
rw5647996,Leprechaun (1993),1.5,3.271309805695389
rw2840697,Memento (2000),5.0,4.393255409312651
rw6324541,Paths of Glory (1957),5.0,3.448942597692859
rw3874906,The Good Doctor (2017– ),3.0,3.2947324802263087
rw5682683,The Chosen (2017– ),5.0,4.736538226515509
rw4753842,Us (II) (2019),1.0,3.286513612136342
rw1862023,Blood Simple (1984),4.0,3.350093941797228
rw3636340,Singam 3 (2017),5.0,3.330358253377259
rw3263629,Strange Magic (2015),5.0,3.417820154484816
rw4243566,High School 911 (2016),4.5,3.3287758310828135
rw6012910,The Pearl of Death (1944),2.5,3.348799200430939
rw4631923,Everlasting (2016),4.5,3.286569068874881
rw5220991,Psycho (1960),4.5,4.141165601578615
rw2616264,Film socialisme (2010),0.5,3.463168068352646
rw5219568,Watchmen (2019),1.5,4.054797012008023
rw0533481,The World Is Not Enough (1999),0.5,3.5664383419364514
rw3439408,Batman v Superman: Dawn of Justice (2016),3.5,3.7740751144814597
rw1805453,Is Everybody Happy? (1943),2.5,3.4995099120958573
rw3352630,Oz the Great and Powerful (2013),4.0,3.3439559913165153
rw0272080,Lethal Weapon 2 (1989),3.0,1.6758014036067754
rw2243253,Clash of the Titans (2010),3.0,2.7843788024426193
rw5056775,Shi ba ban wu yi (1982),4.5,3.717237818966546
rw4428862,The Hobbit: An Unexpected Journey (2012),2.5,3.3357509510091705
rw0391442,Mojave Moon (1996),1.5,3.376185870615636
rw2514094,Simon Boccanegra (1998 TV Movie),3.0,3.33744630334436
rw2260713,Avatar (2009),4.5,3.1775180949081565
rw1901422,Wanted (2008),2.5,3.0822572191207898
rw5409718,Chhapaak (2020),0.5,3.4192922943125295
rw5953794,Frontier(s) (2007),3.5,3.1033153499862984
rw5275655,Frozen II (2019),5.0,3.770185224486294
rw3350189,Goldfinger (1964),4.5,3.461029283162402
rw1038165,The Ladykillers (2004),0.5,3.3099940463011728
rw0851501,Anger Management (2003),0.5,3.2495678426214236
rw2772322,Ghostbusters II (1989),4.0,3.3714235453754493
rw2673839,Pure Country 2: The Gift (2010),0.5,3.300796846031468
rw1704425,Harry Potter and the Order of the Phoenix (2007),3.0,3.361775904633008
rw3313931,Mountains of the Moon (1990),5.0,3.3987995986779613
rw0023272,Blondie in Society (1941),4.5,3.46949588694961
rw6425117,The Last Narc (2020– ),5.0,3.453872504209564
rw3268228,Incendies (2010),3.5,3.3480308234493616
rw6098394,The Watermelon Woman (1996),1.5,3.2846564200964328
rw0913856,"Martha, Inc.: The Story of Martha Stewart (2003 TV Movie)",4.0,3.348700336456306
rw0116391,Duel (1971 TV Movie),4.5,3.2327026823674974
rw2727255,Terror Train (1980),4.0,3.29377046988856
rw3776148,Jezebel (1938),3.5,3.478268152399231
rw1671595,Love at First Bite (1979),4.0,3.160200261997855
rw0267716,Casualties of War (1989),3.5,3.4026127219438767
rw3555680,Bananas (1971),3.5,3.548916422978061
rw5421409,Britannia (2017– ),4.0,3.283744208193804
rw6420754,Pose (2018– ),3.0,3.137270628587161
rw2569178,Band of Outsiders (1964),4.0,3.3938722751215322
rw4303853,Margarita 2 (2018),5.0,3.4558886597878287
rw6075426,Raised by Wolves (2020– ),4.5,2.061686667740454
rw0005489,Plane Crazy (1928),4.0,3.3676579486928095
rw6129554,Once Upon a Time in Anatolia (2011),0.5,3.461681236301762
rw2345019,Prince of Players (1955),3.5,3.4487967751542086
rw0027460,Saboteur (1942),3.5,3.4389460903797513
rw3416859,In Absentia (2000),2.0,3.454989900245698
rw5627837,Genius at Work (1946),5.0,3.4390520194062013
rw1213389,Strange Days (1995),4.0,4.014066152109949
rw0049502,Jeopardy (1953),4.5,3.3520199268047612
rw5853496,The Expanse (2015– ),1.0,4.597086906437564
rw4701693,Eighth Grade (2018),4.0,3.2938587731361775
rw0525454,Cruel Intentions (1999),0.5,3.4178608626232436
rw4194633,Mulan (1998),4.5,3.549134962050327
rw1569920,Six Feet Under (2001–2005),1.5,3.4898504687527625
rw1244813,Lone Wolf McQuade (1983),2.5,3.455357693359956
rw5697073,I.Q. (1994),3.0,3.519808702819127
rw0378127,Bad Moon (1996),4.5,3.319069338065883
rw4560411,Mary Poppins Returns (2018),4.0,3.3953282119769597
rw2531412,Hugo (2011),0.5,3.349829820175191
rw4150058,The Stepford Wives (1975),3.5,3.346855564683387
rw3072514,Captain America: The Winter Soldier (2014),2.5,3.711376258999162
rw4786974,Van Helsing (2016– ),2.5,2.6589812578757965
rw1762679,The Protector (I) (1998),2.0,3.223579116859485
rw3545318,The Peanuts Movie (2015),4.0,3.5253706852138293
rw1587058,Rocky Balboa (2006),5.0,3.4843117617146158
rw3595406,Vegucated (2011),4.0,3.2856117503642
rw5070057,Blood and Bone (2009),5.0,3.2448053626585467
rw2148398,The Last Resort (I) (2009),0.5,3.309445917857513
rw0957718,The Incredibles (2004),5.0,3.397603805595571
rw4436449,Under The Wire (2018),5.0,3.240128344774492
rw1562842,The Devil's Rejects (2005),0.5,4.36809303981966
rw5245565,The Tick (2016–2019),5.0,3.4217988529395713
rw3768628,The Witch's Curse (1962),2.5,3.3350194454707767
rw3218780,Locke (2013),2.5,3.4888696992055483
rw4197970,Lost River (2014),1.0,3.620943968996042
rw1320700,Fingersmith (2005),4.5,3.710317567112034
rw1138931,Zombiez (2005 Video),0.5,3.255537976717643
rw4601203,Smallville (2001–2011),5.0,3.3123444148139214
rw5001343,Thru the Mirror (1936),4.5,3.4641363087371886
rw2551839,Killer Elite (2011),1.0,3.237651642679116
rw2092850,Midnight Caller (1988–1991),3.5,3.497527034208375
rw0134214,Busting (1974),2.5,3.2857201043421433
rw5139221,The Dead Files (2011– ),0.5,3.3182573507061375
rw3397451,The Hateful Eight (2015),4.0,1.9312581062679248
rw1045582,Thelma & Louise (1991),4.5,3.1185729839462644
rw1009427,The Rocky Horror Picture Show (1975),5.0,3.3732217588678313
rw5101555,Pain and Glory (2019),3.5,3.3392411781903375
rw5129466,One Cut of the Dead (2017),4.5,3.2323350411790694
rw4521705,The Olympic Champ (1942),3.0,3.556668972998433
rw2752706,3D食人魚 (2010),3.0,3.1973290360619098
rw5257447,Lady and the Tramp (2019),4.0,3.340613791095524
rw1955853,An American Carol (2008),5.0,3.3296683446955453
rw4179386,Get Shorty (2017– ),3.5,3.425537173559544
rw5739830,Crawl (I) (2019),4.5,3.459247679109423
rw6064113,Abhay (2019– ),5.0,4.828401671264512
rw6358627,A Christmas Movie Christmas (2019 TV Movie),1.0,3.3572195431340255
rw4844141,Student of the Year 2 (2019),0.5,3.3481999196835828
rw2982006,Fresh Ham (1933),2.5,3.654623676380448
rw2091543,Fun with Dick and Jane (1977),4.0,3.4012379725230772
rw1399823,Blank Check (1994),3.5,3.3952193211081947
rw6445491,Coolie No. 1 (2020),0.5,0.9567448048969812
rw5995297,Gunjan Saxena: The Kargil Girl (2020),5.0,3.8139108853515507
rw4240828,Delhi Belly (2011),5.0,3.2464697015277375
rw3630428,The Bucket List (2007),4.0,3.3279377088385163
rw5238638,See (2019– ),1.0,3.209868445217385
rw3527861,Panama Patrol (1939),2.0,3.378750826890086
rw4882070,Love & Other Drugs (2010),3.5,3.3624921283727303
rw0538071,Spider-Man (2002),5.0,3.7022917428803153
rw5645312,Just Mercy (2019),4.5,3.1808575074460235
rw6229348,An American Pickle (2020),0.5,3.2569321896410366
rw2049267,Dragonball Evolution (2009),5.0,3.4149339634851223
rw5592548,The Letter for the King (2020– ),1.0,3.7270813664560447
rw6288767,Four Weddings and a Funeral (1994),5.0,3.808654507780136
rw5810883,Peaky Blinders (2013– ),2.0,3.4071328980801487
rw2564674,Certified Copy (2010),1.0,3.3372630081912624
rw5063474,Hellboy (2019),3.5,3.343678557120348
rw1700571,Perfume: The Story of a Murderer (2006),4.5,3.4529683042547497
rw4807556,Avengers: Endgame (2019),5.0,4.015303623272363
rw1041004,Constantine (2005),4.0,3.3058861359333402
rw2441449,The Battle of Algiers (1966),3.5,3.498700281841766
rw4934750,Paranormal Investigation (2018),5.0,3.3241940079436447
rw5889747,Breaking Glass (1980),5.0,3.4104947953052633
rw0156403,Sturmtruppen (1976),3.0,3.3622327192454042
rw1712832,Steambath (1973 TV Movie),5.0,3.4313532828838333
rw2915318,Dom Hemingway (2013),2.5,3.3526707951666466
rw2101275,Stepsisters (1974),0.5,3.3495563692697865
rw4566614,Venom (2018),2.5,4.285161613977468
rw2961762,Speed (1994),5.0,3.7262731577268235
rw3820114,Quackerz (2016),2.0,3.5352837244357374
rw6105405,Violation (2020),5.0,3.304067958233214
rw4980001,Thoroughbreds (2017),2.0,3.3919852360069553
rw5940515,Double World (2020),3.5,3.2778303940105444
rw5610450,I Am Not an Easy Man (2018),5.0,3.4489853783406814
rw4914220,Killing Ground (2016),3.5,3.101311320967192
rw1983352,Beneath the Planet of the Apes (1970),5.0,3.3626348491841536
rw4286028,Erased (2012),2.0,3.053039850327327
rw1600026,Schröders wunderbare Welt (2006),5.0,3.717237818966546
rw3762030,"Caltiki, the Immortal Monster (1959)",4.0,3.439812092141208
rw2975163,Ender's Game (2013),2.5,3.1304063879689608
rw1505671,Broken News (2005– ),4.5,3.1832354822666744
rw5436181,Game of Thrones (2011–2019),4.0,3.3412910294020994
rw1079637,All Fall Down (1962),3.0,3.4087074756230242
rw6032084,The 100 (2014–2020),5.0,1.4887467745104044
rw2109572,Public Enemies (2009),3.0,3.2000069833381435
rw4789191,Jawbreaker (1999),4.0,3.374179723184305
rw5971426,Child's Play (2019),0.5,1.6150367490201831
rw5792095,Up the Academy (1980),1.5,3.513428898731519
rw4598466,Zipi y Zape y el club de la canica (2013),0.5,3.4922148847806542
rw5698106,Jennifer's Body (2009),4.0,3.2900157500735703
rw4049946,Soul Kitchen (2009),3.5,3.380593245422167
rw5254010,The Mandalorian (2019– ),5.0,4.62233745755744
rw3347790,Winter on Fire: Ukraine's Fight for Freedom (2015),5.0,3.193682897218683
rw2251320,Pressure (1976),3.5,3.227427049119851
rw5370070,Tokyo Vampire Hotel (2017),4.5,3.373586082253484
rw0023410,Citizen Kane (1941),5.0,3.3341204195431455
rw1546061,Knight Rider 2010 (1994 TV Movie),4.0,3.1373881325540576
rw4519331,Blackmail (I) (2018),5.0,3.344261886489244
rw0350557,The Stöned Age (1994),5.0,3.2703262097758534
rw4207194,Film Stars Don't Die in Liverpool (2017),4.5,3.2550191465331486
rw1973141,The Greatest Story Ever Told (1965),2.0,3.49681274300591
rw4708147,Senna (2010),4.0,3.3023314606164687
rw4024077,"With Love, Christmas (2017 TV Movie)",2.5,3.267250881067335
rw6000053,Khuda Haafiz (2020),4.5,3.314977222403781
rw4841660,Pokémon Detective Pikachu (2019),3.5,3.988071694657579
rw5788578,WrestleMania XIV (1998 TV Special),4.0,3.2958360642796536
rw6447601,The Hand That Rocks the Cradle (1992),5.0,3.229168546626227
rw0345388,The Phoenix and the Magic Carpet (1995),5.0,3.3915737930076806
rw4943388,The Next Hit (2008),0.5,3.163218420449279
rw6064550,Bad Genius (2020),4.5,3.3982110614430185
rw2536756,Downfall (2004),5.0,3.264907016247994
rw4415083,New Amsterdam (2018– ),5.0,3.293860700129829
rw2326271,The New World (2005),3.0,3.7995743433346996
rw0210718,Friday the 13th: The Final Chapter (1984),5.0,3.2482579003188823
rw6438464,History's Greatest Mysteries (2020– ),5.0,3.670516885243438
rw3074080,Afflicted (2013),1.5,3.171006510796284
rw5789614,Snatchers (2019),5.0,3.261574534285967
rw1881587,Space Jam (1996),4.5,3.28297986691254
rw2556444,Titanic II (2010 Video),0.5,3.238271887731546
rw1593835,The Veteran (2006 TV Movie),3.5,3.342877339936803
rw1716627,Communion (1976),4.5,3.1860981756453852
rw1535894,A History of Violence (2005),4.5,3.1978758955813826
rw4053772,Chasing the Dragon (2017),4.0,3.340293540902805
rw2727368,Student of the Year (2012),3.0,3.326451356848873
rw1770963,Thelma & Louise (1991),3.0,4.061643632470996
rw2531452,The Wild Party (1929),2.0,3.37570132517758
rw5222749,Hazbin Hotel (2019– ),5.0,3.266261754843347
rw5988934,Gunjan Saxena: The Kargil Girl (2020),4.5,3.907384936227887
rw0815072,Shaolin Soccer (2001),5.0,3.3040787220375916
rw0676424,Groove (2000),5.0,3.26969839888843
rw1262774,The Breakfast Club (1985),4.5,3.3442688467106296
rw6290280,The Homesman (2014),2.0,3.3051684275924593
rw5931605,Dil Bechara (2020),5.0,4.563925295882064
rw3109444,Fury (2014),2.0,2.526016683321891
rw2076966,Slow Burn (1986 TV Movie),3.5,3.241896409155343
rw5216772,Wounds (2019),2.0,3.2942954431878806
rw1704447,The Adventures of Ichabod and Mr. Toad (1949),3.5,3.36496679199191
rw0815810,Bend It Like Beckham (2002),5.0,3.279835704581323
rw3715643,Raw (2016),5.0,3.185008701047786
rw3420177,Miruthan (2016),5.0,3.2132691483905873
rw3349962,A Matter of WHO (1961),4.0,3.475940043095576
rw1005353,"Bertha, the Sewing Machine Girl (1926)",3.0,3.620943968996042
rw2863888,Phantasm II (1988),2.0,3.2856605583021024
rw6021509,Mother's Child (2020),5.0,3.620943968996042
rw4688689,Chicago Syndicate (1955),3.0,3.4103232770828606
rw6133076,Archaon: The Halloween Summoning (2020),1.0,3.163223141841333
rw4959918,Forest Man (2013),3.0,3.413217838719311
rw4788086,The Starving Games (2013),1.0,3.371506193347429
rw3303147,Aloha (I) (2015),2.5,3.2884366121098476
rw2135424,Lolita (1997),5.0,3.4031221117068258
rw1433205,Monkey Business (1931),3.0,3.4555687117907956
rw5714134,Human Zoo (2020),4.0,3.201121701357863
rw1696481,Le vélo de Ghislain Lambert (2001),2.5,3.32751670121918
rw1171670,The Phantom of the Opera (2004),5.0,2.5750968510753753
rw2358771,The King's Speech (2010),4.5,3.3566504802792374
rw1756323,Critters (1986),3.0,3.079574994444901
rw2031037,The Line (I) (2009– ),4.0,3.3687998979386538
rw1873056,Bound (1996),3.5,3.2070260033777913
rw2062405,The Passion of Ayn Rand (1999 TV Movie),3.5,3.350183527049862
rw4471164,Smoke (2018–2019),5.0,3.828533427102868
rw0441710,54 (1998),5.0,3.218242932719718
rw1806726,Grease 2 (1982),1.0,3.3939211828861717
rw0681211,Wives and Daughters (1999– ),4.5,3.432765972513352
rw1685550,Village of the Damned (1960),3.5,3.766853482235682
rw5072944,The Lion King (2019),4.5,4.580589017470211
rw0075873,West Side Story (1961),4.0,3.455915402075429
rw1077545,Summer City (1977),1.5,3.2554569794949724
rw2007106,The Punisher (2004),3.5,3.688103808203339
rw5808594,Knights of the Damned (2017),5.0,3.3522208301760004
rw3066662,Guardians of the Galaxy (2014),5.0,3.9518772748584463
rw2898699,The To Do List (2013),3.0,3.377987512657736
rw2080568,Gran Torino (2008),4.0,2.8417432664417395
rw2424715,Hoodwinked Too! Hood vs. Evil (2011),3.0,3.45566043102255
rw1662192,The Tingler (1959),5.0,3.449715155449107
rw3346966,RoboCop (2014),4.5,3.720192988057754
rw6360280,Park Na-rae: Glamour Warning (2019 TV Special),4.0,3.710317567112034
rw5526315,Steel (I) (2015),2.5,3.228145565937885
rw2463275,Serenity (2005),3.5,2.4970595423143025
rw1411970,Eliza's Horoscope (1975),1.0,3.717237818966546
rw4019603,Star Wars: Episode VIII - The Last Jedi (2017),4.5,3.9240908342970586
rw3520930,Mad Money (2008),3.5,3.405861124343397
rw2020743,Mildred Pierce (1945),2.5,3.4635307714131494
rw3194413,The Wedding Ringer (2015),2.0,3.2922531199690295
rw1887619,A Nightmare on Elm Street (1984),4.5,3.187011223659897
rw3065925,Infamous (2006),4.5,3.2989555793896863
rw3220283,The Children's Hour (1961),4.0,4.343064052266639
rw3678125,Ghost in the Shell (2017),4.0,2.8588996012000707
rw5978261,Suspect (1987),3.5,3.241371458344616
rw4880397,A Dog's Way Home (2019),1.0,3.4193681727612555
rw0034822,My Darling Clementine (1946),5.0,3.5479117831921068
rw1421420,Pirates of the Caribbean: Dead Man's Chest (2006),3.5,1.5144822178980408
rw5918445,The Exorcist (1973),5.0,4.263731590834365
rw3431450,Manipulation (1991),2.0,3.410938818076578
rw5475052,The Way Way Back (2013),4.0,3.4369722845222004
rw2496362,50/50 (2011),4.0,3.3740884183165596
rw3233539,Fear No Fruit (2015),5.0,3.32475461856976
rw4723382,Kim Possible (2019 TV Movie),5.0,3.199261045120943
rw4525873,1987: When the Day Comes (2017),5.0,3.224641189560824
rw6450157,The Mandalorian (2019– ),5.0,4.562911167780167
rw4074202,Discovering Bigfoot (2017 Video),3.0,3.222749197496495
rw0059998,12 Angry Men (1957),5.0,4.5239627136620095
rw1661694,Epic Movie (2007),1.0,3.4553409641162705
rw2396305,Earthwork (2009),4.0,3.4076167810730524
rw3087443,The Intouchables (2011),5.0,3.3283119990913588
rw4179963,La La Land (2016),2.5,3.1969389999960622
rw5988319,Gunjan Saxena: The Kargil Girl (2020),4.5,3.593278201339761
rw1106137,Eu Matei Lúcio Flávio (1979),2.0,3.375730382028702
rw2024987,The Wrestler (2008),3.5,3.2665792714831583
rw3693053,Wolves at the Door (2016),1.0,3.2084536710988805
rw1400471,X-Men (2000),5.0,4.1185548571831685
rw3726253,Guardians of the Galaxy Vol. 2 (2017),1.0,3.381638293229906
rw1973502,Stargate: Atlantis (2004–2009),4.5,3.2466970261895485
rw4118714,Eternal Sunshine of the Spotless Mind (2004),3.5,4.0193647823482666
rw0979557,Conquest of Space (1955),2.5,3.293278151497574
rw2328426,Inception (2010),5.0,3.9390532256416324
rw4584687,The Conspirators (1944),3.5,3.4211763938890303
rw4441695,The Haunting of Hill House (2018),3.5,4.5197387204710955
rw4980777,Mission: Impossible - Fallout (2018),3.0,3.6470930474490784
rw5280979,Door in the Woods (2019),1.5,3.210952936165074
rw6325104,Johnny English Strikes Again (2018),3.5,3.308824512778986
rw0810932,Boat Trip (2002),1.0,3.2400160302126255
rw5092145,Angel Has Fallen (2019),2.5,3.2174125637309725
rw2305023,Koyaanisqatsi (1982),5.0,4.390325865573263
rw4047143,Gangsta (2018),5.0,3.4236054777455265
rw2091954,Bedtime Stories (2008),4.5,3.5322227143257927
rw0187272,Cannibal Ferox (1981),2.5,3.226285804730916
rw1348829,Silent Hill (2006),2.5,3.9595753343824467
rw2690184,Jewel Robbery (1932),4.5,3.423801075891225
rw4377219,The Houses October Built 2 (2017),0.5,3.1128158408308275
rw5629538,Two Against the World (1936),3.0,3.4781548400247777
rw3762896,Antboy 3 (2016),2.0,3.372478143741479
rw4931754,X-Men: Dark Phoenix (2019),4.0,2.337449598620663
rw5279405,Vanishing on 7th Street (2010),4.5,3.346988007341203
rw0793134,I Am Sam (2001),4.0,3.5119190758813446
rw5485176,Jojo Rabbit (2019),4.5,4.210592328853922
rw1932176,Antônia (2006),4.5,3.386874948373057
rw5492557,Forrest Gump (1994),5.0,4.586020909921252
rw2403404,Hot Fuzz (2007),4.5,4.185817254622452
rw5478170,March for Freedom (2019),5.0,3.306466119446218
rw4815336,Avengers: Endgame (2019),5.0,3.726030391031043
rw5909069,Breathe (2018– ),4.0,3.425442096009263
rw4818045,Avengers: Endgame (2019),3.5,4.072231717817235
rw2785590,The Hunger Games (2012),0.5,2.5433553829332127
rw3705323,Ghost in the Shell (2017),4.5,2.605025306467682
rw2831502,Accidents Happen (2009),0.5,3.365021861866582
rw2745760,Vishwaroopam (2013),4.5,3.553397642809466
rw4710100,Captain Marvel (2019),3.0,3.0162486030029956
rw1507835,The Nightmare Before Christmas (1993),4.5,3.281207537731208
rw2900868,Babylon (1980),3.5,3.4605533285679044
rw4230231,Jurassic World: Fallen Kingdom (2018),2.5,3.1619614367101407
rw4513351,Aquaman (2018),5.0,2.7280721731309696
rw5650283,High Society (2017),4.5,3.2476322492261644
rw2094186,Shortkut - The Con Is On (2009),2.0,3.349599787733343
rw5579642,Beach Road Chetan (2019),5.0,3.654623676380448
rw2933763,Det gælder din frihed (1946),3.5,3.4042456447402247
rw0248058,Pathfinder (1987),5.0,3.304298756168851
rw2984732,Dr. Jekyll and Mr. Hyde (I) (1920),1.5,3.5020125556424784
rw5217549,Terminator: Dark Fate (2019),5.0,3.3303612795758606
rw1425223,Midnight Run (1988),4.0,3.34805022653977
rw3666012,Face/Off (1997),5.0,4.011235425038752
rw3780423,Life (I) (2017),4.5,3.194740483723872
rw4661267,In Harm's Way (2017),5.0,3.210029757947741
rw4357117,I Am Not Your Negro (2016),4.5,3.3865240298353236
rw2893926,The East (2013),0.5,3.0787077809469694
rw2731021,Rok Sako To Rok Lo (2004),5.0,3.4132515260079774
rw3640158,"20,000 Years in Sing Sing (1932)",3.5,3.4375520824687107
rw6327165,Vulcania (2015),3.0,3.3032174980908757
rw3740507,Transformers: The Last Knight (2017),4.0,1.7166155609929694
rw3235893,Bully (2001),5.0,3.2919393533618835
rw2294351,Yes Man (2008),1.5,3.4013234262182186
rw1918751,The Dark Knight (2008),4.5,4.2509402072220315
rw5840152,Winterherz: Tod in einer kalten Nacht (2018 TV Movie),2.0,3.710317567112034
rw5954960,Shakuntala Devi (2020),5.0,1.5472088760255696
rw5584796,Once Upon a Time... In Hollywood (2019),5.0,3.7520628097530127
rw5688500,Money Heist (2017– ),4.0,2.4812392471110902
rw4358856,College Romance (2018– ),5.0,4.390145683276228
rw6265922,Fifty Shades of Grey (2015),5.0,3.1099510951053855
rw2215059,Happy Feet (2006),1.0,3.3916249900927955
rw0896142,Dil Vil Pyar Vyar (2002),4.0,3.447962362818215
rw2927856,Closed Circuit (2013),2.5,3.3093041169934185
rw3114784,Dawn of the Planet of the Apes (2014),4.5,3.29591632125064
rw2985360,Divergent (2014),2.5,3.0912158817315802
rw3543195,Extraction (II) (2015),0.5,3.3501416055528823
rw6199855,Rebecca (I) (2020),2.0,3.269013754853541
rw0078220,The Longest Day (1962),4.0,3.4437531401206307
rw1398988,Zardoz (1974),0.5,3.3514110639184405
rw0901067,He Sees You When You're Sleeping (2002 TV Movie),2.5,3.239246593868321
rw5756833,Chernobyl (2019),5.0,4.784301524717234
rw4223627,Bees Make Honey (2017),3.5,3.359263100478819
rw3026998,Keep It Up Downstairs (1976),2.0,3.475146496484371
rw2178757,西線無戰事 (1930),3.5,3.461967945096325
rw4256846,Sherlock (2010–2017),5.0,4.156449093453714
rw1627643,太陽浩劫 (2007),1.0,2.743641286908498
rw0668721,Could Be Worse! (2000),1.0,3.4293856488413192
rw0173905,Caddyshack (1980),5.0,3.3783114415389632
rw5880250,Slumdog Millionaire (2008),3.5,1.5682245374742023
rw4091531,Annihilation (2018),4.5,3.9817108497363916
rw2329073,Polizischt Wäckerli (1955),5.0,3.429737171329599
rw1981733,Familiar Strangers (2008),0.5,3.303711841478285
rw4679675,The Bye Bye Man (2017),1.0,3.279295000525833
rw3397033,Shadowhunters (2016–2019),1.0,4.2449894003836866
rw1408742,The Devil Wears Prada (2006),5.0,2.920095544075769
rw4582261,The Return of Superfly (1990),2.5,3.336177158234437
rw4679891,Spider-Man: Into the Spider-Verse (2018),5.0,4.365164008378558
rw6412444,Wonder Woman 1984 (2020),3.0,1.75820177608107
rw0084822,Devil Doll (1964),0.5,3.4250675281656235
rw2596210,Bad Ass (2012),1.5,3.3224585131481676
rw0158655,Dawn of the Dead (1978),5.0,3.4034938159489965
rw2784055,Iron Man Three (2013),3.5,3.446211103814067
rw3107756,Under the Skin (1997),3.5,3.4152485052964456
rw1514600,Psycho II (1983),3.5,3.290689198157316
rw5350503,維多利亞壹號 (2010),3.5,3.4042337564574585
rw1953619,Death of a Ghost Hunter (2007),3.5,2.9179581120336064
rw3545754,Dark City (1998),4.5,4.417948342923734
rw4786937,White Chamber (2018),1.5,3.152091104213844
rw5759718,Money Heist (2017– ),2.0,2.676518342850508
rw1817452,Pumpkinhead II: Blood Wings (1993 Video),3.0,3.2457880917020643
rw5814376,The Secret Place (1957),3.0,3.227743313884049
rw2204916,Inglourious Basterds (2009),2.0,3.1692936103216667
rw2676191,Slovenka (2009),0.5,3.228057856438071
rw3467307,Batman v Superman: Dawn of Justice (2016),3.5,3.8369209926712733
rw1610268,The Goddess (1958),5.0,3.33082910471162
rw1662485,Shrek the Third (2007),2.5,3.544492206485439
rw2105683,Satan's Baby Doll (1982),3.0,3.1911218364393927
rw1017018,Sinful Deeds (2003 Video),2.0,3.1804756902135702
rw3471264,Dracula Untold (2014),4.0,2.5874159157582635
rw4454529,A Man Called Ahok (2018),4.0,3.3592488884433167
rw0492658,The Cider House Rules (1999),4.5,3.3635071530975598
rw4268029,Rogue One: A Star Wars Story (2016),0.5,4.000240563623607
rw5511741,We Have Always Lived in the Castle (2018),1.0,3.1379710851518263
rw2233164,Team America: World Police (2004),4.0,2.712742941422089
rw0946203,Another Man's Poison (1951),2.5,3.4083833146328515
rw0806526,Bloom (I) (2003),0.5,3.390457713642764
rw2199601,爛兄爛弟 (2008),1.5,3.3142542277821114
rw5764598,Baptiste (2019– ),5.0,3.3926770842192213
rw5247579,Poaching (2019),5.0,3.4194760974645804
rw3496482,Independence Day: Resurgence (2016),1.5,3.2381293325652867
rw1960441,Mame (1974),3.5,3.3347351359472532
rw0675330,A.I. Artificial Intelligence (2001),2.0,3.4692022117074006
rw1520316,The Lather Effect (2006),4.5,3.3779648575148453
rw0867551,Bruce Almighty (2003),0.5,4.005213160009245
rw4132796,Redwood (2017),4.5,3.435239440932907
rw2074399,Driven to Kill (2009 Video),3.0,3.2064892296780227
rw3178449,Seventh Son (I) (2014),2.0,3.299101768343026
rw3016245,Nurse 3D (2013),1.5,3.307029929419832
rw3316963,The Exorcism of Emily Rose (2005),2.0,3.2415233841722597
rw6403106,Wonder Woman 1984 (2020),0.5,2.853796587454046
rw5903264,Merlin (2008–2012),4.5,3.2977387117230377
rw2897378,Spookies (1986),5.0,3.385962853617703
rw2618511,The Avengers (2012),4.0,4.258374067338845
rw2961493,Troy (2004),3.5,4.635214712178877
rw4546842,You (2018– ),2.5,2.955323072135791
rw5784772,Life with Lucy (1986),5.0,3.391759692517781
rw0142187,Jaws (1975),4.5,4.305445887671619
rw0345990,Pulp Fiction (1994),4.5,4.558815983440034
rw3810221,Legend (1995),4.0,3.2581108426932115
rw1423053,Funeral in Berlin (1966),3.5,3.4008706138809184
rw1389197,Azumi (2003),3.0,3.750545947215881
rw1839835,Alien³ (1992),0.5,4.028668554798313
rw6099228,Dorojka (2019),5.0,3.4042694699194307
rw6384968,Tin Star (2017–2020),2.0,3.2925472754534586
rw4475541,Equals (2015),2.0,3.331637126890825
rw2509977,The Forgiveness of Blood (2011),3.5,3.374201265561881
rw4965286,Scanners (1981),3.5,3.372346259465636
rw1635786,太陽浩劫 (2007),3.5,1.672620458739334
rw0432808,Spawn (1997),2.0,3.3417685651312814
rw2173610,Reckless Kelly (1993),2.5,3.2404407110884095
rw6267355,I Am Greta (2020),5.0,3.439170304940681
rw1603228,The Covenant (2006),0.5,2.422986076763657
rw5267914,Mother! (2017),1.5,2.321095969249941
rw1639730,Asphalt jungle (1950),4.5,3.4461822560075586
rw5414732,Uncut Gems (2019),5.0,3.2246745288169207
rw1794487,The Day After (1983 TV Movie),5.0,3.243911588370724
rw2619096,Prometheus (I) (2012),0.5,2.9156615917516873
rw0836041,Garcea si oltenii (2001),0.5,3.654623676380448
rw4787432,Interstellar (2014),5.0,3.8314322682137565
rw1178623,The Killing (1956),4.5,4.3814750380849015
rw2379102,Mad Men (2007–2015),0.5,3.406624385094632
rw6008016,The Darkness (I) (2016),2.0,3.165131811515497
rw2590020,Fog Island (1945),0.5,3.452885172972713
rw1229623,The Black Cat (1934),4.0,3.7469568024069884
rw4503072,2.0 (2018),4.5,1.6146477566386903
rw5095376,Occupation (2018),1.0,3.26683366037552
rw0545525,Happiness (1998),5.0,3.3381821097793645
rw1097293,Bye Bye Braverman (1968),4.5,3.464460053379337
rw3502118,Red Heat (1988),3.5,3.2894852201001026
rw3402135,Kyaa Kool Hain Hum 3 (2016),0.5,3.3681198085943125
rw4277029,Hostiles (2017),3.5,1.5380544182616518
rw0716893,Harry Potter and the Sorcerer's Stone (2001),5.0,4.3172697407894765
rw3516284,The Inspector General (1949),3.5,3.4116940351483227
rw4717627,Ben Is Back (2018),3.5,3.3694767900124587
rw1820267,Dead Man's Shoes (2004),0.5,3.321273441838613
rw1293692,The Boondock Saints (1999),1.0,4.283968129940227
rw5526105,Sonic the Hedgehog (2020),3.0,4.351960419357397
rw1173380,Shades of Gray (2005),4.5,3.717237818966546
rw3523175,Allegiant (2016),3.5,3.2050175479539558
rw0128797,The Exorcist (1973),5.0,4.279252123154802
rw6433949,Archive (2020),3.5,4.423892063650001
rw0043251,Self Made Maids (1950),5.0,3.710317567112034
rw2212933,The Devil's Tomb (2009),3.5,3.2510320461768556
rw2857828,Cruising (1980),5.0,3.290521877516562
rw1463878,Lurkers (1988),1.5,3.4412708574388313
rw1033301,The Last Run (1971),4.5,3.381232585251106
rw2773081,Alice Doesn't Live Here Anymore (1974),3.5,3.497204896328843
rw5652773,#BlackAF (2020– ),2.5,4.153586630678564
rw0859048,A Mighty Wind (2003),3.5,3.420714164342883
rw5465143,The Expanse (2015– ),5.0,3.092874937538265
rw6052921,I See You (II) (2019),3.5,3.275990685536568
rw5111349,It Chapter Two (2019),3.0,2.283085834762637
rw3378882,Creed (II) (2015),3.5,3.1942430617821778
rw1043824,Avanim (2004),5.0,3.4744922054583998
rw4101896,Midnight Sun (2018),3.5,3.232771196120335
rw5056934,Eerie (2018),3.5,3.209453167682864
rw0638754,"O Brother, Where Art Thou? (2000)",4.0,4.112998607840098
rw2356405,Nostalgia (1983),3.5,3.4350665077168006
rw2596859,Scream 4 (2011),2.0,3.315607547496392
rw2134083,À Nos Amours (1983),4.0,3.4985747056938536
rw3735033,Iqaluit (2016),4.0,3.29254793696309
rw3353599,Conspiracy (2001 TV Movie),3.5,3.342603383497909
