id,movie_title,y_true,y_image_pred
rw1668379,Mission: Impossible (1966–1973),4.0,3.5089769240699056
rw0704620,The Matrix Reloaded (2003),4.0,2.3054611752657954
rw0481138,Star Wars: Episode I - The Phantom Menace (1999),3.0,4.5041141984105035
rw2350502,The Mask of Zorro (1998),5.0,3.75439087509316
rw5075161,Ambili (2019),5.0,3.8438531644238143
rw3809975,Mother! (2017),1.0,1.072643005919225
rw3054540,"Sinbad, the Sailor (1947)",3.5,3.810476796569748
rw4144651,Avengers: Infinity War (2018),4.0,4.214091682928937
rw2682263,Upside Down (I) (2012),4.0,3.601944204738139
rw1072383,Pearl Harbor (2001),1.0,2.8259147668083444
rw1507820,Stormbreaker (2006),4.0,2.805717939515821
rw3441405,Sahara (I) (1943),3.5,3.694145496839715
rw3701319,The Beast of Hollow Mountain (1956),3.0,3.47212293409621
rw4235288,Star Trek: Voyager (1995–2001),4.5,3.8654560091360812
rw1778781,White Dog (1982),3.5,3.994700965402222
rw4285422,Their Purple Moment (1928),3.0,3.614202558872836
rw2486516,Fright Night (2011),4.0,3.7269708801057604
rw2452468,Contract Killers (2008),4.0,3.1281653614266207
rw0510926,The Matrix (1999),4.0,4.905648205402236
rw3595309,Vertigo (1958),4.0,4.810057655341088
rw5424977,Cats (2019),0.5,1.4055017156405847
rw4431432,Snoopy Come Home (1972),4.0,3.8252911616218777
rw5610960,Incendies (2010),2.0,4.002955355232187
rw6192864,Tremors: Shrieker Island (2020 Video),3.0,3.575838950297398
rw4906305,The Man in the Iron Mask (1939),1.5,3.2479949601047076
rw3827518,Jay and Silent Bob Strike Back (2001),5.0,3.310707829049951
rw1940123,An American Crime (2007),3.0,3.53454479861056
rw4458032,Person of Interest (2011–2016),4.0,4.6263942259028354
rw4576899,The Falling (2014),3.0,3.3267653536650563
rw1552238,Joseph and the Amazing Technicolor Dreamcoat (1999 Video),3.5,3.5747350857007634
rw2953735,The Counselor (2013),0.5,3.6225375287642403
rw2434791,Surveillance (I) (2008),1.5,3.0003213783086693
rw5064992,Crawl (I) (2019),3.5,3.996593227072954
rw0989173,Funeral Home (1980),2.0,3.6732769723662533
rw5932054,Warpath (2020),1.5,3.2090786973825987
rw1989291,Hancock (2008),0.5,2.652008196012681
rw2389529,Cousin cousine (1975),2.0,3.667368486251549
rw0001585,The Heart of Texas Ryan (1917),5.0,3.304209200357368
rw0034701,Lonesome Lenny (1946),5.0,3.5169370071806103
rw2787063,Thor (2011),4.0,2.1222848708184157
rw1141336,Stranger Than Paradise (1984),0.5,3.6654605062476215
rw5707404,Mrs. Serial Killer (2020),4.0,4.4545967089682375
rw3209061,Western Mail (1942),4.5,3.7174698743873775
rw5702779,Ex Machina (2014),4.0,3.3910320890410826
rw3733461,American Flyers (1985),3.5,3.391451155664683
rw6007269,Promised (2019),5.0,3.2941145210210996
rw4881364,Nonsense (2018),4.5,3.1699463700615813
rw0577133,Ghost Dog: The Way of the Samurai (1999),3.5,3.3540753360662094
rw2331408,Robin Hood (2010),2.5,2.488531937255606
rw5597159,The Drone (2019),1.5,3.6648914049873738
rw3823038,The Bad Batch (2016),2.0,3.0216962307918878
rw1234514,"The Chronicles of Narnia: The Lion, the Witch and the Wardrobe (2005)",5.0,4.830717890953015
rw3149615,American Guinea Pig: Bouquet of Guts and Gore (2014),5.0,3.410545559443776
rw5483444,Band of the Hand (1986),2.5,3.1132899964873344
rw3734261,Beauty and the Beast (I) (2017),5.0,4.270788409653686
rw6109568,The Scapegoat (1959),2.5,3.7905620347774707
rw5680677,Spirited Away (2001),3.0,4.845061580029034
rw2586273,The Thomas Crown Affair (1999),3.5,3.3475218589914557
rw3683843,Quo vado? (2016),3.5,3.1152304302290883
rw3313449,War Room (2015),5.0,3.3945950213756304
rw1846318,Play Dead (1983),1.0,3.0142954451638055
rw5710334,Love & Mercy (2014),2.5,3.748155718678749
rw1792133,Life as a House (2001),4.0,3.50187833846736
rw5743435,Forbidden Planet (1956),3.5,2.8050941075052047
rw3877042,Eye See You (2002),1.5,3.5795985065188276
rw6018527,Greyhound (2020),3.0,3.493900907727097
rw5266596,Hollywood Vice Squad (1986),3.5,3.576322218049861
rw4990199,Aziz Ansari: Right Now (2019 TV Special),3.5,3.667442518973964
rw6450596,Alice in Wonderland (1966 TV Movie),4.0,3.5862525357814494
rw3324500,Standing on the Shoulders of Kubrick: The Legacy of 2001 (2007 Video),2.0,3.1521777850635275
rw4666236,Alita: Battle Angel (2019),4.5,4.602372461881576
rw6201224,Batman: Mask of the Phantasm (1993),4.0,3.224313573350881
rw6357668,Underworld: Blood Wars (2016),0.5,3.7805110436762392
rw4351444,College Romance (2018– ),5.0,4.673574781079959
rw5883263,Hold the Dark (2018),0.5,2.674053112615677
rw1424814,Lady in the Water (2006),4.0,3.228274719866567
rw4794492,The Village (2004),4.0,4.649838448969964
rw3775567,The Guest Book (2017–2018),5.0,3.7602357339016983
rw1251957,Nobody Knows (2004),2.5,3.651028856102129
rw4577912,The Accidental Prime Minister (2019),5.0,3.457343977098373
rw3494730,Dying of the Light (2014),2.0,2.657674799263939
rw1346430,La niña de la mochila azul (1979),3.5,3.4293390627298095
rw2867447,This Is the End (2013),0.5,0.9025025487536734
rw0030514,Henry V (1944),4.0,3.907150122490564
rw0058555,The Man Who Knew Too Much (1956),3.0,3.093941727048281
rw1751803,The Shadow (1940),3.0,3.315496937495096
rw0450534,Enemy of the State (1998),5.0,2.850180206705407
rw1552439,The Pursuit of Happyness (2006),5.0,3.4765321122517756
rw6139005,The Mentalist (2008–2015),5.0,3.9434876078930383
rw2577648,Paan Singh Tomar (2012),5.0,3.7000679845640136
rw4278264,Interstellar (2014),5.0,4.494926706407176
rw6107628,Witness for the Prosecution (1982 TV Movie),3.5,3.2683052590160377
rw0627489,The Blair Witch Project (1999),4.0,3.488780342590514
rw2478675,Assassin's Creed (2007 Video Game),5.0,2.642366588636337
rw6377744,Fishtales (2007),1.5,3.6125882107068725
rw5811617,Fifty Shades of Grey (2015),5.0,3.019388075284396
rw0960897,Kung Pow: Enter the Fist (2002),5.0,3.31044850475571
rw5317571,Tall Girl (2019),0.5,1.7032322167832743
rw4727414,Badla (2019),1.5,3.898808571907111
rw4877476,Baby (I) (2015),4.5,3.318051630581855
rw5780311,The Last Dance (2020),4.0,4.646704526276033
rw5598316,Dia (2020),4.5,3.374224143413464
rw5175387,The Other End of the Line (2008),4.5,3.0554219378328473
rw4574764,Do You Trust This Computer? (2018),5.0,3.5364224516831353
rw6222270,Leaving D.C. (2012),3.0,3.385172422515619
rw0668451,Ginger Snaps (2000),4.0,2.329883300523975
rw0789924,Crossroads (I) (2002),4.0,3.5974276303555097
rw3748276,Snowfall (2017– ),4.0,2.9573738579740723
rw1551006,Holiday (1938),4.5,3.489037214528913
rw4339744,Bleach (2018),4.0,3.380202770582634
rw2556535,Take Shelter (2011),4.0,3.281377901043699
rw6444544,Good Time (2017),4.5,3.3193142112252043
rw3543005,Night in Paradise (1946),3.5,3.635545207587115
rw0325642,Much Ado About Nothing (1993),5.0,3.456691097573644
rw4005228,Equity (I) (2016),3.0,3.3588760989239126
rw6245111,The Shack (I) (2017),5.0,3.628996452398581
rw4939993,For The People (2018–2019),1.5,3.405401745653662
rw0495577,Shrek (2001),4.5,4.389264082688247
rw5184959,The Art of Self-Defense (2019),3.5,3.3976594783163456
rw1884218,Arroseur et arrosé (1896),3.0,4.016773677022965
rw0983249,Basic (2003),1.0,3.524069499180798
rw4863663,Ride (III) (2018),2.0,3.5765846601941176
rw2350425,Louis Sullivan: the Struggle for American Architecture (2010),5.0,3.6188111448978413
rw2575921,Watch on the Rhine (1943),3.5,3.208619934138638
rw4714701,The Order (2019–2020),5.0,3.6188111448978413
rw3506419,Boot Camp (2008),2.0,2.5682315152685806
rw4548380,Insidious: The Last Key (2018),3.5,2.529592155679559
rw4273335,The Room (2003),5.0,2.7158993777703007
rw5170345,Baba Yaga (1973),1.0,3.002021169274762
rw1827367,Annabelle's Affairs (1931),4.0,3.4059040911677028
rw2147318,Infestation (2009),3.0,2.776284180982694
rw2491614,Sanctum (2011),0.5,3.322319805073628
rw1876194,The Forbidden Kingdom (2008),4.5,3.4255493930289793
rw2245208,Stepping Out (1991),1.5,3.367302332303605
rw3799369,King Arthur: Legend of the Sword (2017),3.5,3.071386049938386
rw0229518,Aliens (1986),4.0,4.326294181104836
rw3001610,The Skeleton Key (2005),4.5,2.954889895994605
rw3559176,Lights Out (II) (2016),4.0,3.389385041530751
rw0980290,The Perfect Pitch (2002 TV Short),5.0,3.0153172798328334
rw5125739,Mission Over Mars (2019– ),5.0,4.683267855569383
rw2601383,Wolf (1994),3.0,2.9937396095451505
rw2542040,A Gifted Man (2011–2012),5.0,2.8296992600552002
rw1854242,Conversations with Other Women (2005),3.5,2.927432291395704
rw2425778,Tere Bin Laden (2010),3.0,3.5886837031417187
rw5521089,Ford v Ferrari (2019),3.5,3.641608255853452
rw0853625,Cradle 2 the Grave (2003),0.5,2.927766078835933
rw2850332,The Fosters (2013–2018),4.0,3.7087986219020155
rw4618317,The 5th Wave (2016),2.0,2.7799794228243213
rw3127142,Love Is Strange (2014),3.5,3.3997062804309426
rw3361158,Dick Tracy (1990),4.0,3.607194893361775
rw2965291,Rock 'n' Roll High School (1979),3.0,3.56591254664225
rw3557817,Turkey Shoot (1982),3.0,3.118600185198847
rw4341450,The Red Pill (2016),3.5,3.0607404511827596
rw0828919,The Rules of Attraction (2002),3.5,4.125510681591373
rw2123484,A Double Life (1947),4.5,3.5498139282236396
rw2376444,Akira (1988),5.0,4.77350253937866
rw3234271,Avengers: Age of Ultron (2015),4.0,3.394116321334278
rw6289910,Merry In-Laws (2012 TV Movie),4.0,3.0476232846965146
rw2255505,Reality Bites (1994),1.0,4.885716736714411
rw5978361,Little Voice (2020– ),4.5,3.0135567015737434
rw2002203,American Gangster (2007),4.0,3.4172750978381017
rw2429807,As Tears Go By (1988),4.0,2.988706862158795
rw4573648,Roma (2018),4.0,3.2122559956412515
rw5931696,Dil Bechara (2020),5.0,4.50088062641304
rw5037750,We Belong Together (2018),0.5,3.4546882420397074
rw4164600,The Man from U.N.C.L.E. (2015),3.0,3.2786701988622617
rw5889832,Escape from New York (1981),3.5,3.7823714837347673
rw4837924,Chernobyl (2019),5.0,4.905148724255422
rw1899749,Limbo (II) (2004),5.0,3.765759135848424
rw2522633,North by Northwest (1959),4.0,3.905646421696403
rw5754736,Alien (1979),5.0,3.9577050911865674
rw0504469,Dinosaur (2000),3.5,4.667832761614752
rw1395413,Mozart and the Whale (2005),1.0,3.2460480091836854
rw5415810,Raatchasan (2018),5.0,4.674690520079695
rw3631486,Woman of Straw (1964),3.5,2.6864169825999027
rw3417071,Eddie the Eagle (2015),5.0,4.368361681633968
rw0184808,Excalibur (1981),4.5,4.537271538712662
rw1129747,Dinner Rush (2000),4.5,3.47927416166026
rw2558860,Apocalypse (2011),3.5,2.6934793150389678
rw0183619,Conan the Barbarian (1982),4.5,4.776450502970186
rw4774034,Serpent (2017),1.5,3.423400047032793
rw3282112,Terminator Genisys (2015),3.5,2.9365862095586865
rw4186510,The Place (2017),2.0,2.863693112260445
rw0467787,Pushing Tin (1999),2.5,3.6675342484055595
rw2715665,Memorial Day (2012),5.0,3.325674032431173
rw3536038,Badlapur (2015),3.0,4.50307990639717
rw2220798,Butterfly on a Wheel (2007),3.5,3.243175348906062
rw0479393,Fantasia 2000 (1999),5.0,4.610683608715671
rw1053190,Shadow of the Thin Man (1941),3.5,3.419593197623631
rw5754587,Rim of the World (2019),4.5,3.5661133005328085
rw1302445,Dogville (2003),5.0,3.592398707967894
rw2108866,The Awful Truth (1937),1.5,3.9975688442577653
rw3335668,The Ouija Exorcism (2015),1.0,3.447528566408895
rw6261562,Ludo (2020),0.5,3.806424239689739
rw2967922,Zoolander (2001),1.5,3.2241429431412882
rw2058126,Unstable (2009 TV Movie),4.0,2.6538227326570065
rw1940366,Nim's Island (2008),3.5,3.4926043983013626
rw3632104,Show Girl in Hollywood (1930),3.0,3.467120857557061
rw6161156,I Still See You (2018),3.0,3.195843722572644
rw3543917,Anthropoid (2016),4.0,3.5848496539501444
rw4104300,Verónica (I) (2017),0.5,3.0204675168079422
rw2567496,Grimm (2011–2017),2.0,2.269706832881638
rw6135388,Unknown Origins (2020),3.0,3.055168747583632
rw2746318,Annie Oakley (1894),3.5,3.900797185746916
rw5313390,鋒迴路轉 (2019),1.5,3.182681318122993
rw5062610,When They See Us (2019),1.5,3.4925182851038183
rw1086579,Star Wars: Episode III - Revenge of the Sith (2005),5.0,3.9945829529749726
rw0655407,Sexy Beast (2000),4.0,3.2387194193643594
rw4318272,Jack Ryan (2018– ),4.5,3.1759080002460935
rw4027939,Modern Family (2009–2020),5.0,3.502344070545567
rw1041150,Heaven Can Wait (1943),4.0,3.796123769707159
rw4542762,Amityville: The Awakening (2017),4.5,3.363075617277925
rw1815864,All the King's Men (1949),5.0,3.8008755031475716
rw3540622,Your Name. (2016),5.0,3.6522718779300165
rw4186664,Game of Thrones (2011–2019),4.5,3.1847199759287115
rw1790911,Sweeney Todd: The Demon Barber of Fleet Street (2007),4.0,2.2756801288189332
rw2844831,Michael Clayton (2007),5.0,2.873975698901402
rw5896733,Greyhound (2020),4.0,2.5454885791587847
rw2455131,Rubber (2010),0.5,3.151624989323085
rw2853993,United (I) (2011),2.5,3.5386302126948337
rw3115116,Reign (2013–2017),3.5,3.4598087265833817
rw5344354,Togo (2019),4.5,3.4529781822124184
rw3497582,Tremors (1990),5.0,3.162403029113983
rw5601145,Matrimony's Speed Limit (1913),3.5,3.5240764413817285
rw6112280,One Night in Bangkok (2020),0.5,3.391043180118913
rw5397200,Death in Paradise (2011– ),4.0,2.8763856380727773
rw4960103,Dark (2017–2020),4.0,3.899636469818626
rw0587758,The Sixth Sense (1999),5.0,3.4048792279783
rw1858991,Tara Road (2005),3.0,3.3722160850112735
rw5848724,Underwater (2020),2.0,2.6080596997404504
rw5729788,Person of Interest (2011–2016),5.0,3.9681952841547883
rw2263562,Splice (2009),1.5,3.5771454926342994
rw0589629,Pirates of Silicon Valley (1999 TV Movie),4.0,3.037963371594846
rw5053294,Magnum P.I. (2018– ),4.0,3.0430971127068442
rw2236237,Ronin (1998),5.0,3.248787293268127
rw1530789,Bloodsport III (1996 Video),3.5,2.8276447063559496
rw0712788,Mimic 2 (2001 Video),3.5,3.18656467846732
rw0366113,Last of the Dogmen (1995),4.5,2.948825998308075
rw5711310,The Manxman (1929),3.0,3.743232137731452
rw1636805,Nobi (1959),5.0,3.3077420212664306
rw1687901,Zoom (2006),2.0,3.3336307549818747
rw5797805,The Expanse (2015– ),5.0,3.0457288184245845
rw3610796,The Girl with All the Gifts (2016),4.5,3.032737570562384
rw2718501,異形奇花 (1986),4.0,3.3785306349122766
rw4425085,Werewolf in a Girls' Dormitory (1961),2.0,3.1076563620984796
rw3677852,Unleashed (I) (2016),5.0,2.4826279338073727
rw2197046,六壯士 (1961),4.0,3.3578242214521805
rw0295623,JFK (1991),5.0,3.9086866335943387
rw0416124,The Fifth Element (1997),5.0,3.8161225642647953
rw2194764,阿凡達 (2009),5.0,3.53121443044579
rw4067235,Hell House LLC (2015),5.0,2.7538092119583952
rw2164683,2012 (I) (2009),0.5,3.712997692038809
rw5327815,Wendigo (2001),2.0,4.623474927681618
rw1044103,Hero (2002),4.5,2.6151625708978745
rw2802957,Max Payne (2001 Video Game),5.0,3.28293564927378
rw1038380,Murder in the First (1995),5.0,3.129857473741246
rw1913757,The Dark Knight (2008),5.0,4.383179173932038
rw4083944,Oculus (2013),3.5,3.469714663843957
rw0724113,Wit (2001 TV Movie),5.0,3.748129470696642
rw5089440,The Lonely Guy (1984),1.0,3.020607477631749
rw3395561,Peter Pan (1953),4.0,3.6470999648507787
rw3737703,Pinched (2010),4.5,3.7610329571557397
rw5193385,口是心非 (2009),3.5,3.140680780220558
rw6012145,Unfriended: Dark Web (2018),3.0,2.9346663944696725
rw5302882,The Christmas Club (2019 TV Movie),4.0,3.1102068825996376
rw4275220,Mission: Impossible - Fallout (2018),4.0,3.5089769240699056
rw2928977,The Wolf of Wall Street (2013),5.0,4.4010624858969
rw1105961,One Flew Over the Cuckoo's Nest (1975),5.0,4.468895951792485
rw6411020,The Man Who Invented Christmas (2017),2.0,3.275098875142672
rw3463623,Beat the Clock (1950–1961),5.0,3.7174698743873775
rw2326716,Role Models (2008),4.5,3.8582265332316226
rw0664660,Fourplay (2001),5.0,3.4460717034743635
rw3289764,Drishyam (2015),5.0,3.2620671439856186
rw5631317,Wes Craven's New Nightmare (1994),4.0,2.5099061999812706
rw4930578,Vice (2013– ),1.0,3.484605690120558
rw4779999,The Silence (II) (2019),0.5,3.652340581964025
rw5986017,Gunjan Saxena: The Kargil Girl (2020),5.0,3.4461474562802263
rw1692452,Gosford Park (2001),5.0,3.8174901213474275
rw1666409,Eko eko azaraku III (1998),3.0,2.8596872607753627
rw5289836,Zombie with a Shotgun (2019),5.0,3.6732769723662533
rw0212498,The Lift (1983),3.0,2.957968096644572
rw0027598,The Talk of the Town (1942),5.0,3.783449966783845
rw4907699,Pulp Fiction (1994),3.5,4.837040474984181
rw1571977,The Producers (2005),4.0,3.476903366586916
rw0086068,Mary Poppins (1964),5.0,3.726156554375146
rw2875181,Vikingdom (2013),5.0,4.814276981574835
rw6326350,Weekend at Dunkirk (1964),3.5,3.253833683822384
rw6272543,Twilight (I) (2008),3.0,1.1316042167855853
rw2024010,The Curious Case of Benjamin Button (2008),1.5,3.184691855818816
rw1684226,The Departed (2006),2.0,3.6923804550724135
rw2251692,Pan's Labyrinth (2006),5.0,3.850238113885695
rw2365597,Exam (2009),4.0,3.393443134519005
rw6146878,Spider-Man 2 (2004),3.5,4.625531943878877
rw2625269,Hangman's Knot (1952),3.5,3.2483224246379674
rw5290110,冰雪奇緣2 (2019),5.0,3.7959103404680996
rw2775589,The Call (II) (2013),2.0,3.1349946021214725
rw1429843,The Bong Connection (2006),5.0,3.4425795253465155
rw5075296,#Followme (2019),1.0,2.688444166444032
rw2432258,The Human Experience (2008),5.0,3.198780249890671
rw3511217,The World's End (2013),5.0,3.0391677030375783
rw4897724,Wine Country (2019),1.0,3.178574644648333
rw0529442,Surrender Dorothy (1998),5.0,3.3727233774689838
rw1051109,Feardotcom (2002),0.5,3.100339078470136
rw5576547,The Letter for the King (2020– ),4.0,1.4141924635640617
rw5664860,Terminator Salvation (2009),4.0,3.4051444183600874
rw1729754,3:10 to Yuma (2007),2.0,3.4631255933513287
rw1514347,The Odyssey (1997),2.5,3.0572225854239234
rw2917667,Murder by Numbers (2002),3.5,2.972375183160398
rw6040816,Tokyo Ghoul (2014),5.0,3.569272831428418
rw2370333,P.S. I Love You (2007),3.0,2.987495917676945
rw6156583,Deadly Switch (2019),2.5,2.4382399459300736
rw0737969,Billy Elliot (2000),4.5,3.1602146280907246
rw6276965,The Traitor (2019),5.0,3.7975390786911096
rw6057425,Mirzapur (2018– ),4.5,3.651028856102129
rw1286245,Kuffs (1992),0.5,2.8638927388978743
rw5858787,The Predator (2018),2.5,0.9706236184161741
rw3263566,The Wiz (1978),3.5,3.7336846090573044
rw5198104,功夫熊貓2 (2011),2.5,3.6960563473586
rw3209867,Pinocchio (1940),4.0,3.746170090523933
rw5515674,The Whistlers (2019),5.0,3.4542894880032198
rw5403977,Red Room (2017),0.5,2.7965291767403717
rw5123002,Saaho (2019),2.0,3.123915758828646
rw5603705,Yol (1982),3.5,3.8205379967323942
rw4122127,Elements of Matter (2018),0.5,3.3870275667017156
rw2983047,Alpha and Omega 2: A Howl-iday Adventure (2013 Video),2.0,3.7125552224780973
rw1593367,Old Joy (2006),1.5,3.1669804478424655
rw1163772,Army of Darkness (1992),0.5,3.1060769953492016
rw1414760,Barney's Great Adventure (1998),4.0,3.4890442805356696
rw2228635,Final Solution (2004),5.0,3.4482732530818843
rw3849882,No Man of Her Own (1950),5.0,3.132533343015721
rw4366097,Chekka Chivantha Vaanam (2018),0.5,3.9484379472026485
rw2364934,Sullivan's Travels (1941),4.0,3.523720851404255
rw1625787,Turistas (2006),4.0,2.9261719421058854
rw5347148,Cash on Demand (1961),2.5,3.5891391408200666
rw4616516,Bright (I) (2017),3.0,3.2745273434919175
rw5910162,Rogue One: A Star Wars Story (2016),4.5,2.4119239019501415
rw4538491,Bird Box (2018),3.0,2.6371448676067795
rw3373087,Barbara (I) (2012),3.5,3.730256072383252
rw2164952,Ghoulies II (1987),2.5,2.230836402740554
rw0295679,JFK (1991),4.0,4.62834939006218
rw2237225,The Life and Death of Peter Sellers (2004),5.0,3.681063094168776
rw2481722,The Yin and the Yang of Mr. Go (1970),4.0,3.1945791932096514
rw4525363,Andhadhun (2018),5.0,4.629266173205647
rw3414819,Pride and Prejudice and Zombies (2016),4.5,3.1378623045102776
rw4986115,Elmo Saves Christmas (1996 Video),0.5,3.265828214419124
rw4966350,Child's Play (2019),0.5,1.1138104352295628
rw2110655,Nos jours heureux (2006),3.5,3.5303620951947647
rw0846799,Old School (2003),5.0,3.4770254313485403
rw0570877,American Pie (1999),4.5,3.3497844640288146
rw2145415,Edmond (2005),3.0,3.3396241976661356
rw1500229,Marie-Martine (1943),4.0,3.6732769723662533
rw5690362,The Little Prince (1974),4.0,3.78923010481184
rw3381495,The Revenant (2015),5.0,3.5544547322062945
rw2982668,Dallas Buyers Club (2013),5.0,3.8221510891043606
rw1876911,Clearing the Range (1931),3.0,3.8642950290886313
rw0894507,Troy (2004),3.0,4.795915279914428
rw4448571,Daredevil (2015–2018),5.0,4.852744066643697
rw5258475,Toto le héros (1991),5.0,3.53090365151594
rw5909710,"Standing Up, Falling Down (2019)",3.5,3.6054750838840057
rw2952456,Cloud Atlas (2012),5.0,0.855085555851518
rw2884332,Oszukane (2013),3.0,3.009915185990791
rw1070565,Calamity Jane (1953),5.0,4.065628026170859
rw1697614,Leopard Fist Ninja (1982),2.5,3.068346676052182
rw1059116,Holy Smoke (1999),2.0,4.000157194255099
rw1200996,Akira (1988),5.0,4.823357465876273
rw1269228,Swept Away (2002),3.5,3.472511711422408
rw2927046,American Pie (1972),3.5,2.5346568289938785
rw0237252,Ruthless People (1986),3.5,3.6145341655159138
rw2649818,Roadracers (1994 TV Movie),4.5,3.9427978509893764
rw4751097,Scarface (1983),4.0,3.4334775515949056
rw5956736,Eden Lake (2008),1.5,3.8062028061837205
rw0913136,Fei teng de qun shan (1976),5.0,3.054890786406648
rw1242058,David & Layla (2005),5.0,3.29607976641112
rw2975787,Soccer Mom (I) (2008),3.0,3.339056276712466
rw0113192,Scrooge (1970),5.0,3.8334373621507574
rw3272626,Pitch Perfect 2 (2015),4.0,3.40730651489338
rw4117289,Legion (2017–2019),2.5,3.525465176816079
rw4826216,Avengers: Endgame (2019),3.5,4.270912135373025
rw6300821,Network (1976),4.5,3.8320431908354977
rw5668846,Albion: The Enchanted Stallion (2016),3.5,3.6373204730454862
rw2351801,Ichiban utsukushiku (1944),5.0,3.7071411799428593
rw2512855,Friday the 13th Part VII: The New Blood (1988),3.5,2.7258030643438254
rw1309462,La Terra Trema (1948),2.5,3.7834155162576386
rw1203689,Garden State (2004),4.0,4.272899885944476
rw4918218,Pokémon Detective Pikachu (2019),4.5,3.618851631773461
rw1693691,Strike the Tent (2005),2.5,3.7087986219020155
rw6364878,Upload (2020– ),5.0,3.8108433140283458
rw4902265,"Love, Romance, & Chocolate (2019 TV Movie)",3.0,3.5890380702862372
rw0358145,Casino (1995),4.5,3.819933764923659
rw5486287,Love Aaj Kal (2020),0.5,3.5443022555768366
rw5691315,Journey of a Woman (2007),2.5,3.263819613706213
rw1693328,The Four Horsemen of the Apocalypse (1962),2.5,3.4912320344165364
rw4573620,The Shape of Water (2017),3.0,3.2516702622199714
rw1104677,My Blind Brother (2003),4.5,3.2848161579679833
rw3874065,Dark (2017–2020),2.5,4.2868801269858094
rw0183686,Conan the Barbarian (1982),5.0,4.164082988101518
rw3798548,Slaughter Daughter (2012),5.0,3.651028856102129
rw1272875,The Circle (2002),5.0,3.4005135360226384
rw3295000,Snoopy's Reunion (1991 TV Short),4.0,3.8930399775266933
rw6318411,Happiest Season (2020),5.0,3.174092044549455
rw5513084,The Man Who Knew Too Much (1934),3.5,3.977662921075304
rw4600960,Dragon Ball Super: Broly (2018),5.0,3.486458862041194
rw3800060,Happy-Go-Nutty (1944),4.5,3.0353712229127288
rw1941478,A Woman Under the Influence (1974),2.0,3.2088406753461642
rw1704334,Comet in Moominland (1992),4.0,3.675397096260667
rw0630096,Silicon Towers (1999),0.5,2.9791472533851455
rw2075561,The Prophecy (1995),2.0,3.770301560626196
rw0544512,High Fidelity (2000),3.0,4.51148333294617
rw4343242,Mandy (I) (2018),4.0,3.149764725909268
rw5489892,War Machine (2017),1.5,3.03919354314134
rw5316573,Mnemophrenia (2019),4.5,3.4898676445899492
rw2145942,Ecstasy (1933),4.5,3.60417879565721
rw0894002,Troy (2004),4.5,2.786313051587241
rw3664393,The Great Wall (I) (2016),2.0,4.540279798706594
rw4359160,Memento (2000),4.0,4.961228386543671
rw2683627,The Only Way (1970),4.0,3.9759360646000204
rw2624876,Y Tu Mamá También (2001),5.0,3.418623676737482
rw1844719,Incubus (2006),1.5,3.256142634211116
rw2897195,500 Days of Summer (2009),4.0,4.9334050552444735
rw3248742,My Haunted House (2013– ),0.5,4.47026132135896
rw1935282,Hamlet 2 (2008),5.0,2.8121302985160246
rw0136448,The Lords of Flatbush (1974),2.5,3.682021877943476
rw5796674,Inception (2010),5.0,4.08048406525384
rw0568947,Hanging Up (2000),3.0,3.2523070089790536
rw5256323,Vaxxed II: The People's Truth (2019),0.5,3.4336816543813447
rw0693752,Pay It Forward (2000),3.5,4.950713382866778
rw3296423,Se diu ying hung: Dung sing sai jau (1993),5.0,3.00906100290262
rw4462519,Climax (I) (2018),2.5,4.326472483286899
rw3191120,The Imitation Game (2014),4.5,2.5310363189206093
rw5941860,Dil Bechara (2020),0.5,4.999071923328445
rw2376995,This Earth Is Mine (1959),2.0,3.2350473301368847
rw2149620,The Magnificent Seven (1960),3.0,4.13454750650499
rw0150419,Taxi Driver (1976),5.0,3.828809086931991
rw2159253,Adoration (2008),3.5,3.244501266745028
rw4718562,The Bra (2018),3.0,3.568916586128797
rw4192443,The Sea Wolf (1941),4.0,3.380557021593029
rw5186892,Fractured (I) (2019),3.5,4.432769476351932
rw0245387,Hope and Glory (1987),4.5,3.6796954333241754
rw4796544,Captain Marvel (2019),2.0,3.743022948698787
rw3218347,Robot Revolution (2015),0.5,2.8650205736251806
rw3335782,Tomorrowland (2015),0.5,3.5241436841875906
rw4098093,"Re: Zero, Starting Life in Another World (2016– )",5.0,3.0824223491172167
rw0406227,In the Mood for Love (2000),5.0,3.677008176254317
rw2125183,The Eagle Has Landed (1976),5.0,3.0866821305643426
rw2079966,Barton Fink (1991),4.0,3.8588654619996743
rw5029107,Aranyélet (2015–2018),5.0,3.460059563184394
rw2947258,Desert Sands (1955),4.0,3.1311206734751713
rw3319674,Total Recall (I) (2012),3.0,3.32629902357327
rw5931011,Dil Bechara (2020),5.0,4.50088062641304
rw2535268,Life's Too Short (2011–2013),3.5,2.959604413217039
rw3222793,Mountain Monsters (2013– ),5.0,3.0705849777245096
rw5457464,Altered Carbon (2018–2020),5.0,3.369714876689905
rw1321110,The Brain That Wouldn't Die (1962),1.5,3.2658082833312148
rw2742405,U.F.O. (2012),2.0,2.5655018059970964
rw5188653,My Haunted House (2013– ),5.0,1.2130726966118028
rw1781992,Alvin and the Chipmunks (2007),3.5,3.5382677663553506
rw1791162,Planet of the Apes (1968),5.0,3.9479606532390212
rw1617125,The U.S. vs. John Lennon (2006),3.5,3.362025968403163
rw0598976,Gladiator (2000),5.0,4.4879821648558575
rw5700062,Mrs. Serial Killer (2020),0.5,4.710258429062038
rw4274691,Mulk (I) (2018),0.5,3.360963126194947
rw3149523,魔法黑森林 (2014),0.5,3.407034854539853
rw5058749,The Great Hack (2019),5.0,3.5826349229068803
rw1277296,Brokeback Mountain (2005),4.5,4.853086967957202
rw2985715,The Picture of Dorian Gray (1945),3.5,3.111813001017734
rw4658013,The Gunman (2015),1.5,3.0239496115503957
rw4145170,Avengers: Infinity War (2018),4.0,4.378471420273706
rw6251108,Laxmii (2020),0.5,1.1282302344094612
rw1618116,Chimera (1991– ),3.5,3.8243322077907838
rw2827962,A Prophet (2009),5.0,3.277713154540269
rw1485502,The Last Kiss (2006),2.5,2.82491493747112
rw3760794,Jack Reacher: Never Go Back (2016),0.5,3.087132972412979
rw5839909,Becky (II) (2020),4.0,3.41467277358061
rw2810899,A Way Back Home (2013 TV Movie),3.5,3.3168214330640287
rw1259238,Let's Do It Again (1975),2.5,3.5108038482887887
rw0560284,Croupier (1998),3.5,3.6043765295176127
rw2328698,The Disembodied (1957),1.0,2.9681976715803136
rw6125399,Utopia (2020),5.0,3.266023370825658
rw1553224,Marie Antoinette (2006),0.5,3.189792710090777
rw2059053,Summoner (2000 Video Game),2.0,3.410842583080844
rw5525699,The Verdict (1982),2.5,3.561689148691043
rw4874021,Cool Cat Kids Superhero (2018),5.0,3.0674252636950086
rw1887873,The Adventures of Sharkboy and Lavagirl 3-D (2005),2.5,1.0998687213382334
rw2863466,Rush (I) (2013),3.5,4.67180038591851
rw2331952,Up (2009),4.5,3.9412511446853116
rw6333967,Freaky (2020),2.5,2.8737517781722692
rw1212175,Little Big League (1994),3.5,3.7644935206572656
rw1570262,Canvas (2006),4.0,2.989409383711355
rw2201807,House of 9 (2005),1.5,3.3433352576699966
rw0788078,24 Hour Party People (2002),4.0,3.1948087447841194
rw3773955,When Strangers Marry (1944),4.0,3.2678103610466533
rw4056057,The Shawshank Redemption (1994),5.0,4.670539484902457
rw3371377,Into the Badlands (2015–2019),3.5,3.349907462086493
rw3039728,Snow White and the Seven Dwarfs (1937),5.0,3.6508886032398222
rw2537727,Ten Days in Paris (1940),2.5,3.497142831099055
rw4554102,The Gallows (2015),2.5,3.8005567332122494
rw4816360,Mulholland Dr. (2001),2.0,3.485821907432837
rw5228120,Angel of Mine (2019),2.0,2.6035033416998825
rw6162031,28 Days Later... (2002),1.0,3.1600121843484468
rw0632814,Anatomy (2000),5.0,3.277432964934328
rw6136981,The Old Guard (2020),4.5,4.229870523769947
rw1610258,Timeline (2003),3.0,2.343349657075691
rw2573161,Top Hat (1935),4.5,3.4106186226931254
rw1358885,The Silence of the Lambs (1991),4.0,2.755015055346226
rw1381176,Big Fish (2003),5.0,1.4518403239739428
rw2368195,Quantum of Solace (2008),3.0,3.8430503251642665
rw2377939,One Fine Day (1996),3.5,3.357406885234351
rw5515262,The Face of Another (1966),4.0,3.630784618252932
rw5988374,Gunjan Saxena: The Kargil Girl (2020),4.5,3.4461474562802263
rw4931447,The Beach Bum (2019),1.0,2.894609330502365
rw5922294,X-Men: Dark Phoenix (2019),2.0,3.167798908739576
rw6415544,Devil's Bait (1959),4.5,3.155843261683499
rw2937722,You're Next (2011),3.0,3.404531674673472
rw3658530,Inception (2010),5.0,4.69406796019806
rw1349560,Silent Hill (2006),5.0,3.086028366331552
rw3675182,Kong: Skull Island (2017),3.0,3.7004172968696984
rw3522874,Die Pilgerin (2014– ),2.0,3.3753650162234554
rw3715175,Attack on Titan Part 2 (2015),2.0,3.8054879452218398
rw5958387,Black Is King (2020),5.0,4.594140882010644
rw1595993,Derailed (2002),1.0,3.0957751257451505
rw1433878,My Super Ex-Girlfriend (2006),4.5,3.0879037718203675
rw0382408,DragonHeart (1996),2.0,3.1186645649916858
rw5561630,Derry Girls (2018– ),5.0,3.2171918548369423
rw3843054,The Void (I) (2016),4.0,3.336179314096758
rw1553905,A Christmas Story (1983),4.0,3.367636173564824
rw0469645,Saving Private Ryan (1998),2.0,2.627977375605016
rw2546677,Justice League of America (1997 TV Movie),2.0,3.2207369895871176
rw5500098,Parasite (2019),3.5,4.484876672722678
rw1304178,Gung Ho (1986),3.0,3.297040056288516
rw1893114,Vacancy (2007),0.5,2.7274780859834697
rw2731844,Fly Away Baby (1937),2.5,3.4002777687996173
rw5101549,Unforgettable (II) (2017),2.0,3.4259673654347056
rw3745441,Snow Angels (I) (2007),4.0,3.3956458689549547
rw2597516,The Vampire Diaries (2009–2017),5.0,3.2711579895473113
rw5561245,Jumanji: The Next Level (2019),4.0,2.769403698197983
rw0186905,Killjoy (1981 TV Movie),4.5,3.3738042445364806
rw4834043,Meteorites! (1998 TV Movie),1.0,3.4075925053176666
rw6093390,Heroes Reborn (2015–2016),1.0,3.090819859335144
rw5842239,The Green Mile (1999),4.5,4.485738909252121
rw2282130,Inception (2010),5.0,4.69406796019806
rw6336675,The Fury (1978),3.5,3.6393128119847815
rw3758236,What the Health (2017),5.0,3.534099200837917
rw0806448,Tuck Everlasting (2002),4.5,3.771135890143832
rw1688436,Samouraïs (2002),2.5,2.9415906556562557
rw5181254,A Talent for Murder (1984 TV Movie),1.0,3.8675657242096784
rw2523148,Teenage Caveman (2002 TV Movie),1.5,3.397924313265996
rw5146245,Little Baby (2019),5.0,3.1226531531279256
rw5164667,小丑 (2019),5.0,4.136299309589022
rw1662768,Pirates of the Caribbean: At World's End (2007),4.5,4.285925165015443
rw0801217,Final Stab (2001 Video),2.0,2.9034286447691167
rw1952258,Bang Bang Kid (1967),1.0,3.722935965855456
rw0582546,The Lord of the Rings: The Return of the King (2003),5.0,4.7949227867442845
rw1794031,There Will Be Blood (2007),5.0,2.994477524242926
rw1341921,Till Human Voices Wake Us (2002),5.0,3.377995620318855
rw2392202,Classroom 216 (2011),5.0,3.651028856102129
rw6315163,12 Pups of Christmas (2019),1.0,3.4927144507794536
rw1932506,Batman Returns (1992),2.5,4.512732398344808
rw4197043,Forever My Girl (2018),1.0,3.497953966125232
rw1157300,Creep (I) (2004),3.5,2.9273947846022965
rw5704236,Planet of the Humans (2019),5.0,3.465822202438578
rw2962407,The Dark Knight (2008),5.0,4.434869807280738
rw5907107,Archive (2020),4.5,4.205206802485269
rw5167554,The K2 (2016),1.0,3.3969631272525556
rw0593399,American Beauty (1999),1.5,3.5502421412138156
rw4087322,Nikita (2010–2013),4.0,1.9315518110502925
rw0300300,Terminator 2: Judgment Day (1991),4.5,4.338563300656565
rw3354802,Bloodsucking Freaks (1976),1.0,2.7887685859439992
rw4843550,Spare Parts (I) (2015),5.0,3.6014863131963226
rw1158903,Trancado por Dentro (1989),5.0,3.9481386996550456
rw1444659,Raw Deal: A Question of Consent (2001),3.5,3.2857139099046706
rw3277155,From Dusk Till Dawn (1996),2.5,1.3105147025310162
rw2633910,西雅圖夜未眠 (1993),5.0,3.1946317515730205
rw3747448,Agonie (I) (2016),2.0,2.845395071529935
rw5641053,Funny Games (2007),5.0,3.558107256802379
rw1930428,Kibakichi: Bakko-yokaiden (2004),0.5,3.6192884153475586
rw0992431,Bridget Jones: The Edge of Reason (2004),1.0,3.073784865492973
rw1192732,Fight Club (1999),5.0,2.9816625485208035
rw2548060,Bicycle Thieves (1948),5.0,4.126054539476908
rw0300290,Terminator 2: Judgment Day (1991),4.5,4.24626858447769
rw6020670,Flesh (2020),5.0,4.939367320062718
rw4984002,Article 15 (2019),4.5,3.39973851798026
rw3016214,The Frightened Man (1952),3.0,3.5431461693861057
rw5190636,Artifice (I) (2019),4.5,3.3008336202454465
rw4636484,Nautanki Saala! (2013),4.5,3.640484742546535
rw0669099,The Weight of Water (2000),2.5,3.5138491992996372
rw1286133,Something New (I) (2006),5.0,2.911215364307213
rw2523585,Greenberg (2010),4.0,2.9561244873419934
rw5870645,Vice (I) (2018),3.0,2.582151872161053
rw1725919,Superman II: The Richard Donner Cut (1980 Video),4.0,3.582542605702412
rw1598007,Berlin - Ecke Schönhauser (1957),3.0,3.677802454843151
rw0791318,Lilo & Stitch (2002),3.0,4.8020150404702635
rw1365934,Misery (1990),4.5,2.9364253931012447
rw1744838,An Inconvenient Truth (2006),0.5,3.248840142024506
rw2519351,My Sassy Girl (2008– ),5.0,3.5163522480145333
rw1533816,Beethoven's 4th (2001 Video),1.5,3.483501267522912
rw3708071,Snatched (2017),3.0,3.2308409437217325
rw2174150,Hakuôki (1959),4.0,3.9541595819032973
rw2547798,Men in Black II (2002),3.0,2.9417427671855982
rw2716247,Khiladi 786 (2012),1.0,2.990142292371424
rw6453516,Mosaic (2007 Video),4.0,3.600807945988046
rw1376156,The Island (2005),2.0,3.5531803063503355
rw4205051,Upgrade (2018),4.0,4.295266458382607
rw4323560,Chicken Girls (2017– ),5.0,3.647978649218118
rw1930985,Crazy (II) (2008),4.5,3.156228999629009
rw0834029,xXx (2002),2.0,3.344551889228935
rw2362275,"Naval Cadets, Charge! (1988– )",5.0,2.8942788429990225
rw1275463,The Graduate (1967),4.0,4.33158668470726
rw2049971,Ken Park (2002),1.0,3.656128408711381
rw6117355,Better Man (2013),0.5,3.0094866211053337
rw0910927,The Cat Returns (2002),2.0,3.701706965624904
rw2378377,Ju-on: The Curse (2000 Video),5.0,2.9260789471385005
rw1790266,Jesus Camp (2006),0.5,4.344108927853673
rw1908567,Rambo (2008),5.0,3.132588764412022
rw4344192,All This Mayhem (2014),4.5,3.340530057009233
rw3355685,All the Time in the World (2014),5.0,3.339690480026756
rw4528385,Sabrina (2018),0.5,2.82068385150105
rw2604918,The Avengers (2012),4.5,4.529733307299152
rw3606318,Apollo 13 (I) (1995),4.5,3.066402157732277
rw3284333,Younger (2015– ),4.5,3.2806176657189625
rw4623474,Lethal Weapon (2016–2019),0.5,3.7168098668421843
rw3400263,Bolishopping (2013),4.0,3.6188111448978413
rw1941531,Firing Line (1966–2020),3.5,3.5485973242073148
rw4015205,Scenes from the Class Struggle in Beverly Hills (1989),1.5,3.381040489303958
rw4800661,Book Club (I) (2018),0.5,3.632084384429117
rw5663451,Gang of Roses (2003),1.5,2.843543192562359
rw6370939,Wonder Woman 1984 (2020),5.0,1.4146914777994115
rw1312484,Goodfellas (1990),5.0,4.9246393941578175
rw2144086,"I Love You, Man (2009)",4.5,2.717321049959165
rw6286910,The Corporation (2003),3.5,3.5773244265728033
rw4989250,Documental (2016– ),5.0,3.7174698743873775
rw0704443,The Matrix Reloaded (2003),4.0,2.3054611752657954
rw2332895,Saw 3D (2010),4.0,3.255318950943384
rw5436129,Time Lapse (2014),2.5,2.2308225636761616
rw6407166,Wonder Woman 1984 (2020),0.5,2.33409029108882
rw2064003,"Same Time, Next Year (1978)",5.0,3.6784066494072887
rw1609417,十月的天空 (1999),4.5,3.6554518796580826
rw6386884,Unlocking Christmas (2020 TV Movie),5.0,3.3909247667777866
rw1073584,The Best Years of Our Lives (1946),5.0,4.819023332670265
rw4535782,Master Z: The Ip Man Legacy (2018),4.0,3.147108666852036
rw3049370,Reykjavík-Rotterdam (2008),2.5,3.458493687369744
rw5434780,Vis a vis (2015–2019),5.0,3.651028856102129
rw1977547,Mother of Tears (2007),4.0,2.4206207898930074
rw3466195,London Has Fallen (2016),4.0,2.2931457799135906
rw0734712,In the Bedroom (2001),4.5,3.383947409987944
rw2259893,I Love You Phillip Morris (2009),0.5,3.6347863095328248
rw4674943,The Autopsy of Jane Doe (2016),3.5,3.4675044285288394
rw4425110,Tomb Raider (2018),4.5,3.095844450612298
rw1955386,Beauty and the Beast (1987–1990),5.0,3.3752495751955696
rw2958792,La Jetée (1962),5.0,3.872896662647611
rw4440954,The Resident (2018– ),5.0,2.3950580610515675
rw2141324,Play It to the Bone (1999),3.5,3.710214550634664
rw0676312,Citizen Toxie: The Toxic Avenger IV (2000),5.0,3.0767615528562664
rw5531479,Anna (II) (2019),2.5,3.0696530133345856
rw4244305,The Girl Next Door (2007),1.5,3.5240689980654096
rw5102198,It Chapter Two (2019),3.5,3.3087123192587393
rw3677125,The Accountant (2016),3.5,3.0548021256135565
rw4268703,Father of the Year (2018),2.0,2.8496072023751147
rw4319256,The Con is On (2018),5.0,3.4985495297464544
rw4233478,Guest in the House (1944),3.0,3.7697764966211156
rw2233513,Harmony Trail (1944),3.5,2.948748380852027
rw2867762,The Case for a Creator (2006 TV Movie),5.0,3.651028856102129
rw2304815,Heavy Metal in Baghdad (2007),4.0,3.633335848238531
rw1295887,A History of Violence (2005),1.0,3.1001453389327334
rw4619267,Miss Bala (2019),4.0,3.4377182501703416
rw0121166,Bad Company (1972),3.5,4.018884217166391
rw6107480,L'ultimo guerriero (1984),2.0,3.0613364729178802
rw1743440,Moonlight (2007–2008),4.5,3.047799410087398
rw2291075,Inception (2010),3.5,4.69406796019806
rw4113216,Your Name. (2016),3.5,4.00395551338943
rw1710448,Panic in Year Zero (1962),1.5,3.220944195360407
rw5861764,Batman (1989),4.0,4.374219077044415
rw4706078,Captain Marvel (2019),2.5,3.740506390838712
rw3745079,Guardians of the Galaxy (2014),4.0,4.159289415323043
rw4753266,The Highwaymen (2019),4.0,4.201334368810341
rw5729051,Midnight Special (2016),4.0,3.653176331585713
rw3296707,Shaun the Sheep Movie (2015),4.0,3.4088598254865845
rw5875683,Kaali (2020– ),5.0,3.5083182369664736
rw2706887,迷魂記 (1958),5.0,4.375906332014969
rw5374241,Avane Srimannarayana (2019),4.0,3.707894777764993
rw4091839,Mayumi (1990),4.5,3.6188111448978413
rw4096546,The Shawshank Redemption (1994),5.0,4.68526596410723
rw1554226,When a Stranger Calls (2006),1.5,4.743886520015699
rw2831832,Me and You and Everyone We Know (2005),0.5,1.406976906025704
rw0299493,The Silence of the Lambs (1991),0.5,3.793318016625404
rw3843687,Bokeh (I) (2017),0.5,3.3013952493672676
rw4966327,Kabir Singh (2019),0.5,3.4071347798241693
rw6387972,The Hound of the Baskervilles (1939),3.5,3.7551234748730553
rw5260840,Angel Has Fallen (2019),2.0,2.8589396611870717
rw2877423,Xi Yang Yang Yu Hui Tai Lang Zhi Niu Qi Chong Tian (2009),0.5,3.7087986219020155
rw3866303,Billy Lynn's Long Halftime Walk (2016),3.0,2.644443437218422
rw4523940,The Wolf of Wall Street (2013),3.5,4.4010624858969
rw4557288,Aquaman (2018),2.0,3.010772852354071
rw3170860,The Dead of Night (2010 Video),1.5,2.550278643054564
rw1725132,Death Sentence (2007),0.5,3.205885417141217
rw3097641,The Giver (2014),0.5,2.9914005160215287
rw2912344,The Hunger Games: Catching Fire (2013),3.0,2.814710383845267
rw0764247,Men with Brooms (2002),1.0,3.3825765409559723
rw5261451,Dickinson (2019– ),4.0,3.3208621150636017
rw3039265,Batman Returns (1992),5.0,2.651229696657458
rw3518544,Good Will Hunting (1997),5.0,3.1093716383419854
rw4745590,Deadly Class (2018–2019),5.0,3.771000042255888
rw3001960,The Bag Man (I) (2014),4.0,3.9017308871472443
rw1184083,Serenity (2005),2.0,3.2238458122435323
rw2009113,Shakespeare in Love (1998),2.5,2.7303637050551792
rw3014480,Heat (1995),3.0,3.65190154340493
rw1708828,Transformers (2007),2.0,3.13604776025192
rw5783947,Uncivilized (2020),5.0,4.952200510154003
rw4360434,Footsteps in the Night (1957),2.5,3.653405241051553
rw6112537,Chernobyl (2019),5.0,4.957090543341457
rw5729089,Janara (2015),1.5,3.7686015687095717
rw1943793,Baby Mama (2008),2.0,2.8396736675605636
rw5391109,A Star Is Born (2018),2.0,3.428476263809543
rw4975094,Julie (1956),3.0,3.7201744157333465
rw2607027,Schlafkrankheit (2011),4.0,3.195977235800957
rw0995892,Two Lords (2002),5.0,3.6888139226143064
rw4608273,Somewhere Between (2017),4.0,3.565380694738679
rw2288016,Dinner for Schmucks (2010),4.5,2.8498157014766883
rw5377755,In the Shadow of the Moon (2019),4.0,2.9718271534529586
rw3629746,Life (I) (2015),3.0,3.6812659509337005
rw0523756,Intolerable Cruelty (2003),1.5,3.831888701338697
rw5743778,Home Education (2016),3.0,2.6303704064735833
rw3686783,Terminator Genisys (2015),3.5,2.9365862095586865
rw1768375,American Gangster (2007),2.5,3.4172750978381017
rw2428396,Man on the Moon (1999),3.5,4.57339601016309
rw1332244,Hung (2005),4.0,2.2111684240561646
rw3361619,The Smurfs: A Christmas Carol (2011),3.0,3.569755945566679
rw5703584,The Godfather (1972),4.5,4.77869431957943
rw3428335,All This and Rabbit Stew (1941),1.5,3.7734442651605153
rw1691397,Mortal Kombat: Annihilation (1997),1.5,3.322560293406387
rw2363706,Rage (I) (2009),3.0,3.3576408358531413
rw5671375,The Corpse of Anna Fritz (2015),3.5,3.043431523543654
rw6354648,Left Behind (I) (2014),1.0,3.87069899684082
rw6097110,3 Idiots (2009),5.0,2.5502846067060227
rw6351659,Case 39 (2009),5.0,2.668910075745663
rw5327704,Don't Let Him In (2011),0.5,3.320277551294483
rw2880892,Gravity (2013),1.0,4.282729458168324
rw4628114,The Captain (2017),3.5,3.7957286999223223
rw1552205,Home Alone 2: Lost in New York (1992),4.5,3.202642654332515
rw5794260,Sexy Beast (2000),1.0,3.2387194193643594
rw2032051,Watchmen (2009),4.0,2.775442938382981
rw1788951,Blue Velvet (1986),5.0,3.6188709764406304
rw4757003,Traitors (2019– ),4.0,4.443369946021613
rw0948664,Team America: World Police (2004),0.5,4.183236064445473
rw0719001,Exit Wounds (2001),4.0,3.3471160364195476
rw4094444,Poltergeist (1982),5.0,3.5194903053032474
rw6164945,Running with Beto (2019),5.0,3.1321890256845077
rw2318773,Queen of the Damned (2002),3.0,2.7852108605686894
rw0113639,The Touch of Satan (1971),0.5,2.2663628513596774
rw4732710,Strike Back (2010–2020),5.0,3.503736510449017
rw0479364,Fantasia 2000 (1999),5.0,4.601683353228971
rw4338501,Get the Gringo (2012),4.5,2.955601928441732
rw2780076,There Will Be Blood (2007),3.0,4.570924363328631
rw0148770,Murder by Death (1976),4.5,2.9089333670342814
rw4248632,The Hurricane Heist (2018),0.5,3.3098674371690566
rw1256069,Wagon Master (1950),5.0,3.7879449696489678
rw6208230,Ad Astra (2019),1.0,3.069757494906353
rw6032788,Flesh (2020),0.5,4.939367320062718
rw4568708,When Angels Sleep (2018),0.5,3.240609178814615
rw2689913,普羅米修斯 (I) (2012),0.5,2.8871475165540157
rw1283828,Harry Potter and the Prisoner of Azkaban (2004),5.0,2.978620086597599
rw4181792,The Delta Force (1986),2.5,2.914282062075179
rw1882040,Runaway Bride (1999),5.0,3.364205963283314
rw1260765,The Opposite Sex (1956),5.0,2.944971199455795
rw1616871,"Lex, the Wonder Dog (1973)",3.5,3.6732769723662533
rw2969175,The Missing Scarf (2013),3.5,3.339354715354277
rw5493259,Birds of Prey (2020),5.0,3.653779910159892
rw2791453,Brazil (1985),5.0,4.677144932322516
rw3492606,Sunday Bloody Sunday (1971),4.0,3.654839127466624
rw6165682,Dolly Kitty and Those Twinkling Stars (2019),5.0,4.714636875320123
rw0657345,The Iceman Cometh (1960 TV Movie),5.0,3.8550207872452735
rw4308916,Hereditary (2018),0.5,2.590011957939118
rw5859231,Mrs. Serial Killer (2020),4.0,4.4545967089682375
rw1532454,The Silencers (1966),3.5,3.564068579925322
rw3117528,Tammy (2014),2.0,3.294582378194157
rw4338848,Summer of 84 (2018),0.5,3.3772813212157753
rw2327078,Night of the Demons (2009),4.0,3.219872106922078
rw6424890,Soul (2020),4.5,3.403021493611715
rw1680959,Blood and Chocolate (2007),3.5,1.9108121848854518
rw1248492,Animal Farm (1954),4.5,3.573358711042855
rw1880078,Choose Me (1984),0.5,3.222480999428607
rw4683746,Spider-Man: Into the Spider-Verse (2018),4.0,4.5692749390267355
rw0053435,Seven Samurai (1954),4.5,4.043251503903312
rw2424129,Abbott and Costello Go to Mars (1953),2.5,2.8938326734379993
rw5639828,Tiger King (2020),2.5,3.7256574265080853
rw6213412,The Fast and the Furious: Tokyo Drift (2006),2.5,1.4614074523829865
rw4603413,Downrange (2017),4.0,3.1388823227047835
rw2000105,The Passion of the Christ (2004),1.0,2.770027491390786
rw6141107,Khaali Peeli (2020),1.0,3.4818256907148277
rw5427792,Kingsman: The Golden Circle (2017),5.0,1.0164595606465097
rw3874835,Chronesthesia (2016),5.0,3.6188111448978413
rw3365146,Spectre (I) (2015),5.0,3.8557730183719077
rw3079700,Dawn of the Planet of the Apes (2014),2.0,4.183855781617535
rw4582492,The Waltons (1972–1981),5.0,3.3753709367283733
rw5405881,Chernobyl Diaries (2012),2.5,3.5654787109565635
rw6355992,We Are Who We Are (2020),3.5,3.8232408017681974
rw2605710,Zodiac (2007),3.0,2.9640148932759733
rw0762402,Empire (2002),1.5,3.8240669404801126
rw1820179,The Way of All Flesh (1940),4.5,3.4746804291591906
rw4110987,The Outsider (I) (2018),5.0,3.324208451345172
rw1001374,Billy Elliot (2000),3.0,4.343812130966346
rw3127135,The Fountain (2006),5.0,3.4675310358408864
rw2152522,Taken (I) (2008),3.0,3.480764542421492
rw4938598,Jinn (2019– ),0.5,3.7544174374756625
rw4215177,Climax (I) (2018),4.5,2.632023465646819
rw3280074,Terminator Genisys (2015),3.0,3.7311461875504666
rw0878283,La fleur du mal (2003),1.5,3.442636357978455
rw3117438,Forrest Gump (1994),4.0,4.9479591882697305
rw5733010,The Prestige (2006),5.0,3.564402419481358
rw1650724,Deja Vu (2006),5.0,2.9266412951750085
rw4297743,Grown Ups (I) (2010),3.0,1.9251466841846905
rw1503113,The People Under the Stairs (1991),3.0,3.1516653066643987
rw5585668,Licence to Kill (1989),2.5,3.683594013647551
rw1530815,Devon's Ghost: Legend of the Bloody Boy (2005 Video),0.5,3.093420981383898
rw2427815,Dracula (1931),4.0,3.3927008159846705
rw0159019,Death Dimension (1978),3.0,3.2150660690338126
rw5441815,Tall Girl (2019),1.5,0.8003684392146942
rw3726111,Before the Flood (2016),3.5,3.625285370518854
rw5889500,Suzi Q (2019),5.0,3.3345966263354363
rw1931287,The Deer Hunter (1978),5.0,3.920255943475292
rw1712805,Hannah Montana (2006–2011),5.0,4.085306407605723
rw0468191,Resident Evil (2002),4.5,3.4837813556020367
rw2967288,Gunday (2014),3.5,3.8120005781907884
rw3673186,Altered Hours (2016),4.5,3.086675051105454
rw0124323,Junior Bonner (1972),5.0,3.227341110381508
rw4438781,Andhadhun (2018),5.0,4.631207204303752
rw5291873,玩命關頭 (2001),1.5,3.209808305329027
rw2985123,Pirates of the Caribbean: Dead Man's Chest (2006),1.0,2.061204871340472
rw3540665,Kill Bill: Vol. 1 (2003),4.5,4.605439959868157
rw6306432,Oldboy (2013),0.5,4.114982358651889
rw4011869,Bright (I) (2017),4.0,3.2745273434919175
rw5270712,Humans (2015–2018),2.0,3.7087986219020155
rw2026303,Identity Theft (2004 TV Movie),2.0,2.5409837330573692
rw4600760,Glass (2019),3.0,4.846238232112997
rw4962659,Breath (I) (2017),2.5,3.4127555854028753
rw6331816,"Sacred Cow: The Nutritional, Environmental and Ethical Case for Better Meat (2020)",5.0,3.7218672012365324
rw1541783,Robinson Crusoe (1997),1.5,3.3499361102966634
rw4198554,The Great Train Robbery (1978),3.0,3.5702986685763602
rw0334597,Anjaam (1994),5.0,3.5448123665811635
rw1781026,Little Man Tate (1991),4.0,3.7506013616968543
rw5354276,2036 Origin Unknown (2018),0.5,2.565061102535671
rw1213790,Deewaar (1975),4.5,4.339392953269225
rw2258169,District 9 (2009),4.5,3.0764873402270974
rw1541015,Bobby (I) (2006),2.5,3.294061512789284
rw4508167,Aquaman (2018),0.5,2.523437717561371
rw3668871,Your Name. (2016),4.5,4.236289121350326
rw4710042,Captain Marvel (2019),5.0,2.9413454355314035
rw6415089,The Midnight Sky (2020),1.5,2.9285712462467246
rw2845948,The Purge (I) (2013),3.0,3.0765404395627636
rw2001413,Secret Honor (1984),4.0,3.659790005628227
rw5663357,The Quatermass Xperiment (1955),4.0,3.1625754950213105
rw0906097,Mix (I) (2004),3.5,3.1262711224863784
rw5457485,A Twelve-Year Night (2018),3.0,3.836088072556327
rw0193015,The Evil Dead (1981),5.0,3.044271223168218
rw5926139,Fairy Tail (2009–2019),4.5,3.934818485671713
rw5787738,Mrs. Serial Killer (2020),5.0,4.186308797001419
rw3310198,Les témoins (2014– ),3.5,3.4267155993095693
rw0321790,The Fugitive (1993),5.0,3.7648898855664306
rw2462832,200 Cigarettes (1999),4.5,3.498312220406527
rw5263571,Mutant (1984),3.5,3.2228100671875644
rw0910170,Sky Captain and the World of Tomorrow (2004),5.0,3.091538132344744
rw3827191,Joseph Smith: Prophet of the Restoration (2005),2.5,3.6936279816459674
rw4947113,Murder Mystery (2019),3.0,3.860104244567726
rw3271012,Maggie (I) (2015),5.0,4.513525695671681
rw2412263,Pie in the Sky (1994–1997),4.0,3.426480611617655
rw5121357,It Chapter Two (2019),3.5,2.1231301052251905
rw4290761,Deadpool 2 (2018),3.5,1.0020641301063378
rw5023376,The Blue Elephant 2 (2019),5.0,3.1288785880051218
rw5197464,Emergence (2019–2020),4.0,4.236872157717069
rw4730000,Triple Frontier (2019),2.5,3.8037012227804947
rw4881096,Lucifer (2016– ),5.0,3.6188111448978413
rw5502180,Sweethearts (2019),1.0,2.701292847553465
rw5557691,The Pale Horse (2020),1.5,3.485524034695783
rw0838554,Shrek 2 (2004),3.5,3.1716978580485486
rw0789508,Stranded (2002 Video),1.0,3.0357508685005965
rw5125536,Carrie (1976),4.5,3.544747368957278
rw1943102,Battlestar Galactica (2004–2009),5.0,4.612996686044821
rw4049065,Vodka Diaries (2018),5.0,3.1043451728908793
rw5508452,The House of Exorcism (1975),1.0,3.0175882741521494
rw4282505,Dog Days (I) (2018),5.0,3.2655413824394155
rw3448028,The Wild Wild West (1965–1969),0.5,3.5084996425618455
rw1241417,King Kong (2005),0.5,3.526261467100254
rw4455237,Hanum & Rangga: Faith & The City (2018),0.5,2.6822452013865465
rw0840614,In America (2002),5.0,3.44367497904757
rw5133125,Last Knights (2015),5.0,3.0704475073422244
rw4433401,Crime Boss (1972),1.5,3.6441075798503255
rw4183517,The Raid: Redemption (2011),3.0,2.9594330709847356
rw3123722,The Last Ship (2014–2018),5.0,3.7174698743873775
rw4331759,'The Day of the Purple Sun': Part I (2017),5.0,3.3401390923845606
rw5954319,Tribal Get Out Alive (2020),3.5,2.850574343497756
rw1291050,Daniel the Wizard (2004),0.5,3.285653159605117
rw5819192,First Kill (2017),5.0,2.941834117641528
rw2058378,Night on Earth (1991),4.5,3.4954598924094196
rw2804759,Djúpið (2012),3.0,3.3297622636499304
rw4983898,Midsommar (2019),4.0,1.815674677868398
rw5396407,Blade: Trinity (2004),4.0,3.390661564341307
rw3777986,Salvation (2017–2018),3.5,3.5528748768745495
rw5337503,華爾街之狼 (2013),4.5,4.341494201583312
rw4392359,De ollas y sueños (2009),3.5,3.6188111448978413
rw5416008,Forrest Gump (1994),5.0,4.735181240975265
rw2249332,Please Give (2010),4.5,3.0463398307278493
rw3182802,The Golden Fish (1959),5.0,3.7388709239682556
rw2306562,2:22 (2008),0.5,3.4054316112034217
rw2097357,The Private Lives of Pippa Lee (2009),4.0,3.2172576595759503
rw1725327,This Is England (2006),4.5,3.804987618104563
rw2752010,Unforgiven (2009),3.5,3.2484400280181465
rw2105262,The Towering Inferno (1974),4.0,3.384271795123468
rw0633388,Doug's 1st Movie (1999),5.0,3.8365504398754338
rw4766927,Shazam! (2019),4.5,2.6513321838407187
rw5031291,The Children Act (2017),3.5,4.0270757084116
rw4552348,The Equalizer 2 (2018),3.0,4.227564313726257
rw3152723,"Location, Location, Location (2000– )",4.0,3.8011860493720744
rw0271449,Indiana Jones and the Last Crusade (1989),4.0,1.5841895531209198
rw5107569,Chhichhore (2019),4.5,4.952200510154003
rw3511896,Stranger Things (2016– ),3.5,3.7174698743873775
rw1062810,The Amityville Horror (2005),3.5,3.4219702501274307
rw1853282,Tomorrow (1972),2.5,3.4768309315968966
rw5757140,Jarhead: Law of Return (2019 Video),0.5,3.5804523378800277
rw0174681,The Dogs of War (1980),3.5,3.1985507794507964
rw6201879,SOS Kolkata (2020),5.0,3.459041584195052
rw1106006,Blue Car (2002),3.5,3.4310569568450293
rw2535340,The Girl Who Played with Fire (2009),4.0,3.1834695207662684
rw0963767,Voor een verloren soldaat (1992),5.0,3.3342637689084653
rw2735989,Jesus Henry Christ (2011),5.0,3.1026435600621496
rw4581960,Sex Education (2019– ),4.5,3.992575170855001
rw6172894,David Attenborough: A Life on Our Planet (2020),5.0,3.288907085874329
rw5280074,Joker (2019),5.0,3.9974997638269145
rw1991062,The Strangers (2008),0.5,3.2313970197460207
rw3502839,Candyman (1992),3.5,3.473227626208908
rw4235658,Arif V 216 (2018),4.0,3.35135070673918
rw4643749,Satan's Blade (1984),0.5,3.4737855988326674
rw4774399,Gloria Bell (2018),3.5,3.6935560064247124
rw0388105,Jake's Women (1996 TV Movie),5.0,3.6190870165270974
rw3717064,Temple Grandin (2010 TV Movie),4.5,3.6398261879378486
rw4195289,Horror House on Highway Five (1985),3.0,3.159604697096571
rw4137646,Super Troopers 2 (2018),3.0,3.193371850548057
rw0698180,Bartleby (2001),3.0,3.624803086140296
rw4786698,How to Train Your Dragon 2 (2014),4.5,4.669555129295863
rw1842028,The Bank Job (2008),4.0,4.434267486435745
rw5220296,Mr. Right (I) (2015),3.5,3.515205915599167
rw1363799,Unfaithful (2002),2.5,4.635679825948362
rw3173631,Legion (2010),4.0,3.2670259843835923
rw4329594,The Children Act (2017),4.0,4.0270757084116
rw4109593,Dave Chappelle: Equanimity (2017 TV Special),3.5,2.8756992356246713
rw2073120,Where I Stand: The Hank Greenspun Story (2008),5.0,3.7087986219020155
rw2864081,Confessions (2010),3.5,3.3900586833192032
rw6184067,The Three Deaths of Marisela Escobedo (2020),5.0,2.8820748704748915
rw5947640,Cursed (2020– ),1.0,3.7087986219020155
rw0461290,The Lord of the Rings: The Fellowship of the Ring (2001),5.0,2.861122721234798
rw1354388,Casual Sex? (1988),3.0,3.282544981852887
rw4222030,The Needle Drop (2009– ),3.5,3.2209158425119297
rw5610581,X2: X-Men United (2003),4.5,4.245535043219038
rw0408965,Life Is Beautiful (1997),4.5,4.279255233498991
rw2334338,Gods and Generals (2003),0.5,1.145050578003026
rw4030122,Mary and the Witch's Flower (2017),4.0,3.9280526813753722
rw0242832,Dirty Dancing (1987),3.5,3.0367330487137325
rw5707089,Mrs. Serial Killer (2020),5.0,4.710258429062038
rw1879853,Lions for Lambs (2007),0.5,3.99869017415329
rw5705631,Hollywood (2020),5.0,3.783204512333549
rw4387144,Beyond the Edge (2018),4.0,3.200497498088334
rw2645090,The Killing of a Chinese Bookie (1976),3.5,3.27979081455848
rw2822938,Planet of the Apes (2001),1.5,1.68476023352925
rw1742246,Face/Off (1997),4.5,4.6400046755980044
rw3704586,Moonlight (I) (2016),1.0,3.8453387440766194
rw3709816,Manhattan Tower (1932),3.0,3.6738617781075176
rw3563827,Bad Boys (1995),5.0,3.232130271934182
rw6066314,JL50 (2020– ),5.0,3.651028856102129
rw4394216,Somewhere (2010),3.0,1.1459742972097011
rw3799341,The Fox and the Hound (1981),4.0,3.3167108749209584
rw4990196,Broken Ghost (2017),1.0,3.4424767877563505
rw2698942,The Legend of Hell House (1973),4.0,2.728795722317053
rw3099960,Hannibal (2013–2015),5.0,4.045329570428523
rw5123724,500 Days of Summer (2009),5.0,4.2717859121901816
rw5689323,One Night Stand (I) (2016),0.5,3.252911558168897
rw2400064,Bir Avuç Deniz (2011),2.0,3.546804400691697
rw2225201,The International (I) (2009),3.0,3.1411733874640104
rw4100708,We Love Paleo (2016),1.0,3.7087986219020155
rw6436850,See No Evil (2014– ),3.0,3.7835903412305223
rw5936270,Dil Bechara (2020),5.0,4.999071923328445
rw6163300,The Lie (2018),2.0,3.104845575725006
rw2261075,Ginger Snaps III: The Beginning (2004),1.5,2.8598309188864905
rw1078248,David's Mother (1994 TV Movie),4.5,3.583879439059123
rw5712275,Mother (2009),3.5,3.054708627540435
rw2603789,Phenomena (1985),5.0,3.183512411435363
rw4565146,Thugs of Hindostan (2018),4.0,3.5254175119419275
rw1930602,Lake Placid 2 (2007 TV Movie),3.5,3.4667257737026502
rw4636178,Mortal Engines (2018),3.0,3.439845533082726
rw3085907,"As Above, So Below (2014)",1.0,3.5415245726983353
rw1135628,War of the Worlds (2005),4.0,3.4486967375423725
rw0639376,Pokémon: The First Movie - Mewtwo Strikes Back (1998),4.5,3.935519959063086
rw4043402,Arjun Reddy (2017),1.5,3.536474734737241
rw3388024,Star Wars: Episode VII - The Force Awakens (2015),0.5,2.7727818311548504
rw5764735,The Wave (2019),3.0,3.0619062073805132
rw6424526,Death to 2020 (2020 TV Special),0.5,2.7980455700013027
rw1946400,Righteous Kill (2008),2.0,1.7811430321131672
rw3397174,The Transporter Refueled (2015),3.5,2.7832643416141365
rw4841762,Don Juan DeMarco (1994),2.5,3.451540774955479
rw6162240,Abhay (2019– ),5.0,4.977732386075479
rw3049954,Maleficent (2014),0.5,3.4759549972202968
rw2359491,Spike (2008),0.5,3.561836053243703
rw1639672,The Browning Version (1951),3.5,3.1468522093866937
rw1800020,Sunshine (2007),1.5,2.291947924130174
rw0621224,A Knight's Tale (2001),1.0,3.244117994120877
rw2553629,Ace Ventura: Pet Detective Jr. (2009 TV Movie),0.5,3.6022543751754537
rw5286768,Solver (2017),2.5,2.902618994661571
rw0223573,Lifeforce (1985),3.5,3.367987764691088
rw3048904,Transformers (2007),4.5,2.4438620598237195
rw6059782,Daddy (III) (2017),5.0,3.1355190571068547
rw0480190,Titan A.E. (2000),3.0,4.309186205433413
rw2544070,New Kids Nitro (2011),1.5,2.849327824333953
rw1559212,Pan's Labyrinth (2006),4.0,4.726038670372704
rw0225151,Pray for Death (1985),1.0,3.0531555123678755
rw4851663,Flip (2019– ),5.0,3.651028856102129
rw3073194,Ringer (2011–2012),2.0,3.580229172619382
rw4271737,The Artist (I) (2011),3.5,3.7892310268366987
rw0460861,The Lord of the Rings: The Fellowship of the Ring (2001),4.5,2.861122721234798
rw2661990,普羅米修斯 (I) (2012),3.0,0.7168136635501106
rw0603017,Scary Movie (2000),3.5,3.6422322315879363
rw4111182,Ready Player One (2018),3.0,2.866357569680238
rw0342288,The Lion King (1994),5.0,4.951956123837142
rw1209553,Birth (2004),1.0,3.657048468926632
rw0023274,Blood and Sand (1941),5.0,3.4077031603035586
rw5018039,Another Life (2019– ),0.5,2.803177727633297
rw4424845,The Christmas Card (2006 TV Movie),5.0,3.384060129701346
rw2205569,Fix (I) (2008),4.0,3.7086822084288116
rw0214994,Sheena (1984),2.0,3.390735430399841
rw1760924,Lions for Lambs (2007),4.0,1.0469128478209146
rw5542940,The Lord of the Rings: The Fellowship of the Ring (2001),5.0,2.861122721234798
rw4559779,Father Figures (2017),1.0,3.6072339009532657
rw3194031,Badlapur (2015),5.0,3.066016329273227
rw4267370,Attack of the Killer Tomatoes! (1978),5.0,3.1521380980026614
rw4332018,Solo: A Star Wars Story (2018),2.5,4.341012165751424
rw2278429,Wild Target (2010),3.0,3.3756107756053213
rw5940703,Legacy (IV) (2020),0.5,3.1065570458865954
rw0966904,Cube²: Hypercube (2002),1.5,3.138921543163723
rw4196939,El Camino Christmas (2017),3.5,3.8083234568331465
rw4160470,Sleepers (1996),4.5,3.288730537638539
rw2900845,Jersey Shore (2009–2012),5.0,2.720537976510196
rw4165774,Clash of the Titans (2010),2.5,3.0703106169735825
rw1986195,Milk (I) (2008),3.5,2.6809822121105586
rw2916958,Dialogues with Madwomen (1994),3.5,3.6732769723662533
rw1228792,Harry Potter and the Goblet of Fire (2005),3.0,3.9442840100314753
rw1198205,Brokedown Palace (1999),0.5,3.0272995986644187
rw4227619,The Land Before Time (1988),5.0,3.212398966627079
rw2791487,Unconditional (IV) (2012),3.0,3.4507419702315083
rw4838109,Lucifer (2016– ),4.5,3.6732769723662533
rw0946510,One Missed Call (2003),3.5,3.1486608878944664
rw2350909,13 (I) (2010),5.0,3.00429266197298
rw4582928,Logan (2017),4.5,4.611645876935209
rw2540177,Doli Saja Ke Rakhna (1998),3.5,3.6975882675332974
rw6395817,The Boy and the World (2013),2.0,3.5858073466405003
rw6439404,This Woman Is Mine (1941),3.0,3.176411590523541
rw1724631,A Lot Like Love (2005),5.0,2.8618363598226875
rw4274219,Blackmark (2018),1.0,3.1449548694459972
rw2455837,Battle Los Angeles (2011),1.5,1.1494106214717774
rw3150349,The Guilt Trip (2012),3.0,3.4078569581599165
rw4995429,Keeper of the Flame (1942),4.5,3.570254300932196
rw6178652,The Thing About Harry (2020 TV Movie),3.5,3.609047893176745
rw5703335,Hollywood (2020),3.0,3.783204512333549
rw5348704,獵魔士 (2019– ),4.0,3.603935361036813
rw1972611,King of Hearts (1966),5.0,3.634482124442375
rw4503886,Gold Diggers of 1933 (1933),4.5,3.6533478501709618
rw4976170,Toy Story 4 (2019),3.0,3.988303571102793
rw0344212,Natural Born Killers (1994),3.5,4.7406809639189476
rw1345640,The Wild (2006),3.5,3.29827005462942
rw0203047,National Lampoon's Vacation (1983),3.0,2.8953312410564
rw0014058,Phantom Ship (1935),2.5,3.808476311111126
rw5394047,Klaus (2019),5.0,1.976942388526869
rw3506502,Glitter (2001),1.0,3.6465733297656655
rw1350824,Silent Hill (2006),3.5,3.856453724320957
rw3609956,V/H/S/2 (2013),1.0,3.0692749811417204
rw2904498,Cape Fear (1991),4.0,3.3754196949966473
rw1656782,No Country for Old Men (2007),5.0,3.6062532285465267
rw2352978,Rabbit Hole (2010),5.0,2.898130623124579
rw3447582,Dredd (2012),3.5,2.6129001821375355
rw2530170,Sombrero (1953),3.5,3.308234046421488
rw6002137,Peppa Pig (2004– ),3.5,3.100997287267918
rw5325503,War (2019),1.0,2.7346368069974134
rw2265749,Rampage (2009),3.5,2.9616724073579737
rw4864055,Send Me No Flowers (1964),4.0,3.5953834252236008
rw5915503,American Sniper (2014),2.5,2.8315886673613666
rw4106302,The Fool (II) (2014),4.0,3.5385142535752214
rw0117189,Harold and Maude (1971),4.5,3.3883683759112793
rw2703395,Apollo 18 (2011),1.0,3.46077542983848
rw3765970,Valerian and the City of a Thousand Planets (2017),4.0,3.501968924388026
rw1749880,The Invasion (I) (2007),3.5,3.201520343352737
rw4114137,All American (1953),3.5,3.3765049021936555
rw4270753,The Wrestler (2008),3.0,3.896610740387208
rw3873468,Bordertown (2016–2020),4.5,3.421917316840787
rw2434921,Cross (2011 Video),2.5,3.473149722070613
rw1735592,3:10 to Yuma (2007),3.5,2.26173636390476
rw0132216,Tongue (1976),4.0,3.1063792461055257
rw5196187,凶兆 (I) (2012),4.5,2.5916082824150277
rw5489593,Parasite (2019),2.5,4.620954655426252
rw1186102,Lord of War (2005),4.0,2.9593196561888213
rw2326231,Shivers (1975),3.5,3.12460381101663
rw3457732,Across to Singapore (1928),2.5,3.6805184044002566
rw4599934,Bohemian Rhapsody (2018),5.0,4.208492275276671
rw4556226,Foodfight! (2011),0.5,3.538191047288999
rw6250947,Laxmii (2020),0.5,1.111686492473062
rw6008057,Most Wanted (I) (2020),2.5,3.1421557422707567
rw5005446,The Curse of La Llorona (2019),0.5,3.3360540867559627
rw1036011,Robots (2005),5.0,3.6513159485170648
rw0395901,Sling Blade (1996),5.0,3.8449916889215707
rw1324718,Napoleon Dynamite (2004),3.5,4.661334936867828
rw5914239,Mafia (2020– ),5.0,3.623424354262773
rw3434099,Fracture (2007),1.0,2.8282130996188597
rw4983617,Titanic (1997),0.5,4.294872005135043
rw1309335,16 Blocks (2006),4.0,2.573565730671992
rw2853386,Lovelace (2013),3.0,3.251843931327962
rw0007508,City Lights (1931),5.0,3.57001651957617
rw2293283,Winds of the Wasteland (1936),3.5,3.9031720956914158
rw0654694,Moulin Rouge! (2001),2.5,4.705886405514776
rw1502693,N (Io e Napoleone) (2006),4.5,3.9473009272177677
rw5008623,A Star Is Born (2018),4.0,2.8553243688775227
rw5406488,Tanhaji: The Unsung Warrior (2020),5.0,4.054470712688646
rw0028891,Lady of Burlesque (1943),4.0,3.3993569276545705
rw2229986,Der Barbier von Sevilla (1959 TV Movie),5.0,3.3802778592466125
rw4526581,Educating Rita (1983),5.0,3.3257749727253767
rw0371914,Strange Days (1995),5.0,3.7761143537759416
rw1496169,Return of the Living Dead II (1988),4.0,3.077376210750427
rw5799272,Brenda (2015),5.0,3.7087986219020155
rw4282758,Get Out (I) (2017),3.0,4.151081363880187
rw1993819,Planet Terror (2007),3.5,2.99740299582333
rw1144723,Charlie and the Chocolate Factory (2005),4.5,4.099171427492287
rw4672590,The Darkest Minds (2018),3.5,3.388517047459919
rw4036622,The Great Gabbo (1929),2.5,3.3710734940961675
rw3858410,The Square (2017),3.5,3.1343672169338603
rw3758411,King Arthur: Excalibur Rising (2017),1.0,3.596590241769998
rw0482526,Star Wars: Episode I - The Phantom Menace (1999),5.0,3.2750637939830174
rw1918649,"Runaway, Runaway (1972)",5.0,3.0075767692463837
rw0247353,The Monster Squad (1987),5.0,3.098650013740414
rw6183570,The Unicorn (2019– ),5.0,3.2305316076534383
rw4413011,Bad Times at the El Royale (2018),5.0,1.887684050336006
rw0529707,American Reel (2003),4.0,3.7596171996178724
rw6455986,Taxi Driver (1976),2.5,4.800177321814996
rw1599940,Inferno (1980),5.0,3.3151657619889265
rw0241868,Bloodsport (1988),5.0,3.6206134744257965
rw5003916,Ambuli (2012),3.5,3.3666504153443655
rw0138032,Sweet Movie (1974),4.5,3.522558594714572
rw1253583,"The Chronicles of Narnia: The Lion, the Witch and the Wardrobe (2005)",5.0,4.92083478384336
rw1961476,Argo (2004),0.5,3.481535486202338
rw5376946,Spinning Out (2020),0.5,2.637941553373319
rw0744736,Beeper (2002),3.5,2.8396192002748095
rw3681098,Fathom (1967),2.5,3.151515507120683
rw2433458,American Beauty (1999),0.5,3.3185862305005887
rw2290202,Grandma's Boy (2006),3.5,2.2565184724946885
rw2420986,House on Haunted Hill (1959),4.0,2.2059328445929762
rw5280315,Whisper of the Heart (1995),5.0,3.999530714733013
rw0414232,Eve's Bayou (1997),0.5,3.537221216111779
rw4741456,Triple Threat (2019),2.0,3.4818003278649114
rw2217887,Taken (I) (2008),3.5,3.0640610320719563
rw6259296,What Happens Next (I) (2011),1.5,3.1613174787538845
rw2870821,Derek Zoolander: Male Model (1996 TV Short),2.0,3.24974266268236
rw4108866,Cars 3 (2017),4.0,3.2277034609514774
rw3232267,The Wolfman (2010),3.5,4.818275860366646
rw2237380,Idiocracy (2006),5.0,4.819932692195471
rw5418956,The Heist of the Century (2020),4.0,3.01867164923088
rw4638003,Dynasty (2017– ),4.0,4.005658666021196
rw1703129,You Kill Me (2007),4.0,2.859172064122121
rw5485614,Love Aaj Kal (2020),5.0,3.5443022555768366
rw4603144,M.S. Dhoni: The Untold Story (2016),5.0,3.2523643640523
rw0312505,Romper Stomper (1992),2.5,3.6515412364760977
rw1185276,Four Brothers (2005),4.0,4.446056794864488
rw3503803,The Maze Runner (2014),3.0,3.5385511604285202
rw6039337,Bulbbul (2020),5.0,2.9365023795794776
rw1468714,Madagascar (2005),4.5,3.609572231005536
rw3849874,Outside the Law (1930),3.5,3.632869390623678
rw2124162,Close Encounters of the Third Kind (1977),5.0,3.7251574399973855
rw2237754,Creature of Darkness (2009),3.5,3.057433175047072
rw5437088,The Mandalorian (2019– ),4.5,4.982267317702754
rw4782229,Indiscreet (1958),0.5,3.983336229934491
rw3242722,Fat Slags (2004),2.5,3.414946324157136
rw0867738,Bruce Almighty (2003),3.5,0.7493301121950994
rw4397864,12 Kilometers (2016),5.0,3.3855561384159643
rw2363338,Sid and Nancy (1986),4.0,3.8884161463033187
rw2057355,Sure Fire (1990),4.5,3.6732769723662533
rw4908361,Fleabag (2016–2019),5.0,4.72075045494646
rw3157870,Gummo (1997),0.5,1.226834932511046
rw4324003,Pyewacket (2017),3.0,3.327318803360825
rw5646437,Manifest (2018– ),0.5,1.8435379376949341
rw4712014,Bohemian Rhapsody (2018),5.0,4.208492275276671
rw6424908,Bridgerton (2020– ),0.5,3.6732769723662533
rw3480060,Avengers: Age of Ultron (2015),3.5,3.8169236842920578
rw1019162,Darr (1993),5.0,3.0767797078496133
rw0791485,Lilo & Stitch (2002),5.0,3.282154325317207
rw6138689,Conspiracy Theory (1997),2.5,2.8266206651642314
rw5284358,A Time to Kill (1996),0.5,3.3783535622421716
rw3091858,The Mist (2007),0.5,3.1723901628832167
rw3382602,Carol (2015),2.0,3.3062435984535092
rw0869956,Spider-Man 2 (2004),4.0,4.428351392037442
rw0683859,Gangs of New York (2002),2.0,2.799306140783017
rw4879925,It (I) (2017),4.5,3.982742590443189
rw2854617,Chinatown (1974),4.5,3.5835007312662936
rw6070570,Love Fraud (2020),0.5,3.8641424664918076
rw3719314,Wonder Woman (2017),1.0,3.1990793885928985
rw4952775,Blazing Saddles (1974),1.5,4.670629683919661
rw5908703,Rosemary's Baby (1968),5.0,4.339596539454344
rw4146665,Avengers: Infinity War (2018),4.5,4.086572104336514
rw2873847,Jobs (2013),3.5,2.832378205128279
rw2393550,Gojira (1954),2.5,3.4191086311453947
rw5322837,In Harm's Way (1965),5.0,3.516986695076359
rw2695807,Chasing Mavericks (2012),5.0,3.1206810466284205
rw6102788,Dave (1993),3.5,3.834503796924393
rw4444103,Sausage Party (2016),4.5,3.267335864126692
rw1643260,Das Leben der Anderen (2006),4.0,3.4768556323206345
rw5955678,Hostile (I) (2017),0.5,3.476089122682602
rw1967933,The Mentalist (2008–2015),4.0,4.519631920322303
rw2580154,Special (2006),2.5,3.292109659567231
rw5014697,The Babysitter (1995),1.0,3.6014255897220626
rw3264839,The Adventures of Sharkboy and Lavagirl 3-D (2005),0.5,2.724500533083279
rw5778164,Ouija Shark (2020),2.5,2.782404624018648
rw3026099,Vampires Suck (2010),4.5,2.7947608611526396
rw0355685,Babe (1995),5.0,3.5656343378814292
rw0340318,Heavyweights (1995),1.0,3.826309475118367
rw3857545,School Life (2016),4.0,3.436578243528682
rw6324716,Saved by the Bell (2020– ),0.5,3.5477096522522897
rw4527271,Bird Box (2018),3.0,2.8833978472745687
rw3219220,Danny Collins (2015),4.5,3.5415557681153507
rw2529369,Puss in Boots (2011),3.5,3.145869454819423
rw6435395,Muck (I) (2015),3.5,2.8983877808236516
rw2846712,A Good Day to Die Hard (2013),0.5,3.2147054074726626
rw5702914,After Life (2019– ),5.0,4.702490607918057
rw4214570,The Wizard of Lies (2017 TV Movie),4.0,3.7474527159855953
rw0272884,Meet the Feebles (1989),5.0,3.6328435478296606
rw0982004,Garden State (2004),4.5,4.006892371657072
rw5243505,Doctor Sleep (2019),5.0,4.659981259700706
rw1711356,The Steel Trap (1952),4.0,3.203730459459034
rw4568769,The Shawshank Redemption (1994),4.5,4.68526596410723
rw5584366,Mad Max: Fury Road (2015),2.0,3.6874340225370212
rw4094304,I Can Only Imagine (2018),5.0,3.4727912750062657
rw2413378,An Invisible Sign (2010),4.0,3.2331151310908983
rw5020687,Midsommar (2019),0.5,1.815674677868398
rw5735750,Wanted (2016– ),3.0,2.730319065857751
rw4883953,The Poison Rose (2019),1.5,4.637242747597463
rw2090814,Blood Feast (1963),3.5,3.1958386314047673
rw4914139,Nervous Translation (2017),4.0,3.515179378938071
rw1857056,Cast Away (2000),5.0,2.580963449926919
rw6164376,Castle Freak (1995 Video),4.0,2.751101629939298
rw5224053,Solo: A Star Wars Story (2018),4.5,3.4439114800085853
rw3811286,Breaking Bad (2008–2013),5.0,4.166118515301713
rw2794566,Jack Reacher (2012),4.0,1.1551109539746387
rw3346467,Terminator Genisys (2015),3.0,3.363536576027038
rw1790833,National Treasure: Book of Secrets (2007),2.5,3.027245106654983
rw2676887,Mother's Day (I) (2010),2.5,2.3643090980516184
rw1958049,Appaloosa (2008),4.0,3.300943186449372
rw3027144,Fantastic 4: Rise of the Silver Surfer (2007),2.5,3.1029303367874297
rw4742033,Us (II) (2019),4.0,3.3035795803044263
rw3129498,Eight O'Clock Walk (1954),2.5,3.2812040022841003
rw3181112,Suspiria (1977),3.0,4.75687623001499
rw2233633,Brother Orchid (1940),3.5,2.839939220723687
rw5920486,Hearts and Flowers (1930),1.5,3.4247068252240838
rw2237565,Repo Men (2010),3.0,2.8879061557725527
rw4722710,Captain Marvel (2019),2.5,3.740506390838712
rw2587888,The Hunger Games (2012),1.5,2.2111684240561646
rw1523812,Plymouth Adventure (1952),3.5,3.458778008395182
rw1970221,The Strangers (2008),1.5,3.2313970197460207
rw1810596,Firefly (2002–2003),5.0,3.297202842433368
rw0767970,Black Hawk Down (2001),0.5,3.9145307795133406
rw1433255,The Dukes of Hazzard (2005),0.5,3.8242121121713253
rw5862219,Andes Mágicos (2019– ),2.0,3.7565260615983216
rw3219290,Go Naked in the World (1961),4.0,3.1049868038707764
rw2761246,Django Unchained (2012),4.5,1.5225969275500806
rw2082849,The Mummy: Tomb of the Dragon Emperor (2008),1.5,3.578897112272633
rw5693961,A Secret Love (2020),4.5,3.8181928972987444
rw0625544,Little Nicky (2000),5.0,3.6542055170434047
rw6304035,The Witches (2020),0.5,4.669437058266074
rw1955772,Nights in Rodanthe (2008),4.0,3.425101701033147
rw4165273,Parasites (I) (2016),4.0,3.4743467591240482
rw0450819,Eye of the Beholder (1999),5.0,4.198365345028024
rw3324656,Gotham (2014–2019),0.5,3.2817657740491915
rw1149670,Catwoman (2004),0.5,1.3220159483503175
rw3823333,Session 9 (2001),3.5,2.5869162158319745
rw2511850,Paranormal Activity 3 (2011),0.5,2.8616480651622096
rw2105896,The Cell (2000),2.5,2.316263782712048
rw1097087,Five Star Final (1931),4.5,3.6557004002810882
rw0031978,Brief Encounter (1945),5.0,3.2878833084004517
rw2566578,The Experiment (2010),2.5,3.3587824816685057
rw5540197,21 Bridges (2019),5.0,3.3985869096116184
rw4126719,The Crown (2016– ),4.0,4.049087514550601
rw6352457,The Turin Horse (2011),5.0,3.365836493555266
rw5964364,Deadpool (2013 Video Game),4.5,4.642683346968125
rw0842143,Chicago (2002),1.5,3.394502180882619
rw1609174,Tajja (2006),4.0,3.1300740700469674
rw5791475,Alice in Wonderland (I) (2010),3.5,3.6143719706636412
rw5329412,李察朱威爾事件 (2019),5.0,3.6070033236940113
rw5411181,Blue Mountain State (2010–2011),5.0,3.6831607196692375
rw1497844,Judge Dredd (1995),4.0,3.6121292860070833
rw4812121,Iron Man (2008),3.0,4.051762238871721
rw5437533,The Specials (2019),4.0,3.24374680379515
rw5382589,Uncut Gems (2019),5.0,2.5199291742802
rw2292589,Road Train (2010),0.5,3.744697184435297
rw6142109,Enola Holmes (2020),3.5,3.5729099613805655
rw0469652,Saving Private Ryan (1998),2.5,2.294405095987455
rw2053281,Black Christmas (2006),2.5,2.2544829536514954
rw4878701,My Way (2011),4.5,3.2508198780215194
rw1555419,Santa Claws (1996),3.0,3.3636929982264387
rw4967027,Star Wars: Episode VIII - The Last Jedi (2017),1.5,4.086350251938272
rw4298536,9-1-1 (2018– ),0.5,3.4718947115522094
rw3316810,The Rawhide Years (1956),3.0,3.6661933938691944
rw0527035,Message in a Bottle (1999),1.5,4.0457819337324334
rw4374865,Terror on Tour (1980),1.5,3.4308336057261775
rw0510344,The Matrix (1999),4.5,4.905648205402236
rw2109616,Funny People (2009),1.0,2.9722640607304096
rw1050604,Star Wars: Episode II - Attack of the Clones (2002),3.0,3.2210098880912668
rw5777517,Tajkun (2020– ),4.5,3.7491925191624933
rw6452902,Uncle Buck (1989),3.0,4.458414379211615
rw2778668,Olympus Has Fallen (2013),2.0,3.618952828314485
rw4465859,Mirzapur (2018– ),3.5,3.7174698743873775
rw6208963,Spell (I) (2018),5.0,3.740830090204
rw3833864,Chris Brown: Welcome To My Life (2017),3.0,3.8790430697743075
rw0027130,Mystery of Marie Roget (1942),3.0,3.230892084289901
rw3609902,The Search (III) (2014),3.5,3.6391756290684074
rw3449982,Deadpool (2016),5.0,4.251290662974236
rw5042352,Assimilate (I) (2019),3.0,2.282211989154949
rw3713237,Arrival (II) (2016),4.5,1.3817312384557887
rw3085754,The Babadook (2014),4.0,0.9006808417459163
rw2510672,Dweebs (1995),4.0,3.259241993683129
rw4693676,Mine Games (2012),1.0,3.289598398889756
rw1122432,Chopping Mall (1986),5.0,3.547629161688514
rw5219478,Bigil (2019),5.0,3.608789703174748
rw0594031,Neon Genesis Evangelion: The End of Evangelion (1997),5.0,1.0933213061296476
rw6101173,Mulan (2020),0.5,2.8402146351894597
rw1109687,The Mummy Returns (2001),2.5,2.3389425844598466
rw1806016,Young Guns (1988),2.5,3.1743244786369225
rw5676229,Manifest (2018– ),3.0,0.7061582924770012
rw1361347,Doctor Zhivago (1965),3.5,3.631156040573839
rw5133193,The Girl in the Fog (2017),2.0,3.508496903233963
rw2993781,The Carpenters (1941),3.0,2.797671649795186
rw4243836,Baywatch (2017),4.5,3.3272747470981807
rw1416440,The Devil Wears Prada (2006),2.5,3.985302359686534
rw5244537,She Walks the Woods (2019),4.0,2.8849676322794906
rw3156656,The Devil's Violinist (2013),4.5,3.4407783425617118
rw3769686,Alien: Covenant (2017),1.0,3.9454063069184024
rw1752788,We Own the Night (2007),3.5,3.21779376093856
rw2233057,Lost and Delirious (2001),5.0,3.4662761484581748
rw3626829,Arrival (II) (2016),0.5,3.235752459492316
rw1371270,Grandma's Boy (2006),2.0,3.5303151204810392
rw1239363,The 40-Year-Old Virgin (2005),4.5,3.08103516566186
rw5412752,Star Wars: The Rise Of Skywalker (2019),1.0,1.4529888351419988
rw2767164,Some Like It Hot (1959),4.5,3.506221926930073
rw4184504,Lucifer (2016– ),5.0,3.6188111448978413
rw1018538,Before Sunset (2004),5.0,2.862511200239558
rw3735935,Power Rangers (2017),1.5,3.7762908506783117
rw2443025,Haunted Collector (2011– ),0.5,3.7174698743873775
rw5009534,Super 30 (2019),4.0,3.1820020079913296
rw4543643,Titans (I) (2018– ),4.0,1.0433329215481997
rw0409362,Life Is Beautiful (1997),4.5,4.192276280727781
rw6383874,We Are the Champions (2020– ),5.0,3.4304514455398345
rw3634828,The Defiant Ones (1958),4.5,3.4867433606171034
rw3114568,Nightcrawler (2014),4.0,3.888098259340755
rw2404103,Sucker Punch (2011),3.0,3.2288661618959362
rw3369828,The Sissy Duckling (1999 TV Movie),3.0,4.061960137445429
rw0842504,Gigli (2003),0.5,3.396301125883602
rw0161892,The Last Waltz (1978),5.0,3.904169675696338
rw1383873,Madonna: Truth or Dare (1991),5.0,3.810409494361945
rw6218269,Joker (2019),5.0,4.120474108718613
rw6334691,The Stalker (III) (2020),1.0,3.077061297488023
rw3061403,The Catechism Cataclysm (2011),0.5,3.1758530576602566
rw5429734,The Capture (2019– ),3.0,4.010436234185222
rw3402079,When Calls the Heart (2014– ),5.0,3.269081809918337
rw1505773,Almost Famous (2000),5.0,3.2577172111331234
rw3058568,Hot Moves (1984),2.5,3.1506058915575026
rw2642626,Köprü (1975),2.0,3.5293546317426427
rw5397799,Last Christmas (2019),4.5,4.161679358614954
rw3031035,Mr. Fraud (2014),0.5,3.474623777426028
rw0142855,It Can't Be! (1975),5.0,3.080213650029315
rw6070985,Upside-Down Magic (2020 TV Movie),0.5,2.7283563405670987
rw3253574,Pyaar Ke Side Effects (2006),3.0,3.418997509351575
rw6161360,Creepozoids (1987),1.5,3.0875924620932222
rw3372018,Terminator Genisys (2015),1.5,3.7311461875504666
rw2120352,The Maid (2009),4.0,2.964476374364051
rw2032436,Æon Flux (2005),4.0,1.6767417023659115
rw4911268,Burning (2018),4.0,3.66745799810849
rw1346245,12 Monkeys (1995),5.0,3.5621295782845093
rw5812379,Top Gun (1986),5.0,2.6666051420544203
rw2533749,Tin sang yat dui (2006),4.5,3.357192139339346
rw2957257,Inequality for All (2013),5.0,2.979657028103505
rw3694718,Furious 6 (2013),4.0,3.481989156388603
rw3175045,An Unexpected Love (2003 TV Movie),1.5,3.4309378703358053
rw4806278,Psycho (1960),4.5,4.371934387901635
rw3772713,Valerian and the City of a Thousand Planets (2017),3.0,3.501968924388026
rw3603095,The Affair (2014–2019),4.0,3.7174698743873775
rw0039803,Beyond the Forest (1949),2.0,2.881885282981706
rw4666181,The Favourite (2018),2.0,4.151385119044708
rw5491526,The Phantom of Crestwood (1932),2.5,2.7446937456103138
rw4532980,Transformers: The Last Knight (2017),0.5,3.866271377387537
rw5400353,Treadstone (2019),1.5,3.7174698743873775
rw3873999,She's Gotta Have It (2017–2019),1.5,3.556974195878795
rw3044794,The 100 (2014–2020),0.5,4.820375059442245
rw3649086,A Cure for Wellness (2016),4.5,3.2342273113408235
rw3377342,Star Wars: Episode VII - The Force Awakens (2015),3.5,2.3809706059983524
rw4277877,Deadpool 2 (2018),0.5,3.4620333151687674
rw4928376,The Chef Show (2019– ),4.0,3.6637081124519413
rw0972252,Rudolph the Red-Nosed Reindeer (1964 TV Movie),1.0,2.861353128341321
rw4559815,The Bridge on the River Kwai (1957),5.0,3.4590922224235676
rw1962823,Village of the Damned (1960),4.0,3.525266945255942
rw5614717,Panchayat (2020– ),3.5,3.84989812366652
rw4118782,The Last Movie Star (I) (2017),5.0,2.761125663424889
rw5101984,Chal Mera Putt (2019),4.0,3.8448373872126043
rw3611311,A Billion Lives (2016),5.0,3.3225673426018463
rw1111398,King of the Corner (2004),5.0,4.0266295914508525
rw5747617,Eden Lake (2008),4.0,1.9564928551639789
rw4260485,The Proposal (I) (2009),3.0,2.76616503071373
rw5414157,Code M (2020– ),4.5,4.858606687283257
rw1871845,Before the Devil Knows You're Dead (2007),0.5,3.4842808262038636
rw0915829,Belly of the Beast (2003 Video),0.5,3.025411339121926
rw2769316,Cloud Atlas (2012),0.5,4.549826369679534
rw4012029,Justice League (2017),1.5,2.7407400989930712
rw6266711,Soorarai Pottru (2020),4.5,4.939930430142781
rw4119452,Day of the Dead: Bloodline (2017),0.5,4.023757045499635
rw0222922,Police Story (1985),1.5,3.5983544376386565
rw4381440,Long Lost Daughter (2018 TV Movie),1.0,3.4498531286880154
rw1194630,Out of Season (2004),2.5,3.0816808615170967
rw2167499,Honeymoon of Horror (1964),1.5,3.4255277395475545
rw3467053,It (1990),4.5,3.034993984106319
rw4544960,Cherokee Creek (2018),5.0,3.2726263891488285
rw0850225,Kermit's Swamp Years (2002 TV Movie),1.0,3.502830789765298
rw2534229,Hugo (2011),1.5,3.047378351973778
rw4128395,Superjail! (2007–2014),3.0,3.0067065995473543
rw0725026,Swordfish (2001),0.5,3.5765790910801556
rw5044809,Thackeray (2019),4.0,2.8312121418991247
rw5800136,Space Force (2020– ),4.0,4.7284947451914165
rw2614124,Cargo (2009),1.0,3.9769755679926804
rw2342375,The Black Cat (1934),4.0,3.865303828269279
rw0126293,Super Fly (1972),4.0,3.533841087777532
rw0085026,Father Goose (1964),3.5,3.297988944406923
rw0480245,Titan A.E. (2000),5.0,3.04784937683723
rw5495112,A Long Way Down (2014),4.0,4.151260144064785
rw3331064,The Hunger Games: Mockingjay - Part 1 (2014),3.0,3.459872229882626
rw4271111,Hot Fuzz (2007),5.0,3.996210807836343
rw1132702,The Notebook (2004),5.0,4.202590824326309
rw4988594,The Edge of Democracy (2019),5.0,3.8378860441782776
rw5164965,小丑 (2019),5.0,3.9974997638269145
rw0142011,Jaws (1975),5.0,4.276388581372962
rw4198754,Before Midnight (2013),1.5,3.5690788562497957
rw4289318,Riverdale (2017– ),2.5,0.6607881361084277
rw2951811,An Affair to Remember (1957),3.5,3.5185992064857965
rw0633219,Blade II (2002),5.0,4.03577383195084
rw4789228,Thor: Ragnarok (2017),5.0,2.9962566732771867
rw1012881,Gods and Generals (2003),0.5,1.1651480155396015
rw3009926,Green Lantern (2011),1.5,3.1492293538444796
rw2107575,Slumber Party Massacre II (1987),3.0,2.9355842379324653
rw4547376,Your Name. (2016),4.5,4.236289121350326
rw1155446,Supercross (2005),2.0,3.168689521741936
rw5621012,The Chosen (2017– ),5.0,4.953033578012402
rw5232206,Superstore (2015– ),5.0,3.282262271388035
rw0360014,The Demolitionist (1995),0.5,3.650063146186467
rw6166540,The King of Staten Island (2020),5.0,3.4381798465469293
rw5427353,The Americans (2013–2018),4.5,3.6732769723662533
rw5076957,Game Over (I) (2019),5.0,4.314600018693929
rw4823777,Playdate (2012 TV Movie),1.5,3.2196109891162425
rw1902942,Hot Rod (2007),5.0,3.79286407926481
rw1113951,Zabriskie Point (1970),3.0,3.1541629789771575
rw1422536,Dead Man's Shoes (2004),5.0,3.466011184174486
rw2840192,Wild Strawberries (1957),5.0,4.065855740067309
rw6345474,Padmaavat (2018),5.0,2.0670509879746155
rw5161710,3 from Hell (2019),3.5,3.3154271764662826
rw5115927,State of the Union (2019– ),0.5,2.9272094473168893
rw1293244,Raging Bull (1980),5.0,3.5155478725561236
rw5650741,Hasmukh (2020– ),1.5,3.6911122969223698
rw4500902,Thunderball (1965),3.5,3.292375331529254
rw4311509,Cool Air (1999),5.0,2.867113486428646
rw3080044,Guardians of the Galaxy (2014),4.5,4.159289415323043
rw5519012,Star Wars: The Rise Of Skywalker (2019),1.0,1.6420568442919745
rw5261222,Last Christmas (2019),5.0,4.316042374249867
rw5267473,Pulp Fiction (1994),5.0,4.3480980264999145
rw5369128,Cliffhanger (1993),5.0,2.6054128127589955
rw0879597,Out for a Kill (2003 Video),1.0,2.6944472136903244
rw0828086,The Lost World: Jurassic Park (I) (1997 Video Game),4.0,4.206825495541813
rw3797414,XX (2017),0.5,2.920265766453952
rw1435993,The High Crusade (1994),4.0,3.2740230259949645
rw5425946,The Butterfly Effect (2004),5.0,3.9870590695045593
rw1682919,Transformers (2007),3.5,2.4438620598237195
rw4768313,Us (II) (2019),0.5,3.3035795803044263
rw3372652,I'll Be Home for Christmas (1998),1.5,3.6026889819959984
rw4080012,Black Panther (2018),0.5,3.5239563653237274
rw0289718,Dreams (1990),5.0,3.669272464659821
rw2288579,The Rock (1996),5.0,4.4158082849929405
rw4120760,Churchill (2017),3.0,3.5738766917412357
rw3796316,Bug Crawls (2008),3.0,2.751690993585266
rw5047086,Egg (I) (2018),4.5,3.5782551081476557
rw1067195,Troy (2004),5.0,2.786313051587241
rw5720077,Shirkers (2018),5.0,3.959696695082127
rw1318785,V for Vendetta (2005),5.0,3.7031741214700733
rw6271226,Disappearance at Clifton Hill (2019),2.0,3.4137665339968772
rw4455674,The God Inside My Ear (2017),5.0,3.171903766428275
rw2392743,Nosso Lar (2010),5.0,3.134765986215798
rw0459828,The Lord of the Rings: The Fellowship of the Ring (2001),0.5,3.7743206314379525
rw3369135,Soaked in Bleach (2015),4.5,2.5336881456264515
rw1506609,Murders in the Rue Morgue (1932),1.5,2.78087018376271
rw1662359,Pirates of the Caribbean: At World's End (2007),3.0,4.498735207930834
rw3704218,Cable Girls (2017–2020),5.0,1.5480572959115966
rw4287707,Slender Man (2018),4.5,3.072257851846119
rw5115824,Deep Freeze (2002),0.5,3.399318823053052
rw0465589,The Opposite of Sex (1997),2.0,3.325099186096088
rw5898452,Archive (2020),5.0,3.9921046046702737
rw3320860,Cooties (2014),4.0,3.9111987802223926
rw0049412,Invaders from Mars (1953),4.0,3.32996337519665
rw4371939,Jumanji: Welcome to the Jungle (2017),3.5,3.4492057806219347
rw2538326,War Horse (2011),4.5,3.5057821362531
rw3243337,Final Destination (2000),2.0,3.0001240721546907
rw2378548,The Boondock Saints II: All Saints Day (2009),3.5,3.1721118028373945
rw5914093,Unsolved Mysteries (2020– ),1.5,3.651028856102129
rw0075677,Two Rode Together (1961),4.0,3.6380386824632622
rw2319943,Song of Texas (1943),2.5,3.2081570083506588
rw2947336,A Perfect Man (2013),1.5,3.205536814101762
rw0107877,The Madwoman of Chaillot (1969),2.5,3.662779197811938
rw5189319,In the Tall Grass (2019),0.5,3.2387831378423853
rw1040908,Godzilla 1985 (1985),5.0,2.9883544086096885
rw5781831,Flight (I) (2012),2.5,4.533667707902249
rw5773403,Man of Steel (2013),5.0,2.9995209710389634
rw5241393,"Love, Life and Laughter (1923)",4.0,3.3586264676646245
rw3000032,Devil's Due (2014),5.0,2.821262555206939
rw4340468,Death Note (I) (2017),2.5,3.8822938340758553
rw1494943,Freedomland (2006),2.5,2.492772005440499
rw5934540,Dil Bechara (2020),5.0,4.50088062641304
rw1427781,Pieces of April (2003),3.5,3.722061106679001
rw1139304,What the #$*! Do We (K)now!? (2004),0.5,2.8108590610261817
rw3206191,Alice in Wonderland (I) (2010),3.5,3.4851895904942976
rw2376329,American Beauty (1999),5.0,2.3788210929536753
rw3444078,Aliens vs. Predator: Requiem (2007),2.5,3.2643860547588326
rw3584258,Boxcar Bertha (1972),1.5,3.4963309354659686
rw2592118,Joey (1997),3.5,3.269760587820579
rw5003544,The Wrong Boy Next Door (2019 TV Movie),3.5,2.9269059556913852
rw3398216,Panic Button (2011),2.0,3.2166990286506145
rw2371561,Covert Affairs (2010–2014),3.0,3.579873271750464
rw3222197,State of Grace (1990),3.5,3.6339077446596617
rw2131822,Valkyrie (2008),4.0,3.0800346565286003
rw6200934,House on Haunted Hill (1959),2.0,3.643883566261999
rw6290812,Supernatural (2005–2020),5.0,3.7087986219020155
rw0750188,Baby Boy (2001),5.0,3.3468746313865885
rw4247822,Cloak & Dagger (2018–2019),3.0,3.361723628018247
rw3423832,Becoming Mike Nichols (2016),3.5,3.760675779844699
rw2099834,Amos & Andrew (1993),4.0,3.298972809616047
rw2955062,Captain Phillips (2013),2.5,4.347139033429382
rw1818058,Boot Hill (1969),1.5,3.33889799596774
rw1440468,Pulp Fiction (1994),5.0,4.576703436841257
rw0984100,The Phantom of the Opera (2004),5.0,2.301813946870081
rw1435744,The War at Home (2005–2007),5.0,2.82394484274111
rw3365998,The Walking Dead (2010– ),0.5,4.681280365264713
rw6088599,The Horseman on the Roof (1995),3.5,3.062575670793579
rw5066233,Blood & Treasure (2019– ),3.5,3.1446908295172125
rw4417181,Vada Chennai (2018),4.0,3.4771832094874116
rw4505508,Rudolph and Frosty's Christmas in July (1979 TV Movie),4.0,3.375332808827326
rw2855332,Blackfish (2013),4.5,2.5724958156751496
rw0903994,Stuck on You (2003),4.0,3.353995010017652
rw2779094,Curfew (1989),0.5,2.986889932027174
rw2908362,Dracula (2013–2014),4.0,3.5493213370669463
rw4030188,Free Eats (1932),3.5,3.7931831502839386
rw1529961,Borat: Cultural Learnings of America for Make Benefit Glorious Nation of Kazakhstan (2006),1.0,3.5382258191197753
rw4554542,We'll Meet Again (2018– ),5.0,3.140995139812447
rw2826685,The Parent Trap (1998),3.0,3.469925318392925
rw0078617,Moon Pilot (1962),5.0,3.554106407722005
rw1149101,Junebug (2005),3.5,3.6993684160063918
rw1248309,King Kong (2005),3.5,2.386608671901414
rw6436086,Once Upon a Main Street (2020 TV Movie),2.5,3.2826830659335147
rw3339847,The Oath (2010),3.5,3.170809541149176
rw3048753,Godzilla (I) (1998),1.5,1.8080061800234395
rw3309362,The Silence of the Lambs (1991),5.0,3.793318016625404
rw3259515,Madagascar 3: Europe's Most Wanted (2012),2.5,3.7529596347159955
rw0856704,Revolution OS (2001),5.0,3.4069450499491807
rw5340268,Rangbaaz (2018– ),5.0,3.6732769723662533
rw4523838,StartUp (2016–2018),4.5,3.119107736697653
rw0749224,The Piano Teacher (2001),4.0,3.7168728002132316
rw1169679,Sky High (2005),4.0,3.562210099428245
rw3531225,The Thing (I) (2011),5.0,3.332393992548513
rw1232361,Cinderella Man (2005),0.5,4.579976946286803
rw1866128,Return to Zork (1993 Video Game),1.5,3.282495310011477
rw5826347,Back to the Future (1985),4.5,3.1853415168749692
rw6320590,Andhaghaaram (2020),5.0,4.386391011335758
rw5231182,In the Shadow of the Moon (2019),2.5,2.9718271534529586
rw2598815,The Color of Money (1986),4.5,3.57544268228053
rw3636612,In the Heat of the Night (1967),4.5,3.087161303927412
rw5080383,Medium (2005–2011),4.0,3.7087986219020155
rw5759731,Inheritance (I) (2020),4.0,2.850719833523135
rw2621884,Snow White and the Huntsman (2012),3.5,3.271534725961859
rw4499373,Intensive Care (II) (2018),2.0,2.7769332143365952
rw6210186,Blues Brothers 2000 (1998),1.0,3.311196628650668
rw3831423,American Gothic (2017),2.0,3.114657167927606
rw2507051,My Babysitter's a Vampire (2011–2012),0.5,3.4196830585846936
rw6130078,The Chosen (2017– ),5.0,4.89953871667235
rw2944022,My Soul to Take (2010),1.5,3.3914195382358105
rw2764545,Oz the Great and Powerful (2013),5.0,2.750883506925814
rw2125697,Van Helsing (2004),2.5,2.5263346461915215
rw4424381,Lucky (VI) (2016),4.0,3.3108862712333007
rw6415394,Monster Hunter (I) (2020),3.5,2.9069538823661794
rw3237596,Maggie (I) (2015),5.0,4.428471213045259
rw2766979,The Last Exorcism 2 (2013),1.0,2.9915548169941366
rw3611196,The OA (2016–2019),5.0,3.1664605555193446
rw2769269,Django Unchained (2012),1.0,4.4472346116824335
rw6149835,Batman (1966–1968),3.5,3.776617494639604
rw1954021,Call of Duty 4: Modern Warfare (2007 Video Game),5.0,3.7174698743873775
rw4577613,The Truth About Killer Robots (2018),3.5,3.540978926399693
rw6414591,Ready to Wear (1994),1.5,3.473910180523681
rw5183263,The Gulf (2019– ),4.5,3.8098569833254015
rw2072070,Terminator Salvation (2009),4.0,3.528747883716329
rw6361963,Your Honor (II) (2020– ),5.0,3.3281429020575723
rw2784056,The Trespassers (2012),4.0,3.7087986219020155
rw1692239,The Last Mimzy (2007),4.5,3.7768562015262668
rw6243673,The Slumber Party Massacre (1982),1.0,2.955909988767112
rw1978462,Airplane! (1980),3.5,3.240744277968857
rw0685196,Unbreakable (2000),2.0,3.7817485096011767
rw5030929,Kimi no na wa. (2016),2.0,4.236289121350326
rw1024679,Tomb of the Werewolf (2004 Video),2.5,3.365278385638978
rw5440876,Escape (1940),3.5,3.546289732264442
rw4262563,Leverage (2008–2012),4.5,3.451410206624369
rw1348984,Scary Movie 4 (2006),3.5,1.382395783586599
rw1419271,The Lake House (2006),1.5,1.3882748838437367
rw0484674,Star Wars: Episode II - Attack of the Clones (2002),2.0,3.2694857206493895
rw2667277,Brutal (II) (2012),5.0,2.7387565886139966
rw5584226,Kim (1950),4.0,3.499417494126658
rw4997488,Montparnasse Bienvenüe (2017),4.0,3.9335792821697377
rw1282195,Strictly Ballroom (1992),5.0,3.636252943857132
rw6311976,"Sacred Cow: The Nutritional, Environmental and Ethical Case for Better Meat (2020)",5.0,3.7218672012365324
rw2345590,The Judas Project (1990),3.5,3.276569208079459
rw1438881,Talladega Nights: The Ballad of Ricky Bobby (2006),4.0,4.412635450885348
rw3456373,Invasion from Inner Earth (1974),1.5,3.6629291593430855
rw6334790,Estômago (2007),5.0,3.3120772224103803
rw6272852,Chhalaang (2020),2.5,3.7656275516639277
rw1889552,Reality Bites (1994),5.0,1.3926977541670482
rw0568430,Trixie (2000),3.5,3.602957463261821
rw1194656,*batteries not included (1987),2.0,4.452658618597031
rw2261857,And Then Came Lola (2009),0.5,3.7801758374868957
rw5416915,Code M (2020– ),5.0,4.7268175711708125
rw4982811,Spider-Man: Far from Home (2019),3.0,2.860233887371655
rw2293702,American Psycho (2000),3.5,4.010291226082372
rw1286043,The Coroner (1999),0.5,2.587922760112064
rw0398495,Twister (I) (1996),2.5,3.7567490429560055
rw5711759,Into the Night (II) (2020– ),5.0,3.762158864072134
rw2621766,Bram Stoker's Dracula (1992),0.5,2.4604113357951043
rw1703783,Yo (2007),4.0,3.7791339826229886
rw0122504,Everything You Always Wanted to Know About Sex * But Were Afraid to Ask (1972),3.0,3.6496612301379168
rw4242491,Ant-Man and the Wasp (2018),4.5,3.1839267424509297
rw6442332,Paurashpur (2020– ),5.0,3.7087986219020155
rw5446580,National Treasure (2004),3.0,3.928896442445964
rw3296748,Alien Species (1996),4.0,3.0961572931786567
rw4136010,Gun Shy (2017),1.0,2.9146062117174445
rw5638087,The Final Conflict (1981),3.5,3.4561686032425465
rw5333867,STAR WARS：原力覺醒 (2015),0.5,3.0219444539397915
rw5025456,Another Life (2019– ),5.0,2.803177727633297
rw0509007,The Matrix (1999),0.5,4.905648205402236
rw5799183,Ponmagal Vandhal (2020),5.0,3.458646513749449
rw0634130,Godzilla 2000 (1999),5.0,3.2439733216767896
rw0334449,Alma's Rainbow (1994),4.5,2.837941090290833
rw3282529,Night of the Wilding (1990 Video),3.5,3.6866363135270497
rw3667482,Beauty and the Beast (I) (2017),5.0,4.270788409653686
rw5264804,The Mandalorian (2019– ),4.5,4.982267317702754
rw2858178,Star Trek Into Darkness (2013),3.5,2.5266542381300208
rw4203056,Frankie and Johnny (1966),2.0,3.213910828126351
rw3256542,Home (II) (2015),0.5,4.799916315029601
rw5141355,About Last Night... (1986),4.0,3.1473836106789035
rw4925342,Rufus (2016 TV Short),4.0,3.3770767707319975
rw2682785,Chernobyl Diaries (2012),4.0,2.661159403091048
rw5422615,Basket Case (1982),5.0,2.6648401533257027
rw4904816,Domino (I) (2019),0.5,3.0618660005747884
rw1923674,La zona (2007),3.5,3.0224634500401084
rw4800504,Shazam! (2019),5.0,3.209150548109575
rw5842526,Mrs. Serial Killer (2020),5.0,4.094391531878088
rw6150473,Ali (2001),2.5,4.644694489633666
rw5877006,The Disaster Artist (2017),0.5,4.340045717619382
rw2215531,Fringe (2008–2013),1.0,3.7137266193503455
rw2803572,Vertigo (1958),5.0,4.331456100254892
rw3307135,Absolute Power (1997),2.5,3.3958478283422067
rw4307225,Lad: A Yorkshire Story (2013),5.0,3.819949486648437
rw5370166,Bridge of Spies (2015),4.0,3.605417285965294
rw3756487,5150 (I) (2016),4.0,2.63542114249317
rw1417668,*batteries not included (1987),4.5,2.190605566461308
rw5595066,Straight Outta Compton (2015),4.0,4.62443258565882
rw6022701,Tenet (2020),5.0,3.7688616052630457
rw3584302,Into the Forest (2015),2.5,3.3846805779836555
rw0668842,Pokémon the Movie 2000 (1999),0.5,3.6628109128945168
rw5935938,Dil Bechara (2020),5.0,4.580710532779749
rw3031992,Giant (1956),4.0,3.179764529314747
rw1327089,Mortuary (I) (2005),4.0,3.1904987257653743
rw3404719,South Pacific (1958),3.0,3.883233370885164
rw3346068,Fei lung mang jeung (1988),1.0,3.3249123728652727
rw5416119,Forbidden Cargo (1954),3.0,3.426680738502745
rw2621566,John Carter (2012),4.5,3.314192762650369
rw4471186,Kojak: Fatal Flaw (1989 TV Movie),2.5,3.4987849789103174
rw0835606,The Chronicles of Riddick (2004),4.0,3.251048201443484
rw2900291,Halloween III: Season of the Witch (1982),3.0,3.1444508326671183
rw6429470,Wasted Talent (2018),1.0,3.7174698743873775
rw5488241,Joker (2019),2.5,4.943513517580556
rw3485666,The Good Dinosaur (2015),1.0,3.09562197799337
rw2175524,The Messengers (2007),1.0,2.1385496580605903
rw4017722,Life Boat (2017),4.5,2.802322769655724
rw2064332,Superman III (1983),3.0,3.119522464081176
rw5550914,Military Wives (2019),3.0,3.1812272938084436
rw5727941,Upload (2020– ),3.0,3.8108433140283458
rw3269237,Night Falls on Manhattan (1996),5.0,3.573890122142616
rw2409668,The Sea Hawk (1924),4.5,3.498333835091367
rw2081968,Taking Chance (2009 TV Movie),0.5,3.4679405734154822
rw2745292,愛．慕 (2012),0.5,3.7582348848845406
rw1466987,Pay It Forward (2000),5.0,3.5620722230361777
rw0363106,La Haine (1995),5.0,3.705557691166907
rw4628844,Nightflyers (2018),1.0,3.6403629847475836
rw3091871,Chronicle (2012),3.5,3.23216919486406
rw5533102,Impractical Jokers: The Movie (2020),3.5,3.2659449336475963
rw3706054,Alien: Covenant (2017),3.5,2.0288881167109207
rw2940605,Avatar (2009),1.0,4.179292349622658
rw3490928,The Island (2005),3.5,2.3974818920524803
rw4385171,Seven Samurai (1954),4.0,4.256989264536748
rw2328422,Stone (2010),5.0,3.0303208659815715
rw1424690,Sole Survivor (1984),2.5,2.734245063829261
rw5336091,獵魔士 (2019– ),5.0,3.603935361036813
rw1712329,Pet Sematary II (1992),3.5,3.8383542325533173
rw4728735,After Life (2019– ),5.0,4.747553059400805
rw0773694,Finding Nemo (2003),5.0,3.3667277172778185
rw2802932,Crash (1996),1.0,3.5621394236228316
rw5747335,Dead to Me (2019– ),3.5,3.1593159477483046
rw4568623,Holiday High School Reunion (2012 TV Movie),3.0,3.1238144867101436
rw3598020,Serenity (2005),3.0,2.223548825227563
rw4174621,OK Kanmani (2015),3.0,2.992451433642381
rw3434043,Steamboat Willie (1928),4.0,3.3469031181522344
rw4409616,Apostle (2018),1.5,3.3306348569334654
rw1598916,歌劇魅影 (2004),0.5,4.585850216791792
rw1278720,Nanny McPhee (2005),5.0,3.6098988254038358
rw6079447,Mulan (2020),1.5,2.719972573534003
rw2460812,Hall Pass (2011),0.5,3.074107611686057
rw2786711,Invasion of the Body Snatchers (1978),4.0,3.794018551636492
rw5478913,Game Night (I) (2018),3.0,3.0755081486439972
rw4457148,Rush (I) (2013),5.0,3.418075960512338
rw3363623,A Long Way Down (2014),4.5,3.873635059516578
rw2034105,Watchmen (2009),0.5,4.44152184007602
rw3670619,Eye for an Eye (1996),0.5,3.027128127804182
rw4537914,The Shallows (2016),3.0,3.075215875779001
rw0056700,The Trouble with Harry (1955),5.0,3.4117217383128287
rw3533594,No Touching at All (2014),5.0,3.5666926040945612
rw0672080,Amélie (2001),5.0,3.8142547444704156
rw4478825,Medias Res (2017),4.0,2.5567315936355843
rw6130346,A Patch of Fog (2015),4.5,3.323440110058966
rw0459208,The Lord of the Rings: The Fellowship of the Ring (2001),4.5,3.6086070197207256
rw2802198,Furious 6 (2013),5.0,3.460197019138671
rw4157707,Vanilla Sky (2001),3.5,3.35084083198691
rw1444133,The Lord of the Rings: The Return of the King (2003),4.5,4.8571140682039795
rw1978242,Tunes of Glory (1960),4.0,3.2431737735330017
rw0894098,Troy (2004),1.5,4.795915279914428
rw3731382,Slap Happy Pappy (1940),3.5,3.5482703165785896
rw5517701,Thappad (I) (2020),4.5,4.788859597514993
rw1804238,Cloverfield (2008),4.5,0.5836012526001274
rw2752539,Blue Bloods (2010– ),4.0,3.4666633890832323
rw2437089,Red River (2011),1.5,3.7488302325764566
rw5549674,Spenser Confidential (2020),5.0,0.8851440350555843
rw3270154,Terminator Genisys (2015),4.5,2.9365862095586865
rw6123701,Hereditary (2018),2.5,0.7546061637212258
rw1891083,Prom Night (I) (2008),0.5,3.0565326204418937
rw4244701,Brad's Status (2017),5.0,3.6380123921958205
rw2096648,Harry Potter and the Half-Blood Prince (2009),5.0,3.1962401569860246
rw3452289,End of the World (1977),3.0,3.0626132609899908
rw3790406,Checkmate (I) (2015),0.5,3.449353284166294
rw1299646,Dark Days (2000),5.0,3.2810860784409526
rw5430848,Jojo Rabbit (2019),4.5,4.412320723395418
rw5018200,Another Life (2019– ),4.0,1.9394825945526981
rw4485810,Iron Jawed Angels (2004 TV Movie),1.0,3.7216227295453264
rw4824216,Dark by Noon (2013),0.5,3.2275593358077272
rw4216244,Total Siyapaa (2014),2.5,3.521005218927881
rw2707841,7 Seconds (2005 Video),0.5,3.195343361404307
rw3098222,Rollerball (1975),5.0,2.769440448661664
rw5932841,Dil Bechara (2020),5.0,4.50088062641304
rw0302630,92 Legendary La Rose Noire (1992),5.0,3.698826039194755
rw5654607,"Marines, Let's Go (1961)",3.5,3.450431468037073
rw5280067,The Hunt for Red October (1990),4.0,3.619439010992469
rw3139764,Bitten (2014–2016),4.5,3.7174698743873775
rw5061789,White Palace (1990),5.0,3.7671601581097773
rw4158418,The Fighter (I) (2010),5.0,3.906521408948674
rw3510302,Wild Tales (2014),4.5,3.336522632381129
rw5181671,Fixerr (2019– ),5.0,3.1926735769390433
rw2368925,The Last Exorcism (2010),2.5,3.171240401046171
rw5417036,Code M (2020– ),5.0,4.702659004025468
rw4462725,Bohemian Rhapsody (2018),5.0,4.982715505558297
rw1371473,Thank You for Smoking (2005),4.0,3.356332811679586
rw1139993,Stealth (2005),0.5,3.181624476079787
rw5196768,Fractured (I) (2019),2.5,4.432769476351932
rw3780442,Pandora (2016),5.0,3.721856511535955
rw5052561,The Imitation Game (2014),2.0,4.620545323039735
rw5422075,Doctor Who (2005– ),0.5,3.5418134598669435
rw4661893,Rip Tide (2017),1.0,3.640019712144378
rw6167682,Spontaneous (II) (2020),3.5,3.472880195494759
rw3747339,Svarta Madam (2017),3.0,2.8329690154567024
rw5787201,Mrs. Serial Killer (2020),5.0,4.094391531878088
rw2882620,Warm Bodies (2013),3.5,3.248072875408213
rw0708514,The Tailor of Panama (2001),0.5,3.6998485572213133
rw1857094,Valley Girl (1983),5.0,3.178190236345783
rw1084392,Star Wars: Episode III - Revenge of the Sith (2005),4.0,4.334509519720733
rw3217804,Panic Room (2002),4.5,2.944769950697064
rw5586621,Uncorked (I) (2020),0.5,3.199851864873035
rw3306508,San Andreas (2015),1.0,3.1883587390848516
rw6355969,Terminator Salvation (2009),3.0,3.881749492172821
rw4969344,Point Blank (1967),0.5,2.983786203928933
rw1385720,Breakfast on Pluto (2005),4.5,3.1420431882327167
rw4849592,The Meyerowitz Stories (2017),2.0,3.7173916211005786
rw3740547,Alien: Covenant (2017),4.5,2.0288881167109207
rw4411379,Train to Busan (2016),4.0,4.076934001708023
rw1811324,The Lord of the Rings: The Fellowship of the Ring (2001),4.5,3.6086070197207256
rw1540355,Dead Man's Curve (1998),3.0,3.2122223064648434
rw4989851,Love Island (2015– ),0.5,3.2234120093597096
rw0870452,Spider-Man 2 (2004),5.0,4.156270328702917
rw1238169,Final Fantasy VII (1997 Video Game),5.0,2.2747302009214154
rw4457800,Smoke (2018–2019),4.0,4.3205465819837725
rw1199984,North Country (2005),3.0,4.7449818454283825
rw1991661,Dragon Wars: D-War (2007),0.5,3.413949930556081
rw1878389,The Raven (1963),3.5,3.440546556426933
rw1253551,Escape Under Pressure (2000),3.0,3.447397530910121
rw4294515,Mission: Impossible - Fallout (2018),1.0,4.084793505952415
rw5976183,Upgrade (2018),4.5,3.891184451516547
rw1543828,The Devil Wears Prada (2006),3.0,3.7247853514554086
rw2061942,X-Men Origins: Wolverine (2009),4.0,3.025618710308104
rw3169317,魔法黑森林 (2014),3.5,2.5189801709332307
rw2327679,Graffiti meissä (2006 Video),3.5,3.4809698415401877
rw6434378,The Tale of The Princess Kaguya (2013),3.5,3.968252095989902
rw3104328,The Lion King (1994),5.0,4.846353216813782
rw0187820,Neighbors (1981),5.0,3.2318614238460417
rw0003574,Battleship Potemkin (1925),4.5,3.938084499205461
rw4920564,Steve Martin and Martin Short: An Evening You Will Forget for the Rest of Your Life (2018 TV Special),4.0,3.9527014314839546
rw4713091,Captain Marvel (2019),4.5,2.9413454355314035
rw2528985,Saw (2009 Video Game),3.5,3.3548613322975154
rw1925019,The Dark Knight (2008),5.0,4.850152600263125
rw2416886,Buried (2010),5.0,3.6345002687819
rw1033395,A Home at the End of the World (2004),5.0,3.3792960530199116
rw5856707,Eurovision Song Contest: The Story of Fire Saga (2020),3.0,3.3826560313865914
rw2375619,Casino (1995),4.0,4.380941727784416
rw4130717,The Shape of Water (2017),1.5,3.9543600226300026
rw5103114,Strange But True (2019),5.0,3.306274130928578
rw4301693,Ocean's Eight (2018),0.5,0.6911937437406274
rw0378428,Beautiful Thing (1996),5.0,3.650691973842334
rw0052666,Rear Window (1954),5.0,3.776997380949904
rw4325602,Office Uprising (2018),0.5,3.024022993283443
rw4780237,Too Late to Die Young (2018),4.0,3.7654215721149513
rw0635474,Shadow of the Vampire (2000),3.5,3.3751383660371816
rw4421896,Shaun of the Dead (2004),3.0,2.7566895709058064
rw2292669,Mrs. Miniver (1942),4.5,4.01529139524788
rw1207452,Lumber Jerks (1955),1.5,3.4003307319475486
rw0994754,EuroTrip (2004),3.0,3.1852938871515613
rw0467357,Practical Magic (1998),2.0,3.1926387571185892
rw0874341,Big Fish (2003),1.5,1.4518403239739428
rw6091179,The Social Dilemma (2020),0.5,3.644095905151742
rw5651215,Beastars (2019– ),4.5,2.9008969206644206
rw0081201,Dr. Strangelove or: How I Learned to Stop Worrying and Love the Bomb (1964),5.0,3.0362479962794553
rw1907693,Confessions from the David Galaxy Affair (1979),0.5,3.263970777685138
rw5356690,CATS貓 (2019),4.0,1.0626276191514337
rw6116669,The Boys (2019– ),5.0,4.9468261118101715
rw5334303,Gotti (2018),0.5,3.209946468401294
rw5778311,Piranhas (2019),2.0,3.339085857211294
rw6344652,American Murder: The Family Next Door (2020),4.0,3.212545583190391
rw1708661,The Aryan Couple (2004),5.0,2.8876421276226325
rw5473182,The Kingdom (2007),3.0,2.8902186167641757
rw4890232,Brendan Schaub: You'd Be Surprised (2019 TV Special),0.5,3.3819583162526277
rw5813819,Jack the Giant Slayer (2013),3.5,3.0797312651105044
rw5580036,Girls with Balls (2018),2.5,2.952728319025348
rw4345024,Incident in a Ghostland (2018),0.5,2.888397827781245
rw2672276,Premium Rush (2012),3.5,2.8975399857201407
rw4960531,Flood (2007),0.5,3.116873286434563
rw5757643,Anne with an E (2017–2019),5.0,3.2754225719349592
rw2393677,Showgirls (1995),3.0,3.394129574535642
rw1034932,Timeline (2003),4.0,1.8713206113537597
rw1978803,The Life and Times of Judge Roy Bean (1972),5.0,3.750271288032852
rw1428866,B.T.K. Killer (2005 Video),1.0,3.2439388873405863
rw1975795,Saw V (2008),5.0,3.1095473412199897
rw2728677,Mammas pojkar (2012),2.5,3.5158598814029265
rw2740453,Pearlie (2008–2011),4.0,3.0391777299778266
rw4948757,"Asylum, the Lost Footage (2013)",3.5,2.7515509061045647
rw2973226,Run (1991),4.5,3.329240191430162
rw2120375,Creator (1985),5.0,3.2007850058049954
rw0893979,Troy (2004),5.0,2.786313051587241
rw2702426,The Brain from Planet Arous (1957),1.5,2.547066705645119
rw3125219,La révolution française (1989),4.0,3.9562778113132175
rw3277853,Ascension (2014),0.5,3.040104716231404
rw3701837,Handsome: A Netflix Mystery Movie (2017),3.0,3.645977830957404
rw3522068,Super Size Me (2004),2.0,3.032624159558441
rw1903381,The Thing with Two Heads (1972),3.5,3.5577722163753305
rw2113356,The Boondocks (2005–2014),5.0,1.280762766294005
rw4502248,Thor (2011),2.0,3.8225533486136642
rw0648125,Noll tolerans (1999),3.0,3.6505151026743254
rw4770563,Shazam! (2019),4.5,3.3380233570615157
rw4525297,Second Act (2018),3.0,3.435436683817088
rw5668093,Community (2009–2015),4.5,3.335457782431442
rw1789605,Aliens vs. Predator: Requiem (2007),4.0,3.2643860547588326
rw4216753,Craig of the Creek (2018– ),5.0,3.2974989058573994
rw3549685,Solaris (1972),3.5,3.740600871946233
rw6021231,A Little Chaos (2014),4.5,3.114604264833997
rw2248945,Hellbinders (2009),4.5,2.8700472398315644
rw6336255,Hillbilly Elegy (2020),3.5,3.4720168146986716
rw0229561,Aliens (1986),4.5,4.321142467987728
rw0671353,Vengo (2000),3.5,3.30061168764295
rw0515616,The Talented Mr. Ripley (1999),0.5,2.608042944444306
rw3857578,Disjointed (2017–2018),4.0,3.785095695405623
rw5245431,And Then We Danced (2019),5.0,3.5245562187759014
rw3022620,Leaving Home (2013),1.5,4.007770143214125
rw4811303,Fury (2014),3.5,2.2946593720341166
rw5432311,Tokyo Tribe (2014),4.5,3.515252029778761
rw0392518,Palookaville (1995),4.5,3.4445149698728756
rw6272755,The To Do List (2013),4.5,3.149295927833494
rw3516310,Heart of Glass (1976),2.0,3.7955900736186563
rw1858250,La sconosciuta (2006),5.0,3.191992761917519
rw5389744,Groupers (2019),4.5,4.208081555320554
rw5365361,Lucy in the Sky (2019),3.5,3.6131395483787787
rw1708476,Sin sostén (1998),4.0,3.1516481462428625
rw3253663,She's Funny That Way (2014),4.0,3.473930774385383
rw2859773,The Amazing Spider-Man (2012),0.5,3.480462396454273
rw2015534,Shredded (2000 Video),3.0,3.231228950041666
rw4311582,The Boss (2016),5.0,3.543957105096737
rw1832972,The Warlords (2007),4.5,3.390286628190993
rw3772972,The Dark Tower (2017),4.5,3.9168686666015313
rw4637021,Hunter Killer (2018),3.5,2.715980771600189
rw1037783,Once Upon a Time in the West (1968),5.0,3.3132043297089684
rw4905049,Gremlins (1984),3.5,3.517487030258942
rw4738075,Guest in the House (1944),4.0,3.087552770663928
rw0441915,American History X (1998),5.0,3.22681598791314
rw0676604,Hannibal (2001),4.5,4.516270881444963
rw3315865,Huevos: Little Rooster's Egg-cellent Adventure (2015),2.0,2.7618706878997252
rw3741149,Damaged (2014 TV Movie),1.0,2.884979020167649
rw4370991,The Godfather (1972),5.0,4.838301682436187
rw6158451,Dead Still (2020– ),4.5,2.9432930579364203
rw3828725,The Dark Tower (2017),3.5,4.376046776782525
rw5124915,The Frightened Man (1952),3.5,3.1027258467900376
rw5770639,Dilwale (2015),5.0,2.9441505526364575
rw2890837,Ninja Death (1987),4.5,3.7174698743873775
rw5610585,Kill Bill: Vol. 1 (2003),2.0,4.605439959868157
rw2791466,Argo (2012),5.0,3.580496499204858
rw0481674,Star Wars: Episode I - The Phantom Menace (1999),5.0,3.2750637939830174
rw2027931,Lost (2004–2010),5.0,3.5997109552157562
rw1689917,The Butterfly Effect (2004),3.0,4.661982966147593
rw5574251,Masameer the Movie (2020),0.5,3.255339834865743
rw2586653,Wuthering Heights (2011),0.5,3.592017645131911
rw4463384,Seema Raja (2018),2.0,3.8957573929378175
rw3812466,Victoria & Abdul (2017),4.5,3.534562075753155
rw0387478,Independence Day (1996),3.5,3.0308135817408575
rw4525466,Titan A.E. (2000),3.0,4.309186205433413
rw6038140,Memento (2000),5.0,4.661365538745452
rw4577673,A Perfect World (1993),3.5,3.2241161062363948
rw0192583,E.T. the Extra-Terrestrial (1982),4.5,3.553280777664257
rw2952975,Aashiqui 2 (2013),3.0,3.690660901959776
rw2359939,Elle s'appelait Sarah (2010),4.0,3.206597984274624
rw2505399,Red State (2011),5.0,2.9999283658386093
rw1119632,À la folie... pas du tout (2002),2.0,3.327037958532019
rw5913350,Mafia (2020– ),2.0,3.623424354262773
rw5301289,Bad Day for the Cut (2017),3.5,2.9580941969221777
rw2106548,Come and See (1985),5.0,3.334470894231443
rw3732777,Bank Chor (2017),3.5,3.404706456827481
rw4659881,Escape Room (I) (2019),3.5,4.254624485344997
rw1134766,A Very Long Engagement (2004),4.0,3.8036101488548084
rw3315910,Tenacious D in the Pick of Destiny (2006),4.0,3.4403588973961767
rw2441687,The Long and Short of It (2003),3.5,3.3997009131946747
rw4345983,Disenchantment (2018– ),2.0,3.703333983256679
rw1223115,Walk the Line (2005),3.5,3.8106558886735407
rw4325414,Penguins of Madagascar (2014),2.0,3.379764285658437
rw5757711,The Last Kingdom (2015– ),5.0,3.677495254060362
rw0268313,Cyborg (1989),1.5,3.1997378835216037
rw4484651,Shadow of a Doubt (1943),4.5,4.0242704681908315
rw6383053,Titanic (1997),5.0,2.545620839362968
rw4366882,Little Women (2018),4.5,3.034633745311749
rw0527047,Message in a Bottle (1999),4.0,1.801138277265233
rw3452641,Eddie the Eagle (2015),5.0,4.3537843103087885
rw5415141,Instinct (2018–2019),4.5,3.208746703786092
rw0778197,Adaptation. (2002),5.0,3.7406029578186666
rw4403137,A Star Is Born (2018),4.0,3.0326058268541503
rw4843837,John Wick: Chapter 2 (2017),4.0,3.625185704317338
rw4559609,The First (2018),4.0,2.34113040144644
rw1835020,Swing Kids (1993),4.0,3.3505182279210826
rw2218867,Confession (I) (2005),5.0,3.318283750285258
rw4843500,Fleabag (2016–2019),5.0,4.767089659261406
rw5842584,You Should Have Left (2020),2.5,2.9544500332002195
rw5956124,Shakuntala Devi (2020),0.5,4.731102642416207
rw1505565,Troll 2 (1990),0.5,3.6007055175433957
rw6002369,2010: Moby Dick (2010 Video),0.5,3.5418268950742697
rw1466744,Two Bits (1995),4.0,3.4314420187241237
rw1672640,United 93 (2006),0.5,3.4630489465821372
rw4211998,Hannah Gadsby: Nanette (2018 TV Special),5.0,3.203126182583495
rw2198570,阿凡達 (2009),2.5,3.53121443044579
rw1912722,The Dark Knight (2008),5.0,4.850152600263125
rw4231616,The Odyssey (1997),3.0,2.6622321885230225
rw3771429,Toxic Shark (2017 TV Movie),4.5,3.2700200583236643
rw2872204,Hendrix on Hendrix (2013),5.0,3.6188111448978413
rw3637948,David Brent: Life on the Road (2016),2.5,2.7787307847548353
rw1847200,The Flirt (1917),3.0,4.00901253772179
rw3739165,Nobody Speak: Trials of the Free Press (2017),4.0,3.4958662074786626
rw3189939,Monkey Shines (1988),3.0,2.7907530498623307
rw0441317,Celebrity (1998),3.5,3.577445895388512
rw1805467,Sakuran (2006),4.0,3.8720727152583274
rw3604980,How Sarah Got Her Wings (2015),3.5,3.4146490666856484
rw3673139,Bokeh (I) (2017),3.0,3.3013952493672676
rw5173479,Kuzgun (2019),5.0,3.5125374363314585
rw4515618,Insidious (I) (2010),3.0,2.59184186467187
rw2066624,Beehive (2008– ),3.0,3.6188111448978413
rw0572770,City of Ghosts (2002),4.0,3.4167674080792985
rw4974728,Bob Lazar: Area 51 & Flying Saucers (2018),4.0,1.1347959382320572
rw3083177,Mr. Majestyk (1974),3.5,3.8924439484129003
rw5623947,Intersection (1994),3.5,3.2915887720289616
rw0552492,The Thomas Crown Affair (1999),3.5,3.479285769290456
rw0995553,Shogun (1980),5.0,3.1726181332940007
rw0969603,Being Julia (2004),4.5,3.3550654662474044
rw2624983,Paranoid Activity 2 (2011),4.0,3.651028856102129
rw3783673,NOTFILM (2015),0.5,3.5531159240975256
rw2808738,Star Trek Into Darkness (2013),4.0,1.7308027774235437
rw0116085,Diamonds Are Forever (1971),4.0,3.3563784067699056
rw5070157,The Staircase (2004–2018),0.5,3.758665375958261
rw4489109,2.0 (2018),0.5,4.073726288301824
rw3489642,Warcraft (2016),5.0,3.476143440136358
rw4280981,Flight (I) (2012),5.0,2.50839442417757
rw3309101,The Lazarus Effect (2015),3.5,2.8454686533072717
rw5522338,Mr Inbetween (2018– ),4.5,2.7111661152663236
rw3270119,Terminator Genisys (2015),4.0,3.192524438192157
rw3692065,Dead & Buried (1981),3.5,2.921275783044925
rw0343304,Major Payne (1995),3.0,3.0990144423650374
rw4835582,Ballon (2018),4.0,3.1444628839966318
rw3766398,Lionhearted (2012),4.0,3.204439091239878
rw5490870,Starship Troopers (1997),3.5,2.8228032234810034
rw1597792,無間道 (2002),4.5,3.2603532855323665
rw3046697,The Adventures of Sherlock Holmes (1939),5.0,3.8218721786523795
rw1212453,Gettin' Square (2003),4.5,3.3434981635248944
rw2080268,Hilda Crane (1956),2.5,3.8358444094984
rw1043672,The Jacket (2005),1.5,3.682051071758326
rw1550410,Rocky Balboa (2006),3.5,4.653825805900908
rw3522302,Il padre di famiglia (1967),2.5,3.2692608341150766
rw0776083,Spy Game (2001),4.0,3.1380702117505415
rw0065205,The Old Man and the Sea (1958),4.5,3.6542343405535447
rw3628450,Underworld: Blood Wars (2016),4.0,1.052906984437805
rw5237128,Ride with the Devil (I) (1999),4.5,3.55659334396321
rw1944980,Hell Ride (2008),1.0,3.2546430217329787
rw4362930,The Predator (2018),0.5,2.612512032979664
rw5514901,Thappad (I) (2020),5.0,4.2844766851107865
rw5855080,No Escape (I) (2015),3.5,3.109692955800562
rw5283073,Diary of a Wimpy Kid: The Long Haul (2017),0.5,3.501112394122074
rw0473959,The Thin Red Line (1998),5.0,3.575658336064564
rw3702941,Wasp (2015),3.0,2.3182471917482292
rw1407675,Superman Returns (2006),1.5,3.9755347666886096
rw5413505,La rivolta degli schiavi (1960),3.5,3.1365175086035584
rw0563569,The Story of Us (1999),4.5,2.7080613858392515
rw3050869,Falang: Behind Bangkok's Smile (2005),4.0,3.497670983241294
rw5256554,Disaster Movie (2008),0.5,3.940252306187124
rw5960659,Avengers: Endgame (2019),5.0,4.270912135373025
rw5931203,Dil Bechara (2020),5.0,4.999071923328445
rw3212495,The Umbrellas of Cherbourg (1964),3.0,3.7104746545459135
rw6198383,Inside (I) (2016),0.5,3.0761628144628625
rw2857515,Madras Cafe (2013),5.0,3.2498145619367804
rw6251238,Continuum (I) (2012–2015),0.5,3.961782386287001
rw5356468,CATS貓 (2019),0.5,4.027374705480615
rw6095958,Away (2020),1.5,1.137211039870127
rw2947673,Art School Confidential (2006),3.5,3.637170144065607
rw3725799,Alien: Covenant (2017),2.5,3.9454063069184024
rw3714584,Blame! (2017),4.0,3.764894072012535
rw3591876,The Hound of the Baskervilles (1959),3.5,3.747290139791591
rw3828084,Blade Runner 2049 (2017),1.0,4.389012144697689
rw5180071,Amy Schumer: The Leather Special (2017 TV Special),0.5,3.3211351454129088
rw5665252,Chappaquiddick (2017),3.0,3.5847724944411814
rw3846590,Hocus Pocus (1993),5.0,3.622073069749465
rw5810287,Entourage (2015),4.5,4.573979797613177
rw5059276,El Hijo (2019),0.5,3.252414901171499
rw0236448,Platoon (1986),3.5,2.8543506717337093
rw2855240,King Priam (1985 TV Movie),5.0,3.799746852623543
rw0774585,Kill Bill: Vol. 1 (2003),5.0,3.17145655356961
rw0406470,Beverly Hills Ninja (1997),5.0,3.8093406963608367
rw4705933,King Arthur: Legend of the Sword (2017),3.0,3.071386049938386
rw1650883,Boxcar Bertha (1972),3.5,2.522791588263697
rw4453400,Salomé (1922),5.0,3.081297478900131
rw4217643,Won't You Be My Neighbor? (2018),5.0,3.2088538010835252
rw5526284,Two Weeks Notice (2002),5.0,2.503023184541703
rw5161197,Ratsasan (2018),5.0,4.5759585950904285
rw5718107,The Lady Vanishes (1938),4.0,3.4649005405470383
rw2069589,Batman Tech (2008 TV Short),4.0,3.0999801195528423
rw1265026,Brokeback Mountain (2005),5.0,4.643062834733725
rw4380149,Venom (2018),4.0,4.597321120946575
rw0983334,Armageddon (1998),2.5,2.8293002128176656
rw6344023,Ashes of Love (2018),5.0,2.8452470069399456
rw2691088,The Ghost and Mrs. Muir (1947),3.5,2.697909553630139
rw4328516,Seven Psychopaths (2012),3.0,3.1474567422684903
rw6237432,Taish (2020),5.0,3.186098577913356
rw5607717,Apharan (2018– ),4.5,3.3961445234288115
rw4861972,Deux gouttes d'eau (2018 TV Movie),3.5,3.9253244570156216
rw3400152,The Trap (1946),3.0,3.059795414185038
rw0225880,The Return of the Living Dead (1985),5.0,4.1693449725907605
rw0553880,Wishmaster 2: Evil Never Dies (1999 Video),4.0,3.510333974162511
rw2222673,Warner at War (2008 TV Movie),4.0,2.994168755284215
rw0496327,Shrek (2001),4.5,4.464655355636063
rw1671591,Knocked Up (2007),5.0,3.3301673077485106
rw3482286,Warcraft (2016),3.5,3.476143440136358
rw3181213,Birdman or (The Unexpected Virtue of Ignorance) (2014),4.0,3.4955877761400767
rw4409950,Next Gen (I) (2018),5.0,3.746997649731943
rw3114363,Ave Maria (1953),3.0,2.8998386868778416
rw0583812,The Lord of the Rings: The Return of the King (2003),5.0,4.8571140682039795
rw4902446,Captive State (2019),1.0,1.8734827132165432
rw3630106,T2 Trainspotting (2017),4.0,3.904476839803219
rw6177161,Hereditary (2018),1.0,2.590011957939118
rw5660611,Dark City (1998),5.0,4.3204993542411705
rw4863857,The Equalizer 2 (2018),5.0,2.957398995903051
rw4810554,Braveheart (1995),5.0,3.634877748242187
rw6455849,Dave Made a Maze (2017),2.5,3.4553661341331208
rw1469237,V for Vendetta (2005),5.0,3.7031741214700733
rw3736049,Dances with Wolves (1990),4.0,3.764720580389218
rw5817260,Gulabo Sitabo (2020),4.5,3.3552946585545356
rw3307215,X-Men: Days of Future Past (2014),2.5,3.437414624274192
rw1362376,The Wedding Date (2005),3.0,3.1034949670572893
rw1201142,Second to Die (2002),4.0,3.5933693936214546
rw2974628,Stranger by the Lake (2013),3.0,3.846445703030368
rw6196900,The Witches (2020),5.0,0.9945929949748237
rw3023699,Lawrence of Arabia (1962),3.5,4.917151603683675
rw4944322,Plus One (I) (2019),0.5,3.621485934214805
rw0976796,The Red Badge of Courage (1951),5.0,3.3742862611197717
rw1498010,The Last King of Scotland (2006),3.5,3.513286959324196
rw0253541,Above the Law (1988),2.0,2.9111553857745514
rw3148885,怪獸大學 (2013),3.5,3.3993959508121514
rw5032302,Serenity (2019),0.5,4.297195749301257
rw4307667,Wet Hot American Summer (2001),5.0,3.4167553206346697
rw0987074,The Phantom of the Opera (2004),4.0,3.4884855650280375
rw1109456,The Killer Eye (1999),4.5,2.2227833773000567
rw2931730,The Cheap Detective (1978),0.5,3.7410049787743973
rw4312435,Skyscraper (2018),5.0,3.3035875335708056
rw1591359,Music and Lyrics (2007),2.0,3.537794537492568
rw4025911,Hostiles (2017),3.5,1.0110172642102526
rw1829145,Eagle vs Shark (2007),5.0,3.2415392104130634
rw5019938,Batman: Hush (2019 Video),3.0,3.0912935329469367
rw5415620,DuckTales (1987–1990),4.5,3.494014933606057
rw0410522,Clockwatchers (1997),4.5,3.2008863787420285
rw6073958,The Barge People (2018),5.0,2.725761259630707
rw2154654,Twins of Evil (1971),4.0,3.2369009772454254
rw3193082,Running on Empty (1988),1.5,3.543638079413123
rw4398259,Arctic (2018),4.0,2.2472777463546456
rw1534287,Don (I) (2006),5.0,3.5740184322414823
rw0891863,The Card Player (2004),2.0,3.4464767185867067
rw5418919,A Fall from Grace (2020),5.0,3.0665298016193914
rw0635247,Night Crawlers (1996 Video),0.5,3.8558533478960526
rw2145384,The Crystal Maze (1990–2020),4.5,3.6188111448978413
rw1844443,Final Equinox (1995),4.5,3.196129958782094
rw2436738,Daltry Calhoun (2005),0.5,3.2768555284077703
rw6447314,Girl with a Pearl Earring (2003),4.5,3.46548747456001
rw3628125,The Night Of (2016),4.5,3.3397694546829237
rw5851702,The Clock (1945),4.0,3.0915169051188003
rw4853010,Riverdale (2017– ),0.5,3.5266601883135777
rw4443248,Sarkar (2018),0.5,3.6426913052298597
rw3745108,Scream (1996),5.0,4.916073460826783
rw6090041,American Psycho (2000),4.0,3.7240416660498803
rw4235382,Star Wars: Episode VIII - The Last Jedi (2017),2.0,3.238374500427409
rw4435187,Wanderlust (2018– ),3.0,3.361052259121805
rw4433525,Christmas List (2016 TV Movie),1.0,3.5840466875039994
rw5922503,Toni Erdmann (2016),4.5,3.5376809085167307
rw1354423,Dreamer (2005),5.0,3.29748466399619
rw5085506,Game Over (I) (2019),4.5,4.584368212876126
rw0581578,Detour (1998 Video),4.0,3.0814023239356816
rw6076329,I'm Thinking of Ending Things (2020),0.5,0.9464920159442771
rw4190408,Back Door to Hell (1964),3.0,2.8563553328560345
rw0665930,Memento (2000),5.0,4.646413981142042
rw3831664,Too Late the Hero (1970),3.5,3.08252857693826
rw6133413,Free Dance (2018),4.0,2.799051684118236
rw4459530,Can't Complain (2007),5.0,3.5538822461303194
rw5264835,The Mandalorian (2019– ),5.0,4.677880254720098
rw1276735,Tristram Shandy: A Cock and Bull Story (2005),1.5,3.9137576616671326
rw5044357,Girls (2012–2017),0.5,3.4752076394143305
rw4966026,It's Kind of a Funny Story (2010),0.5,3.765275107218315
rw2630891,Rock of Ages (2012),4.5,3.173768940672674
rw3527893,Mad Max 2: The Road Warrior (1981),4.0,2.9019772942502073
rw4211726,Firestorm (1998),1.0,3.847016724032625
rw1876930,Babel (I) (2006),4.0,3.464114235669481
rw5051598,Memoirs of a Geisha (2005),5.0,3.3635270087855735
rw5941933,Vikingane (2016– ),5.0,4.760976569812309
rw1110097,Batman Begins (2005),4.5,3.789006126674595
rw4788641,Nosso Lar (2010),2.5,3.134765986215798
rw5889750,Pulp Fiction (1994),4.5,4.676110031293892
rw1696938,The Killing (1956),5.0,4.405564739640079
rw2066498,Star Trek (2009),2.0,3.2794315968981764
rw0984518,Timeline (2003),0.5,3.4614621429021892
rw3127442,Interstellar (2014),5.0,3.9327086525897315
rw3550931,Swiss Army Man (2016),4.0,3.0641155949117445
rw2970914,Mom (2013– ),4.5,3.0308668119623667
rw0468504,Resident Evil (2002),5.0,3.326259906036954
rw2489400,Up (2009),4.0,4.432957731457961
rw2752446,"The Bride's Bereavement; or, The Snake in the Grass (1932)",1.0,3.7087986219020155
rw0294586,The Hard Way (1991),3.5,3.164259691554552
rw1292903,Solaris (2002),0.5,3.390875974545819
rw1704642,Dead Silence (2007),1.0,2.9147771559589644
rw5091263,X-Men: Dark Phoenix (2019),0.5,3.51577140086934
rw0909140,"I, Robot (2004)",2.5,3.792619167463127
rw1698774,I Now Pronounce You Chuck & Larry (2007),2.0,3.027759076790302
rw6376705,Tenet (2020),4.0,4.667662753032628
rw3674986,Ek Tha Tiger (2012),4.5,4.030689838801717
rw2875074,The Last Push (2012),5.0,2.9224497345389815
rw5498783,Despicable Me (2010),4.0,3.969469965605833
rw4058654,Peter Rabbit (2018),4.0,3.3958809601308815
rw6182478,The Poughkeepsie Tapes (2007),1.5,3.317368491112639
rw5347364,寄生上流 (2019),5.0,4.180274289845295
rw3800106,A Return to Salem's Lot (1987),2.5,2.597137897970121
rw1277897,Cry Wolf (2005),0.5,3.8080058748121166
rw2001968,Golgo 13 (2008–2009),4.5,3.3478644012963743
rw2215085,Little Big Soldier (2010),5.0,2.884619275988531
rw1428315,Superman Returns (2006),3.0,3.223473000274838
rw4520516,Ralph Breaks the Internet (2018),4.0,2.755219225013694
rw2493120,The Lion King (1994),5.0,4.925601932690874
rw5772164,Killing Eve (2018– ),4.0,4.325002483740553
rw4498674,The Great Gatsby (2013),5.0,3.6918709325452173
rw0449843,The 13th Warrior (1999),4.0,2.849852272190533
rw5751010,Revenge for Jolly! (2012),3.0,3.196809528779904
rw5186550,小丑 (2019),0.5,4.943513517580556
rw2620676,Rowdy Rathore (2012),4.0,3.062418233293127
rw2456162,Grown Ups (I) (2010),1.5,3.024478486587581
rw6066849,Raised by Wolves (2020– ),1.5,4.309810795965239
rw4902157,The Biggest Little Farm (2018),5.0,3.7203722253295806
rw5341426,小丑 (2019),5.0,3.9842514115836885
rw2372323,The Sickhouse (2008),4.0,3.272836235948354
rw0065979,Thunder Road (1958),3.5,3.4432666479982523
rw1510448,Suspiria (1977),4.5,4.75687623001499
rw0180843,Assassination Attempt (1981),5.0,3.7174698743873775
rw4067310,Black Panther (2018),1.5,2.771734222862853
rw5401072,Inception (2010),4.5,4.149684183263224
rw3212287,Dracula Untold (2014),2.0,3.8814888732733244
rw1262844,Tango Charlie (2005),4.5,3.367360636248847
rw2266433,Toy Story 3 (2010),4.5,3.369236722018434
rw5439893,The Tradesmen (2011),4.5,3.9057663095649433
rw2620053,Wolfhound (2006),3.0,3.552152225446194
rw1249129,The Bishop's Wife (1947),5.0,3.6331997427871627
rw1776998,Crying Freeman (1988– ),4.5,2.6731589397693125
rw1686105,Love Comes to the Executioner (2006),3.5,3.6188111448978413
rw4374318,Lookin' to Get Out (1982),3.5,3.9262642422492164
rw4124929,Eddie the Eagle (2015),4.0,4.3537843103087885
rw4793682,Annie (2014),4.0,2.9935579594744586
rw3333073,Abbott and Costello Meet Captain Kidd (1952),2.5,3.795731913510319
rw1552517,Brick (2005),4.5,3.5231958007509436
rw5246614,Last Christmas (2019),3.5,4.316042374249867
rw2096610,Bleach (2004–2012),5.0,3.000189805019141
rw6407846,Coolie No. 1 (2020),0.5,0.5856377537578911
rw0966378,Small Time Crooks (2000),1.0,3.4671159560718405
rw3829227,Alleycats (2016),3.5,3.211320512979958
rw1264714,Hwiparam gongju (2002),3.0,3.6561034549979814
rw2969918,Frozen (I) (2013),4.0,4.44352041246159
rw4698628,Leaving Neverland (2019),0.5,1.0036716014772387
rw3832139,Angels Wear White (2017),4.5,3.3907300575535513
rw3869640,The Nile Hilton Incident (2017),4.5,3.1810963839544035
rw0341542,Fist of Legend (1994),5.0,3.4293940382899315
rw2311306,The Chosen One (2010),4.5,2.9329817357324104
rw3051950,Deadly Eyes (1982),2.5,3.9309670932921277
rw1680558,Missing Persons (1990 TV Movie),3.0,3.6761552530265944
rw1060111,Hitch (I) (2005),0.5,1.604395322334242
rw2516223,Tartarin de Tarascon (1934),3.5,3.8362591751068122
rw5876315,Uncle Tom (2020),5.0,4.557416177198011
rw1104265,Hook (1991),4.0,3.4874002523663563
rw3249573,Midnight in Paris (2011),1.5,3.653763790431749
rw0112339,MASH (1970),5.0,3.3576947874627323
rw2624093,Spirited Away (2001),5.0,4.200740017942277
rw6215465,Over the Moon (2020),5.0,3.7689060275738164
rw1480705,King of Burlesque (1936),3.0,3.291458716850581
rw2599244,Underworld: Awakening (2012),2.0,2.5680270848613427
rw1677617,Able Edwards (2004),4.0,3.4789677548873046
rw6011924,The Great Heist (2020– ),4.0,3.863251635570066
rw5935254,Psychosynthesis (2020),4.5,3.1940386802403546
rw1761994,Deep Water (2006),4.5,2.689711277630618
rw1633731,The Lives of a Bengal Lancer (1935),4.0,3.8735942960078664
rw3824028,Blade Runner 2049 (2017),5.0,3.7311537625337934
rw1130038,Wild at Heart (1990),5.0,3.7733965311157145
rw2895743,Revolution (2012–2014),5.0,2.9964317726492022
rw5813413,The Shape of Water (2017),4.0,3.2516702622199714
rw0209696,Conan the Destroyer (1984),3.0,3.4939559545231087
rw5524519,Dark Waters (2019),5.0,3.2584207367272486
rw1529990,The Notebook (2004),5.0,4.202590824326309
rw3059222,The Purge: Anarchy (2014),4.0,2.723225720387687
rw5451528,The Sky Is Pink (2019),3.0,4.070228319163031
rw0071814,Pepe (1960),2.0,3.3422645265810735
rw5782006,Star Wars: Episode II - Attack of the Clones (2002),2.5,3.2210098880912668
rw5116041,Nanny McPhee (2005),3.5,4.5528450550133615
rw1813282,The War of the Worlds (1953),3.5,3.160149416056349
rw2087299,Lenny (1974),5.0,3.2051760326155354
rw6138587,Ghoomketu (2020),3.5,3.5991837424675075
rw0188463,The House by the Cemetery (1981),4.0,3.0368149851246455
rw3534968,Don't Breathe (2016),4.0,2.9049630013456547
rw3147236,Jericho (2006–2008),5.0,3.819464179886846
rw0432384,Soldier (I) (1998),5.0,3.3638480657182663
rw4355856,I Walk the Line (1970),4.0,3.811444076109676
rw1630425,Who Killed the Electric Car? (2006),2.5,3.7772622463142267
rw5408576,The Outsider (2020– ),5.0,3.0340290660568394
rw5730478,The Last Dance (2020),5.0,3.9064970383829136
rw2979439,August: Osage County (2013),3.5,2.5736332996525255
rw4053382,Red Lights Ahead (1936),3.0,3.49951877378834
rw5550131,Bloodshot (2020),4.5,2.648158045559968
rw4676248,Patriot (II) (2015–2018),5.0,4.687596868589468
rw3333615,Uptown Saturday Night (1974),3.0,3.612493143960028
rw2319732,Mâdadayo (1993),3.5,4.105513165663546
rw2414341,Paul (2011),3.5,3.301855993240763
rw3291942,Mamma Mia! (2008),4.0,3.1211662564445337
rw2498102,The Killers (1946),3.5,3.6157303613897844
rw5963963,The Wolfman (2010),5.0,3.545067145281338
rw5062320,The Boys (2019– ),5.0,4.9165008813770825
rw3487057,Renegade (1992–1997),1.0,3.3203321338688396
rw3267911,Bird on a Wire (1990),2.0,3.299497667934322
rw6374932,Hard Kill (2020),0.5,2.7839937364874072
rw0865474,Hey Arnold! The Movie (2002),5.0,3.3719693408890588
rw1502517,Gladiator (2000),5.0,4.534329976868071
rw0408791,Bulworth (1998),4.5,3.4822632803248483
rw3076598,Prelude to Axanar (2014),5.0,2.592468510377097
rw5584721,U-571 (2000),3.5,3.254175949456049
rw0953215,"Ator, the Fighting Eagle (1982)",2.0,3.3166351002029826
rw3274517,Strange Interlude (1932),3.5,3.347556465972523
rw0494752,Man on the Moon (1999),4.5,3.425859831146307
rw6310972,Andhaghaaram (2020),4.5,4.780559885895344
rw4682165,Mortal Engines (2018),1.0,3.439845533082726
rw5802985,Chintu Ka Birthday (2020),2.5,3.753021694101894
rw3612306,Man of Steel (2013),3.0,2.9995209710389634
rw3473411,Our Kind of Traitor (2016),3.0,2.7520072313302832
rw5025912,Shell (I) (2012),0.5,2.8901810802839756
rw2092112,Transformers: Revenge of the Fallen (2009),1.5,1.1305294850078902
rw6313554,The New Mutants (2020),5.0,3.1313090302153217
rw5484153,Last Christmas (2019),4.0,4.316042374249867
rw3371816,Vampire Academy (2014),0.5,3.020082765487642
rw2812672,Man of Steel (2013),5.0,2.9995209710389634
rw0121711,Children Shouldn't Play with Dead Things (1972),3.0,3.4173723361947546
rw2402179,Over the Edge (1979),3.5,3.161832356849806
rw2556530,The Gorgeous Hussy (1936),1.5,3.3190348363630955
rw4359268,College Romance (2018– ),5.0,4.920960158593778
rw3686786,After Love (2016),3.0,3.387027480040723
rw1243887,The Five People You Meet in Heaven (2004 TV Movie),4.5,3.710757728144113
rw3561715,Jesse Stone: Sea Change (2007 TV Movie),3.5,3.082000660955058
rw0993994,Neredesin Firuze (2004),4.5,3.61554698172025
rw4835496,Arctic (2018),4.0,3.8769607849711556
rw1232030,The Dukes of Hazzard (2005),4.0,1.080068908073775
rw2525053,Zombie Bloodbath (1993 Video),3.0,2.943686779486665
rw0306405,The Crying Game (1992),5.0,3.759475607092543
rw0596657,Nurse Betty (2000),2.0,3.6442545634952705
rw3315543,Fuss Over Feathers (1954),2.5,3.762243072601313
rw3163450,Jarhead 2: Field of Fire (2014 Video),0.5,2.7153189590619875
rw1867745,Iron Man (2008),3.5,2.9348378721391404
rw1509181,Burnt Offerings (1976),4.0,3.877713388474781
rw5909800,Code Geass (2006–2012),4.5,3.468720632447682
rw3672009,Rake (2010–2018),5.0,3.241360099042431
rw2224676,A Serious Man (2009),1.0,3.274919680760342
rw3772854,Tale of Tales (2015),4.0,3.6666945230085046
rw1953088,Youth Without Youth (2007),2.0,3.825007761270232
rw2821725,How to Make Money Selling Drugs (2012),4.5,3.5436243112705434
rw4498448,Hunter Killer (2018),5.0,1.996418575020591
rw1745598,Secretary (2002),1.0,3.66063198621562
rw3767791,The Promise (II) (2016),4.5,3.2484452189246955
rw3019430,Wedding Crashers (2005),5.0,2.6171056374124615
rw5740699,Disturbia (2007),2.0,3.1527117061814836
rw3227703,The Barrens (2012),1.5,3.3700268918072225
rw1340461,King Kong (2005),3.5,2.784728251001653
rw5726835,The Hollow (2018–2020),2.0,2.502840003997355
rw1636072,Zero Day (2002),5.0,3.6056986233848356
rw5608234,Train to Busan (2016),4.0,4.076934001708023
rw1793665,The Mist (2007),1.0,3.1723901628832167
rw5856871,Unsubscribe (I) (2020),1.0,3.223590482754303
rw5045538,Fast & Furious Presents: Hobbs & Shaw (2019),3.5,2.668853495154267
rw2616015,The Avengers (2012),5.0,4.529733307299152
rw4253255,Bram Stoker's Dracula (1992),2.0,1.1663840253194964
rw0985965,Major Dundee (1965),2.0,3.406879015552447
rw5126027,X-Men: Dark Phoenix (2019),4.5,2.0529864061808327
rw3246226,"Ron Jeremy, Life After the Buffet (2014)",0.5,3.7174698743873775
rw5287556,The Irishman (2019),1.5,2.903614120125075
rw5866464,Dating Amber (2020),5.0,3.154533390841103
rw3398549,Homicycle (2014),1.5,3.3445752033757117
rw4266596,Star Wars: Episode VI - Return of the Jedi (1983),5.0,3.291777936238219
rw5717465,DC Super Friends: The Joker's Playhouse (2010 Video),5.0,3.769914563673931
rw4639506,Enaaya (2019– ),4.5,3.5263904970004813
rw4278975,The Invitation (I) (2015),4.5,3.6859235481480717
rw4273581,A Wrinkle in Time (2018),2.5,3.834576585065098
rw2164883,Just My Luck (2006),1.0,4.606605633687787
rw1964224,Sleepy Hollow (1999),5.0,2.780290684662279
rw0219890,The Coca-Cola Kid (1985),4.0,3.2761463750694073
rw5749692,Venom (2018),5.0,3.8508513122155166
rw2672278,屍樂園 (2009),5.0,4.215310225827098
rw3468515,American Ultra (2015),4.0,3.4090161325365993
rw1565090,Master and Commander: The Far Side of the World (2003),4.5,3.0183445495487886
rw6163152,The Finest Hours (2016),5.0,3.091885303076019
rw3731626,Nuts (1987),4.5,3.3967065874894953
rw6206445,Mirzapur (2018– ),5.0,3.7174698743873775
rw0584274,The Lord of the Rings: The Return of the King (2003),5.0,4.75403519614402
rw2289011,Battlefield Earth (2000),5.0,3.389049922296728
rw5760880,Sheep Without a Shepherd (2019),4.0,3.3476109619781
rw1145885,The Life Aquatic with Steve Zissou (2004),0.5,4.817094955826753
rw2733277,Faltu (2006),4.5,3.7087986219020155
rw2370832,Despicable Me (2010),4.0,4.006173276266579
rw3435952,The Midnight Man (I) (2016),5.0,2.789672216278575
rw1605308,Dr. Chopper (2005 Video),5.0,2.5901665728346894
rw3080539,De Lego Film (2014),4.5,3.851210786364191
rw6450591,The Wilds (2020– ),4.0,3.048251982554464
rw5153773,El vampiro (1957),2.5,3.479671358720372
rw4046875,Faith Under Fire (2018 TV Movie),4.5,3.486518222231097
rw5946184,Carry on Screaming! (1966),4.0,2.839391819782148
rw1680216,1408 (2007),2.5,3.675111473822307
rw1650231,Safe Men (1998),1.0,4.604074782506175
rw5361717,The Flintstones in Viva Rock Vegas (2000),3.0,3.6451218120388322
rw4009822,Redneck (1973),3.5,3.32802066965483
rw2199682,The Relief of Belsen (2007 TV Movie),3.5,2.8847387382061322
rw5016562,Hail Satan? (2019),4.0,3.5672825062801374
rw4728485,The Queen's Corgi (2019),2.5,3.443414041387281
rw3601664,The Revenant (2015),2.0,3.5310012785502365
rw5511110,Hunters (2020– ),1.0,3.6732769723662533
rw6166613,Godless (2017),4.0,3.3300887013271683
rw2946695,Cadillac Ranch (1996),1.0,3.164516702848911
rw2842406,Ship of Theseus (2012),4.5,3.0158370668620273
rw0525617,Cruel Intentions (1999),3.5,1.0022919944427398
rw5594932,Bad Boys for Life (2020),4.0,3.4613268896522995
rw3796445,Tombstone (2017),0.5,3.1121001053891533
rw0311949,Reservoir Dogs (1992),5.0,3.3939501037280557
rw5037323,Once Upon a Time... in Hollywood (2019),3.5,4.00190690590018
rw0708876,Brotherhood of the Wolf (2001),5.0,3.6492502299573513
rw5472338,Once Upon a Time... In Hollywood (2019),3.0,3.841785529824809
rw6119404,Bastille Day (2016),3.0,3.4029697391506684
rw1824409,The Matrix Reloaded (2003),2.0,3.9678536211508546
rw5689936,You (2018– ),0.5,3.8096605301938653
rw1624962,諾桑覺寺 (2007 TV Movie),4.5,3.0709191262313595
rw1660575,Gizelle (2006–2008),2.0,3.6188111448978413
rw2809688,Star Trek Into Darkness (2013),4.5,1.7308027774235437
rw0683785,Gangs of New York (2002),1.0,3.2392664735881085
rw5043441,Yesterday (III) (2019),2.5,3.2557035547020226
rw1728269,I Now Pronounce You Chuck & Larry (2007),3.0,2.2824339888083114
rw0302932,Alien 3 (1992),4.5,0.7373832836653361
rw5567794,The Hunt (II) (2020),5.0,3.3816842595332663
rw5989080,Gunjan Saxena: The Kargil Girl (2020),4.5,4.018902191466975
rw4149303,LOL (2012),5.0,3.579453794224849
rw4568177,Bad Times at the El Royale (2018),1.5,4.566026786819829
rw5845245,The Last of Us: Part II (2020 Video Game),5.0,3.333039659661291
rw1838302,The Werewolf of Washington (1973),2.0,3.3110696602842373
rw4604241,IO (2019),3.5,2.977812908888601
rw1764338,Weasels Rip My Flesh (1979),0.5,2.9022585316082763
rw5271743,About Endlessness (2019),3.5,3.313856155128387
rw2391377,Hall Pass (2011),3.0,0.8117561072065363
rw5623350,Freakshow (2007 Video),3.5,3.386638730961989
rw1986911,Loser (2000),0.5,3.247432566523758
rw1299088,House of the Dead (2003),2.5,0.8803792381433024
rw2959787,The Girl with the Dragon Tattoo (2009),4.5,3.038938774505136
rw3029314,Harsh Times (2005),1.5,1.0164569508673638
rw2264609,A Cry in the Night (1956),3.5,3.48082733763499
rw1710195,Hairspray (2007),4.0,3.7134413740201984
rw3795699,The Deuce (2017–2019),0.5,3.397202118929258
rw0515297,The Talented Mr. Ripley (1999),2.5,0.9799103365797197
rw5070707,Fifty Shades of Black (2016),3.0,3.20435448392908
rw2998198,The Raid 2 (2014),0.5,3.478468196308604
rw6243841,Never Let Me Go (2010),5.0,3.4090875870319457
rw1746225,Mr. Brooks (2007),3.5,3.7156847858514164
rw0717231,Harry Potter and the Sorcerer's Stone (2001),4.5,4.924948317207738
rw5597080,Belzebuth (2017),2.0,2.932033986070023
rw5447546,What's Your Number? (2011),3.0,3.622870524985096
rw1422534,The Lion King (1994),5.0,4.846353216813782
rw5556057,The Shining (1980),2.5,3.059832957094615
rw1115797,The War of the Worlds (2005 Video),3.0,3.6571979057382378
rw2136680,Dorian Gray (1970),3.0,3.499602640475083
rw6122331,The Chosen (2017– ),5.0,4.909987795552897
rw2288067,Mallrats (1995),4.5,2.9305206323693778
rw0908346,Tupac: Resurrection (2003),2.5,4.0111947308741485
rw5489442,Lying and Stealing (2019),1.0,2.7706168865207674
rw4401312,Disco Pigs (2001),5.0,3.1141916986057376
rw0395228,Sgt. Bilko (1996),1.5,3.7502327655671306
rw1627262,龍騎士 (2006),5.0,1.5591113631374725
rw1575691,More Than a Secretary (1936),2.0,3.047985076120373
rw3433966,And Then There Were None (2015),3.0,3.320197640367518
rw0116056,The Devils (1971),0.5,3.381521717742533
rw4853120,Happy Death Day 2U (2019),0.5,3.148069301223316
rw2779464,Deal of a Lifetime (1999),3.5,3.651028856102129
rw3416043,Deadpool (2016),4.5,4.251290662974236
rw5658284,2001: A Space Odyssey (1968),4.0,4.227750137083798
rw5444990,Queen & Slim (2019),4.5,3.8719132780946324
rw1613108,Estória do Gato e da Lua (1997),4.0,3.7174698743873775
rw1465851,Miracles (1986),4.5,3.3170368166395994
rw3368346,5 to 7 (2014),2.5,3.0652700205595313
rw1327447,Yathrakarude Sradhakku (2002),4.5,4.000139132716657
rw5180495,Fractured (I) (2019),4.0,4.432769476351932
rw6143456,The Glorias (2020),5.0,3.094493148284813
rw1124283,The Reflecting Skin (1990),5.0,3.72325118353864
rw5473199,Grey's Anatomy (2005– ),2.5,3.182566948224932
rw4737136,He's Out There (2018),1.5,3.2591307203774194
rw4006121,Backyard Ashes (2013),0.5,3.6832984809303877
rw3351892,The Collection (II) (2012),2.5,2.975315800234377
rw1915493,Citizen Toxie: The Toxic Avenger IV (2000),3.0,4.66943542820296
rw3786646,Amelia 2.0 (2017),4.0,3.389746216337195
rw5404386,WWE Raw (1993– ),5.0,3.0777823163429114
rw5475705,Disturbing the Peace (2020),0.5,3.420322068146501
rw1978398,Planet Earth (2006),5.0,3.304827093178629
rw2933941,The Past (2013),4.0,3.5718092312644094
rw4331175,Nocturnal Animals (2016),4.5,4.277247773708828
rw2631249,Iron Sky (2012),3.5,3.904793254729351
rw3067186,The Notebook (2004),4.5,4.793211849918393
rw2676738,Kennwort... Reiher (1964),5.0,3.7174698743873775
rw2640273,Red Rose of Normandy (2011 Video),5.0,3.4655388788685815
rw0055851,Oklahoma! (1955),5.0,3.7382930761834245
rw2757760,Bloody Mama (1970),2.0,4.03210297205898
rw1548248,Wild at Heart (1990),4.0,4.613648378380675
rw5855113,Life in Squares (2015– ),3.0,3.442999677632935
rw1249438,Babam ve Oglum (2005),5.0,3.838439577390571
rw3344869,The Subjects (2015),3.5,2.5845726749852354
rw0633139,Blade II (2002),4.0,4.66392430063136
rw4097977,The Beguiled (2017),1.5,2.906967490596083
rw2572864,The House of the Seven Gables (1940),3.0,3.5700372858963574
rw2752051,詭屋 (2011),3.5,3.6414898371663442
rw3140442,Rocky Mountain (1950),3.5,3.3026727480033644
rw2199690,The 39 Steps (1959),2.0,3.6233473841554655
rw1345449,Spun (2002),4.5,3.0061353407816207
rw4709381,Star Wars: Episode VIII - The Last Jedi (2017),5.0,2.761125663424889
rw4899843,Wide Sargasso Sea (1993),3.0,3.227660253082807
rw4956314,The F Word (I) (2013),4.5,3.5457788544704565
rw1006144,The Life Aquatic with Steve Zissou (2004),5.0,0.9357890832339933
rw5004703,The Blind Side (2009),3.5,4.063256688596977
rw1167249,Passion (1954),2.0,2.919553284495666
rw6064716,Usagi Drop (2011–2012),5.0,3.782502599387905
rw3074636,Godzilla (I) (1998),3.5,1.8080061800234395
rw1490264,Audition (1999),5.0,3.057426369906205
rw3810472,Jurassic World (2015),3.0,2.73254178545629
rw0899715,The Passion of the Christ (2004),0.5,2.995025648386749
rw6392504,The Midnight Sky (2020),2.0,2.8253742044271073
rw4100211,Ask Me Anything (2014),3.5,3.495873188327404
rw2061666,It Happened One Night (1934),4.5,3.5059883285848112
rw3488354,The Savage Five (1974),4.5,3.9302476870836087
rw3212878,Do You Believe? (2015),4.0,2.88630552133791
rw1316034,Cinderella (1950),1.5,3.637812148294427
rw0272099,Lethal Weapon 2 (1989),4.5,1.0596800423343753
rw0446692,The Mummy (1999),3.5,3.285256728913592
rw4098323,Martyrs of Marriage (2016),5.0,3.7174698743873775
rw3086190,Before I Go to Sleep (2014),3.5,3.141038241442694
rw4174948,Kaleidoscope (II) (2016),2.0,3.3480439115076406
rw5789299,KD (A) Karuppudurai (2019),4.0,3.6732769723662533
rw5535951,Her Name Was Christa (2020),4.5,3.347025565906262
rw3780369,Annabelle: Creation (2017),3.5,2.9161759249783183
rw1178238,Charlie and the Chocolate Factory (2005),3.5,4.3697891448082276
rw0965683,...And God Created Woman (1956),3.5,3.260103970741036
rw4468635,Alien Addiction (2018),5.0,3.0859986536343427
rw3726224,A Dog's Purpose (2017),5.0,3.7296080916624876
rw0307010,Educating Peter (1992),5.0,3.651028856102129
rw1324830,The Deadly Bees (1966),2.0,2.9705473882143747
rw1079752,13 Seconds (2003 Video),3.0,2.7018970775728817
rw5984708,Toast (2010 TV Movie),1.5,3.739071570473422
rw3222794,The Shawshank Redemption (1994),4.5,4.923988693169023
rw3024268,One Direction: This Is Us (2013),5.0,3.69518865254
rw0522900,The Astronaut's Wife (1999),1.0,3.5215863175262268
rw5527474,Private Practice (2007–2013),4.5,3.3296503300295432
rw3511506,Star Trek Beyond (2016),4.5,3.140986990914518
rw3457079,Adam's Rib (1949),2.0,4.307075884205167
rw5567016,The Girl with the Dragon Tattoo (2011),4.0,3.011686547012379
rw1350713,Lucky Number Slevin (2006),4.0,2.9526208559640157
rw4298697,Extinction (2018),3.5,2.821217701053591
rw0793751,Not Another Teen Movie (2001),4.5,3.393449405864616
rw5396763,Uncut Gems (2019),3.0,3.040037797570189
rw0111810,The Interview (1970 TV Movie),3.5,3.6620312801476427
rw2962753,Idiocracy (2006),5.0,4.791110269617216
rw4055373,The Open House (2018),0.5,2.432356130781235
rw2305118,The Boxer (2010),0.5,3.1420631833950656
rw5619095,Contagion (2011),4.5,2.951209633799926
rw2666339,Keith Lemon: The Film (2012),0.5,3.51311300994915
rw5067705,Damages (2007–2012),4.0,3.145382100458069
rw5978154,Work It (2020),4.0,3.4704553722222116
rw3032550,Frozen (I) (2013),1.0,4.44352041246159
rw2329405,Schindler's List (1993),3.5,0.9265921968354045
rw4686044,12 Angry Men (1957),5.0,4.852639467544042
rw5622670,The Invisible Man (I) (2020),1.5,3.4977466557607975
rw6070494,Die Screaming Marianne (1971),2.0,3.1730454163626627
rw1980067,The Boy in the Striped Pajamas (2008),5.0,4.164959155167601
rw0272016,Leningrad Cowboys Go America (1989),5.0,3.573434385652334
rw4553709,Vice (I) (2018),4.0,2.1146490047607323
rw2110695,The X Files: I Want to Believe (2008),3.5,2.8784168329683393
rw3192718,Gone Girl (2014),4.0,3.3684692312472304
rw6082137,I's (2013),0.5,3.69518865254
rw1402503,Karas: The Prophecy (2005 Video),4.0,3.3060556794521667
rw2354973,Holiday from Rules? (1958),2.0,3.3883660584885953
rw2674023,4:44 Last Day on Earth (2011),1.0,3.1311639673822564
rw2035187,Mr. Brooks (2007),3.5,3.7156847858514164
rw2372967,A Serbian Film (2010),4.5,2.8370504201563116
rw4442124,The Good Cop (2018),4.5,4.651254128726199
rw2895206,Office Space (1999),4.5,3.9533680337780113
rw5044427,Pokémon: Detective Pikachu (2019),4.0,3.618851631773461
rw0969073,The Ten Commandments (1956),3.5,3.5355266232752247
rw5236563,Watchmen (2019),4.5,1.8092307013379367
rw1973846,Quantum of Solace (2008),4.0,3.0125650296558266
rw1788661,A Real Young Girl (1976),2.0,3.723326184814157
rw2408311,La casa muda (2010),0.5,2.9881747320469487
rw0962335,Once Bitten (1985),2.5,3.585658334405159
rw0796697,Spider (2002),3.5,2.9840386568334996
rw0612176,Metal Gear Solid (1998 Video Game),5.0,3.651028856102129
rw5885584,Pretty Woman (1990),3.5,3.02834568175493
rw3831507,The Kid (1921),4.0,4.026819443443517
rw1641318,Moby Dick (1956),3.5,2.8174244684047887
rw3851470,The Holcroft Covenant (1985),1.5,3.05228724547363
rw3327252,The Martian (2015),4.0,3.535790070022482
rw4110502,Showgirls (1995),2.5,3.394129574535642
rw5822496,Little Giants (1994),3.5,3.4197689523629924
rw1056347,I Passed for White (1960),4.0,2.855154586557927
rw1833099,The Bank Job (2008),5.0,3.8209831223556407
rw0257960,Hellbound: Hellraiser II (1988),4.5,3.038060576989207
rw2577950,The New World (2005),4.0,3.1922252375947275
rw3824817,Blade Runner 2049 (2017),5.0,3.690074695020038
rw0669148,Clerks (2000–2001),4.0,3.395351953550119
rw4812390,Avengers: Endgame (2019),3.0,4.270912135373025
rw6128596,The Shawshank Redemption (1994),5.0,4.670539484902457
rw2836509,Union Station (1950),4.0,3.453376057100111
rw3379393,Star Wars: Episode VII - The Force Awakens (2015),3.0,2.342124503924216
rw1253997,Terror Toons (2002 Video),0.5,0.972655241143675
rw3458875,The A Word (2016– ),5.0,3.7174698743873775
rw0244815,The Hanoi Hilton (1987),2.0,3.2108232111528556
rw3001220,Captain America: The Winter Soldier (2014),4.0,2.6090780805785525
rw1044311,Dogtown and Z-Boys (2001),5.0,3.721127822684358
rw1807752,Anatomy Class (2000),3.5,3.043926610176454
rw5610045,Coffee & Kareem (2020),2.5,3.1485474332827197
rw0021193,The Big Premiere (1940),3.5,3.1734832061777567
rw5683201,Interstellar (2014),5.0,4.494926706407176
rw5938431,Dil Bechara (2020),5.0,4.999071923328445
rw2369811,Mothlight (1963),5.0,3.361632937757059
rw2994797,Boardwalk Empire (2010–2014),4.0,3.3446790283486445
rw1701674,L.A.P.D.: To Protect and to Serve (2001),0.5,2.9808736230849955
rw3655040,Logan (2017),5.0,3.762947066223855
rw4205483,Ocean's Eight (2018),0.5,0.7818050947097331
rw2098225,Titus (1999),3.5,3.893044499597233
rw6242080,Sarah Cooper: Everything's Fine (2020 TV Special),1.5,3.1893671958820873
rw1066940,The Untouchables (1987),4.5,3.243831051346674
rw2551059,The Devil Inside (2012),0.5,2.850141759207079
rw1232234,The Girl in the Café (2005 TV Movie),4.0,3.40818255705048
rw1564994,The Covenant (2006),1.0,0.87960202380234
rw3753076,Outlaws and Angels (2016),4.5,3.585686065396777
rw5590605,Pulp Fiction (1994),5.0,4.3480980264999145
rw6075768,Mulan (2020),3.5,2.8402146351894597
rw3376562,Star Wars: Episode VII - The Force Awakens (2015),4.0,2.3809706059983524
rw0871966,House of the Dead (2003),0.5,2.48821215774624
rw0566869,Short Sharp Shock (1998),3.5,2.471261636448812
rw2159282,What Ever Happened to Aunt Alice? (1969),3.5,3.1338640449610855
rw1083980,Nine Months (1995),4.0,3.3181344974439586
rw4222001,Call Me by Your Name (2017),4.0,3.4125617777971833
rw1121458,One Body Too Many (1944),2.5,3.241505824894305
rw0439975,Virus (1999),2.5,2.919256474487261
rw0975229,Wide Awake (1998),4.0,3.305712714374093
rw3189925,The Slap (2015),0.5,3.2295999622269047
rw0659633,Jaka Sembung (1981),3.0,3.5488197311435994
rw5854737,Gladiator (2000),4.5,4.757166701553883
rw1204903,North Country (2005),5.0,3.138981206854126
rw6450193,Honest Thief (2020),2.0,2.006930769011973
rw1277674,Witchcraft X: Mistress of the Craft (1998 Video),4.5,2.958022489220625
rw0509249,The Matrix (1999),5.0,3.494671558801037
rw4433902,Bohemian Rhapsody (2018),3.5,4.982715505558297
rw1576506,The Blue Max (1966),4.0,3.1111430170087173
rw3039068,Maleficent (2014),3.5,1.0501889688489843
rw0898725,The Passion of the Christ (2004),5.0,0.8773852271653538
rw5151294,唐頓莊園 (2019),4.5,3.569357404745287
rw4924189,I Am Mother (2019),5.0,3.0555553915851252
rw3361436,The Pelican Brief (1993),4.5,2.859212653905609
rw1982171,Killer Nurse (2008 Video),2.0,3.7174698743873775
rw1227703,Rent (2005),1.5,3.570906434483978
rw2733622,Balak Palak (2013),5.0,3.7761860495673942
rw3183365,Fifty Shades of Grey (2015),0.5,4.482665868636385
rw2383966,The Killer Inside Me (2010),4.0,2.914764718210852
rw3404547,Põrgu (1983),4.0,3.6732769723662533
rw3338076,Eaters (2015),0.5,3.734344224519878
rw2360661,Titanic (1997),3.0,2.545620839362968
rw2229529,Inglourious Basterds (2009),3.0,2.208709782758579
rw1758771,Dawn of the Dead (2004),4.0,2.9372199584316894
rw2384707,Das Boot (1981),2.5,3.36012704652723
rw5310551,小丑 (2019),5.0,4.943513517580556
rw6278275,Hunter x Hunter (2011–2014),5.0,3.7182363240355887
rw0385421,From Dusk Till Dawn (1996),1.0,2.6095490498954583
rw4515638,Fantastic Beasts: The Crimes of Grindelwald (2018),2.5,3.3457288222496318
rw1252261,Lady Vengeance (2005),3.0,3.6080471250791013
rw3757277,The Boss Baby (2017),2.5,3.7219996497414307
rw6140502,Enola Holmes (2020),1.5,4.144379839290665
rw2764975,Iron Sky (2012),2.5,3.904793254729351
rw4019759,Stanley Ka Dabba (2011),4.0,3.8090917674095297
rw1361544,Mission: Impossible III (2006),5.0,3.4698005990899508
rw5288701,Happy Endings Sleepover (2019),5.0,3.1706274629452897
rw1884591,American Hardcore (2006),2.0,3.2279146094759668
rw4438779,Beautiful Boy (I) (2018),4.0,3.551906809328257
rw5222908,The Lion King (2019),0.5,4.720869816167684
rw0357741,The Brothers McMullen (1995),4.0,3.398210835334391
rw5975970,See No Evil (2014– ),4.0,3.0153419804644965
rw3535824,The Neon Demon (2016),1.5,3.3685592284605694
rw3594001,This Time for Keeps (1942),3.0,2.966562518978138
rw1438928,The Descent (2005),3.5,3.3716977508565162
rw3785169,The Private Affairs of Bel Ami (1947),5.0,3.5812073063790395
rw4534690,Cold War (2018),3.5,3.4280790372547987
rw2639758,All the Boys Love Mandy Lane (2006),2.0,3.1768708565814765
rw5737388,South Park (1997– ),5.0,4.736361513589432
rw3729995,It Comes at Night (2017),0.5,3.4987099114302995
rw0760343,Don't Say a Word (2001),3.0,2.871408341135193
rw0425448,Meet Joe Black (1998),1.5,3.3195116680580465
rw2310125,The Hills Have Eyes (2006),0.5,3.0183418402986697
rw4995543,Stranger Than Fiction (2006),5.0,3.528290349414936
rw3605387,American Honey (2016),5.0,3.039296792128341
rw2855926,Portrait of a Zombie (2012),3.5,2.381009680219908
rw0253898,Akira (1988),4.5,4.873784598663303
rw1361106,Extreme Ops (2002),0.5,3.203406429959034
rw5937438,Dil Bechara (2020),5.0,4.580710532779749
rw5494280,Thalaivaa (2013),2.0,3.48942874676792
rw1181369,The Trigger Effect (1996),3.0,3.10938274869381
rw0534365,American Psycho (2000),4.0,3.7234306579541507
rw6362561,The Family Man (2000),5.0,3.3353733562866426
rw0386891,House Arrest (1996),5.0,3.399734666067699
rw4739425,Captive State (2019),1.5,1.4368613323732191
rw0950945,Waking Life (2001),5.0,3.616286027226083
rw6407882,Wonder Woman 1984 (2020),2.5,1.6521314622189953
rw5641827,The Golden Horde (1951),2.0,3.448878097103645
rw2431717,La sombra del ciprés es alargada (1990),3.5,3.186404640243251
rw5130727,Alita: Battle Angel (2019),4.0,4.602372461881576
rw3228896,Violence (2015),4.5,3.8943461795073957
rw3206132,The Equalizer (2014),4.0,3.560545305567042
rw6031149,Rango (2011),4.0,1.3468066733449324
rw4830564,Consumer 101 (2018– ),0.5,3.9846772602926968
rw4522884,Gremlin (2017),5.0,3.3729975670845085
rw3034717,Charlie Countryman (2013),2.0,3.428251876795636
rw5620205,Money Heist (2017– ),2.5,2.177574032003201
rw0730746,Die Another Day (2002),3.0,4.094435732615197
rw1734961,Wiseguys vs. Zombies (2003 Video),1.0,2.577854174138154
rw3019349,One Humanity (2014),4.5,3.6188111448978413
rw3855218,The Purge: Election Year (2016),3.5,2.7012692390486746
rw2033068,Watchmen (2009),5.0,2.3455734543603577
rw0077952,Lawrence of Arabia (1962),5.0,3.398710333164472
rw0115993,Demons of the Mind (1972),3.5,3.2192568121066767
rw1105161,Mr. & Mrs. Smith (2005),4.5,3.167826169127146
rw1378485,The Da Vinci Code (2006),3.0,3.6443442495443263
rw2662424,The Perfect Husband: The Laci Peterson Story (2004 TV Movie),3.0,2.563984707361156
rw5124456,The I-Land (2019),5.0,3.8565968106653075
rw3363129,Ben 10 (2005–2008),4.5,3.2645956125827422
rw2848179,Chennai Express (2013),3.0,3.9001107289593278
rw4237602,Dallas Buyers Club (2013),5.0,3.8221510891043606
rw1795617,Ben-Hur: A Tale of the Christ (1925),3.5,3.6721876583808815
rw1575954,The Texas Chainsaw Massacre: The Beginning (2006),4.0,1.7754519186375122
rw4188364,Hamilton: One Shot to Broadway (2017),0.5,3.7632461213637414
rw4761083,Captain Marvel (2019),4.5,3.740506390838712
rw1451447,FleshEater (1988),2.0,2.843627639342611
rw0992117,Alien vs. Predator (2004),5.0,3.185478753643606
rw4386160,Venom (2018),4.5,3.9808200021684783
rw0882348,The Last Samurai (2003),5.0,3.0160934690307397
rw4549868,K.G.F: Chapter 1 (2018),5.0,4.621048439917705
rw0382526,Dream for an Insomniac (1996),5.0,3.292098270893491
rw0699073,The Others (2001),5.0,3.7930448989943475
rw4259778,Mission: Impossible - Fallout (2018),5.0,3.2305021449904463
rw1395238,Napoleon Dynamite (2004),5.0,3.6729652883984882
rw3714860,Alien: Covenant (2017),2.5,3.9454063069184024
rw6351205,The Shawshank Redemption (1994),5.0,4.64165399458904
rw5383492,Unbelievable (2019),4.5,3.4626742401333326
rw4184689,The Lost Viking (2018),2.0,4.090824527731699
rw2234152,The Time Traveler's Wife (2009),3.5,3.439243936611691
rw2010183,Secrets (1924),5.0,3.156092983084993
rw2771597,Battleship (2012),1.0,2.795325692889851
rw1682851,Eragon (2006),0.5,3.606302673383262
rw3631309,The Lost World: Jurassic Park (1997),4.5,3.9130509814844077
rw0879788,RFK (2002 TV Movie),4.0,3.632577412925773
rw5735469,Uncut Gems (2019),0.5,3.1618610000953264
rw5010230,Crawl (I) (2019),3.5,3.9759975588127
rw0902156,Eternal Sunshine of the Spotless Mind (2004),4.5,3.475541295165606
rw2159644,J.T. (1969 TV Movie),4.5,3.3052755064573924
rw6273157,Gunjan Saxena: The Kargil Girl (2020),0.5,4.018902191466975
rw4271350,Fanney Khan (2018),2.0,3.529589723945253
rw1412935,L'année des méduses (1984),4.0,3.5436236497301
rw5836347,The Tiger (2015),4.0,3.540163319059369
rw4838556,Maharshi (2019),5.0,3.015795980542251
rw4007652,The Road Is Jericho: Epic Stories & Rare Matches from Y2J (2015 Video),5.0,3.3245302330000572
rw2344470,Orange (2010),3.5,3.8583250538289606
rw1526082,Arabesque (1966),0.5,3.4805617449928383
rw2503233,False Innocence (2009 TV Movie),3.5,3.7087986219020155
rw4289001,Til Death Do Us Part (II) (2017),0.5,2.992922992101826
rw0983539,Gypsy 83 (2001),5.0,2.8766000132484324
rw4245819,Skyscraper (2018),3.0,3.3035875335708056
rw1875375,Barbie Diaries (2006 Video),3.0,3.441618770311689
rw4561312,The Bold and the Beautiful (1987– ),1.5,3.2988184137892156
rw2025904,Pygmalion (1938),3.5,3.197091104502485
rw6013597,The Patriot (2000),5.0,3.528005539639603
rw5619757,Basic (2003),3.5,2.429170077175122
rw6311339,Broadway Melody of 1940 (1940),4.5,3.3642836946855157
rw4864291,Pirates of the Caribbean: At World's End (2007),5.0,4.104131598119425
rw3253253,Interstellar (2014),4.0,4.091207375865253
rw1713282,A Few Good Men (1992),3.0,2.676390447276419
rw0063021,The Unearthly (1957),1.0,3.068619802346988
rw3544810,Birdman or (The Unexpected Virtue of Ignorance) (2014),4.0,3.6433013548083055
rw1343179,In the Mouth of Madness (1995),4.0,3.624492665456468
rw4584483,The Blacklist (2013– ),3.0,3.551943893798776
rw3377664,The Ridiculous 6 (2015),3.5,3.3907186836663
rw0297712,Oscar (1991),4.5,3.455212664609807
rw2600181,A Separation (2011),5.0,3.415571276733267
rw6017273,Flesh (2020),5.0,3.877965589998886
rw0065721,She Demons (1958),1.5,2.9271006220810545
rw1304418,Women in Revolt (1971),5.0,3.4542809559205496
rw0755321,Panic Room (2002),4.0,2.944769950697064
rw4736962,The Order (2019–2020),4.5,3.6732769723662533
rw4063799,Get Out (I) (2017),4.5,3.109879707433899
rw0675304,A.I. Artificial Intelligence (2001),2.0,3.5839299955034702
rw6381093,The Godfather (1972),5.0,4.861643965011718
rw4911948,Chernobyl (2019),5.0,4.905148724255422
rw3781509,Van Helsing (2016– ),2.5,2.5263346461915215
rw0321180,Falling Down (1993),4.0,3.58642773537722
rw3080224,Lone Survivor (2013),1.5,2.822221970408783
rw3034597,The Devil's Backbone (2001),5.0,3.4779755329399724
rw2030346,Our Daily Bread (2005),0.5,3.29621566922117
rw1829421,The Sopranos (1999–2007),4.5,4.614412734522536
rw1636471,Kaw (2007),2.5,3.0461709907715124
rw2200449,Shkola (2010),5.0,3.06948851052668
rw3816972,The Godfather (1972),5.0,4.77869431957943
rw2452695,The Experiment (2010),3.0,3.3587824816685057
rw3079487,A Disney Christmas Gift (1983 TV Special),4.5,3.480355758196922
rw0627350,The Blair Witch Project (1999),3.5,3.7733480668570323
rw1364586,Stinger (2005),0.5,3.4218892280417523
rw1536833,Siegfried & Roy: The Magic Box (1999),3.0,3.3212538149604995
rw3863538,The Punisher (2017–2019),4.0,3.519516211780552
rw1947711,Righteous Kill (2008),1.5,2.050819463073318
rw3832112,Justice (II) (2017),0.5,4.079411593316388
rw1074745,The Funhouse (1981),3.5,3.0901309826935477
rw1680693,The Lake House (2006),1.0,1.8311552005135603
rw3354008,The Stanford Prison Experiment (2015),4.0,3.2834343733152638
rw3765551,A Date for Mad Mary (2016),4.0,3.574922985699749
rw5307677,鋒迴路轉 (2019),3.5,3.182681318122993
rw5743958,Life (I) (2017),2.5,2.982232451034681
rw5453089,Get Hard (2015),5.0,2.985369270268675
rw4524220,Zero (III) (2018),2.0,4.680757069987616
rw3103031,The Purge: Anarchy (2014),4.0,2.723225720387687
rw1867942,Spy Kids 3: Game Over (2003),2.5,3.1041044680111605
rw4061690,Your Move (2017),4.5,3.225867864551046
rw1932593,Welcome to the Jungle (2007 Video),1.5,3.278321097240457
rw4593404,Glass (2019),5.0,3.9390199121636646
rw6279967,Mum Bhai (2020– ),5.0,2.9721907150742943
rw0086533,"One Potato, Two Potato (1964)",5.0,3.257934195497139
rw1329154,Experiment (2005),4.0,2.3823415073758842
rw3806823,Snowden (2016),3.5,3.163041673716535
rw0458954,The Lord of the Rings: The Fellowship of the Ring (2001),5.0,2.861122721234798
rw0779063,Thirteen Conversations About One Thing (2001),4.5,3.967307623296169
rw3644886,The Founder (2016),3.5,3.0835268773933726
rw5448991,John Henry (2020),3.5,0.992553679283651
rw4673701,Mary Queen of Scots (2018),0.5,3.519029772654692
rw1545854,Clash by Night (1952),3.0,3.322630646373063
rw4850398,Matriarch (I) (2018),2.5,3.1919476233157504
rw6172688,Murder Mystery (2019),4.0,3.0345951554358024
rw5506067,Dungeon ni Deai wo Motomeru no wa Machigatteiru Darou ka (2015– ),5.0,3.677339950663609
rw0179358,Resurrection (1980),4.5,2.992972654925401
rw6171520,Bob the Builder: Mega Machines (2017),5.0,3.100992678825914
rw5231774,Fun with Dick and Jane (2005),0.5,3.0418220477030427
rw2909548,Too Perfect (2011),1.5,3.6188111448978413
rw5805846,Deep Impact (1998),3.0,2.7740775206595902
rw4996939,Dark (2017–2020),4.0,3.864737449015628
rw1951765,The Thing (1982),5.0,3.0871934381754227
rw1085936,Revelation (2001),2.0,3.5181263096954676
rw5746340,John Henry (2020),0.5,3.418742258910692
rw5717853,Hold the Dark (2018),1.5,1.3307514889479355
rw3724423,The Prophecy II (1998 Video),2.0,2.939319499985371
rw0165011,1941 (1979),4.5,3.6188111448978413
rw1545829,Motel Hell (1980),5.0,2.8954893137546027
rw5704447,Manifest (2018– ),0.5,1.8372348392683198
rw0363285,Halloween: The Curse of Michael Myers (1995),3.5,2.8865718396573485
rw5352540,Hand of God (2014–2017),4.5,3.723324792168031
rw3814017,Bushwick (2017),3.5,3.505466984497542
rw2792903,Prometheus (I) (2012),2.5,0.7168136635501106
rw4512320,Destination Wedding (2018),1.0,2.9978447485832898
rw3098329,Catch-22 (1970),3.5,3.8586459305832213
rw2864870,The Home Front (1943),3.5,3.651028856102129
rw5373451,Messiah (2020),4.5,3.7174698743873775
rw1171748,Star Trek: Voyager (1995–2001),4.0,4.171837643213212
rw3585574,Mothers and Daughters (2016),3.0,3.043453388904321
rw2734674,金剛 (1933),5.0,4.049782912334067
rw3352704,Love the Coopers (2015),1.0,3.54433577858827
rw0326155,The Nightmare Before Christmas (1993),5.0,3.4724916898420806
rw0867668,Bruce Almighty (2003),5.0,0.7493301121950994
rw4104082,Blade Runner (1982),5.0,3.605607447099793
rw3548353,Actor in Law (2016),4.0,3.292006005128202
rw1648579,Boys' Night Out (1962),1.5,3.220102443706348
rw2766636,The Last Exorcism 2 (2013),3.0,1.2513816459043428
rw5972882,Love Is Blind (2020– ),2.5,3.089254642711651
rw0969418,The Godfather (1972),5.0,4.77869431957943
rw5456160,John Wick: Chapter 3 - Parabellum (2019),1.0,3.171004773104055
rw2794982,Gippi (2013),2.5,3.7599956047584397
rw2246584,Cannery Woe (1961),4.0,3.13818476497037
rw5724105,Satellite Shankar (2019),5.0,3.4495061242218106
rw5979149,Out of Sight (1998),2.5,2.884234793685055
rw6138996,Star Trek First Frontier (2020),4.0,2.905586184446719
rw5916126,Kal Ho Naa Ho (2003),5.0,3.4627534327873413
rw1004736,Sergeant York (1941),5.0,2.8089233281691315
rw2451243,Transformers: Dark of the Moon (2011),3.5,1.1780171527018024
rw5304264,De Palma (2015),5.0,4.569830807019861
rw4181159,Sara's Notebook (2018),5.0,3.5392480896406253
rw5193244,God Friended Me (2018–2020),5.0,4.870434403761553
rw4185902,Bella and the Bulldogs (2015–2016),0.5,3.6391756290684074
rw3233296,House of Cards (2013–2018),5.0,3.445393513464816
rw2423890,The Brute Man (1946),2.0,3.071833203984839
rw4410478,Halloween (I) (2018),5.0,2.703413880614983
rw1340441,Drunken Master (1978),2.5,3.5895055895548365
rw0328331,Schindler's List (1993),0.5,3.5966412931853604
rw2352828,La faute à Fidel! (2006),3.5,3.9477790369004446
rw6332110,Black Christmas (2019),1.0,3.1594241642205936
rw4357787,Christopher Robin (2018),3.0,3.777057400730888
rw3276374,Black Swan (2010),4.0,2.820100163579546
rw1628228,Barbary Coast (1935),3.5,3.2010410082739824
rw5547753,Aquaman (2018),4.0,2.523437717561371
rw2705809,Katalin Varga (2009),3.5,3.1861440612164067
rw5461471,Burn Notice (2007–2013),5.0,3.385939309088267
rw0965941,National Treasure (2004),4.0,3.12689497133312
rw0750688,Possession (2002),2.0,3.327049358326181
rw1587402,Evil Dead II (1987),4.0,3.6228891569686517
rw2338596,The Odd Couple (1968),4.5,3.835053278505532
rw3462560,Bourek (2015),5.0,3.068684410352476
rw1497701,We Who Are About to Die (1937),4.0,3.7087986219020155
rw0048475,Ambush at Tomahawk Gap (1953),3.5,3.653190425068118
rw2081366,Riding Alone for Thousands of Miles (2005),5.0,3.453309949794772
rw6435044,Speed (1994),4.0,4.633853217808201
rw5604720,Meet the Parents (2000),5.0,3.4030443924195994
rw6283912,One of Our Aircraft Is Missing (1942),3.5,3.129956548360261
rw5596669,Jay and Silent Bob Reboot (2019),3.5,2.307012077753909
rw0950776,Clueless (1995),4.0,3.205549171557241
rw5905524,Goodfellas (1990),5.0,4.643789989268306
rw3785572,The Defenders (2017),3.0,3.459475835940617
rw5864115,Marco Polo (2014–2016),5.0,3.4938077410537107
rw4573080,The Sopranos (1999–2007),5.0,4.322955858256321
rw5918128,The Other Lamb (2019),1.5,3.214006813310412
rw1755183,The Phantom of the Opera (1925),5.0,3.8014981442569424
rw1861259,A Night Out (I) (1915),3.0,3.9105659908497565
rw6156263,Daniel Sloss: X (2019 TV Special),5.0,3.1916457516635792
rw0792631,Dogville (2003),5.0,3.592398707967894
rw0666537,The Mummy Returns (2001),4.0,1.676832473077293
rw4615549,Spider-Man: Into the Spider-Verse (2018),4.5,4.608479820283357
rw6019842,The Gone Game (2020),4.0,3.7087986219020155
rw3122717,Il mio viaggio in Italia (1999),2.0,3.693917934537819
rw5102645,Northern Pursuit (1943),1.5,3.5341882289822353
rw3456783,Everybody Wants Some!! (2016),4.5,3.379310658168545
rw3026448,A Million Ways to Die in the West (2014),3.0,4.63968155395878
rw4249086,Operazione Goldman (1966),3.5,3.005601354164539
rw4430195,Nicotine (II) (2016),4.0,3.3435349224332223
rw5857724,Freaks (2018),4.0,2.8556183150229573
rw2080376,Me and You and Everyone We Know (2005),1.0,0.8631628779546276
rw5875754,Fantastic Beasts and Where to Find Them (2016),0.5,3.2080656269461816
rw6131918,Bala (2019),3.5,4.022705819880813
rw4857881,Home (II) (2015),5.0,2.828128348291177
rw5403003,A Killing in a Small Town (1990 TV Movie),3.5,3.7250852217427406
rw3869285,Shut Eye (2016–2017),4.0,3.7087986219020155
rw2176182,阿凡達 (2009),5.0,3.1593921078399374
rw2958170,Drishyam (2013),4.5,3.6296859126968446
rw2607816,The Rose (1979),3.5,3.711275487664024
rw6272702,The Trial of the Chicago 7 (2020),4.0,3.483096351371677
rw4554522,Annihilation (2018),4.5,4.3286436567434246
rw2588584,The Hunger Games (2012),2.0,1.9898408110768653
rw2448241,Entourage (2004–2011),5.0,4.553582848010568
rw2069712,Skippy (1931),4.0,4.0276015937073835
rw2123381,National Lampoon's Animal House (1978),4.0,2.9670206386368734
rw0575468,Stuart Little (1999),0.5,3.6030868437234607
rw5139559,"Hello, Privilege. It's Me, Chelsea (2019 TV Movie)",0.5,3.35497563178858
rw6289761,Northern Exposure (1990–1995),5.0,3.6732769723662533
rw1477226,When a Stranger Calls (2006),5.0,1.7390559767632916
rw1544313,Waterloo Bridge (1931),4.0,3.7264076950809786
rw3296144,Taxi Driver (1976),5.0,3.7743581998112163
rw4600150,United 93 (2006),3.5,0.7771216386135409
rw2045351,Role Models (2008),4.0,4.194466503736286
rw4299382,The Sea of Trees (2015),2.0,3.158350215369129
rw3789949,Killing Ground (2016),3.0,3.298562370205829
rw4094328,The Thirteenth Chair (1929),1.0,3.365491154824442
rw4256946,Ready Player One (2018),2.5,2.866357569680238
rw2943290,Star Wars: Episode IV - A New Hope (1977),2.5,3.4942590891972576
rw1228683,Harry Potter and the Goblet of Fire (2005),4.0,3.108174274728279
rw5692042,Normal People (2020),4.5,3.7087986219020155
rw2497653,"The Good, the Bad and the Ugly (1966)",4.5,3.6705981079505334
rw6204304,Books of Blood (2020),1.0,3.3547669475224016
rw1376479,X-Men: The Last Stand (2006),2.5,3.6344402442811825
rw1794141,Love Actually (2003),2.5,3.413305178776683
rw5219607,Fractured (I) (2019),5.0,3.5088716075410162
rw1900279,The Last Big Thing (1996),0.5,3.1329126817569075
rw5261677,See (2019– ),3.0,1.6935539336811472
rw2855147,Blue Jasmine (2013),5.0,3.450003905376279
rw6092662,The Way I See It (2020),4.5,4.226101717874516
rw0093392,Finders Keepers (1966),2.5,3.694029389854443
rw1835651,Hot Dog (II) (1930),1.5,3.4810897715784557
rw3401796,The Outlaw Michael Howe (2013 TV Movie),1.5,3.2904502829491697
rw4379061,The Disaster Artist (2017),4.5,0.9693979017138954
rw5328925,Le notti bianche (1957),5.0,3.47873123206234
rw0656824,Spiders (2000),3.0,2.9197068832624273
rw4996126,The InBetween (2019),0.5,3.1807117906893057
rw4578767,Joysticks (1983),2.0,3.5214193063817434
rw3044046,Kill List (2011),0.5,2.8127798241631417
rw6210851,The Whittler (2020),1.0,3.670917840202011
rw4590981,Nocturnal Animals (2016),4.0,4.277247773708828
rw5037115,Gangs of Wasseypur (2012),5.0,3.28892122879609
rw2920399,The Parallax View (1974),3.5,3.4475905997065697
rw1123813,Charlie and the Chocolate Factory (2005),4.0,4.001263467058872
rw4041772,The Tradesmen (2011),4.0,4.273858683324953
rw1381504,Bad Education (2004),5.0,3.3268674119056847
rw2064583,Star Trek (2009),2.5,3.1054399263850314
rw1030978,Mark of the Devil (1970),2.0,3.1107295511839568
rw2308443,Nikita (2010–2013),1.5,3.899952901139594
rw1074665,The Thing About My Folks (2005),5.0,3.9659507146878363
rw2153401,The Men Who Stare at Goats (2009),4.0,3.588663222888391
rw2055285,American Violet (2008),2.5,3.57480832745393
rw5920198,Love Life (2020– ),5.0,3.6188111448978413
rw3554195,Operation Mekong (2016),5.0,3.036794592075416
rw0065766,Some Came Running (1958),4.0,3.3739139135372596
rw4830136,The Blackcoat's Daughter (I) (2015),3.5,3.3817567061093925
rw4702138,Captain Marvel (2019),5.0,2.9413454355314035
rw1578195,The Covenant (2006),3.0,0.87960202380234
rw4080699,The Greatest Showman (2017),4.5,4.003782318870263
rw4344184,Game of Thrones (2011–2019),5.0,3.053141215159879
rw1451112,The Apostle (1997),5.0,3.649314089109325
rw0077264,Gigot (1962),5.0,3.5022221520317816
rw6168068,Interreflections (2020),5.0,3.2958421092476
rw0986620,Highlander (1986),4.5,3.453931465819267
rw4425078,Shimmer Lake (2017),4.5,2.6984492891134253
rw3100421,Haider (2014),4.5,3.592075455213452
rw4298139,Inbred (2011),0.5,3.373500559839129
rw0913694,De-Lovely (2004),5.0,3.6145907525430307
rw3024252,The Tingler (1959),3.5,4.374064209743945
rw4910745,Absolutely Anything (2015),3.5,3.5779574396121245
rw3611545,Knight of Cups (2015),1.0,3.6035396447581527
rw5583578,The Amazing Mr. Williams (1939),4.0,3.341827470269986
rw0202324,Liquid Sky (1982),4.5,3.8180158905062425
rw1169663,Kansen (2004),3.0,3.170317628867924
rw1533869,American Dreamz (2006),4.0,3.083446354180681
rw1475931,The Seven Year Itch (1955),5.0,3.815327188519299
rw5987174,Super Monsters (2017– ),5.0,3.6299642281001954
rw0046321,Above and Beyond (1952),4.5,3.623106065872587
rw2246823,The Deer Hunter (1978),4.0,4.781329768132423
rw5514732,Intelligence (2020– ),0.5,2.954084976440696
rw5880860,Daredevil (2015–2018),5.0,4.818998589669615
rw1659614,Children of Men (2006),3.0,5.0
rw0108754,Popi (1969),5.0,2.8779188246662795
rw0786393,L'adversaire (2002),4.0,3.725649593005853
rw3293215,Star Wars: Episode II - Attack of the Clones (2002),3.5,2.9128365083749683
rw4063037,The Lincoln Lawyer (2011),2.0,2.89621502740023
rw1171790,I Am Dina (2002),5.0,3.0336378328793447
rw1112051,Fullmetal Alchemist (2003–2004),4.5,3.838155833350907
rw6385910,Four Weddings and a Funeral (2019),4.0,4.783903298020098
rw3559247,The Siege of Jadotville (2016),3.0,2.830141834753656
rw5192123,I Spit on Your Grave (2010),1.0,3.266982154764461
rw2996291,Delivery Man (2013),5.0,2.920863671287237
rw2208123,Fast & Furious (2009),4.0,3.597311814795679
rw0746462,The Pianist (2002),4.5,3.0230908023880083
rw5880924,The Rookie (1990),3.5,3.23174877223569
rw1419562,The Shawshank Redemption (1994),4.5,4.923988693169023
rw5228312,John Wick (2014),3.0,4.542430845433673
rw1077041,Tarnation (2003),4.0,3.200082212165445
rw1394388,The Devil's Rejects (2005),5.0,0.9666859471418272
rw1384107,Four Brothers (2005),4.0,4.446056794864488
rw6245533,Paranormal (2020– ),3.0,3.406282696159982
rw1401790,End Game (2006),2.5,3.335508208741737
rw4336871,If Beale Street Could Talk (2018),4.5,3.5077571619623007
rw4407290,The Haunting of Hill House (2018),5.0,4.216276117181684
rw0993127,Super Fuzz (1980),1.0,3.5155195758495323
rw0693326,Mistress Madeleine (1986),2.0,3.651028856102129
rw3411985,The Imitation Game (2014),3.0,4.620545323039735
rw0512230,Planet of the Apes (2001),1.5,1.687480762354477
rw2690618,Wrong Turn 5: Bloodlines (2012 Video),0.5,3.294393062928476
rw3455897,The Pyramid (2014),3.0,3.8263526056658117
rw1715845,Family Guy (1999– ),3.0,3.4981484546327004
rw4771989,The Code (2019– ),1.5,3.0686950068038996
rw6128338,Enola Holmes (2020),4.5,2.595393526775237
rw5884219,Sufiyum Sujatayum (2020),5.0,3.872297195292795
rw2484026,The Book of Eli (2010),0.5,3.06488389668475
rw5910231,The Invisible Man (I) (2020),4.0,3.4977466557607975
rw2537067,The Adventures of Tintin (2011),5.0,4.212678903066575
rw5063930,Parey Hut Love (2019),1.0,3.7174698743873775
rw5486173,High Fidelity (2020),5.0,3.034392738178325
rw1918631,The Swimmer (1968),4.5,2.8432061058739997
rw2879674,East of Shanghai (1931),3.5,3.345847734966309
rw3465543,Locke (2013),5.0,3.47268821014045
rw3818305,Baby Driver (2017),4.0,3.7973580876678716
rw2623838,One More River (1934),5.0,3.099269777495704
rw0599069,Gladiator (2000),5.0,4.651875353843487
rw5483577,The Goop Lab (2020– ),3.5,3.0520950889713814
rw4930415,Good Girls (2018– ),4.5,3.465623799915174
rw1958577,The Zombie Diaries (2006),5.0,2.9417101010857403
rw2338791,Morning Glory (2010),4.0,3.6466341128847324
rw1795114,16 Blocks (2006),2.5,3.8564605366261797
rw2533992,Sout-e payan (2011),3.5,3.6188111448978413
rw3745101,Amore tra le rovine (2015),2.5,3.757393266567563
rw2898839,Seven Years in Tibet (1997),4.0,3.5874510494653973
rw1401493,Nuvvostanante Nenoddantana (2005),4.0,3.6150310640857652
rw3195286,Maps to the Stars (2014),0.5,4.24328786363785
rw1031835,All That Jazz (1979),4.5,2.980569504629581
rw0461372,The Lord of the Rings: The Fellowship of the Ring (2001),4.0,3.7743206314379525
rw5467026,Parasite (2019),5.0,4.484876672722678
rw2435157,The Taint (2011),4.5,4.457800315624152
rw3663043,The Student (2016),4.0,2.9648128132581517
rw5010326,Lewis Black: Black to the Future (2016 TV Special),0.5,3.713525095498742
rw1030929,Inseminoid (1981),3.0,3.6446076079847467
rw2143842,Where the Wild Things Are (2009),5.0,3.552604047270611
rw4073315,Star Wars: Episode VIII - The Last Jedi (2017),0.5,4.086350251938272
rw0595866,The Haunting (1999),0.5,2.8124913021642426
rw1965675,Octopus (2000 Video),2.0,3.1437321167044043
rw1291037,Æon Flux (2005),1.5,3.8994635745931006
rw3466811,Theri (2016),5.0,3.0748518768684994
rw4290991,Blade Runner 2049 (2017),4.5,3.6046959633551894
rw3449402,The Lady from Shanghai (1947),3.5,3.3796694577057864
rw3414190,Fury (2014),2.0,2.751535193512139
rw1310638,Saw II (2005),1.5,2.6775222668553793
rw0431204,Scream 2 (1997),5.0,4.6550961416229235
rw1913337,The Dark Knight (2008),5.0,4.347885822582202
rw0701043,The Fast and the Furious (2001),2.5,2.710445510684005
rw2692023,Trash Humpers (2009),0.5,3.428286268137556
rw4952616,Zombieland (2009),4.5,4.345208833837456
rw2320925,Madrasapattinam (2010),4.0,3.464525841238621
rw6450385,Chasing the Rain (2020),0.5,3.651028856102129
rw5632916,Resident Evil (2002),3.0,3.9766044999250716
rw1339322,The Benchwarmers (2006),0.5,3.1424465549446765
rw3013408,Omar (2013),3.0,3.6804687633599658
rw5139515,A Slight Case of Larceny (1953),3.0,2.8052693181260935
rw1179775,Funny Man (1994),4.5,3.3738853863496945
rw4012909,The Shape of Water (2017),5.0,2.844592232094085
rw0310179,Memoirs of an Invisible Man (1992),4.0,3.206043015693385
rw3703514,3 Generations (2015),2.5,3.6074983261961266
rw5256669,Maleficent: Mistress of Evil (2019),4.5,2.888692335487867
rw5446863,Clerks (1994),2.0,4.8802948576163905
rw3812477,Baby Driver (2017),4.0,3.7278281221954765
rw2916195,Krrish 3 (2013),5.0,3.049104519976845
rw5765722,Fantasy Island (2020),1.0,0.763334255462903
rw2970432,Dallas Buyers Club (2013),4.0,4.903707295813069
rw1852086,Little Women (1933),3.5,3.7519838603141933
rw3842791,Kingsman: The Golden Circle (2017),0.5,4.405449882878229
rw1107418,Les petits fils (2004),5.0,3.0199893340575072
rw0348502,The Shawshank Redemption (1994),5.0,4.64165399458904
rw4615103,Charmed (2018– ),0.5,2.959159395870827
rw1280968,Plankton (1994 Video),3.0,3.2844535554388896
rw2937947,The Portal (I) (2010),0.5,2.940091817300174
rw1085851,American Beauty (1999),5.0,3.3185862305005887
rw0658819,Dr. T & the Women (2000),1.5,3.753625536377374
rw1075774,Kingdom of Heaven (2005),3.5,3.437120449013958
rw3194901,Kingsman: The Secret Service (2014),4.5,3.5354221777851387
rw4521272,The 12th Man (2017),4.0,3.740998789934096
rw2208178,Ninja (2009),3.0,3.9032267962676968
rw0237339,White Slave (1985),3.0,3.862467640934049
rw3066491,Kissing Darkness (2014),0.5,2.693108131027191
rw2803221,Star Trek Into Darkness (2013),1.0,3.126029102661585
rw0656681,One Night at McCool's (2001),3.5,3.4939109527451726
rw3101519,Time Out of Mind (2014),0.5,3.293484359999251
rw4992211,El hombre de al lado (2009),4.5,3.8760220402716743
rw4684412,Bodyguard (2018),4.5,3.456110347283589
rw1636728,Panic in the Streets (1950),3.5,3.3105997025692284
rw0981940,And Justice for All (1979),4.0,3.5586115791964263
rw2563560,The Tree of Life (2011),1.0,3.113509658124705
rw0553053,Jawbreaker (1999),2.5,3.479340660044265
rw2672160,The Man Who Knew Too Much (1934),4.0,3.4506031584240957
rw5776149,Public Enemies (2009),4.0,3.149618384645395
rw3771586,Girlfriend Killer (2017 TV Movie),2.5,3.1248428628785483
rw2101708,Transformers: Revenge of the Fallen (2009),1.5,1.1251602351865486
rw4290612,Heathers (2018),5.0,3.4006144410201373
rw4230878,The First Purge (2018),4.0,2.3504709625856406
rw1049570,What I Want My Words to Do to You: Voices from Inside a Women's Maximum Security Prison (2003),5.0,3.535387734768867
rw1789285,The Thing (1982),5.0,3.0871934381754227
rw4803945,Shazam! (2019),0.5,3.3380233570615157
rw3524731,The Get Down (2016–2017),4.5,3.2310884539690377
rw0247978,No Way Out (1987),5.0,3.5224023437559366
rw6226003,Endless Corridor (2014),5.0,3.651028856102129
rw5735954,The Shawshank Redemption (1994),5.0,4.64087312155515
rw5501774,The Last Man on Earth (1964),3.0,3.4083763549569346
rw1932675,Two Thousand Maniacs! (1964),3.0,3.43471988950447
rw1913802,Hopalong Cassidy Returns (1936),5.0,3.588965688551461
rw5053252,The Giant Gila Monster (1959),2.0,3.798369950510334
rw1477934,I Am a Sex Addict (2005),0.5,3.1560263458926965
rw1675965,Army Wives (2007–2013),5.0,3.651028856102129
rw4299340,Suburban Commando (1991),3.5,3.488883262598261
rw4125479,Murder on the Orient Express (2017),2.5,2.5732602963653797
rw6403807,Godmothered (2020),2.0,3.059997772861479
rw0752716,Road to Perdition (2002),4.0,3.851511388326268
rw4095525,Brimstone (2016),4.0,3.1429171825440023
rw1138973,Charlie and the Chocolate Factory (2005),5.0,4.001263467058872
rw2425686,The Love Parade (1929),3.5,3.8382531825287027
rw6302103,Cinema Paradiso (1988),5.0,3.565327972610039
rw1529741,That's Carry On! (1977),2.5,3.281145080837886
rw0848064,Barbershop (2002),2.5,3.8851529715129414
rw1779110,The Love Letter (1999),3.5,3.7511848797563845
rw3662008,Logan (2017),3.0,4.611645876935209
rw0599875,Gladiator (2000),4.0,4.757166701553883
rw1139581,Sky High (2005),4.0,3.562210099428245
rw4685612,Suppose They Gave a War and Nobody Came (1970),2.5,3.5213336849595285
rw3176709,Holiday: A Soldier is Never Off Duty (2014),5.0,3.0415699948723707
rw0265830,The 'Burbs (1989),5.0,2.979023603363682
rw3123171,The Dorm That Dripped Blood (1982),3.5,3.4556786557810857
rw2184324,Bad Reputation (2005),1.0,3.7672134313772276
rw2349105,The Extra Man (2010),2.5,3.394764008750349
rw0679026,Pearl Harbor (2001),0.5,1.2645256325384107
rw6004446,The Tax Collector (2020),3.0,2.8562620065159363
rw4731850,Battlestar Galactica (2004–2009),5.0,4.661917718445098
rw2784578,Adventures in Babysitting (1987),4.0,3.2559910124969536
rw2767351,S. Darko (2009),5.0,3.1986141856590184
rw4202790,BrainDead (2016),3.5,3.553766011654258
rw2736792,Blood and Lace (1971),1.5,2.649903146277498
rw5600382,The Guilty (2018),3.5,2.985245731750592
rw5943199,Arbitrage (2012),3.0,3.061379855726013
rw0495664,Shrek (2001),5.0,4.24733606744999
rw4611100,Polar (I) (2019),5.0,3.927844196199316
rw1669343,Catch and Release (II) (2006),2.5,3.140716300023407
rw3451925,Star Wars: Episode VII - The Force Awakens (2015),3.5,2.4708536023359158
rw6090734,Constantine (2005),3.0,2.914778885179189
rw3679372,Looking for Ms. Locklear (2008),4.5,3.6304063907039934
rw3715249,The Americans (2013–2018),2.5,3.651028856102129
rw2105016,The Farmer Takes a Wife (1935),3.0,3.307132759170119
rw0606727,Galaxy Quest (1999),2.0,2.9831663548401046
rw6325664,The Christmas Chronicles: Part Two (2020),5.0,3.9669164906746337
rw3518657,An American Rhapsody (2001),1.0,3.033995631729812
rw1706782,Jesus Camp (2006),4.5,0.8333156882364664
rw1016406,A Man for All Seasons (1966),4.5,3.458216746502479
rw1113343,The Jerk (1979),3.0,3.869227184172205
rw3408802,Shoah (1985),2.0,3.257524860062188
rw2086813,Transformers: Revenge of the Fallen (2009),0.5,1.4335462805479273
rw1081790,Chaplin (1992),5.0,3.6791569421412906
rw1427765,Relative Strangers (2006),4.0,3.7998329800897186
rw5200994,Primal (2019– ),5.0,2.556486907691926
rw5210126,Arctic (2018),0.5,3.8769607849711556
rw0864346,Runaway Jury (2003),1.0,3.5625765442828086
rw4043947,Step Sisters (2018),4.0,2.9323423251856284
rw3556016,True Blood (2008–2014),5.0,3.1108969199983285
rw5454110,It Chapter Two (2019),0.5,3.3087123192587393
rw2568445,Beginners (2010),1.5,3.339207871954447
rw5682799,Brazil (1985),5.0,4.587617904346823
rw4173001,Carter & June (2017),4.5,3.205519992642487
rw3726045,The Mummy (2017),3.0,3.005042901434792
rw5525869,A Wakefield Project (2019),0.5,2.68070033742663
rw6180435,Affenkönig (2016),3.0,4.216159378869776
rw3302264,Straight Outta Compton (2015),5.0,3.919818311058963
rw4720177,Stratton (2017),4.0,2.8640795825796155
rw6394089,The Midnight Sky (2020),4.0,2.0424766057651915
rw3720752,Forsaken (I) (2015),3.0,3.0371165090775603
rw3116422,Starry Eyes (2014),3.5,3.3447996008420087
rw4599211,What the Bleep!?: Down the Rabbit Hole (2006),1.5,2.874302999364668
rw2250665,Transformers: Revenge of the Fallen (2009),1.0,1.3533721980926485
rw6272372,Bloody Ballet (2018),2.0,3.400504686013135
rw3226823,The Cabin in the Woods (2011),3.0,3.201406282570552
rw3102740,Meet the Mormons (2014),5.0,3.596006206469482
rw2082641,Transformers (2007),4.0,2.8587988476386106
rw4227449,Justin Bieber: Never Say Never (2011),5.0,3.5742571254600572
rw3365532,8 Million Ways to Die (1986),3.0,2.658716556989345
rw5147231,Bard of Blood (2019– ),5.0,4.139747735820738
rw3857761,Murder on the Orient Express (2017),3.0,2.636937450188179
rw4110928,The Titan (2018),2.0,2.8503105556464527
rw4321195,Star Wars: Episode III - Revenge of the Sith (2005),4.0,4.327869809196258
rw5671042,Extraction (2020),0.5,3.090675352911717
rw0722553,The Man Who Wasn't There (2001),3.5,2.670853645990982
rw6430060,Paurashpur (2020– ),5.0,3.7087986219020155
rw0825348,X-Men 2 (2003),4.5,4.174930405469213
rw1916395,Airplane II: The Sequel (1982),3.0,2.354769682622382
rw5011250,Ardaas Karaan (2019),5.0,3.497286957776455
rw3552192,Mr. Church (2016),5.0,4.6089173934730185
rw5499705,Patriot (II) (2015–2018),5.0,4.454771351746012
rw0869935,Spider-Man 2 (2004),5.0,4.157165801785646
rw4838830,iMurders (2008),2.5,3.033842375766349
rw3736679,Bo Burnham: Make Happy (2016 TV Special),0.5,3.0729302677789034
rw5888474,Two Lovers (2008),5.0,3.639955016214421
rw4431254,A Star Is Born (2018),2.5,3.0326058268541503
rw2406003,Wallander (2008–2016),4.0,3.5074229258490095
rw1308953,Hackers (1995),0.5,3.1778600507670913
rw4796730,Destined to Be Ingested (2008),1.5,3.045678255987915
rw1809376,The Art of Travel (2008),4.5,2.9896553053623993
rw4427843,Smoke (2018–2019),4.0,4.36026134241853
rw1541138,Pulp Fiction (1994),5.0,4.3480980264999145
rw0038742,Portrait of Jennie (1948),5.0,3.5170155144653625
rw0673841,Tully (2000),5.0,3.747706963389059
rw2598964,The Glass Key (1942),4.5,3.8555858887749936
rw3201786,Exodus: Gods and Kings (2014),0.5,3.085764081959813
rw3377816,In the Heart of the Sea (2015),3.5,3.842253718096086
rw4202873,The Last Guest (2017),3.0,2.9934619198689814
rw2161891,破碎的擁抱 (2009),3.5,3.438885699390279
rw0032935,The Picture of Dorian Gray (1945),3.5,3.111813001017734
rw0427454,Nightwatch (1997),4.0,3.5900552626274536
rw4324464,The Nun (2018),0.5,3.1408376619661666
rw6063540,Infidelity in Suburbia (2017 TV Movie),1.0,3.283905010441595
rw3621020,The Legend of Tarzan (2016),4.0,3.08802304284725
rw4259731,The Hangover (2009),0.5,2.891770398918775
rw0677891,Pearl Harbor (2001),5.0,1.2645256325384107
rw1527964,Guest House Paradiso (1999),3.0,3.2447701431533695
rw3523802,You Only Live Twice (1967),4.0,3.1048041501099584
rw3856586,Death on the Diamond (1934),4.5,3.3447076410059964
rw5566159,One Way (IV) (2016),1.0,3.20349894797586
rw0565722,Cast Away (2000),2.5,4.617038867276165
rw6297984,Run (I) (2020),3.5,2.900334146510005
rw0179341,Raise the Titanic (1980),0.5,3.300195459914322
rw1735247,The Bourne Ultimatum (2007),1.0,3.4921305996499656
rw6222432,Christine (1983),4.0,3.2973908857543344
rw5992272,Gunjan Saxena: The Kargil Girl (2020),4.5,3.9028936365249214
rw3800720,It (I) (2017),4.0,4.111695427404883
rw0727829,Windtalkers (2002),0.5,3.436519282352575
rw6104404,Dolly Kitty and Those Twinkling Stars (2019),5.0,4.663842387397955
rw4380824,The Best Exotic Marigold Hotel (2011),4.0,3.799510131707077
rw5548468,Spenser Confidential (2020),0.5,4.63010328429656
rw0843009,Hero (2002),2.5,4.182108021447059
rw1566944,Boy-Next-Door (2004),5.0,3.281559664688472
rw2373555,Nowhere Boy (2009),3.5,3.7648553838686905
rw0153028,Exorcist II: The Heretic (1977),2.5,3.8034820128425286
rw3527008,Little Devils: The Birth (1993),3.0,3.609529749931586
rw0978931,Close Your Eyes (2002),1.5,3.2082923883759014
rw3836107,Baby Driver (2017),4.0,3.7278281221954765
rw3192644,Drive In Massacre (1976),1.0,3.112570954165757
rw4311680,Mamma Mia! Here We Go Again (2018),2.0,3.1998494469923444
rw3869971,Coco (I) (2017),5.0,4.02553935229407
rw1335214,Oldboy (2003),0.5,3.2757040977164147
rw5853675,Rurouni Kenshin Part I: Origins (2012),4.5,3.2076642383194094
rw3402765,Ti guan (1979),5.0,3.651028856102129
rw5719602,Crossroads (1986),3.5,3.8118901946381802
rw4132009,Jumanji: Welcome to the Jungle (2017),3.5,3.378014077983209
rw4417817,The Haunting of Hill House (2018),4.5,4.216276117181684
rw3000831,The Amazing Spider-Man 2 (2014),0.5,3.7834564727972753
rw0545078,The Legend of Bagger Vance (2000),0.5,4.28453412868793
rw2624133,Skew (2011),0.5,3.497392805677214
rw3831404,Insidious (I) (2010),3.0,2.59184186467187
rw5450769,Anveshanam (2020),4.0,3.6188111448978413
rw5458820,Registe (2014),5.0,3.6732769723662533
rw3290560,Tag (2015),4.0,3.65648481836462
rw3078831,The Prince (I) (2014),4.5,3.4697249938597947
rw1201353,Finding Nemo (2003),1.0,3.3667277172778185
rw3444377,The Hateful Eight (2015),2.5,2.205372684810434
rw4408998,Gone (I) (2012),2.5,3.4522348994741536
rw4405866,Titans (I) (2018– ),0.5,3.8672803473098973
rw0393931,The Rock (1996),5.0,4.474278490943804
rw1464565,Mountain Patrol (2004),5.0,3.167810420827182
rw5658224,Over the Hedge (2006),2.0,3.2464921761006638
rw5381109,Tõde ja õigus (2019),5.0,2.891023186121155
rw4257527,The Shawshank Redemption (1994),3.5,4.923988693169023
rw4480994,Ralph Breaks the Internet (2018),2.5,3.8509445146605743
rw5120592,Dream Girl (III) (2019),4.5,3.663288581515727
rw2966782,Wreckage (I) (2010),3.5,3.0163878420377066
rw1783205,Transformers (2007),1.5,3.2183722013119898
rw6018679,The Perfect Storm (2000),4.0,2.9585154136666976
rw5491619,Adults in the Room (2019),5.0,3.2381221715872783
rw6271363,Knock Knock (I) (2015),4.0,3.3477678363370664
rw3666892,The Blood Is at the Doorstep (2017),5.0,2.828848023910635
rw5585472,Sling Blade (1996),4.0,4.521338997024527
rw4717513,Captain Marvel (2019),3.0,2.9413454355314035
rw1912745,The Dark Knight (2008),5.0,4.347885822582202
rw2269190,Accepted (2006),4.0,3.3894642715211662
rw2246249,Iron Man 2 (2010),4.0,3.001603316413746
rw0162704,Night Cries (1978 TV Movie),5.0,2.9532810600061477
rw1128401,War of the Worlds (2005),3.5,3.7325299068926245
rw0654845,Moulin Rouge! (2001),5.0,2.6065088436966866
rw2908779,Steamboy (2004),2.0,3.3869908142869614
rw2009415,Life Is Beautiful (1997),4.0,4.192276280727781
rw1150239,Four Brothers (2005),5.0,3.8137353287766818
rw3331145,Money Train (1995),3.5,3.50753968072855
rw4940737,All Roads Lead (2013),1.0,3.7087986219020155
rw3344136,Steve Jobs (2015),2.5,3.571006812372356
rw3232699,Black or White (2014),4.0,3.9583723582523924
rw5936040,Dil Bechara (2020),5.0,4.590091632125678
rw3340087,The Purge (I) (2013),2.5,3.0765404395627636
rw5409403,Bumblebee (I) (2018),3.0,3.0604137413217636
rw1653006,FTV (1985– ),5.0,3.6188111448978413
rw2547621,Catwoman (2004),0.5,1.0296433563509306
rw2135419,Eraserhead (1977),2.5,3.6901665110147532
rw1456590,Mulholland Dr. (2001),3.5,2.3409719220170624
rw6083425,Away (2020),0.5,1.7543021819411184
rw2644412,黑店狂想曲 (1991),4.5,3.533199553697121
rw5220057,The War of the Worlds (2019),1.5,3.3738939472322924
rw1913062,The Cradle (2007),2.5,2.8323979215352626
rw1889921,The Searchers (1956),5.0,3.5127184626643033
rw0856192,Honogurai mizu no soko kara (2002),2.0,3.537819410638126
rw3239821,Project Almanac (2015),1.0,3.2058622839790067
rw3673835,Criminal Minds (2005–2020),1.0,4.57834667211304
rw6116956,The Invisible Man (I) (2020),3.5,2.7766165167936907
rw4497454,The Fear Footage (2018),1.0,2.823897122749796
rw0080840,Charade (1963),4.5,3.5405539314348307
rw0046337,Against All Flags (1952),3.0,3.737233400897758
rw2748424,福爾摩斯與華生 (2012–2019),2.5,0.937637724422295
rw5450605,Midsommar (2019),0.5,2.5896188674230034
rw3528429,Tracks (I) (2013),3.5,3.4732253620182094
rw5464414,Monster-in-Law (2005),3.5,2.668738784715178
rw0103406,Night of the Living Dead (1968),5.0,4.314579669003104
rw3748129,The Red Turtle (2016),4.5,3.318172900409861
rw4507645,NXT TakeOver: Brooklyn IV (2018 TV Special),3.5,2.805915989053256
rw1692308,Opposite Sex (2000),5.0,2.9913811785579996
rw1487550,Heat Wave (1990 TV Movie),4.0,3.094985149851026
rw4197971,Shooter (2016–2018),3.0,2.394711969753585
rw4738312,Beauty and the Beast (1991),5.0,4.231894487457116
rw6339600,The Highwaymen (2019),4.5,3.9054159259453716
rw2332177,"The Chronicles of Narnia: The Lion, the Witch and the Wardrobe (2005)",4.5,4.92083478384336
rw0897586,Lost in Translation (2003),3.5,4.3384015459265
rw2451333,Hugs and Mugs (1950),3.5,3.6732769723662533
rw1029985,Girl Fever (2002),3.5,3.7174698743873775
rw2909649,Intolerance: Love's Struggle Throughout the Ages (1916),4.0,3.903935109900639
rw2239248,No Impact Man: The Documentary (2009),4.0,3.129727225859926
rw1110664,Land of the Dead (2005),5.0,3.1896944236686924
rw3015080,The Flight of Dragons (1982 Video),4.5,3.5914007567898576
rw4210590,Goliath (2016– ),4.5,3.7168580724125233
rw3871900,The Viking Queen (1967),2.5,3.717783148172022
rw6130057,Tenet (2020),4.5,3.7688616052630457
rw3355066,Mr. and Mrs. North (1942),3.0,3.6383630467910866
rw0469386,Safe Men (1998),5.0,1.5043270408253524
rw4258456,Mission: Impossible - Fallout (2018),4.0,3.719538049336919
rw4155125,Deception (2018),2.5,3.147294564266012
rw3483580,X-Men: Apocalypse (2016),3.5,3.1912512579101886
rw3756003,Song of Scheherazade (1947),4.0,3.5504530858985976
rw5596257,Star Wars: Episode VII - The Force Awakens (2015),0.5,3.0219444539397915
rw3450473,The Death of Superman Lives: What Happened? (2015),4.0,3.1762180739776973
rw5435673,Harley Street (2008– ),0.5,3.666772212411609
rw5502597,The Pale Horse (2020),0.5,3.485524034695783
rw2839730,Spring Breakers (2012),0.5,2.743817854951679
rw0430001,Passion's Way (1999 TV Movie),3.0,3.5869542539391084
rw5658393,Triple Frontier (2019),4.5,2.826067169461368
rw1211273,Natural Born Killers (1994),5.0,3.6216358111256306
rw5278854,A Beautiful Day in the Neighborhood (2019),2.5,2.9508662961637637
rw3771923,Son of Bigfoot (2017),5.0,3.544173627009441
rw4419373,The Killing of a Sacred Deer (2017),2.0,3.1989985761314097
rw4444928,Batman (1989),4.0,3.8980708516485447
rw5154379,Emergence (2019–2020),4.5,3.889133180003968
rw0897072,Lost in Translation (2003),4.5,3.65688305697777
rw2478693,Jonathan Livingston Seagull (1973),2.0,3.2023557495515482
rw4805927,Avengers: Endgame (2019),3.0,4.186980347120472
rw0874169,Angels in America (2003),4.0,3.63639194853964
rw5620644,Shikara (2020),4.5,3.7817221462979456
rw2000882,Batman (1989),4.0,4.374219077044415
rw1466258,Cellular (2004),3.5,2.921405755512946
rw4368412,God Friended Me (2018–2020),5.0,4.83549891023753
rw2972913,X-15 (1961),2.5,3.193539002178719
rw4237348,How It Ends (2018),4.5,3.333794582587758
rw1049324,Internal Affairs (1990),3.0,3.1164345061647607
rw5503960,Sanditon (2019),2.0,3.7087986219020155
rw1895553,Hollywood Steps Out (1941),5.0,3.09794643915118
rw1679010,Mr. Brooks (2007),4.5,3.7156847858514164
rw5246788,Jojo Rabbit (2019),4.5,4.412320723395418
rw3211019,It Follows (2014),3.5,2.7814597311151443
rw2056589,The Adventures of Mark Twain (1944),3.5,3.382070442761973
rw4199765,The Lesson (2015),1.5,2.9196337686929463
rw4203075,Incredibles 2 (2018),5.0,4.290508785449097
rw5895619,The Berlin Bride (2020),5.0,3.325168012310035
rw4658115,Exorcist II: The Heretic (1977),3.0,3.8034820128425286
rw4101577,Life After Manson (2014),3.0,3.7171080143261745
rw4098924,Jason Bourne (I) (2016),0.5,3.5269049065877915
rw5529282,Sonic the Hedgehog (2020),5.0,3.075615121784141
rw3694611,The Penthouse (1967),3.5,3.4215594198584407
rw0424575,Ma vie en rose (1997),5.0,3.236481282766676
rw1825406,I Met the Walrus (2007),3.0,3.557059982035527
rw5840177,The Last of Us: Part II (2020 Video Game),2.5,3.333039659661291
rw4610271,Suicide Squad (2016),0.5,3.1018105999816328
rw2614903,Department (2012),0.5,3.1986635140152266
rw2773369,Money Movers (1978),3.5,2.96252266620877
rw2963090,Sirens (1994),4.0,2.6767892790828034
rw3499405,The Admiral: Roaring Currents (2014),3.5,2.9378313997120546
rw0576772,Detroit Rock City (1999),4.0,4.18429303378837
rw1768338,Thompson (1988),5.0,3.7174698743873775
rw1781780,Merry Christmas Mr. Lawrence (1983),5.0,2.965778026108244
rw4810530,Dumbo (2019),2.0,3.2348862590345617
rw1566407,Windtalkers (2002),1.0,3.436519282352575
rw1344585,Riki Riki (2005),4.0,3.6188111448978413
rw5067786,The Rebound (2009),5.0,3.146310973237492
rw0148479,La marge (1976),5.0,3.4612448316303532
rw2063744,Star Trek (2009),4.0,2.321830240660354
rw6183002,Hot Mess (2018),5.0,3.6145660032221305
rw3377634,The Cape Town Affair (1967),2.5,2.590831902533118
rw1011833,Coward of the County (1981 TV Movie),2.5,3.5960161222616898
rw1686003,The Adventures of Buckaroo Banzai Across the 8th Dimension (1984),4.0,3.2554688157738645
rw1615401,內陸帝國 (2006),4.5,3.337608730551467
rw3576900,The Hateful Eight (2015),0.5,2.9164645292298834
rw2565976,The Children (2008),3.5,3.107496051341722
rw1312196,The Women of Charmed (2000 TV Movie),4.5,3.4832608300280747
rw1339160,Fahrenheit 9/11 (2004),4.0,3.7770823103312345
rw4982564,Midsommar (2019),3.0,1.7481781352120058
rw5984837,Three Colors: Red (1994),3.5,3.833599868376003
rw4039774,Iron Sky (2012),4.0,3.0242893125648553
rw3769011,Sylvia Scarlett (1935),2.0,3.5467149039574526
rw0200773,Eddie and the Cruisers (1983),5.0,3.5489858930510967
rw1971156,The List (I) (2007),0.5,3.7905814034866836
rw0950476,Anything But Love (2002),4.5,3.2639139289758936
rw5815699,Godzilla: King of the Monsters (2019),2.5,3.5328436719605505
rw0707438,Better Than Sex (2000),2.0,3.6025429854562816
rw5410786,Resident Evil: Extinction (2007),3.5,3.0016965888406557
rw4629015,Polar (I) (2019),4.0,3.927844196199316
rw4127555,The Good Fight (I) (2017– ),4.0,2.791664948732728
rw2640144,The Hill (1965),5.0,3.4417114982355717
rw3202761,Interstellar (2014),4.0,3.904959484684746
rw5927777,Ad Astra (2019),5.0,1.7375106215315277
rw5817000,The Victims' Game (2020– ),4.5,3.366030888201832
rw5220738,Gummo (1997),0.5,0.9790150734563358
rw4898832,Spider-Man: Into the Spider-Verse (2018),5.0,4.430209840559631
rw6226606,Endless Corridor (2014),5.0,3.6188111448978413
rw1699668,1408 (2007),5.0,2.468513979749665
rw6104152,The Cabin in the Woods (2011),4.0,3.201406282570552
rw1563722,Guilty by Association (2003 Video),0.5,3.3555631530311034
rw1162226,Titanic (1997),5.0,2.666897461861226
rw0203125,Never Say Never Again (1983),3.0,4.308567286016913
rw2549246,Brideshead Revisited (2008),1.5,3.4606374016099544
rw4794558,Forrest Gump (1994),5.0,4.9479591882697305
rw3030409,Edge of Tomorrow (2014),4.0,2.7897852990659486
rw4575071,Uri: The Surgical Strike (2018),4.0,4.54837170109535
rw1386378,Molokai (1999),3.5,3.454339755091871
rw4608394,Unbreakable (2000),4.0,2.243504335930918
rw1772357,High School Musical (2006 TV Movie),0.5,1.9815087773227438
rw3496527,De Palma (2015),5.0,4.57201999890557
rw5622239,Black Sabbath (1963),3.5,3.64957178430949
rw6200781,Lady Bird (2017),3.5,3.2336374341125573
rw3231694,The Good Wife (2009–2016),5.0,3.7332296652761006
rw2803804,Gregory Go Boom (2013),5.0,3.7087986219020155
rw6012049,Sputnik (2020),3.5,2.5137274474416493
rw5665503,The Willoughbys (2020),5.0,2.4547501374271783
rw1502416,The Cat in the Hat (2003),3.0,3.251605228290455
rw4534933,Holmes & Watson (2018),0.5,2.7161304852174255
rw3069658,Kick-Ass 2 (2013),2.5,3.4716276291845323
rw4355045,A Simple Favor (2018),0.5,2.8348822200573838
rw2806106,Father and Daughter (2000),3.5,3.6802906033837175
rw4447585,"Like, la leyenda (2018– )",0.5,4.013528240188177
rw3677492,The Walking Dead (2010– ),5.0,2.202136090880048
rw1615542,危機四伏 (2000),1.5,2.9782906336418025
rw5984036,Anelka: Misunderstood (2020),0.5,3.5962752650542407
rw0011687,The World Changes (1933),3.0,3.2138492981184226
rw4993277,13 Graves (2019),4.0,3.000878121995906
rw5945346,Mrs. Serial Killer (2020),5.0,4.186308797001419
rw2116667,The Mean Season (1985),3.5,4.106914781433184
rw5978223,Mortal (I) (2020),3.5,3.153581018390426
rw0663729,Çalikusu (1966),5.0,3.5127647491163154
rw4306117,Slender Man (2018),5.0,3.072257851846119
rw1783340,1408 (2007),2.5,2.468513979749665
rw4370257,Halloween (1978),5.0,4.631642677520807
rw5557114,C Kkompany (2008),3.5,3.7430237688893264
rw2243006,A Nightmare on Elm Street (2010),1.5,2.683412003947607
rw2393668,The Big Trail (1930),3.5,3.1214847792715674
rw6218729,Strangerland (2015),4.0,3.0699586367754925
rw2833163,Crossing Lines (2013–2015),3.5,3.7087986219020155
rw1244917,King Kong (2005),4.0,2.386608671901414
rw1592060,The Messengers (2007),2.0,1.27694098754116
rw6047601,Blow the Man Down (2019),4.0,3.7127313646634765
rw5742703,The Farewell (I) (2019),3.0,3.57641260639945
rw3524267,Grimm (2011–2017),2.0,2.2417631601665016
rw2246826,The Perfect Game (2009),4.5,3.849432045260048
rw1162247,Sahara (2005),3.5,3.5025961475294283
rw2850672,Law Abiding Citizen (2009),2.5,3.45709465199589
rw5607841,Resident Evil 6 (2012 Video Game),4.0,2.851740956343617
rw5017918,Another Life (2019– ),0.5,2.803177727633297
rw1842331,Carver (2008 Video),3.5,3.1977103307984107
rw4758989,Ambulance (2016– ),5.0,3.7453640216846495
rw3794198,Shot Caller (2017),2.5,3.1414283616322938
rw4716672,Bad Lieutenant (1992),5.0,2.7190890730993402
rw1245816,A Christmas Carol (1984 TV Movie),5.0,3.2031039376791557
rw5092572,The Dead Don't Die (2019),4.5,2.845644675281159
rw5535347,Rebro Adama (1991),4.5,2.471441662139752
rw4712073,Captain Marvel (2019),5.0,2.9413454355314035
rw2591887,Wrath of the Titans (2012),3.5,2.8723749866566357
rw3005381,Elf (2003),4.0,3.1441767809075407
rw2967313,Filth (I) (2013),4.0,3.2960240570046455
rw0659480,The Dish (2000),5.0,3.385552737874096
rw6354012,The Invisible Guardian (2017),4.5,3.5109552238502255
rw3437920,Bennie Stout (2011),5.0,4.199901050214009
rw4483200,The Big Short (2015),5.0,3.4350126078265335
rw2475871,Reservation (2011),2.5,3.331920945291237
rw4173762,Maps to the Stars (2014),4.5,1.1163823517699285
rw4563771,Ricochet (1991),0.5,3.015351423348619
rw1564354,Happily N'Ever After (2006),2.5,3.454643454795886
rw1505119,Torchwood (2006–2011),2.5,3.7087986219020155
rw4894768,Fail Safe (1964),4.5,3.742690114128454
rw3413994,The Revenant (2015),0.5,3.5544547322062945
rw2297999,No Country for Old Men (2007),3.5,4.604511319060503
rw4159878,Not Suitable for Children (2012),4.0,3.4534336445060476
rw4170059,Cargo (I) (2017),3.0,3.6773078387110343
rw1888023,Guess Who's Coming to Dinner (1967),4.5,3.7292756383954915
rw3440234,Batman v Superman: Dawn of Justice (2016),4.5,3.488123617124744
rw3479693,Take Back Your Power (2013),3.0,3.7087986219020155
rw5084535,Aliens (1986),5.0,4.326294181104836
rw4689208,Char Man (2019),0.5,3.7184964893467622
rw1397049,Livelihood (2005),4.5,3.23148159002071
rw4902236,The Angry Video Game Nerd (2004– ),5.0,3.178906169513783
rw4807536,The Orville (2017– ),4.5,4.692618520102047
rw5480229,Edge of the Axe (1988),1.0,3.0358889148057937
rw0278969,Awakenings (1990),5.0,3.356465055753787
rw3030019,Phantoms (1998),3.0,3.147248185684894
rw5772346,Jason X (2001),0.5,2.771187775830674
rw3458522,Where to Invade Next (2015),5.0,3.269234513895242
rw0460812,The Lord of the Rings: The Fellowship of the Ring (2001),1.0,2.861122721234798
rw4228118,Deceived (1991),3.5,2.6478843728332104
rw4547283,Santa Claus Conquers the Martians (1964),3.0,3.568993649787751
rw6424909,The Orville (2017– ),5.0,4.410125934048843
rw1170450,Kelly's Heroes (1970),4.5,3.375675460763797
rw0160375,Halloween (1978),5.0,4.610109132528519
rw1640087,Long Way Round (2004–2010),1.0,3.5769284162189554
rw3676478,RoboCop (1988),4.0,4.280172550176314
rw1495321,The Evil of Frankenstein (1964),3.0,3.0651891879921562
rw4626603,Green Book (2018),4.5,3.4966264227655826
rw4307500,Pieces (1982),3.5,3.5162020276103947
rw5702216,Wonderwall (1968),1.5,3.51817152645126
rw3514880,Arnold (1973),1.0,3.0227224794044445
rw5839191,Detective Byomkesh Bakshy! (2015),5.0,3.3681860766382585
rw5190383,Love Is Not Enough (I) (2019),5.0,3.082918259945928
rw0455703,Halloween H20: 20 Years Later (1998),2.0,3.0185759290564462
rw2968131,Cloverfield (2008),0.5,2.567185476590056
rw5890359,Fantasy Island (2020),0.5,1.1223668224979817
rw2247797,Simón del desierto (1965),4.0,3.5489065216554128
rw5775746,Grant (2020),4.0,3.5021067098339267
rw5742117,Scoob! (2020),0.5,3.581094156535359
rw4610480,Silenced (2011),5.0,3.098211872334424
rw2307612,Once a Thief (1965),3.5,3.593313887167982
rw4228504,Marcella (2016– ),4.5,3.7217261425467614
rw4056220,The Last Man on Earth (2015–2018),4.5,3.2684045720058377
rw6332982,The Big Lebowski (1998),5.0,3.259903448978718
rw1613759,The Return of Doctor X (1939),3.0,3.8297051555391217
rw0511165,The Matrix (1999),5.0,3.7862559696245124
rw2918846,Turner & Hooch (1989),1.0,3.6542831414887713
rw3237396,Teenage Mutant Ninja Turtles (2014),2.5,2.6587121510924967
rw1528920,Curse of the Demon (1957),4.5,3.417021492040562
rw6390103,Jett (2019– ),5.0,3.5302347894164945
rw4915276,Repossessed (1990),0.5,4.187278690721978
rw4178130,A Quiet Place (2018),1.5,3.463990913529404
rw2815005,Full Metal Jacket (1987),4.5,2.9211606208755043
rw1451145,Snakes on a Plane (2006),3.0,3.2915772318595864
rw5827064,The Family (I) (2013),2.5,3.285166985211977
rw6018630,The Babadook (2014),0.5,3.9312778024941406
rw4591592,Glass (2019),5.0,4.0008730501751115
rw6224287,Endless Corridor (2014),0.5,3.7174698743873775
rw5699360,2 Guns (2013),5.0,3.15487934130753
rw2988640,The Green Mile (1999),4.5,4.438621616536973
rw0656981,Animal Factory (2000),4.0,3.805650012415667
rw1143873,The Chumscrubber (2005),0.5,3.2566990918329104
rw4718922,What Lies Ahead (2019),4.5,3.1646201967367698
rw1366999,Curb Your Enthusiasm (2000– ),5.0,3.409318307696369
rw2072512,Meet the Spartans (2008),1.0,3.237393164332428
rw5203210,The Haunting of Hill House (2018),5.0,4.298600498907289
rw4713172,Valerian and the City of a Thousand Planets (2017),5.0,3.16545586251565
rw3030808,About Last Night (2014),2.5,3.377459125403287
rw1843923,Hardcore (1979),3.5,2.725275387910512
rw4094131,Flower (I) (2017),0.5,3.383155161323639
rw2408098,True Heart Susie (1919),3.0,3.595658987123873
rw5315404,Playmobil: The Movie (2019),3.0,4.049976853507712
rw4042921,Mountain (I) (2017),1.5,3.3132648789811965
rw1990734,You Only Live Twice (1967),3.5,3.4449029054948213
rw0424032,L.A. Without a Map (1998),3.5,3.6222551664832774
rw3538543,Star Wars: Episode VII - The Force Awakens (2015),3.5,2.4708536023359158
rw2399103,Four Lions (2010),1.5,3.7163418542174127
rw4278208,Fist of Fury (1972),5.0,3.393698746546098
rw3203352,The Pyramid (2014),4.0,3.003178188281708
rw4165076,Monster Family (2017),0.5,3.750778418271071
rw5011697,Shazam! (2019),0.5,3.209150548109575
rw6420657,Wonder Woman 1984 (2020),0.5,2.769676061994151
rw1558208,The Masque of the Red Death (1964),3.0,3.139964673525002
rw2826794,Furious 6 (2013),3.0,3.8127130997919236
rw1796645,One Hour Photo (2002),4.0,3.8192612619252873
rw4515166,The Brass Teapot (2012),3.5,3.628875557903812
rw0667047,The Mummy Returns (2001),0.5,3.3016278887064843
rw2295472,Eat Pray Love (2010),3.5,3.2615773137990134
rw6351361,Ava (IV) (2020),1.0,3.0015900566411373
rw5920934,WingMen (2016–2020),4.5,3.7087986219020155
rw1690889,Harry Potter and the Order of the Phoenix (2007),3.0,3.31907486736406
rw2614295,The Dictator (2012),4.0,3.4838550910962955
rw4364570,Another Perfect Stranger (2007),5.0,2.8334462156167164
rw4110186,Brawl in Cell Block 99 (2017),1.5,3.137349711766957
rw2619823,Best Friends Forever (2012),5.0,4.120634702645356
rw4757305,The Man from Earth: Holocene (2017),0.5,2.9085313555311796
rw6129282,The Leftovers (2014–2017),0.5,4.588540340813201
rw2731672,Project: Metalbeast (1995),2.5,3.3520553323269455
rw3033458,Absolute Zero (2006 TV Movie),0.5,3.1213587575016106
rw5577371,I Dream of Jeannie (1965–1970),5.0,3.764808094585374
rw0950525,The Hard Way (1980 TV Movie),4.5,3.304890743460994
rw1379938,Gunga Din (1939),2.5,3.4004711641412535
rw1262059,Jungle Assault (1989),0.5,3.7174698743873775
rw4135419,Lost in Space (2018– ),3.0,1.019514567260593
rw2902764,The Clinic (I) (2003–2009),5.0,3.015864544621105
rw1596224,The Last King of Scotland (2006),3.5,3.574552843204393
rw2255901,Inferno (II) (1999),2.0,3.077105520690775
rw2224037,This Is the Army (1943),4.0,3.5950638593852147
rw1964909,The Happening (2008),1.0,3.311655380470897
rw1347079,A Chorus Line (1985),3.0,2.515328190875554
rw3021724,Philomena (2013),4.0,3.6858682032861725
rw0040276,The Hidden Room (1949),4.5,3.2337119915508157
rw1264626,It Came from Outer Space (1953),4.0,3.0512154745440196
rw5567278,Amateur Night (2016),0.5,3.120729807291848
rw1940680,The Dark Knight (2008),5.0,4.4212558199372065
rw6228269,Guillermo Villas: Settling the Score (2020),2.5,3.2035685582289575
rw5256241,Alvin and the Chipmunks: The Road Chip (2015),5.0,3.7577137261621685
rw0480360,Star Wars: Episode I - The Phantom Menace (1999),3.5,3.2750637939830174
rw6294359,Interstellar (2014),0.5,4.494926706407176
rw3134196,State of Affairs (2014–2015),5.0,3.1207569642682738
rw5390734,Demon Slayer: Kimetsu No Yaiba (2019– ),4.5,3.7087986219020155
rw2899067,Free Birds (2013),3.0,3.0363557117737026
rw6223904,Endless Corridor (2014),0.5,3.7174698743873775
rw1941093,Yateem (1988),4.0,3.7795136694265454
rw2172525,As Time Goes By (1992–2005),5.0,3.575051369639156
rw1301993,The Eavesdropper (2004),5.0,3.3646608469618298
rw5915662,The Stendhal Syndrome (1996),3.0,3.5135217156602216
rw2889536,Twice Born (2012),2.0,3.28909430879341
rw6125366,Mrs. Serial Killer (2020),5.0,4.094391531878088
rw3237989,The Burning Dead (2015),0.5,3.232280621909308
rw3255185,Scary Movie V (2013),2.5,3.02790864363982
rw4749911,Stepfather III (1992 TV Movie),2.5,2.935932262951363
rw5236902,A Wrinkle in Time (2018),4.0,2.786683837785281
rw2779897,Shopping (1994),5.0,3.2019210807159655
rw2325312,Desire (1936),4.0,3.480064255133265
rw2140614,Camp Blood (2000 Video),2.0,3.6675074356545196
rw5875655,A Midsummer Night's Dream (I) (2019),5.0,3.3032544180947387
rw1352622,Scary Movie 4 (2006),1.0,3.5709596232437213
rw0699563,The Others (2001),4.0,4.6448748197463345
rw2077330,Violent Saturday (1955),4.0,3.260803264599793
rw1784547,Sweeney Todd: The Demon Barber of Fleet Street (2007),2.0,3.8505854863538698
rw4168514,Black Panther (2018),2.5,3.055197416043943
rw3305163,Wolf Hall (2015),3.5,3.0924613721898897
rw3757427,Free to Choose (1980– ),5.0,2.7289933946996143
rw2523245,Scalpel (1977),3.5,3.6348820477504633
rw4772337,Iron Man (2008),5.0,2.9348378721391404
rw2413979,Deathrow Gameshow (1987),1.5,3.2564008771340447
rw0010613,Ever in My Heart (1933),5.0,3.8196400992692006
rw0988768,Pink Narcissus (1971),4.5,3.072325884730088
rw1275179,Hostel (2005),4.0,2.6350072501206143
rw0885642,Mystic River (2003),3.0,3.1851099482985292
rw2334981,Monsters (2010),0.5,2.8369315271601074
rw6362510,Transsiberian (2008),3.0,2.952712332973331
rw1801400,Jackass Number Two (2006),2.0,3.5924977371778306
rw2153761,Mercury Rising (1998),1.5,2.969052766474118
rw5440225,Hell on Wheels (2011–2016),5.0,3.36853395523775
rw4544461,The Oath (2018),3.0,3.236719508173002
rw0089669,The Human Duplicators (1965),1.5,3.3910035054423253
rw1685128,Aap Kaa Surroor: The Moviee - The Real Luv Story (2007),0.5,3.4016035109865808
rw6423647,Black Widows (2020– ),5.0,3.4194864943725105
rw3579419,The Exorcist (2016–2018),4.5,3.651028856102129
rw4852992,Let the Right One In (2008),3.5,2.843774467966471
rw0176673,The Gods Must Be Crazy (1980),4.5,3.3354059380776166
rw1982632,Twilight (I) (2008),0.5,2.996127685705885
rw2560315,Cars 2 (2011),4.5,3.6902038735327043
rw1563558,The Eddy Duchin Story (1956),4.0,3.3125104871298596
rw6146921,Serious Men (2020),5.0,3.5266094512957435
rw1415554,Pirates of the Caribbean: Dead Man's Chest (2006),1.0,2.0916040425037505
rw4013646,The Hitter (1978),4.0,3.306075990453025
rw1508890,Werewolf in a Girls' Dormitory (1961),2.0,3.1076563620984796
rw4895115,Viral Beauty (2018),4.5,3.0111321460831126
rw5964205,Whiplash (2014),4.5,3.77211553304864
rw3099666,Scream (1996),5.0,4.657945156011391
rw4713377,Captain Marvel (2019),3.0,2.9413454355314035
rw2824662,Fires Were Started (1943),2.5,3.802098791105123
rw4993468,Super 30 (2019),5.0,3.1820020079913296
rw0791590,Amores Possíveis (2001),4.0,3.642891331961146
rw1550961,Elf (2003),3.0,3.984327864602387
rw2964523,Lawrence of Arabia (1962),5.0,3.398710333164472
rw0161084,The Hobbit (1977 TV Movie),5.0,4.128138899762139
rw5844464,Wasp Network (2019),3.5,3.577349808758824
rw1200216,Wallace & Gromit: The Curse of the Were-Rabbit (2005),4.0,3.8355810756871107
rw2808128,After Earth (2013),1.0,2.5687210866354118
rw1602258,Thirtysomething (1987–1991),5.0,3.0739281144190627
rw2383331,MacGruber (2010),0.5,2.4824218820779445
rw5019390,K.G.F: Chapter 1 (2018),5.0,4.732007336582576
rw3776639,It Came from Outer Space (1953),2.0,3.0512154745440196
rw2101701,Drag Me to Hell (2009),3.0,4.63839117789315
rw0322485,Groundhog Day (1993),4.5,3.7762583208665337
rw2460871,The Undefeated (2011),5.0,3.4860300974512697
rw5157070,Sierra Burgess Is a Loser (2018),1.0,3.4022356440722077
rw3285213,Wolf Warrior (2015),1.5,2.9983008066887225
rw4541610,Rapurasu no majo (2018),1.0,3.4872049952912656
rw0980842,Bridget Jones: The Edge of Reason (2004),3.5,3.073784865492973
rw4505090,Hold the Dark (2018),3.5,1.3307514889479355
rw1539110,Rio Bravo (1959),4.0,3.658104533247708
rw0010202,Alice in Wonderland (1933),3.5,2.968810896532414
rw2765799,Night Drive (1977 TV Movie),4.0,3.179285682627873
rw0244008,Friendship's Death (1987),4.0,3.85627317605595
rw1287250,Dirty Dancing: Havana Nights (2004),5.0,3.6056961167863713
rw4801547,Happy Anniversary (I) (2018),2.5,3.802054065762856
rw4779726,The Twilight Zone (2019– ),0.5,3.3782501807137226
rw1035430,On the Riviera (1951),2.5,3.6912204531033193
rw5678670,Coco (I) (2017),4.0,4.739007490916181
rw1636619,The Assassination of Richard Nixon (2004),1.5,3.4708082104011084
rw6060715,Abhay (2019– ),5.0,4.977732386075479
rw3696791,Eloise (2016),0.5,2.928530740029429
rw1639360,One Way (II) (2006),4.5,2.9091321145842928
rw5147636,Un amour impossible (2018),5.0,3.4662827473004687
rw2897251,The Mortal Instruments: City of Bones (2013),2.5,3.5835488289345907
rw5663092,Ice Princess (2005),3.5,3.801895134097985
rw1297815,The Seventh Stream (2001 TV Movie),3.5,3.552243564758389
rw4752852,Unplanned (I) (2019),5.0,3.463266133116758
rw1340981,Jackass: The Movie (2002),5.0,4.67918967360994
rw4825711,Vikings (2013–2020),5.0,4.772913694109783
rw4556922,The Invitation (I) (2015),5.0,3.6859235481480717
rw4043660,Padmaavat (2018),1.5,4.650175853957122
rw2539036,La donna del lago (1992 TV Movie),3.5,2.6832815006928863
rw1792494,Species (1995),3.0,2.813509354672042
rw5790648,Clemency (2019),2.5,3.1409049447309076
rw2379572,One Flew Over the Cuckoo's Nest (1975),4.5,4.697057514090218
rw6306363,One for the Money (2012),0.5,3.5340370858760872
rw5441775,Judy (II) (2019),5.0,3.4460049763422433
rw0992341,Riders of the Rio Grande (1943),3.5,3.4608152608296097
rw3724834,The Hunter (IV) (2011),4.0,3.512307984177248
rw0237413,Sherman's March (1985),0.5,3.5376991232111368
rw6120797,Enola Holmes (2020),4.5,2.595393526775237
rw3756340,Arrival (II) (2016),2.0,2.516947271483354
rw3497507,Hillbillys in a Haunted House (1967),1.5,3.300018047484547
rw2400783,Hereafter (2010),2.5,2.9230701711546683
rw1842616,The Deaths of Ian Stone (2007),4.5,2.6550988440948
rw5270068,After the Wedding (2019),4.5,3.70707047625678
rw3600987,London Has Fallen (2016),2.0,3.9242690077949964
rw3385071,Star Wars: Episode VII - The Force Awakens (2015),4.0,2.342124503924216
rw6273609,Come Next Spring (1956),3.0,3.3243513921652763
rw4915002,PM Narendra Modi (2019),5.0,3.723490357346483
rw4306483,Neon Genesis Evangelion: The End of Evangelion (1997),0.5,4.725265235922769
rw2859993,The Old Curiosity Shop (2007 TV Movie),3.5,3.463363186379431
rw2995241,The Lorax (2012),3.0,3.421605647037607
rw1454858,The Comeback (2005–2014),5.0,3.454334904450413
rw1586354,Apocalypto (2006),1.5,2.1896960541168085
rw2546082,L'important c'est d'aimer (1975),0.5,2.9235383410679607
rw3253932,Hercules (I) (2014),4.0,3.495836764124161
rw4207130,Picnic at Hanging Rock (2018),4.0,4.104544006085477
rw5243447,Jack Ryan (2018– ),3.0,4.1099128151488085
rw1119764,Dr. No (1962),2.5,3.560933352488484
rw5375584,Men in Black: International (2019),4.5,3.127040710229252
rw5920739,Dark (2017–2020),5.0,3.459054866686042
rw5253349,Now You See Me 2 (2016),5.0,2.874309718577701
rw2489551,City by the Sea (2002),4.0,3.3603483110001724
rw6279009,His House (2020),3.0,3.093850834178068
rw0890415,Seabiscuit (2003),4.0,3.5213239715408577
rw3063502,Delirium (2014 TV Movie),1.0,3.223401439132986
rw4418110,An Hour to Kill (2018),5.0,3.1108506571524703
rw0171914,The Warriors (1979),4.5,3.5625804708813424
rw4007329,Star Wars: Episode VIII - The Last Jedi (2017),3.0,4.086350251938272
rw2016966,The President Is Coming (2009),1.0,3.7087986219020155
rw6268146,Twilight (I) (2008),1.5,2.996127685705885
rw2549420,Rasputin (2011),1.5,3.371229805741085
rw1748309,Veronica Mars (2004–2019),4.5,2.758792445165831
rw2458640,Koyaanisqatsi (1982),5.0,4.781312252630213
rw1699132,Running with Scissors (2006),2.5,3.0145877191350046
rw4133138,For The People (2018–2019),4.0,3.405401745653662
rw3335579,The Jokesters (2015),3.5,3.1295309665189692
rw3034917,Hara-Kiri (1962),4.0,4.012503835717237
rw4211984,Lost in Space (2018– ),0.5,3.0005668725749315
rw1563786,Batman (1989),5.0,3.8980708516485447
rw5112965,Brightburn (2019),5.0,2.823947391049316
rw3405002,Surviving Christmas (2004),3.0,2.95826220440395
rw5262158,Serenity (2019),4.5,0.8508847960308324
rw6076699,Advokaten (2018– ),5.0,3.698163291751787
rw4745921,Rampage (2018),3.5,4.546822574685
rw4532640,Bird Box (2018),2.0,2.8833978472745687
rw5980860,Indiana Jones and the Temple of Doom (1984),4.5,3.4070642734711476
rw3212458,Arrow (2012–2020),4.5,3.5917256917562104
rw2499415,Transformers: Dark of the Moon (2011),0.5,3.500085757774924
rw2321273,Kangaroo Jack (2003),0.5,3.533293228841678
rw5325579,L'homme qui voulait vivre sa vie (2010),3.5,3.4764957107012395
rw2426320,Annie Hall (1977),4.0,3.1783353900613918
rw6269373,The Cake General (2018),5.0,3.6261407687852247
rw1611612,Toward the Unknown (1956),4.0,3.266893501442678
rw4386712,Eghantham (2018),5.0,3.7912146260492774
rw3317378,Harry Potter and the Sorcerer's Stone (2001),5.0,4.647318769542103
rw1310377,Blunder Boys (1955),4.5,3.7174698743873775
rw4036559,Regression (I) (2015),4.0,2.9360612893286513
rw4729196,The Widow (I) (2019),2.5,3.208233184047267
rw4768213,Star Wars: Episode II - Attack of the Clones (2002),2.5,2.9128365083749683
rw6188632,The Handmaid's Tale (2017– ),4.5,3.526318699227067
rw3812697,Zero Kelvin (1995),3.0,3.20749764265454
rw3551711,ARQ (2016),4.5,3.54539154177774
rw3071914,Carlos (2010),5.0,3.788940002117202
rw4860273,Union Pacific (1939),2.5,3.1892137334059654
rw6448461,Coolie No. 1 (2020),0.5,0.5
rw6349431,The Christmas Chronicles: Part Two (2020),4.0,4.508033907418719
rw2717968,Mattie (2011),3.5,4.08842032185879
rw0804137,The Good Thief (2002),3.5,3.6188111448978413
rw2203525,Broom-Stick Bunny (1956),5.0,3.7174698743873775
rw3813121,Bad Company (1995),2.5,3.9994784169545534
rw0276592,Uncle Buck (1989),5.0,3.133801136606946
rw3445109,Milk Money (1994),2.0,2.7159427984759663
rw1967076,Angel Face (1953),4.0,3.4009885284665713
rw3372383,Black Christmas (1974),4.5,3.6073086074933594
rw5984175,Another Woman (1988),3.0,3.3113729822448406
rw3522258,Daylight's End (2016),4.5,3.065299695726953
rw2293647,Night Comes Too Soon (1948),3.0,3.7174698743873775
rw3420991,Penance (I) (2009),1.0,2.878324118077073
rw0663620,Nuremberg (2000),2.0,3.314507258239732
rw2935276,The Godfather: Part II (1974),4.5,3.8237815564802684
rw3375801,Supergirl (2015–2021),5.0,3.155618278786636
rw4144581,The Week Of (2018),0.5,3.2009266457382903
rw1726515,Eragon (2006),2.5,2.7760308371127387
rw1370635,Shane (1953),4.0,3.2977052240438245
rw2254231,The House on Sorority Row (1982),1.5,2.950576079807949
rw2691722,Fast Girls (2012),2.5,3.7259014450438257
rw3198767,Gone Girl (2014),4.0,3.3684692312472304
rw3010110,Transcendence (I) (2014),5.0,2.8702383579916395
rw4082619,Spirited Away (2001),5.0,4.047901097742551
rw3199058,Man on the Moon (1999),5.0,3.425859831146307
rw1666328,Sahara (2005),3.5,3.5025961475294283
rw4760020,The Decks Ran Red (1958),2.0,3.7091604121506827
rw2598946,Titanic (2012),2.5,3.4814396548112003
rw4090796,Winter Kills (1979),1.0,3.038879638357033
rw1480440,The Monster of Piedras Blancas (1959),3.5,3.237180986115886
rw0253800,Akira (1988),5.0,4.873784598663303
rw1555888,The Return of the Living Dead (1985),4.5,4.678539561322371
rw4031421,Side Effects (I) (2013),3.5,3.3434320645386637
rw1686040,The Flying Scotsman (2006),4.5,3.032020064193331
rw6355149,Durgamati: The Myth (2020),0.5,3.21556445145289
rw1483365,V for Vendetta (2005),5.0,4.159335238410355
rw3321546,Limitless (2015–2016),2.5,3.84461315290654
rw0485829,Star Wars: Episode II - Attack of the Clones (2002),4.0,2.944199176010332
rw3398568,Dickson Experimental Sound Film (1894),3.5,3.3017097840845406
rw5311116,BoBoiBoy Movie 2 (2019),2.5,4.216835121615986
rw3104894,Haider (2014),3.5,4.236539222324227
rw1354068,Broken Flowers (2005),0.5,3.752192929470954
rw6368977,In Time (2011),3.5,3.148447539232036
rw1286984,Private Lessons (1981),3.5,3.7822821834458584
rw2191499,神鬼尖兵 (1999),4.5,3.629378256790696
rw2310928,Drag Me to Hell (2009),4.0,4.63839117789315
rw0959388,Saw (2004),5.0,3.241591550784554
rw5780023,The House of Violent Desire (2018),0.5,2.920253547217339
rw1108975,Young Winston (1972),3.0,3.5726048552932905
rw2076240,Pride and Glory (2008),3.0,3.4699627668851645
rw1431356,Easter Parade (1948),4.5,3.9635884245801836
rw4169335,Chevalier (2015),3.0,3.6400292550020614
rw5610383,Katha Sangama (2019),4.0,3.904497631608676
rw3056663,Hachi (2009),5.0,3.3422685571267534
rw2139277,The Chronicles of Narnia: Prince Caspian (2008),5.0,3.6889427668862145
rw4372808,Live (IV) (2018),3.0,3.3180747319492254
rw1522476,Harsh Times (2005),0.5,1.881506241688621
rw3635877,Mr. Church (2016),5.0,4.876438240031003
rw5465607,El Camino: A Breaking Bad Movie (2019),3.5,4.9654780232734
rw1985316,Che: Part Two (2008),5.0,3.4026703462485486
rw4136223,Riverdale (2017– ),4.0,0.6607881361084277
rw3556523,Shamitabh (2015),2.5,3.9042606374838367
rw6394630,The Midnight Sky (2020),4.5,2.0424766057651915
rw6323184,The Simpsons Movie (2007),4.5,3.4136005675802545
rw1773574,The Golden Compass (2007),1.5,0.9405706034786134
rw3641615,The Americans (2013–2018),1.0,3.651028856102129
rw2168411,Reign of the Gargoyles (2007 TV Movie),1.5,3.243170046605625
rw2738723,Tôshô Daimos (1978–1979),5.0,3.3782231627105537
rw3868625,The Illusionist (2006),4.0,2.5832629962289424
rw1691052,Battle Beyond the Stars (1980),5.0,3.155400714006183
rw2456984,The Company Men (2010),4.0,3.7713324183140924
rw4403253,My Life as a Zucchini (2016),4.5,3.198555305573429
rw1042353,Ice Princess (2005),4.0,3.5013499872972407
rw2889784,Waar (2013),4.5,3.0242417471588947
rw2705402,暮光之城：破曉2 (2012),5.0,3.1461499326491174
rw3595307,La La Land (2016),3.0,2.839856339697132
rw1311301,House II: The Second Story (1987),3.5,3.373638522951432
rw2174693,The Younger Generation (1929),3.0,3.651028856102129
rw2023217,BloodRayne: Deliverance (2007 Video),0.5,3.3166695871852614
rw6342468,Intezaar (2020),4.5,3.273327679411281
rw6073022,After We Collided (2020),4.0,3.0530366470516133
rw0184804,Excalibur (1981),5.0,4.2191989254822
rw0406217,In the Mood for Love (2000),4.0,3.677008176254317
rw3381894,Paper Towns (2015),4.0,3.343985202375354
rw6446874,La llorona (2019),3.5,1.2449846856173976
rw4808290,Avengers: Endgame (2019),5.0,3.834137212271575
rw3374308,Star Wars: Episode VII - The Force Awakens (2015),3.0,2.7727818311548504
rw1083203,Unleashed (2005),3.5,2.641577283509159
rw3275999,"It's the Easter Beagle, Charlie Brown! (1974 TV Movie)",2.0,3.631895819876115
rw3487478,Ace Ventura: When Nature Calls (1995),4.0,2.711795296504388
rw2377421,The Traveler (I) (2010),0.5,3.5089299748214837
rw1691377,Die Hard 4.0 (2007),0.5,3.0816307779790595
rw6104963,The Devil All the Time (2020),5.0,3.163227894998641
rw3360149,Gran Torino (2008),2.5,3.839004562331508
rw1104674,Hitch (I) (2005),1.0,1.032921646804694
rw0797097,Elling (2001),4.0,3.1577240923695804
rw6021189,Stalker (1979),1.0,2.9058922699427745
rw5242751,Parasite (2019),4.0,4.484876672722678
rw0599743,Gladiator (2000),4.0,4.651875353843487
rw1782569,Aaja Nachle (2007),4.5,3.4534876981488574
rw1332116,Kidon (2005),4.5,2.8718305492812117
rw0690602,Halloween: Resurrection (2002),0.5,2.4835856191740295
rw1674469,Mr. Brooks (2007),4.0,3.8157438683094282
rw2338074,Unstoppable (2010),2.0,3.1800247893255316
rw4129122,Phantom Thread (2017),4.5,3.948523742878761
rw2526589,The Baby (1973),4.0,3.36418181317238
rw5643154,Take Point (2018),4.0,3.049024799001008
rw4343707,Fallen Angel (1945),4.5,3.4436103635886943
rw0999874,The Last Emperor (1987),5.0,3.6820302209927998
rw2904641,2 Guns (2013),3.0,4.526631473296577
rw4068260,Money Heist (2017– ),1.0,2.177574032003201
rw1025845,Bride & Prejudice (2004),5.0,3.798359540188629
rw0548103,Children of the Corn V: Fields of Terror (1998 Video),1.5,3.335596857517078
rw3459202,Star Wars: Episode VII - The Force Awakens (2015),2.0,2.4708536023359158
rw3479161,Ender's Game (2013),3.0,2.611662454269251
rw3658446,Canvas of Death (2016),0.5,3.7700706701664704
rw1360715,Star Trek: Insurrection (1998),3.0,3.0851063062506197
rw2762434,Barb Wire (1996),1.5,3.1743562470340754
rw2406391,Se7en (1995),4.5,4.670551396932517
rw5059574,The Banana Splits Movie (2019),4.5,3.6977556299177303
rw1881939,The Andromeda Strain (2008),0.5,3.6524571848462872
rw3147619,The Loved One (1965),5.0,3.5181619621121683
rw1370517,Dangerous Assignment (1952– ),4.0,3.2330922798599584
rw1163024,Roller Boogie (1979),0.5,3.0039125354961804
rw3409350,Chhota Bheem Himalayan Adventure (2016),5.0,3.7174698743873775
rw1502596,Jarhead (2005),1.5,2.852004755827419
rw6019933,2gether (2020),5.0,3.05291103762303
rw6276892,Soorarai Pottru (2020),5.0,4.684636535209459
rw0484334,Star Wars: Episode II - Attack of the Clones (2002),4.0,2.9128365083749683
rw0354996,American Job (1996),2.0,3.6732769723662533
rw5492409,Sanditon (2019),5.0,3.7174698743873775
rw1157021,Supercross (2005),3.0,3.168689521741936
rw2397284,Battle Los Angeles (2011),0.5,1.9037834568429657
rw0019618,Gone with the Wind (1939),5.0,4.669183849040429
rw2090015,Moon (2009),5.0,3.7040015566772517
rw5643497,Paris est à nous (2019),4.5,3.260210648955689
rw2828286,Knick Knack (1989),4.0,3.65857152198134
rw1189600,Moog (2004),3.0,3.915443199787765
rw4788310,Escape Room (I) (2019),4.5,3.4238189205485714
rw5303031,安眠醫生 (2019),5.0,4.563460715691895
rw4276365,2nd class (2018),3.5,3.6528740924148497
rw1453634,Night Stalker (2005– ),2.5,3.1363753522333218
rw6146025,Apocalypse of Ice (2020),0.5,3.0552842413090344
rw1713027,Cidade de Deus (2002),4.5,4.4673704507163245
rw4144738,The Walking Dead (2010– ),1.0,4.681280365264713
rw2593859,First Knight (1995),1.0,3.4629198782888486
rw2158014,海盜電台 (2009),0.5,2.682233395407074
rw0878370,Freaky Friday (2003),4.5,3.3153981724372166
rw3102109,End of the Line (II) (2007),4.5,3.0504728049827197
rw1344092,Four Sided Triangle (1953),3.0,3.3874162072585143
rw4270235,Raazi (2018),1.0,3.0083307909729866
rw1101658,Saint Ange (2004),0.5,3.2676232856517884
rw2376396,The Tourist (I) (2010),4.5,3.3899938449856024
rw0336046,Clerks (1994),5.0,2.3116966227098663
rw1789139,Atonement (2007),1.0,3.166459228605645
rw5401610,Psycho Pike (1992 Video),3.0,3.3523059090321827
rw0637469,"Crouching Tiger, Hidden Dragon (2000)",4.5,2.8850735640413636
rw0880365,Terror Toons (2002 Video),0.5,1.0090336493124832
rw4607458,Polar (I) (2019),4.0,4.405096726059557
rw2432462,Game of Thrones (2011–2019),0.5,4.435174019966461
rw6408536,Coolie No. 1 (2020),0.5,0.5158670329255974
rw2556992,The Mask (1994),3.5,3.4293375669057067
rw1984859,Night of the Flesh Eaters (2008 Video),5.0,3.7087986219020155
rw5958464,The Town That Dreaded Sundown (2014),4.0,3.0494182944883717
rw5072902,Parivar (1956),5.0,3.651028856102129
rw0741357,Unfaithful (2002),5.0,2.6947959474228154
rw1755815,Phantom of the Paradise (1974),4.0,3.2760401074524177
rw2011559,Friday Foster (1975),4.5,3.284483562671156
rw4223425,Hounds of Love (2016),4.5,3.105430407104615
rw5669956,Hustle (2004–2012),3.0,3.293118564813118
rw5467619,The Exterminating Angel (1962),1.5,3.2616093038730463
rw3793062,Adam Had Four Sons (1941),2.0,2.991899979246701
rw2557362,Bad Teacher (2011),2.0,3.24878458527914
rw4147821,Rampage (2018),5.0,3.321065731631857
rw0652346,Secrets (1992),2.0,3.52964230074115
rw5053261,My Fair Lady (1964),4.0,3.6880798969727104
rw2207311,Transmorphers: Fall of Man (2009 Video),1.0,3.529223168720456
rw1129018,Fantastic Four (I) (2005),3.5,3.46345262045181
rw1665852,Pirates of the Caribbean: At World's End (2007),5.0,4.498735207930834
rw4808789,Brave (2012),3.0,4.637799064220077
rw3618529,A Series of Unfortunate Events (2017–2019),4.5,3.178544449732705
rw2301536,L'appât (1995),3.5,3.958382294440942
rw4555241,Bird Box (2018),3.5,2.716598606751237
rw1395295,Just Friends (I) (2005),3.0,3.133599676714816
rw5380406,You (2018– ),5.0,1.6613620501961441
rw1717496,Lilies of the Field (1963),5.0,3.2352793623030975
rw1700133,The Core (2003),3.0,3.5871695611583045
rw1909447,The Shawshank Redemption (1994),5.0,4.64087312155515
rw0413984,Almost Heroes (1998),5.0,3.292739643808302
rw5764158,Snowpiercer (2013),4.0,2.955104790054171
rw4929666,Electrick Children (2012),3.0,2.970681745450259
rw0874711,Big Fish (2003),5.0,1.4518403239739428
rw5646923,Sweet Sunshine (2020),4.5,3.6159613208064103
rw6076531,Insomnia (2002),4.5,3.529849527762448
rw4612383,Bird Box (2018),2.0,2.716598606751237
rw3685316,Major Grom (2017),4.0,3.3186724108099193
rw1709771,Pee-wee's Big Adventure (1985),5.0,3.559232284828403
rw0055258,The Ladykillers (1955),4.5,3.5472556038749885
rw3011331,Freeway (1996),5.0,3.36629847635561
rw2812266,Ringers: Lord of the Fans (2005),3.0,3.2978490352598393
rw5983156,The Boys (2019– ),5.0,4.927368034710995
rw1071225,Sasori in U.S.A. (1997),1.5,2.59309586291515
rw4676252,Hirugao (2017),0.5,3.60621628112954
rw1072847,Megalodon (2002 Video),0.5,3.091846183497143
rw1765107,Enough (I) (2002),3.0,3.1148406179149006
rw3870273,Back to School (1986),3.5,3.3950812380083426
rw1548795,Blood of a Champion (2005 Video),1.5,3.3052045938461507
rw5200859,El Camino: A Breaking Bad Movie (2019),5.0,4.201124885199314
rw4264742,Skin Creepers (2018),3.5,2.765409602028779
rw0582302,The Lord of the Rings: The Return of the King (2003),5.0,4.75403519614402
rw2227453,The Devil on Horseback (1936),3.0,3.6188111448978413
rw5425344,Mother! (2017),0.5,2.5447815496089343
rw6396829,The Midnight Sky (2020),2.5,2.723940216274567
rw3045072,22 Jump Street (2014),4.5,3.3353430751660116
rw1839515,Faded Dreams (2007),4.0,2.7287233612940276
rw3161186,魔法黑森林 (2014),4.5,3.407034854539853
rw4932058,X-Men: Dark Phoenix (2019),3.5,2.792589035882529
rw0246167,Leif (1987),5.0,3.476996828004035
rw1829289,Day of the Dead (2008 Video),4.0,2.838001151852343
rw4591888,A Star Is Born (2018),3.0,2.8553243688775227
rw2060241,Se7en (1995),4.0,4.670551396932517
rw5255309,Batwoman (2019– ),3.0,3.35467416244396
rw2174034,屍樂園 (2009),4.0,4.6309359799835805
rw4618301,Felix in Hollywood (1923),4.0,2.99717502372418
rw2871853,Oz the Great and Powerful (2013),1.5,4.47253245174656
rw6371946,Home Alone (1990),4.0,3.0574278652130937
rw4917680,Kesari (2019),4.5,3.6353995366892207
rw3375227,Bajirao Mastani (2015),5.0,3.242058425708145
rw2919615,Sooper Se Ooper (2013),2.5,3.2357470564601023
rw0309269,The Last of the Mohicans (1992),5.0,3.8331804068617146
rw4780176,"Ruben Brandt, Collector (2018)",5.0,3.5392509567341204
rw0468487,Resident Evil (2002),2.5,4.1333435351038395
rw0203161,Never Say Never Again (1983),5.0,3.2065384029384885
rw2898808,Captain Phillips (2013),4.5,2.5924264999708684
rw0003310,Hot Water (1924),3.5,3.7962816597468896
rw3352875,With These Hands (1950),2.5,3.4846356683836315
rw4438692,Rings (2017),1.0,2.901231371756127
rw1916751,The Palm Beach Story (1942),5.0,3.497048039111867
rw6015076,Pareeksha (2020),5.0,3.4211639533054137
rw5607342,Danny Roane: First Time Director (2006),4.0,3.6196684253497224
rw4126886,The Last O.G. (2018– ),1.0,3.8896723944620404
rw1018136,Safe House (1998),5.0,2.7819479766891053
rw5237883,The Game Changers (2018),5.0,2.824631170445884
rw2785734,The Lords of Salem (2012),4.0,2.87881740623369
rw3737171,Forrest Gump (1994),5.0,4.792204526772714
rw5212397,Parasite (2019),5.0,4.173975298795206
rw3614518,Burying the Ex (2014),3.0,2.6513289198630594
rw3694497,The Patience Stone (2012),3.5,3.213305107566063
rw2035128,American Drug War: The Last White Hope (2007),3.5,3.45282888652166
rw1005104,The Village (2004),5.0,3.9763451930336866
rw1445412,South Park (1997– ),5.0,4.779188555285854
rw0536452,Nutty Professor II: The Klumps (2000),2.0,3.4681527794450955
rw3644033,The Great Wall (I) (2016),5.0,2.5228439446141944
rw0113352,Quiet Days in Clichy (1970),0.5,3.2207642088945407
rw5983272,The Butterfly Effect (2004),5.0,4.661982966147593
rw1706870,Run Ronnie Run (2002),1.5,3.087084859980176
rw4356914,The Good Cop (2018),5.0,4.293629244402967
rw1922812,Dad's Army (1971),5.0,3.370691530112898
rw1707654,Hobgoblins (1988),1.0,3.3267457190026692
rw1283905,Brokeback Mountain (2005),5.0,4.732976927661596
rw1764312,Vampire Hunter D (1985),4.0,4.03705416653675
rw5807394,An Interview with God (2018),2.5,3.4166092783615696
rw1348851,Silent Hill (2006),4.0,3.086028366331552
rw5788711,Knights of the Zodiac: Saint Seiya (2019– ),5.0,3.6644255396245806
rw2792475,Grave Encounters 2 (2012),1.5,3.1469524644004467
rw3507623,Frankenstein's Castle of Freaks (1974),3.0,3.5724974458687004
rw5119722,Code of the Wild (2019– ),0.5,3.041489032854133
rw4574949,Master of Arms (2018– ),5.0,3.7896162892351803
rw3192342,"Two Days, One Night (2014)",5.0,3.5100362468948254
rw3063224,Get on Up (2014),4.5,3.0677720917149127
rw4081288,Out of the Shadows (I) (2017),1.0,3.3200075263015973
rw2926874,House of Good and Evil (2013),0.5,3.3847026149834973
rw5357570,Masum (2017),4.0,3.7081772022766635
rw5220303,I'm Not There (2007),2.5,3.668629861552525
rw4233535,Moonlight (I) (2016),3.5,3.273753887838678
rw2327836,Despicable Me (2010),4.0,4.02270775880341
rw2931078,Frozen (I) (2013),5.0,2.6337651645055344
rw3036060,Borgman (2013),3.5,2.8362345688954713
rw2824363,The Lone Ranger (2013),2.5,2.7005120151910917
rw2347918,The Matrix Revolutions (2003),1.5,2.894066181633778
rw1419022,Syriana (2005),4.0,3.170626121072633
rw3307833,Home (II) (2015),5.0,4.799916315029601
rw1804247,Cloverfield (2008),0.5,2.598695341873369
rw6089971,Rent-A-Pal (2020),4.5,2.919630165002169
rw3849941,Singularity (I) (2017),0.5,3.0936407569045383
rw1199699,Elizabethtown (2005),4.0,2.8662121965210514
rw4960342,Wonderful World (2009),3.0,3.4675045496255685
rw4057716,Eye in the Sky (2015),2.0,3.3310169810652432
rw1528841,Dhoom 2 (2006),4.5,3.500808775951152
rw2011169,Slumdog Millionaire (2008),0.5,3.4981137945751746
rw5419978,Hero (III) (2019),2.5,3.540559399270146
rw3625663,The Walking Dead (2010– ),5.0,4.681280365264713
rw2789025,Iron Man Three (2013),3.5,3.38387981378562
rw3109848,The Last Will and Testament of Rosalind Leigh (2012),1.0,3.302471965292365
rw0474693,U.S. Marshals (1998),3.5,3.224050842063914
rw0329016,Sins of Desire (1993),3.5,3.583315122871213
rw0922421,Finding John Christmas (2003 TV Movie),4.0,3.290686836949201
rw4685447,Vikingane (2016– ),5.0,4.619369266134701
rw2495592,Gnomeo & Juliet (2011),4.5,3.5445107042659254
rw2976496,300: Rise of an Empire (2014),4.5,3.2633330511723218
rw0454949,The Green Mile (1999),5.0,4.419560973497011
rw3747531,Baby Driver (2017),3.5,3.9544016030296865
rw2516956,J. Edgar (2011),4.0,3.4998928658076665
rw2137177,Scaramouche (1952),4.0,2.869460575746204
rw3345958,The Man from U.N.C.L.E. (2015),4.5,3.2786701988622617
rw5660829,The Turning (2020),0.5,2.8776980556043514
rw0044454,The Day the Earth Stood Still (1951),5.0,2.879307570599627
rw2654468,Living with Wolves (2005 TV Movie),4.5,3.545510450848819
rw0228245,Weird Science (1985),3.5,3.056409216347019
rw3606078,Assassin's Creed (2016),2.5,4.631370345638239
rw2039122,The Rocking Horse Winner (1949),3.5,2.808394919083185
rw3644439,Ransom (2017–2019),5.0,2.917130517594406
rw5981766,Bad Boys (1995),3.5,3.232130271934182
rw0431067,Scream 2 (1997),5.0,4.648069282733258
rw4991437,Spider-Man: Far from Home (2019),3.0,2.8416484255847445
rw6426816,Jojo Rabbit (2019),4.5,4.416494699976521
rw0214773,Romancing the Stone (1984),4.0,3.155307943064415
rw4523973,Zero (III) (2018),5.0,2.2871162823837254
rw3596367,Spectral (2016),2.5,3.4795320799015648
rw4357837,The Gifted (2017–2019),5.0,3.192375474223284
rw1640932,Criminal Minds (2005–2020),5.0,1.4146752474161717
rw3495081,Independence Day: Resurgence (2016),2.0,3.236226911058898
rw2833413,The Grifters (1990),3.0,3.8812818640050084
rw6286361,Barbie Fairytopia: Mermaidia (2006 Video),4.5,3.414287006414988
rw5031946,Rustum (2019),2.5,3.163821940594149
rw3785181,Final Fantasy XV (2016 Video Game),4.5,3.65686718231611
rw4790107,Drunk Parents (2019),0.5,2.842626810519721
rw3341059,Dante's Peak (1997),4.5,2.6253660822547924
rw6437941,Suits (2011–2019),4.0,3.02090095913203
rw0156535,Suspiria (1977),5.0,3.7141811317744065
rw5222604,A.I. Artificial Intelligence (2001),3.5,2.101470233069263
rw2181593,阿凡達 (2009),4.0,3.53121443044579
rw3191594,Code Name: K.O.Z. (2015),0.5,2.807591669995312
rw0778780,Ice Age (2002),5.0,3.4535264533298418
rw0740286,Life with Judy Garland: Me and My Shadows (2001),4.5,3.5455273661382387
rw5280631,Ready or Not (I) (2019),5.0,3.100072468579652
rw1044227,Kiki's Delivery Service (1989),5.0,3.9686171180958167
rw1764562,Let's Get Tough! (1942),2.5,3.993107154265433
rw4107855,Black Panther (2018),5.0,2.771734222862853
rw6333377,Hillbilly Elegy (2020),3.5,3.5114258107589222
rw2602461,Smiling Along (I) (1938),3.0,3.4565123329149654
rw3611793,Magpie (2014),3.5,3.3445388492778627
rw2180650,迷幻公園 (2007),3.5,3.549860835777779
rw4993907,Skyscraper (2018),3.0,3.3035875335708056
rw3372423,Frontier (1935),2.5,2.9110841532774434
rw3383514,Before We Go (I) (2014),1.5,3.575185984609374
rw5517321,Color Out of Space (2019),1.5,3.151642088080822
rw4520023,Travelers (2016–2018),5.0,3.6732769723662533
rw5974436,Brave New World (2020),5.0,3.651028856102129
rw3427851,Zootopia (2016),4.5,3.239532528667419
rw2363248,The Town (2010),4.0,3.1309883677455517
rw2509530,The Missouri Breaks (1976),2.5,4.0966168740241695
rw3033295,Only the Brave (2006),3.5,2.76568689302352
rw2080468,He's Just Not That Into You (2009),2.5,3.320766603371577
rw2461685,Cyberbully (2011 TV Movie),4.5,3.1226508235814174
rw1424061,What's Eating Gilbert Grape (1993),5.0,3.463030373443978
rw2741345,普羅米修斯 (I) (2012),3.0,0.7168136635501106
rw4506818,Four Hands Menu (2018– ),4.5,3.779454001572742
rw2221742,Inuyasha (2000–2004),4.0,4.081167826049253
rw3245265,Tomorrowland (2015),5.0,3.5241436841875906
rw0790162,Wendigo (2001),5.0,2.1024190989990217
rw3228799,Der ewige Jude (1940),0.5,3.3534294270204392
rw3680710,Rendition (2007),2.0,3.8843945818437184
rw4429334,Bravetown (I) (2015),1.0,3.982168571153991
rw5581961,Paytakht (2011– ),4.5,3.603654516225476
rw5156526,小丑 (2019),5.0,3.9842514115836885
rw4972801,Agent Sai Srinivasa Athreya (2019),5.0,3.5012394440235157
rw5483010,Blazing Saddles (1974),5.0,1.9065491090184634
rw5311371,My Christmas Love (2016 TV Movie),2.5,3.149079315618999
rw6248469,Planet of the Apes (1968),4.0,4.630472591016706
rw2120855,Drag Me to Hell (2009),5.0,3.509158891428841
rw5053391,Spirited Away (2001),4.5,4.047901097742551
rw4968568,Out of Blue (2018),1.0,3.3160974373246224
rw3698683,The Space Between Us (I) (2017),3.0,3.0320508934315464
rw3679098,Beauty and the Beast (I) (2017),4.5,4.920865940098246
rw0425714,Metroland (1997),5.0,3.6387937591045048
rw0522523,Shakespeare in Love (1998),5.0,2.7303637050551792
rw0304138,The Bikini Carwash Company (1992),5.0,3.039706728886223
rw4467231,God Friended Me (2018–2020),5.0,4.861090427641125
rw1261247,Vanishing Point (1971),5.0,3.4457019115247114
rw3567372,The Girl on the Train (2016),3.5,2.737365762254711
rw5220684,31 (2016),2.0,2.7637679918280544
rw1742323,Time Out (2001),2.5,3.526137155604544
rw3701225,Forrest Gump (1994),5.0,4.735181240975265
rw2031123,Almost Blue (2000),4.0,3.37157363774632
rw2895874,Kick-Ass 2 (2013),3.5,2.7426143397493106
rw3179802,Project Almanac (2015),3.0,1.398571514446404
rw0482657,Star Wars: Episode I - The Phantom Menace (1999),4.5,3.2750637939830174
rw3007790,Mothra (1961),3.0,2.95641757207001
rw1949145,The Best Years (2007– ),5.0,4.743960232832853
rw5845195,Floor is Lava (2020– ),4.5,3.3687724862748407
rw3221087,The Voices (2014),5.0,2.952597289082057
rw6051655,Agramon's Gate (2019),5.0,3.1009119200548474
rw0878868,Jackass: The Movie (2002),5.0,4.6304514142600075
rw3510649,Kuroko's Basketball (2012–2015),4.5,3.7786585878273793
rw3361320,Inside (2007),4.0,4.015001318086332
rw5932335,Dil Bechara (2020),5.0,4.622533193893773
rw0545128,The Legend of Bagger Vance (2000),4.5,0.8559040305356572
rw4542685,Simmba (2018),0.5,3.7166050737739322
rw0201063,Geek Maggot Bingo or The Freak from Suckweasel Mountain (1983),0.5,3.623715683660773
rw1497115,The Texas Chainsaw Massacre: The Beginning (2006),1.0,3.2574149346055337
rw5463892,Mr. Robot (2015–2019),5.0,3.6188111448978413
rw1443630,For Love of the Game (1999),5.0,3.438219748106628
rw6341157,The Undoing (2020),2.0,2.5615300396572196
rw3069238,Hoe Tem Je Een Draak 2 (2014),5.0,4.303719144762511
rw0496334,Shrek (2001),4.0,4.594623021027122
rw5654092,The Final Project (2016),1.0,3.5827064823370103
rw4331535,John Wick (2014),5.0,3.0660482340742345
rw5072972,The Snowman (2017),4.0,2.91271287730589
rw1750186,Why Did I Get Married? (2007),5.0,3.325682446508905
rw3001200,Bears (I) (2014),4.0,3.0865648755298314
rw2792225,Hider in the House (1989),3.5,3.071563030003336
rw2934914,Judge Dredd (1995),3.5,3.917462348808297
rw3475825,Knock Knock (I) (2015),3.5,3.761349994539505
rw1404446,Superman Returns (2006),5.0,2.3286836337134953
rw0455053,The Green Mile (1999),4.0,4.419560973497011
rw4995092,Keeping Up with the Joneses (2016),2.5,3.207842691972749
rw5538577,The Rat (II) (2019),5.0,4.012230511207476
rw2042264,Taboo (1999),4.0,3.1262512873847452
rw2228408,Scoop (2006),3.5,3.4961784714885487
rw4698421,Gone with the Wind (1939),5.0,4.5449411969502735
rw4303929,Frankenweenie (1984),3.5,3.638965931788811
rw5557262,The Day After Tomorrow (2004),5.0,3.1679723729711298
rw0186026,Halloween II (1981),2.5,3.1125038013384554
rw2228979,How to Train Your Dragon (2010),5.0,3.0674878319204497
rw2499542,Inception (2010),1.5,4.69406796019806
rw5701528,City of Dreams (2019– ),3.0,3.500671012333295
rw1791047,The Murder Game (2003– ),3.5,3.359122517843509
rw6244654,Hangman (II) (2015),0.5,3.21171924752664
rw4235919,The Outpost (2018– ),5.0,2.949593470309177
rw5591515,Big Town After Dark (1947),2.5,3.6372641805124624
rw0909024,"I, Robot (2004)",4.0,2.6284640696183237
rw5518239,Columbus (I) (2017),1.5,3.4756036418117313
rw1336969,House of the Dead 2 (2005 TV Movie),1.5,2.636476195248508
rw5750059,White Lines (2020),3.0,3.5812903811569026
rw1443069,They Live (1988),5.0,2.913038949933605
rw2359448,Jim Jefferies: I Swear to God (2009 TV Special),5.0,3.1749915046424473
rw1835978,Stay Alive (2006),1.0,3.095890519975549
rw1623596,Mystery Science Theater 3000: The Movie (1996),3.0,3.1987825523627
rw3223636,Transformers (2007),2.0,2.8587988476386106
rw5238092,Gamer (2009),3.5,3.181741761160612
rw5763782,Shaka Laka Boom Boom (2000–2004),4.0,3.153987931977387
rw3105013,Godzilla (I) (1998),1.5,1.8673854589278658
rw4575726,Kickboxer: Retaliation (2018),3.0,3.0371647570947244
rw3417655,Vinyl (2016),1.5,3.013450491653773
rw2932938,Dredd (2012),3.0,2.7630530671622613
rw6005347,Tiny Creatures (2020– ),0.5,3.338496190774644
rw5428470,Talladega Nights: The Ballad of Ricky Bobby (2006),4.5,4.026747132273516
rw1235257,"The Chronicles of Narnia: The Lion, the Witch and the Wardrobe (2005)",5.0,4.756523594722336
rw1280862,The Last of the Blonde Bombshells (2000 TV Movie),5.0,3.6152672304431346
rw3324877,The Strain (2014–2017),1.5,3.6188111448978413
rw4706578,Cleaning Up (2019– ),4.0,3.6357991849340774
rw4318747,Geetha Govindam (2018),0.5,3.49012394286253
rw1531562,Mystic India (2005),3.5,3.6340688919817934
rw6426201,Battles Without Honor and Humanity: The Complete Saga (1980),4.0,3.4659593746396564
rw0148558,The Message (1976),5.0,3.8600647958014123
rw2780386,Jack Reacher (2012),0.5,3.937576176272753
rw5746955,S.W.A.T.: Under Siege (2017),3.5,3.003845988488456
rw3178797,Jupiter Ascending (2015),3.5,3.065958387664508
rw4664665,The Imitation Game (2014),5.0,2.5310363189206093
rw5962846,Holy Hell (2016),3.5,2.594327513655116
rw2309083,The Other Guys (2010),3.0,3.2721662062054997
rw2942250,White Collar (2009–2014),5.0,3.232050405322421
rw3762232,The One I Love (2014),3.0,3.47087699883652
rw0641019,Get Over It (2001),4.5,2.622945582279467
rw1728301,Blades of Glory (2007),3.5,3.3249212733797813
rw0867006,Battlestar Galactica (2003),5.0,4.693130151852035
rw3662797,47 Meters Down (2017),5.0,3.0145257823379934
rw4548638,Aquaman (2018),5.0,2.919073641126195
rw4345886,Solo: A Star Wars Story (2018),4.5,3.4645947903468692
rw0891036,Hollywood Homicide (2003),2.5,2.2999705155145658
rw5429438,Aliens (1986),4.5,4.321142467987728
rw2755974,Rajneeti (2010),4.0,3.5552964821937447
rw3807134,Incendies (2010),4.5,2.811316325939027
rw6257015,A Very Charming Christmas Town (2020 TV Movie),4.0,2.686624827564172
rw2935691,Paranormal Activity: The Marked Ones (2014),4.0,2.8255712720247526
rw0508744,The Matrix (1999),5.0,3.494671558801037
rw1309819,Jarhead (2005),3.0,2.852004755827419
rw2602349,Shoot the Moon (1982),4.5,2.8730196745187317
rw4717091,Baywatch (2017),3.5,4.222264419542416
rw3094140,Outlander (2014– ),5.0,3.781954304246847
rw5921917,Greyhound (2020),4.5,2.5454885791587847
rw4033339,Jim Jefferies: Freedumb (2016 TV Special),4.5,3.3024736642947135
rw5809422,Ad Astra (2019),1.0,1.7375106215315277
rw1244916,Unknown World (1951),1.0,2.4471776956790765
rw5410388,His Dark Materials (2019– ),3.5,3.156762913686733
rw3324607,Get Rich or Die Tryin' (2005),3.0,3.5554029538130894
rw6122523,London Confidental (2020),5.0,3.6732769723662533
rw4584125,Star Wars: Episode VIII - The Last Jedi (2017),4.5,3.0729898940206533
rw0964832,Crooklyn (1994),2.5,3.539530964072697
rw1966950,What a Girl Wants (2003),3.5,3.026008942501875
rw5700915,The Dirty Dozen (1967),3.0,3.5503538568376243
rw4090576,The Lady Is Willing (1934),2.5,3.6730418804051164
rw0871157,Cidade de Deus (2002),4.5,4.471587911928698
rw4350715,Jurassic World: Fallen Kingdom (2018),3.5,2.86657055856969
rw3379229,The Revenant (2015),5.0,2.569293547714795
rw0097718,The Graduate (1967),5.0,4.039180659469063
rw4426429,Hunter Killer (2018),0.5,4.136502645918711
rw0279959,Cry-Baby (1990),1.5,2.697915483367356
rw2480547,La casa muda (2010),3.0,0.720337216956924
rw5116417,9/11 (2017),2.0,3.1256747586475737
rw3641196,Zootopia (2016),2.5,3.239532528667419
rw1909956,Room 36 (2005),4.0,3.6188111448978413
rw2355074,Burlesque (I) (2010),4.5,2.9140495699743214
rw5377672,The Pianist (2002),5.0,3.0230908023880083
rw2424305,I Am Number Four (2011),1.0,3.1652795627212216
rw0514151,The Siege (1998),3.5,3.2964156017421677
rw6346094,The Crown (2016– ),3.5,4.049087514550601
rw3185716,The Karate Kid (2010),4.5,3.2243073072278277
rw2301838,Charlie Chan in Shanghai (1935),3.5,3.6482042417593488
rw0663856,The Contender (2000),3.5,3.375260565163526
rw5588468,The Usual Suspects (1995),2.0,3.1074664266617353
rw1773777,Lou Grant (1977–1982),2.0,3.5026923415507563
rw1921202,Tout va bien (1972),4.0,3.683343112633041
rw5729590,Weathering with You (2019),3.5,4.067278420811028
rw2118526,V for Vendetta (2005),2.5,4.885786648192806
rw3397163,Brave (2012),5.0,3.0976175392790752
rw2246652,The Last Thakur (2008),2.5,3.008035343436421
rw4009255,A Shadow World (2015),0.5,3.5043111105112583
rw5844033,Dead of Winter (1987),2.0,3.271266052927757
rw2699857,Extinction: The G.M.O. Chronicles (2011),2.0,3.1608733434457856
rw4163859,The Greatest Showman (2017),4.0,4.336448911779839
rw2282363,Blood Cult (1985 Video),3.0,2.9872724714263765
rw2729678,Brute Force (1947),4.0,3.216719110659842
rw4701853,Leaving Neverland (2019),0.5,1.024453277609647
rw1205008,Team America: World Police (2004),4.5,2.346072093678207
rw6374127,Justice League (2017),2.5,1.7277219265981445
rw4655741,In Like Flynn (2018),3.0,3.4195507796754048
rw5913065,2001: A Space Odyssey (1968),4.5,3.9367659303318288
rw5472789,Insatiable (2018–2019),5.0,3.5402394230385292
rw1439063,The Brave (1997),1.5,3.0975411298633397
rw2347697,The Room (2003),2.5,4.743297855557523
rw0533540,The World Is Not Enough (1999),4.0,3.845412647940408
rw6439065,It's a Wonderful Life (1946),5.0,4.030293123633314
rw0730223,Die Another Day (2002),4.5,3.180774384862211
rw5746869,Guardians of the Galaxy (2015–2019),4.5,4.34208176220562
rw0861273,Hitters (2002),5.0,3.0686786716874876
rw0135391,The Front Page (1974),3.0,3.7108923332832258
rw3116302,Teenage Mutant Ninja Turtles (2014),2.5,2.6722557526709676
rw6331870,Bob Lazar: Area 51 & Flying Saucers (2018),1.0,3.8956267718799227
rw3401855,The Ten Commandments (1956),4.5,3.0885765440484865
rw6175302,Wedding Crashers (2005),4.0,2.6171056374124615
rw4306329,Call Me by Your Name (2017),5.0,3.4125617777971833
rw4604161,Suits (2011–2019),5.0,3.02090095913203
rw6262227,Paranormal (2020– ),3.5,2.958728184551472
rw1565692,"Hamlet, Prince of Denmark (1980 TV Movie)",3.0,2.9876672156686177
rw5900735,Greyhound (2020),2.0,3.777257798013634
rw3406194,R'ha (2013),2.0,4.103962110751734
rw2056521,"Oh, Mr. Porter! (1937)",4.0,3.654670162608096
rw6219961,The Queen's Gambit (2020),4.5,3.848535702924852
rw1960941,Appaloosa (2008),3.5,3.300943186449372
rw0583294,The Lord of the Rings: The Return of the King (2003),5.0,4.7949227867442845
rw0722997,Bridget Jones's Diary (2001),5.0,3.15094043856066
rw6323364,Sher Dil (2019),5.0,3.651028856102129
rw5424320,Hancock (2008),2.5,1.014795550085923
rw3577269,Genius (2016),4.5,3.579796866451115
rw0404288,Apt Pupil (1998),5.0,3.4645092892075913
rw4572742,Incredibles 2 (2018),4.0,4.290508785449097
rw2558292,Screamers: The Hunting (2009 Video),0.5,2.8051014629051303
rw3243249,Tanu Weds Manu Returns (2015),5.0,3.8280721914444324
rw0753219,Scary Movie 2 (2001),0.5,3.671212298390311
rw5029622,Thor: The Dark World (2013),3.0,3.3292742149565933
rw4897033,Valerian and the City of a Thousand Planets (2017),1.5,4.023976820238205
rw5753124,NCIS (2003– ),5.0,3.6184137670029175
rw4137927,A Quiet Place (2018),2.5,2.9888620266167454
rw1219964,The End of the Affair (1999),5.0,3.916319914854964
rw1383083,Conspiracy Theory: Did We Land on the Moon? (2001 TV Movie),5.0,3.119356279380483
rw6402590,The Midnight Sky (2020),1.5,2.0424766057651915
rw4232319,Shooter (I) (2007),2.0,3.1708283503532035
rw1529754,Monster in a Box (1992),4.5,3.168434459141479
rw6214135,Uncut Gems (2019),1.5,3.3930442706517066
rw4731198,Thriller (1960–1962),5.0,2.8551597180332213
rw0005199,The Cameraman (1928),5.0,3.4932385177269363
rw1270890,High School Musical (2006 TV Movie),1.5,1.1364501308433455
rw1339903,American Dreamz (2006),3.0,3.836158280871902
rw4477110,The Christmas Chronicles (2018),5.0,3.1746886025898
rw0394723,Scream (1996),5.0,4.657945156011391
rw1492607,The Big Lift (1950),4.5,2.622262281083374
rw1966965,War of the Worlds (2005),3.5,3.7240284091224094
rw5902517,The Old Guard (2020),4.0,4.457446867291011
rw5460372,The Da Vinci Code (2006),3.5,3.0943760105908025
rw1349585,As Good as It Gets (1997),4.5,3.2984411559657074
rw5484404,The Will (2020),5.0,3.7364487753679465
rw2581002,The Flying Squirrel (1954),4.0,3.372379299875184
rw3628443,The Fall (I) (2013–2016),4.0,3.19032153564996
rw4364860,Tag (I) (2018),4.5,3.0169912892698236
rw1442642,Pirates of the Caribbean: Dead Man's Chest (2006),1.5,1.8292759874894577
rw6126600,500 Days of Summer (2009),4.5,4.9334050552444735
rw1627993,Severance (2006),3.0,3.344317594971482
rw4892276,Stronger (I) (2017),2.5,3.0583145595890002
rw5666293,Rosemary's Baby (1968),4.5,4.748418482463568
rw3049609,Dawn of the Planet of the Apes (2014),4.5,4.183855781617535
rw3350992,Spectre (I) (2015),2.0,3.8557730183719077
rw4839131,Captain Marvel (2019),3.0,3.6464053922089277
rw3594764,Santo in the Hotel of Death (1963),2.0,3.4775008236324134
rw6197894,Strangers at the Door (2017),0.5,3.287071751228363
rw3146393,Santa Claus (1959),4.0,3.5004815038690036
rw5702832,Mrs. Serial Killer (2020),5.0,4.710258429062038
rw0448310,"A Cool, Dry Place (1998)",2.5,3.757825788412849
rw4970695,The Man Who Killed Don Quixote (2018),0.5,3.4175324048362166
rw1464894,Tank Girl (1995),4.0,3.5642244708203665
rw2210508,All About Eve (1950),4.5,3.5063982436972165
rw2049052,Cry-Baby (1990),2.5,1.8183637486461004
rw5114542,The Man from Earth (2007),0.5,3.394287387187786
rw1708980,The House Without a Christmas Tree (1972 TV Movie),5.0,3.2929378279715458
rw0478413,X-Men (2000),4.5,4.690874832350287
rw2813904,This Is the End (2013),0.5,0.8073148033517449
rw5132358,Rambo: Last Blood (2019),1.0,3.55645106790514
rw2788477,Dredd (2012),2.0,3.2431714344206632
rw0793438,The Scorpion King (2002),4.0,3.5298459510801385
rw4948170,Jinn (2019– ),4.5,1.8254473792163564
rw2052675,The Fast and the Furious: Tokyo Drift (2006),1.0,2.740078352830208
rw1089360,The Big Stuffed Dog (1981 TV Movie),3.5,3.651028856102129
rw3265517,Lava (2014),1.0,3.6259070349322005
rw3688562,Entertainment (2015),2.5,3.2633558824682156
rw5903821,The Old Guard (2020),5.0,4.125606408293309
rw1133797,November (I) (2004),3.5,2.904508999723436
rw0985630,Swades (2004),5.0,3.7263541748068527
rw0153576,The Mighty Peking Man (1977),4.5,2.504938125174064
rw2610407,The Graduate (1967),4.0,4.468735446556032
rw2858510,Lucky Night (1939),5.0,3.494643943423488
rw0174564,The Day After Trinity (1981),3.5,3.651028856102129
rw6163766,Abhay (2019– ),5.0,5.0
rw2470077,Cowboys & Aliens (2011),4.0,2.9963588832345533
rw0370402,Se7en (1995),5.0,4.208264279686284
rw1661004,Apocalypto (2006),2.0,1.7572263132182477
rw2958999,The Wolf of Wall Street (2013),4.5,4.303218495749839
rw1675292,American Nightmare (2002 Video),4.5,3.6731999868293834
rw3187163,Fifty Shades of Grey (2015),3.5,3.503322792945334
rw1100030,Mr. & Mrs. Smith (1941),2.5,4.0196102795147555
rw5958154,Deep Blue Sea 2 (2018 Video),1.0,2.5709095158779514
rw5835681,Inspector Gadget (1999),3.5,3.3506742828478386
rw5525111,Wonderland (2013–2015),5.0,2.9346131136147293
rw2381502,Attack on Darfur (2009),1.0,2.9033944299228516
rw5414626,Giri/Haji (2019),2.0,2.2049480076660304
rw2934175,The Hobbit: The Desolation of Smaug (2013),1.0,3.7028038472374365
rw4823126,The Wandering Earth (2019),2.0,3.454310696371319
rw0088601,A Charlie Brown Christmas (1965 TV Movie),5.0,3.889372634779095
rw6212093,The Little Vampire 3D (2017),5.0,3.5510420007989345
rw1406431,Entourage (2004–2011),5.0,4.573979797613177
rw0574393,The Sum of All Fears (2002),4.0,3.2820893981368866
rw0879254,Laws of Attraction (2004),2.5,2.9336497696994597
rw2251298,Vicky Cristina Barcelona (2008),3.5,3.5195172685568776
rw1295734,Final Destination 2 (2003),4.0,2.958945709694453
rw1599325,毀滅戰士 (2005),1.0,3.351194048580226
rw0304794,Braindead (1992),3.5,3.425672953366694
rw3577954,Scars of Dracula (1970),3.5,3.5162701589182483
rw2048630,Baghead (2008),1.0,2.7415302311618146
rw1320306,L'enfant secret (1979),5.0,3.3156032061621477
rw4561255,Shanghai Surprise (1986),1.0,3.6890434433316823
rw0904156,Two Brothers (2004),0.5,3.890122720126574
rw4296986,Dinosaur (2000),5.0,3.3587638249202287
rw6273327,Soorarai Pottru (2020),5.0,4.621097845401504
rw1855644,De erfgename (1949),4.5,3.063004973867035
rw6017578,Flesh (2020),5.0,3.8818941032160654
rw1549080,Sideways (2004),1.0,3.6544456568280546
rw5210666,Tales of Found Footage (2019),0.5,2.9125268957368218
rw2382671,Mumbai Diaries (2010),4.5,2.4307660163409177
rw1729208,The Broken Hearts Club: A Romantic Comedy (2000),3.0,3.1177986697217803
rw4486371,Reunited at Christmas (2018 TV Movie),0.5,3.3318186530647282
rw3412391,The Comedians (1967),4.5,3.38513179136109
rw0639181,"O Brother, Where Art Thou? (2000)",4.5,3.9791251161457644
rw5857185,Eurovision Song Contest: The Story of Fire Saga (2020),3.5,3.067387921632089
rw4183514,The Graduate (1967),4.0,4.468735446556032
rw5250346,The Fighter (I) (2010),4.0,4.521541023056991
rw4481049,Mirzapur (2018– ),4.5,3.7087986219020155
rw4099840,Death Wish (2018),1.5,3.1516135512700347
rw2042065,In Bruges (2008),5.0,3.4387657046823716
rw0247445,Moonstruck (1987),5.0,3.716679607267712
rw3354662,500 Days of Summer (2009),5.0,4.2717859121901816
rw6450812,Sherlock (2010–2017),4.5,4.672276654036268
rw2785081,The Croods (2013),3.5,3.1621940098595402
rw1822727,Lilly Turner (1933),3.5,3.3548525287522666
rw1977786,Anaconda 3: Offspring (2008 TV Movie),0.5,2.5820217751480707
rw2378098,Plan B (I) (2009),5.0,3.061772180958675
rw4691837,ImMATURE (2019– ),5.0,4.792737698931285
rw5033711,Quarries (2016),3.5,2.4294041674728124
rw5107286,Blade Runner 2049 (2017),3.5,3.7311537625337934
rw2221976,Green Zone (2010),3.5,3.1139325449705315
rw4117331,The Terror (2018– ),4.5,3.2649756639167724
rw0738876,Asterix & Obelix: Mission Cleopatra (2002),4.0,3.417419430151451
rw1497728,Titanic (1997),2.0,4.294872005135043
rw3600931,REC (2007),3.0,3.315545431354146
rw3664302,Chasing Leprechauns (2012 TV Movie),4.5,3.625644716588497
rw5797267,Collision Earth (2020),0.5,2.322246019436412
rw4201102,Nancy (2018),3.5,3.556305586947612
rw4179136,The Leftovers (2014–2017),5.0,1.1287878929123247
rw1361318,Final Fantasy VII: Advent Children (2005),2.0,4.588136747879979
rw3395802,Seventh Son (I) (2014),0.5,3.416606532581835
rw2462113,Mal día para pescar (2009),3.5,3.545045880949216
rw1985733,The Happening (2008),1.0,3.311655380470897
rw0802543,My Little Eye (2002),3.5,2.9980180941336143
rw0764913,Basic (2003),3.5,2.4283654002332167
rw4936411,Jinn (2019– ),3.0,2.5735293363038916
rw4835696,The Dark Side of the Sun (1988),3.0,3.6974976932023904
rw1315836,Tutti i colori del buio (1972),4.5,3.5708074733282076
rw2878923,This Is the End (2013),1.0,0.5578113233430914
rw6264094,Poison (2019– ),5.0,1.8365181013281056
rw0444310,Being John Malkovich (1999),5.0,3.547798024995118
rw0075498,Something Wild (1961),4.5,3.495583804530341
rw4440848,Bohemian Rhapsody (2018),5.0,4.208492275276671
rw0538680,Spider-Man (2002),4.0,4.6258045861650245
rw5305867,國王 (I) (2019),2.5,3.706585380382674
rw4724373,Triple Frontier (2019),3.0,3.4982079214767445
rw5811035,BlacKkKlansman (2018),4.0,3.3575816221691115
rw3849561,13 Minutes (2015),2.5,3.384231903126169
rw3465991,The Avengers (2012),5.0,4.439293465212979
rw6078171,Train to Busan (2016),4.5,3.9432539050025817
rw3014308,The Bag Man (I) (2014),4.0,3.922435377777188
rw5093245,Heat (1995),5.0,3.65190154340493
rw0163352,Shalimar (1978),5.0,3.678882443752977
rw0529659,Mind Games (1998 TV Movie),1.5,3.208670944850156
rw4301098,Mission: Impossible - Fallout (2018),4.5,3.2305021449904463
rw0059959,12 Angry Men (1957),5.0,4.849071931294412
rw3035894,The Client (2011),3.5,2.7477331898558925
rw0103463,Night of the Living Dead (1968),4.5,4.5661688262874245
rw1254983,King Kong (2005),3.0,2.8989442368894887
rw3803839,War for the Planet of the Apes (2017),4.5,3.2593451910735176
rw6101014,Pets United (2019),0.5,3.3821314600987877
rw3772798,Valerian and the City of a Thousand Planets (2017),4.0,3.4017478017743126
rw1825791,Mou gaan dou II (2003),3.5,3.3313800233203303
rw2136849,Observe and Report (2009),2.0,3.4404051573749017
rw5834711,Space Force (2020– ),5.0,4.074934554603619
rw5236645,Sunset Blvd. (1950),5.0,2.817649312150222
rw0554038,Screwed (2000),4.0,3.1621064527312113
rw2550483,The Adventures of Tintin (2011),4.0,4.596915248398578
rw6084952,Uncle Tom (2020),5.0,4.628918518650037
rw4144407,Avengers: Infinity War (2018),5.0,3.9722781390094277
rw6332787,Vikings (2013–2020),5.0,4.890656207782521
rw0767235,Murder by Numbers (2002),3.0,3.255067781802211
rw0326888,The Piano (1993),3.5,3.805979385348573
rw2088434,The Freakmaker (1974),2.0,3.549107586723261
rw4774244,Dexter (2006–2021),4.0,3.4559647863132934
rw3460669,Nina (I) (2016),4.0,3.3794483123408674
rw2536810,Mission: Impossible - Ghost Protocol (2011),2.0,2.6079692464902076
rw3264622,Slap Shot 3: The Junior League (2008 Video),1.5,3.9441734119345133
rw2764314,Sound City (2013),5.0,2.9695117344679356
rw6203260,Prison Break (2005–2017),1.0,2.7722280614867163
rw5759148,Giri/Haji (2019),2.0,2.360989222506191
rw5724109,Monsters (2017 Video),4.0,3.1892557571292124
rw5211178,The Lighthouse (I) (2019),5.0,3.0004630630620794
rw1769347,Beowulf (2007),3.0,3.4794949852134507
rw4014896,Mother! (2017),5.0,1.072643005919225
rw5698242,Hollywood (2020),4.0,4.018725338903304
rw4191878,Shadowhunters (2016–2019),5.0,1.5769317144788388
rw1011587,Thirteen Days (2000),2.5,3.5694530632209758
rw6031338,Flesh (2020),5.0,3.877999019277508
rw5422720,Soundtrack (2019),5.0,3.435638600920494
rw4375197,In the Heart of the Sea (2015),4.0,3.507827590957922
rw3747517,Ghost in the Shell (2017),1.0,4.220056956221886
rw0075663,The Two Little Bears (1961),1.5,3.8390253991062524
rw3630657,K-Shop (2016),3.5,2.849859974959446
rw0287827,Rosencrantz & Guildenstern Are Dead (1990),5.0,3.065574400540042
rw5221139,Sleeping with the Enemy (1991),5.0,3.4053316644269813
rw3059509,Wow! Wow! Wubbzy! (2006–2010),1.5,3.8320404368381995
rw4480918,The Dark Knight Rises (2012),3.5,3.4054316112034217
rw3229189,The Count of Monte Cristo (1934),3.0,3.6714448961505037
rw3868200,Nails (I) (2017),3.0,3.0292579659284113
rw3596359,Office Christmas Party (2016),4.5,3.0880257136169353
rw0071933,Never on Sunday (1960),3.0,2.521389667560093
rw5259050,Love Is Blind (I) (2019),1.5,3.2325886949518683
rw6221826,The Long Hair of Death (1965),4.5,3.117933165150116
rw0258201,Grave of the Fireflies (1988),5.0,4.500936434525891
rw4227906,The Bad Sleep Well (1960),2.5,3.3224676981754224
rw0212472,Satomi hakken-den (1983),5.0,3.7087986219020155
rw0931777,Kill Bill: Vol. 2 (2004),5.0,4.326409901764298
rw1048257,Million Dollar Baby (2004),0.5,4.100776575453894
rw2376852,Mumbai Diaries (2010),2.0,4.353883753080829
rw0071250,The Virgin Spring (1960),4.5,3.708751377127491
rw5000111,TRON: Legacy (2010),5.0,3.483691946243665
rw3063208,Get on Up (2014),3.5,3.0677720917149127
rw1483377,The Proud Ones (1956),4.5,3.08772562008836
rw3168526,鳥人 (2014),3.0,3.999728833097544
rw1851228,The Kite Runner (2007),3.0,4.1630033254720304
rw2978915,White Chicks (2004),4.0,2.798630048020527
rw5959280,Un ticket pour l'espace (2006),3.5,3.2040206582509385
rw5849161,Eric Andre: Legalize Everything (2020 TV Special),2.5,3.438802543398138
rw2556672,Jail (2007– ),4.0,2.8932928452632916
rw2283448,The Book of Eli (2010),3.0,0.9801626298889249
rw4147933,Riverdale (2017– ),4.0,0.6607881361084277
rw5065214,The Hateful Eight (2015),2.0,2.376417596062627
rw0894189,Troy (2004),3.0,4.795915279914428
rw1645702,Gangs of New York (2002),4.5,1.6610614643620105
rw6033945,Nocturnal Animals (2016),4.5,4.215139921299643
rw2268323,The Crazies (2010),1.0,3.050791727190176
rw5484449,World Famous Lover (2020),4.0,3.1617046984860373
rw3650445,Moonlight (I) (2016),3.5,3.052968751163919
rw5206999,The Hole in the Ground (2019),2.5,2.6916632697645655
rw2541083,A.N.T. Farm (2011–2014),0.5,2.5697715643188577
rw5897010,The Old Guard (2020),4.0,4.412063865368377
rw3561692,Midnight in the Garden of Good and Evil (1997),3.5,3.1647737118366064
rw3081792,The Killing (2011–2014),3.5,3.6369012598092736
rw5786530,Once Upon a Time... In Hollywood (2019),4.5,3.767922856805993
rw1742286,Dr. Giggles (1992),2.5,3.1717577030185637
rw0292132,Cape Fear (1991),3.5,3.8071188902470827
rw3048946,G.I. Joe: Retaliation (2013),0.5,2.7137753067224746
rw4375216,The Killing of a Sacred Deer (2017),1.0,3.1989985761314097
rw1820965,The Truth About Cats & Dogs (1996),3.5,3.386622402259697
rw5669380,Parasite (2019),5.0,4.173975298795206
rw0863205,The Cat in the Hat (2003),3.5,3.251605228290455
rw5616996,Jackson Durai (2016),5.0,3.6732769723662533
rw0506309,Wing Commander (1999),2.0,2.8681992151909945
rw5602821,Sketchy Behaviour (2019 TV Movie),5.0,3.647227672272491
rw1782697,Enchanted (2007),4.0,3.181363317349132
rw6165443,Firewood (2019),4.0,3.6732769723662533
rw5059875,Rocko's Modern Life: Static Cling (2019 TV Movie),1.0,4.230018294257907
rw4641198,Wonder Woman (2017),3.0,1.4938360472542438
rw3198298,Warpaint (2012),1.0,3.470805823048613
rw2288979,John Adams (2008),4.5,3.651028856102129
rw0475339,Velvet Goldmine (1998),5.0,3.5169074076637483
rw0583732,The Lord of the Rings: The Return of the King (2003),4.5,4.7949227867442845
rw5196114,Steel Country (2018),4.0,3.7087986219020155
rw6228570,Nicole (2019),5.0,2.8587224631868384
rw2267845,Boot Camp (2008),5.0,2.5682315152685806
rw5401391,Klaus (2019),1.5,4.881532135907251
rw0812652,Once Upon a Time in Mexico (2003),5.0,2.6774437654824443
rw3805691,Slightly Daffy (1944),3.5,3.263570262951285
rw3689269,iBoy (2017),3.0,3.105663632592296
rw6355981,The Reagans (2020– ),0.5,3.073009130935427
rw4458942,The Price of Everything (2018),3.0,3.986665276918811
rw4041360,Freak Show (2017),4.0,2.650111923180429
rw5968584,Black Is King (2020),5.0,4.518389812896727
rw2774575,Big Fish (2003),1.0,3.8686847840865743
rw6328783,Tesla (I) (2020),0.5,3.636092631557973
rw4346942,American Made (2017),5.0,3.4509640473972016
rw4255847,The Dark Tower (2017),4.0,4.376046776782525
rw6070290,Children of Men (2006),5.0,3.2120780778876092
rw1681748,Ladies in Retirement (1941),3.0,4.069675268537686
rw5376887,Pirate Radio (2009),2.5,1.0810584740144857
rw0245265,Wings of Desire (1987),5.0,3.0575305920281015
rw2760649,Huang jia shi jie (1985),4.0,3.870981929950379
rw5717133,Swallow (I) (2019),1.0,3.5848052349627624
rw1261174,Conflict (1945),3.5,3.7615433536251217
rw3150966,White Collar (2009–2014),5.0,3.232050405322421
rw4188151,Mike and Dave Need Wedding Dates (2016),3.0,3.2247872807173223
rw5540650,Miss Congeniality (2000),3.5,3.3779277388730957
rw6155284,Star Wars: Episode VIII - The Last Jedi (2017),2.0,4.086350251938272
rw5085172,Blade Runner 2049 (2017),4.5,3.6046959633551894
rw2674212,Somewhere (2010),0.5,3.151141200762468
rw4457866,Leningrad (2009),0.5,3.6231898222792926
rw6190325,The Visit (I) (2015),4.5,2.8983459603752113
rw2358065,TRON: Legacy (2010),3.5,4.678424632936652
rw1157931,Bloody Wednesday (1988),2.0,2.6461795773829926
rw3304980,Pixels (2015),4.0,3.6670552948335007
rw0732257,Donnie Darko (2001),4.5,2.9027385936545618
rw3325134,Pan (2015),2.5,3.4733732569296243
rw1513327,Should Men Walk Home? (1927),3.0,3.4510848834400525
rw0334678,Ava's Magical Adventure (1994),1.5,3.6732769723662533
rw5444562,Kissed (1996),2.5,3.822564545997909
rw5384837,The Grudge (2020),3.5,2.7688435731991126
rw5653388,Changeling (2008),2.5,3.5425333420946883
rw1814602,Undersea Kingdom (1936),4.0,2.9088547120815784
rw4973143,The Dark Tower (2017),4.5,3.9655614407921433
rw4138887,The Death of Stalin (2017),4.5,3.275695351416326
rw4801828,Dragonheart 3: The Sorcerer's Curse (2015 Video),3.0,3.392069746724481
rw2308146,Tobacco Road (1941),4.0,4.142963615857933
rw2190209,十誡 (1956),2.5,4.0669189245293405
rw4775394,A Quiet Place (2018),4.5,2.0791400433293474
rw6172661,Breakaway (2011),4.0,3.4137379456772297
rw2977767,Anchorman 2: The Legend Continues (2013),2.0,3.540611507153828
rw1589972,Murder-Set-Pieces (2004),2.0,3.351528539142375
rw0813406,Signs (2002),5.0,3.27550445167926
rw4727303,Furious 6 (2013),2.5,3.460197019138671
rw6172232,Red Sonja (1985),4.0,2.9863672555131604
rw0687910,Original Sin (2001),2.0,3.50431581358696
rw5532909,Villain (I) (2020),5.0,3.392579554041888
rw4584144,Sex Education (2019– ),3.5,3.992575170855001
rw4331195,Filmworker (2017),1.0,3.1231864148146298
rw1095056,Cinderella Man (2005),5.0,1.3034232974484923
rw6001769,La dernière vague (2019– ),3.0,3.6732769723662533
rw5376044,Cats (2019),1.0,1.1636839712686078
rw4943257,Monster (VIII) (2019),4.0,3.282683763117763
rw4716621,After the Thin Man (1936),3.5,3.4179541524177712
rw1782828,Behind Enemy Lines (2001),3.0,3.5758127914470252
rw1721234,Akutoreizâ (1990 Video Game),5.0,3.78502037476079
rw1873078,A Esteticista (2005),4.0,2.8714543117248246
rw6219540,I'm Thinking of Ending Things (2020),0.5,0.9958753398996615
rw2713767,The Way (I) (2010),4.0,3.6566994990248696
rw4086628,Love Per Square Foot (2018),3.0,3.714383088468661
rw6014561,Bandish Bandits (2020– ),1.0,3.437906649731885
rw2412064,Blindness (2008),4.5,3.517155302286396
rw4222760,Incredibles 2 (2018),4.5,4.4409676286938335
rw3198678,Parallels (I) (2015),4.5,3.40820476108877
rw4298278,Last Man Standing (2011– ),5.0,3.060114726088654
rw5373853,Gordon Lightfoot: If You Could Read My Mind (2019),3.5,3.025793841894092
rw3878617,Possession (1981),0.5,2.8917622940645553
rw3003197,The Tomorrow People (2013–2014),5.0,3.4233444630894776
rw1099948,Song of the South (1946),4.0,3.5439390302065608
rw1901699,L: Change the World (2008),1.0,3.716428126656627
rw5668567,Another Life (2019– ),1.5,2.5409952738721846
rw3006369,Let's Kill Uncle (1966),3.0,3.194959044677197
rw3452006,Desk Set (1957),3.5,2.953774224583232
rw0450638,Eye of the Beholder (1999),4.5,4.2627856145663205
rw3055204,The Monuments Men (2014),3.0,3.3046123415303805
rw4244997,Suburban Commando (1991),3.5,3.541003561286619
rw2602549,Captain America: The First Avenger (2011),0.5,3.1929578526896605
rw1219883,Derailed (I) (2005),0.5,2.621859989270374
rw2162435,The Most Wonderful Time of the Year (2008 TV Movie),2.5,3.658660005994341
rw0459198,The Lord of the Rings: The Fellowship of the Ring (2001),0.5,3.6086070197207256
rw4218187,Avengers: Infinity War (2018),3.5,4.378471420273706
rw3656094,Moonlight (I) (2016),4.0,3.052968751163919
rw2142162,Diary of a Madman (1963),4.0,3.1794416641730656
rw0282496,Goodfellas (1990),5.0,4.643789989268306
rw3592958,Frost/Nixon (2008),5.0,3.397558964347483
rw1373798,Arabela (1979– ),5.0,3.0761251054448904
rw4513525,My Christmas Prince (2017 TV Movie),0.5,3.39162096777212
rw0228472,Year of the Dragon (1985),5.0,3.441453352289898
rw1973210,It's a Wonderful Life (1946),5.0,4.030293123633314
rw3340403,Dudes & Dragons (2015),5.0,3.681215485388477
rw2454799,Gallipoli (1981),3.5,3.685931927451884
rw3877068,He Walked by Night (1948),4.0,3.5757053273155726
rw4627058,If Beale Street Could Talk (2018),0.5,3.5077571619623007
rw1213597,Azumi (2003),4.0,3.0097206704439765
rw2340046,Chairman of the Board (1998),2.5,3.4622909620430975
rw3629411,Lion (2016),4.5,3.5624470125261145
rw5915776,Given (2019– ),4.5,3.5923676868303422
rw3010392,The Amazing Spider-Man 2 (2014),4.0,1.0898763349542582
rw3111893,Rango (2011),1.0,3.76452517082248
rw2729153,Shira: The Vampire Samurai (2005 Video),4.0,3.651028856102129
rw5392050,Messiah (2020),5.0,3.7087986219020155
rw3078290,Mad Money (2008),3.5,3.4829311102069167
rw1918024,The Dark Knight (2008),1.0,4.850152600263125
rw1634368,Baron Prásil (1962),5.0,3.751834900713015
rw1647590,Vacancy (2007),2.5,1.0168707383051143
rw5414367,Haunt (I) (2019),5.0,2.976476296276602
rw1983713,Mumbai Meri Jaan (2008),4.5,3.5386907841905755
rw2487374,Setup (I) (2011),0.5,2.8699918006225853
rw4338305,Bleach (2018),5.0,3.380202770582634
rw2388653,Dalaw (II) (2010),2.0,3.2256468244920575
rw1477311,Analyze This (1999),4.0,3.662193549039848
rw5410389,Tanhaji: The Unsung Warrior (2020),4.0,4.684568401412893
rw5091552,Trollied (2011–2018),4.0,3.251403155535211
rw0141555,Hester Street (1975),5.0,3.506478689918153
rw2296711,Into the Blue 2: The Reef (2009 Video),1.0,3.3649649973860587
rw2169389,Tiger Bay (1959),4.5,2.9860254123281544
rw3735282,Hollywood Homicide (2003),2.0,2.781798285448447
rw5987660,Gunjan Saxena: The Kargil Girl (2020),0.5,3.9028936365249214
rw0800512,Mr. Deeds (2002),0.5,3.5895354828566512
rw5665042,The Willoughbys (2020),2.0,4.608663106363813
rw1948298,The Sound of Music (1965),3.5,3.571198572097385
rw4642630,The Final Wish (2018),5.0,3.2627907937218397
rw3649334,Complete Unknown (2016),3.5,3.3773342872326992
rw0201612,The Hunger (1983),4.5,3.585151579853381
rw3737668,The Last Man on Earth (2015–2018),5.0,3.2684045720058377
rw3323185,The Primary Instinct (2015),4.0,3.4706263418522783
rw4706532,Absentia (2017– ),3.5,2.7227363753059417
rw0736722,Ali (2001),5.0,2.7188761254874323
rw1093244,Tae Guk Gi: The Brotherhood of War (2004),4.5,3.40793339080899
rw5422680,Bad Boys for Life (2020),5.0,3.4613268896522995
rw4981944,Toy Story 4 (2019),4.0,3.2021464633206196
rw4545629,Cargo (2013),3.0,3.662085775202161
rw6419059,Coolie No. 1 (2020),0.5,0.5856377537578911
rw1808317,Lost in Beijing (2007),2.5,2.9979201464455496
rw1896347,I Am Legend (2007),2.5,3.3584539534209976
rw5378288,Messiah (2020),1.5,3.7087986219020155
rw4435031,Venom (2018),4.5,3.9811011359529673
rw1207011,Saw II (2005),4.0,2.6775222668553793
rw4385472,Await Further Instructions (2018),2.0,2.6026331603791006
rw2287819,Trust (1990),5.0,3.576218186589877
rw4784266,The Killer Next Door (2018),0.5,2.6098207291975584
rw6097584,Kilink: Strip and Kill (1967),3.5,3.1974180142518382
rw0084859,Dr. Devil and Mr. Hare (1964),4.0,3.256657741239811
rw5652200,Seed of Chucky (2004),5.0,3.481544006883386
rw5382266,Fractured (I) (2019),4.0,3.75762740460324
rw1489039,Call of Duty 2 (2005 Video Game),4.5,2.619662020867523
rw0070581,Can-Can (1960),2.5,3.654229249373334
rw0633827,Birthday Girl (2001),4.5,3.3985346855370815
rw3476293,Attack the Block (2011),4.0,3.3251007308520273
rw2220296,American Radical: The Trials of Norman Finkelstein (2009),4.5,3.4066477140458686
rw5416874,Grave of the Fireflies (1988),4.5,4.886295782202148
rw4549373,The Quake (2018),2.5,2.7886275029465923
rw2413043,Return from the Ashes (1965),2.5,3.6143773970804545
rw4256205,The Kissing Booth (2018),1.5,1.1028293493712602
rw2641570,Un homme qui crie (2010),3.0,3.4062553650889704
rw2381436,Blue Valentine (2010),2.0,2.9647081936033373
rw1197262,Nudity Required (2003),4.0,3.2494940812122
rw2318202,Machete (2010),4.5,3.8642912497648205
rw0103004,"Live a Little, Love a Little (1968)",4.0,3.4096934950773736
rw3828313,"Just, Melvin: Just Evil (2000)",5.0,3.07122335312836
rw5475295,The Upside (2017),4.5,3.517024121204621
rw4298757,Hereditary (2018),0.5,2.590011957939118
rw5433156,The Dead Lands (2020– ),4.5,3.412971683653475
rw5459331,NBA 2k19 (2018 Video Game),3.5,3.7659686261021625
rw2146157,Defying Gravity (2009),5.0,3.6658223003484873
rw0410185,"Crna macka, beli macor (1998)",4.5,3.8616822306037206
rw6117983,Messiah (2020),5.0,3.7087986219020155
rw2359778,True Grit (2010),3.5,3.893149637784375
rw3271590,I'm Not Racist... Am I? (2014),1.0,3.334988222945555
rw4517007,"Le ventre, notre deuxième cerveau (2014 TV Movie)",4.0,3.458194523288279
rw3302668,Hot Pursuit (2015),1.0,2.6075050544049434
rw5806550,Friday the 13th Part III (1982),3.5,3.2435545029524873
rw3747195,Rocktober Blood (1984),4.0,3.1588338042279926
rw2911266,RamLeela (2013),2.5,3.6382654511533246
rw1961734,Indiana Jones and the Kingdom of the Crystal Skull (2008),1.0,3.778958286926428
rw3760115,The Children's Hour (1961),5.0,3.9077355873517554
rw1662652,Bug (2006),2.5,2.5639798639761198
rw4773926,Il venditore di morte (1971),2.5,3.367169116311874
rw1050290,Closer (I) (2004),5.0,3.519607456576396
rw2954896,Gravity (2013),4.5,1.1707468303528539
rw2456434,The Devil Diamond (1937),2.5,3.7087986219020155
rw5470826,Rogue One: A Star Wars Story (2016),4.0,2.5184930647479806
rw3374164,Star Wars: Episode VII - The Force Awakens (2015),3.0,2.342124503924216
rw0956059,The Motorcycle Diaries (2004),4.5,3.659699060287643
rw3426263,Emelie (2015),2.5,3.7087986219020155
rw5948488,You Me Her (2016– ),4.5,3.7550250089478507
rw0984398,The Rundown (2003),5.0,3.0135805359050782
rw2411638,Your Highness (2011),3.5,3.729350246816439
rw1760264,Frostbitten (2006),2.0,3.2304223706359703
rw1596571,Who's Minding the Store? (1963),5.0,3.4455210504860685
rw0539822,Stigmata (1999),5.0,2.9283106297555825
rw2601540,Skeleton Man (2004 TV Movie),3.0,3.2070082028084106
rw3525329,Luminarias (1999),1.5,3.7174698743873775
rw0453749,Godzilla (I) (1998),0.5,1.8080061800234395
rw0123973,High Plains Drifter (1973),5.0,4.058693930508838
rw1526001,Blind Beast (1969),3.0,3.2433251242463466
rw0797684,The Good Girl (2002),5.0,3.7435778882562873
rw5929305,Cursed (2020– ),1.0,3.6732769723662533
rw1234423,Trainspotting (1996),4.5,3.0324760597385905
rw1716833,Woodstock (1970),5.0,3.3413495609468633
rw2029273,The End of Poverty? (2008),5.0,3.8292835033905113
rw0272377,Listen to Me (1989),0.5,3.5282252860410748
rw0195291,My Favorite Year (1982),0.5,3.9765033652437105
rw5003913,Spider-Man: Far from Home (2019),2.5,3.0416432295399662
rw5735110,Beastie Boys Story (2020),4.5,2.7487922688354574
rw2995443,Andre (1994),1.0,3.438301893779821
rw2549028,Ghostbusters (1984),4.0,3.399600758143458
rw1575228,Black Christmas (2006),2.0,2.6813591401146586
rw5316010,Kedi (2016),3.5,2.9555196399569827
rw5582338,The Platform (2019),4.0,3.117179308204652
rw1323352,River's Edge (1986),4.0,3.7195240467405384
rw4067383,The Hunted (I) (2015),1.0,3.114554738286079
rw4053275,My Secret Valentine (2018 TV Movie),4.0,3.3120465618536516
rw0662961,Snatch (2000),1.0,3.282908435406848
rw5513006,My Hero Academia: Heroes Rising (2019),5.0,3.3594617864060274
rw1991432,The Seven Little Foys (1955),3.5,3.2512855321948693
rw4781595,Black Summer (2019– ),5.0,3.7087986219020155
rw1574007,Perfume: The Story of a Murderer (2006),3.5,4.124918631759358
rw1723854,Wrong Turn 2: Dead End (2007 Video),5.0,2.9240353979199782
rw5629822,Frozen II (2019),4.0,4.809196957567349
rw1783900,The Golden Compass (2007),0.5,1.9496702543177935
rw4309444,The Kissing Booth (2018),0.5,1.902006869735587
rw5921791,Saigon (1947),2.0,2.995621302623567
rw0648951,Kikujiro (1999),4.0,3.6971570646978695
rw6375141,Aquaman (2018),0.5,2.919073641126195
rw4533774,Downsizing (2017),2.0,3.5925345040240573
rw3127593,Noah (2014),4.5,2.7742831609341483
rw4574250,Let's Be Evil (2016),3.0,2.5112337825610673
rw4196985,Bates Motel (2013–2017),4.0,2.6550268228698264
rw0167359,The Great American Girl Robbery (1979),5.0,3.511142415166399
rw2810814,House of Dark Shadows (1970),5.0,2.9816273088092546
rw0099901,You Only Live Twice (1967),2.5,3.7531234042675434
rw4188967,Veere Di Wedding (2018),5.0,3.396636376557644
rw2799251,Star Trek Into Darkness (2013),0.5,3.261191575815099
rw4388469,Taking Earth (2017),4.0,2.9575119778843857
rw1495481,Link (1986),4.0,3.4142053356666384
rw6399142,Teen Spirit (2018),0.5,3.5095305532230325
rw5797322,Crocodile Dundee (1986),4.0,3.3933882688291344
rw5564505,The Lady Vanishes (1979),2.5,3.8622895650903777
rw0910846,Avellaneda's Moon (2004),3.5,3.051331380840934
rw0340880,Immortal Beloved (1994),3.0,3.5500715897450705
rw5093060,Murder on the Orient Express (2017),2.0,2.636937450188179
rw4629884,Purl (2018),0.5,4.028335655048421
rw2841987,Fullmetal Alchemist: Brotherhood (2009–2012),5.0,4.040529591209417
rw4263320,A Sniper's War (2018),0.5,3.2687884798953957
rw2366922,Irresistible (2006),1.0,3.538454481207878
rw5490962,Avenging Angel (1985),3.0,3.4072111898361888
rw0681568,Enemy at the Gates (2001),4.5,3.1319471880549243
rw5094070,Emelie (2015),0.5,3.651028856102129
rw5732687,Uri: The Surgical Strike (2018),5.0,3.8525452395029167
rw3294325,Cinderella (I) (2015),0.5,2.9262347464409615
rw5579291,Shrek 2 (2004),3.0,3.6750165650981517
rw0931357,Kill Bill: Vol. 2 (2004),4.5,4.702520463213996
rw3206285,A Million Ways to Die in the West (2014),5.0,3.2232337389747543
rw6072132,Mulan (2020),4.0,1.9163354644597181
rw3713214,The Fate of the Furious (2017),3.5,3.371022295852318
rw5625007,Freaks (2018),3.5,2.8556183150229573
rw2079099,The Many Faces of Zorro (2000 Video),5.0,3.7087986219020155
rw1355145,Indecent Proposal (1993),0.5,2.7454205012719033
rw0548816,Show Me Love (1998),5.0,4.034969376897268
rw2478402,Chained for Life (1952),3.5,2.5929957846010905
rw6164666,Mr. Church (2016),5.0,4.6089173934730185
rw4071776,Umberto D. (1952),4.0,3.748873502798139
rw1529808,Going Overboard (1989),2.0,3.89144313251933
rw3070823,Bears (I) (2014),3.0,4.040386695682208
rw5589177,Love in the Afternoon (1957),0.5,3.8363517547425845
rw4669704,Nobody's Fool (2018),4.0,3.26443132675338
rw2942816,The Bunglers (2012),5.0,3.093069660789491
rw6042633,Love Leads the Way: A True Story (1984 TV Movie),4.5,3.1122395263645326
rw4981147,Texicanas (2019– ),5.0,3.154078028626223
rw4131414,Black Panther (2018),5.0,2.4083295763594106
rw1890039,À l'intérieur (2007),4.5,3.7384099477021553
rw1976893,Election (1999),4.0,3.582241498716872
rw1294715,Fingersmith (2005),4.5,3.651028856102129
rw5115518,Mission Over Mars (2019– ),5.0,4.7213165222105555
rw6374681,Holidate (2020),4.0,3.0725785722671834
rw5662768,For the Weekend (2020),4.0,2.852565725804807
rw2580841,Black Magic (1992 TV Movie),4.0,3.0216087990194005
rw3124852,Corpse Bride (2005),4.0,2.5902344073832633
rw0185049,First Monday in October (1981),5.0,3.4407394751278395
rw3467961,24 (I) (2016),5.0,2.6372451131670265
rw6043882,Parasite (2019),5.0,4.180274289845295
rw1300509,Dante's Peak (1997),2.5,4.369387911928639
rw0347215,Texas Chainsaw Massacre: The Next Generation (1994),5.0,3.2774966170412774
rw6057508,Goodfellas (1990),5.0,4.643789989268306
rw4742320,The Invisible Guest (2016),5.0,2.7288654149198925
rw4479742,"Paul, Apostle of Christ (2018)",4.5,3.0704787083966454
rw4776170,Black Summer (2019– ),3.5,3.7087986219020155
rw3572929,Lost Treasure (2003),2.0,2.9806189051652017
rw1934516,The Hunting Party (2007),3.5,3.109587428887725
rw1314960,Fright Night (1985),4.0,3.2823193574185834
rw1817014,The Savages (2007),4.5,3.633454848108568
rw1143709,Charlie and the Chocolate Factory (2005),4.0,4.23512658166211
rw6248582,The Queen's Gambit (2020),4.5,3.848535702924852
rw4548524,Star Trek II: The Wrath of Khan (1982),2.0,3.1644756863809924
rw1806885,In the Woods (1999),0.5,3.186624689350126
rw6175272,Banshee (2013–2016),5.0,2.7763769372995952
rw4576212,Red Sparrow (2018),4.0,3.574571491229671
rw5888703,Eyes Wide Shut (1999),2.0,3.102591914726444
rw6294627,Mud (2012),3.5,3.4532638039645134
rw0267266,Bill & Ted's Excellent Adventure (1989),4.0,3.2604700969465377
rw1589765,The Texas Chainsaw Massacre: The Beginning (2006),2.5,2.5026581391559684
rw0943869,He Knows You're Alone (1980),4.5,3.3901514362476473
rw4387897,Tian sheng chang ge (2018),4.5,3.459232673466525
rw3076084,City of Ember (2008),3.0,3.50550062074505
rw2422167,Sapho (1917),2.5,3.5347219541117747
rw2072770,Bridge to Terabithia (2007),4.0,3.551846764906925
rw4933955,Killing Eve (2018– ),4.5,3.8793601432190297
rw3532088,Pandemic (2016),2.5,3.358260408911414
rw2350263,Due Date (2010),3.0,3.224767214987027
rw4629879,The LEGO Movie 2: The Second Part (2019),5.0,3.528807459577708
rw0284412,Jetsons: The Movie (1990),5.0,3.623158801101329
rw6385185,Braven (2018),0.5,3.5027015948411053
rw4342767,The Guardian (2001–2004),2.5,3.384980609207695
rw2347419,Fatal (2010),4.5,3.4344653193300325
rw1425336,Pandora Machine (2004 Video),3.5,3.6188111448978413
rw1784072,Taare Zameen Par (2007),4.0,3.3989398152994306
rw3169395,鳥人 (2014),4.0,3.4955877761400767
rw4414753,The Super (2017),0.5,2.4707877986966382
rw2098004,Ice Age: Dawn of the Dinosaurs (2009),3.0,3.4545687091301662
rw4500556,Scorched Earth (2018),2.5,2.7280695992338986
rw5810333,Dumplings (2004),4.0,3.474545760418159
rw1760658,The Stuff (1985),3.0,3.1345583455765076
rw4300482,Ex Libris: New York Public Library (2017),3.0,3.3858112794654645
rw2940435,Silent But Deadly (2011),0.5,3.679066015068515
rw4071718,Shakespeare in Love (1998),2.5,3.7897684281275277
rw2620692,Running Free (1999),3.0,3.589106479915123
rw2981295,Diamonds Are Forever (1971),3.5,3.3563784067699056
rw2815261,Flame & Citron (2008),4.0,3.477281989069206
rw0550801,Office Space (1999),4.0,4.270260791262153
rw0623673,All About My Mother (1999),5.0,3.8120259279076745
rw4335848,Grizzly Man (2005),3.5,3.8916021068720963
rw4658738,Alita: Battle Angel (2019),5.0,4.145947559078399
rw2859193,Longmire (2012–2017),5.0,3.0661364832609097
rw4004411,Spliced (2009– ),5.0,3.5771454926342994
rw0817766,Now You Know (2002),4.5,3.395216334705926
rw4679147,The World's Best (2019),2.0,3.694959757689577
rw4002858,Star Wars: Episode VIII - The Last Jedi (2017),4.0,3.238374500427409
rw2631031,The Ghost Writer (2010),4.0,3.3938802105533754
rw1278674,Lifeboat (1944),4.0,3.3515403892462037
rw0121465,Cabaret (1972),5.0,3.0822717849290386
rw5308023,Shootout at Wadala (2013),4.5,3.399507424861877
rw5768817,Uncivilized (2020),5.0,4.814248249052061
rw5426875,The Mandalorian (2019– ),5.0,4.766162181195166
rw5881018,Bloodshot (2020),2.5,4.234210414756838
rw2395154,The Wages of Fear (1953),4.0,3.6760605159138984
rw4991270,The Lion King (2019),5.0,2.5642810435618797
rw6283645,"Love, Simon (2018)",5.0,3.6435436344351406
rw5332962,The Barbarians (1987),2.5,3.3527381366009434
rw6435857,The Minimalists: Less Is Now (2021),2.5,3.404765344597644
rw4717161,Alita: Battle Angel (2019),4.5,4.145947559078399
rw1552120,The Monroes (1966–1967),3.0,2.8721257856459808
rw1565642,Night at the Museum (2006),4.5,4.168608649907473
rw4594099,The Beautician and the Beast (1997),5.0,3.5931294386795756
rw5497278,Ghostbusters: Answer the Call (2016),0.5,3.0807292505348145
rw4671847,First Reformed (2017),5.0,2.9820766731680237
rw5647996,Leprechaun (1993),1.5,2.91162195196471
rw2840697,Memento (2000),5.0,4.599359796696467
rw6324541,Paths of Glory (1957),5.0,3.945103638907397
rw3874906,The Good Doctor (2017– ),3.0,3.407710278173156
rw5682683,The Chosen (2017– ),5.0,4.89953871667235
rw4753842,Us (II) (2019),1.0,3.3035795803044263
rw1862023,Blood Simple (1984),4.0,3.3436733761497472
rw3636340,Singam 3 (2017),5.0,3.620213088078438
rw3263629,Strange Magic (2015),5.0,3.7905510818125245
rw4243566,High School 911 (2016),4.5,3.200692667966841
rw6012910,The Pearl of Death (1944),2.5,3.3429776867548933
rw4631923,Everlasting (2016),4.5,3.328068419139283
rw5220991,Psycho (1960),4.5,4.153388261237449
rw2616264,Film socialisme (2010),0.5,3.413708368771947
rw5219568,Watchmen (2019),1.5,4.144737710438557
rw0533481,The World Is Not Enough (1999),0.5,3.845412647940408
rw3439408,Batman v Superman: Dawn of Justice (2016),3.5,3.931540795037173
rw1805453,Is Everybody Happy? (1943),2.5,3.864802741994653
rw3352630,Oz the Great and Powerful (2013),4.0,3.377821504207507
rw0272080,Lethal Weapon 2 (1989),3.0,1.0596800423343753
rw2243253,Clash of the Titans (2010),3.0,2.6843686050616844
rw5056775,Shi ba ban wu yi (1982),4.5,3.7174698743873775
rw4428862,The Hobbit: An Unexpected Journey (2012),2.5,3.737597444264589
rw0391442,Mojave Moon (1996),1.5,3.642082963964661
rw2514094,Simon Boccanegra (1998 TV Movie),3.0,3.529304165813654
rw2260713,Avatar (2009),4.5,3.1593921078399374
rw1901422,Wanted (2008),2.5,3.101212397019001
rw5409718,Chhapaak (2020),0.5,3.909685030782581
rw5953794,Frontier(s) (2007),3.5,3.1033609336871133
rw5275655,Frozen II (2019),5.0,3.7959103404680996
rw3350189,Goldfinger (1964),4.5,3.5372539043757225
rw1038165,The Ladykillers (2004),0.5,3.21007286323377
rw0851501,Anger Management (2003),0.5,2.9173135201797002
rw2772322,Ghostbusters II (1989),4.0,3.461260574521557
rw2673839,Pure Country 2: The Gift (2010),0.5,3.924219309566507
rw1704425,Harry Potter and the Order of the Phoenix (2007),3.0,3.31907486736406
rw3313931,Mountains of the Moon (1990),5.0,3.4870561038176784
rw0023272,Blondie in Society (1941),4.5,3.1943330158323815
rw6425117,The Last Narc (2020– ),5.0,3.6041258504951985
rw3268228,Incendies (2010),3.5,3.349125984654796
rw6098394,The Watermelon Woman (1996),1.5,3.190335783567396
rw0913856,"Martha, Inc.: The Story of Martha Stewart (2003 TV Movie)",4.0,3.063308237238094
rw0116391,Duel (1971 TV Movie),4.5,3.4225924186676475
rw2727255,Terror Train (1980),4.0,3.276523214592484
rw3776148,Jezebel (1938),3.5,3.231124092445777
rw1671595,Love at First Bite (1979),4.0,3.2047879889788744
rw0267716,Casualties of War (1989),3.5,3.1732655019552958
rw3555680,Bananas (1971),3.5,3.622697224508959
rw5421409,Britannia (2017– ),4.0,2.8772423592842347
rw6420754,Pose (2018– ),3.0,2.4817489745640042
rw2569178,Band of Outsiders (1964),4.0,3.3350403770250696
rw4303853,Margarita 2 (2018),5.0,3.1731664886900046
rw6075426,Raised by Wolves (2020– ),4.5,1.5380331038111268
rw0005489,Plane Crazy (1928),4.0,3.3953734717362507
rw6129554,Once Upon a Time in Anatolia (2011),0.5,3.656271496195643
rw2345019,Prince of Players (1955),3.5,3.1157372985451324
rw0027460,Saboteur (1942),3.5,3.82268028946481
rw3416859,In Absentia (2000),2.0,3.474668105599917
rw5627837,Genius at Work (1946),5.0,3.503938230666692
rw1213389,Strange Days (1995),4.0,4.423088610821434
rw0049502,Jeopardy (1953),4.5,3.1551164369070426
rw5853496,The Expanse (2015– ),1.0,4.822120639757914
rw4701693,Eighth Grade (2018),4.0,2.8837881874489257
rw0525454,Cruel Intentions (1999),0.5,3.4746658207861527
rw4194633,Mulan (1998),4.5,3.7614518027904063
rw1569920,Six Feet Under (2001–2005),1.5,3.4387912407042065
rw1244813,Lone Wolf McQuade (1983),2.5,3.5974914631519357
rw5697073,I.Q. (1994),3.0,3.374368379192635
rw0378127,Bad Moon (1996),4.5,3.28298155622595
rw4560411,Mary Poppins Returns (2018),4.0,3.7515474552224526
rw2531412,Hugo (2011),0.5,3.047378351973778
rw4150058,The Stepford Wives (1975),3.5,2.859994236548423
rw3072514,Captain America: The Winter Soldier (2014),2.5,3.9196319833849746
rw4786974,Van Helsing (2016– ),2.5,2.6003776683913555
rw1762679,The Protector (I) (1998),2.0,3.403703914092695
rw3545318,The Peanuts Movie (2015),4.0,4.001713300453204
rw1587058,Rocky Balboa (2006),5.0,3.616312205316096
rw3595406,Vegucated (2011),4.0,3.5444777091582576
rw5070057,Blood and Bone (2009),5.0,2.9788924221461435
rw2148398,The Last Resort (I) (2009),0.5,2.9193136012994185
rw0957718,The Incredibles (2004),5.0,3.1288583459403916
rw4436449,Under The Wire (2018),5.0,2.6657156852672537
rw1562842,The Devil's Rejects (2005),0.5,4.581499329371529
rw5245565,The Tick (2016–2019),5.0,3.4335883874099564
rw3768628,The Witch's Curse (1962),2.5,2.764449351717427
rw3218780,Locke (2013),2.5,3.47268821014045
rw4197970,Lost River (2014),1.0,3.6188111448978413
rw1320700,Fingersmith (2005),4.5,3.7087986219020155
rw1138931,Zombiez (2005 Video),0.5,2.846500146530131
rw4601203,Smallville (2001–2011),5.0,3.1399767110546857
rw5001343,Thru the Mirror (1936),4.5,3.9064296016505233
rw2551839,Killer Elite (2011),1.0,2.3419759529870037
rw2092850,Midnight Caller (1988–1991),3.5,3.3228274087594967
rw0134214,Busting (1974),2.5,3.230715596459032
rw5139221,The Dead Files (2011– ),0.5,2.944536422834919
rw3397451,The Hateful Eight (2015),4.0,1.7297436863013107
rw1045582,Thelma & Louise (1991),4.5,3.1895094955909857
rw1009427,The Rocky Horror Picture Show (1975),5.0,3.661736690205894
rw5101555,Pain and Glory (2019),3.5,3.5948532556814277
rw5129466,One Cut of the Dead (2017),4.5,2.981236184400932
rw4521705,The Olympic Champ (1942),3.0,4.013182535948223
rw2752706,3D食人魚 (2010),3.0,3.0621768737701784
rw5257447,Lady and the Tramp (2019),4.0,2.8866049062012644
rw1955853,An American Carol (2008),5.0,3.2919572800001116
rw4179386,Get Shorty (2017– ),3.5,2.6422110842308473
rw5739830,Crawl (I) (2019),4.5,3.443539758946066
rw6064113,Abhay (2019– ),5.0,4.974012070982446
rw6358627,A Christmas Movie Christmas (2019 TV Movie),1.0,3.32148103289498
rw4844141,Student of the Year 2 (2019),0.5,2.614965137541231
rw2982006,Fresh Ham (1933),2.5,3.651028856102129
rw2091543,Fun with Dick and Jane (1977),4.0,3.314023891724895
rw1399823,Blank Check (1994),3.5,3.5975904661716123
rw6445491,Coolie No. 1 (2020),0.5,0.5856377537578911
rw5995297,Gunjan Saxena: The Kargil Girl (2020),5.0,3.9028936365249214
rw4240828,Delhi Belly (2011),5.0,3.415335595525687
rw3630428,The Bucket List (2007),4.0,3.085389219745525
rw5238638,See (2019– ),1.0,3.2439229800420697
rw3527861,Panama Patrol (1939),2.0,3.5986991411029328
rw4882070,Love & Other Drugs (2010),3.5,3.6224168071955996
rw0538071,Spider-Man (2002),5.0,3.9343451334957047
rw5645312,Just Mercy (2019),4.5,3.3854933383693355
rw6229348,An American Pickle (2020),0.5,2.769977424535412
rw2049267,Dragonball Evolution (2009),5.0,3.6834848267582054
rw5592548,The Letter for the King (2020– ),1.0,3.941415052170973
rw6288767,Four Weddings and a Funeral (1994),5.0,4.030130844633709
rw5810883,Peaky Blinders (2013– ),2.0,3.473015449428931
rw2564674,Certified Copy (2010),1.0,3.7270586676465616
rw5063474,Hellboy (2019),3.5,3.5805983583016765
rw1700571,Perfume: The Story of a Murderer (2006),4.5,3.4644131006285193
rw4807556,Avengers: Endgame (2019),5.0,4.186980347120472
rw1041004,Constantine (2005),4.0,2.914778885179189
rw2441449,The Battle of Algiers (1966),3.5,3.7635018952662693
rw4934750,Paranormal Investigation (2018),5.0,3.5413686686783916
rw5889747,Breaking Glass (1980),5.0,3.7168834967383413
rw0156403,Sturmtruppen (1976),3.0,3.4589616443235967
rw1712832,Steambath (1973 TV Movie),5.0,3.6956311748005204
rw2915318,Dom Hemingway (2013),2.5,3.2270953693993523
rw2101275,Stepsisters (1974),0.5,2.9551038179091806
rw4566614,Venom (2018),2.5,4.597321120946575
rw2961762,Speed (1994),5.0,3.9194963892721137
rw3820114,Quackerz (2016),2.0,3.5023477573421133
rw6105405,Violation (2020),5.0,3.1788328988427814
rw4980001,Thoroughbreds (2017),2.0,3.405642756980395
rw5940515,Double World (2020),3.5,3.4705680998591997
rw5610450,I Am Not an Easy Man (2018),5.0,3.628677262708385
rw4914220,Killing Ground (2016),3.5,3.030730844054814
rw1983352,Beneath the Planet of the Apes (1970),5.0,3.3419673402746657
rw4286028,Erased (2012),2.0,2.531219047811161
rw1600026,Schröders wunderbare Welt (2006),5.0,3.7174698743873775
rw3762030,"Caltiki, the Immortal Monster (1959)",4.0,3.734413366930571
rw2975163,Ender's Game (2013),2.5,3.1304799847425144
rw1505671,Broken News (2005– ),4.5,2.948404714666481
rw5436181,Game of Thrones (2011–2019),4.0,3.383621023436892
rw1079637,All Fall Down (1962),3.0,3.686840148281325
rw6032084,The 100 (2014–2020),5.0,0.8963012004749145
rw2109572,Public Enemies (2009),3.0,3.149618384645395
rw4789191,Jawbreaker (1999),4.0,3.479340660044265
rw5971426,Child's Play (2019),0.5,1.0901174035625298
rw5792095,Up the Academy (1980),1.5,3.6023137723049503
rw4598466,Zipi y Zape y el club de la canica (2013),0.5,3.0374812590859683
rw5698106,Jennifer's Body (2009),4.0,2.654164488789617
rw4049946,Soul Kitchen (2009),3.5,3.4437898244506697
rw5254010,The Mandalorian (2019– ),5.0,4.753795516563059
rw3347790,Winter on Fire: Ukraine's Fight for Freedom (2015),5.0,2.8638394362452004
rw2251320,Pressure (1976),3.5,2.3969254436574134
rw5370070,Tokyo Vampire Hotel (2017),4.5,3.221732999632239
rw0023410,Citizen Kane (1941),5.0,3.46480036428232
rw1546061,Knight Rider 2010 (1994 TV Movie),4.0,2.9833899747809265
rw4519331,Blackmail (I) (2018),5.0,3.445014928062445
rw0350557,The Stöned Age (1994),5.0,3.169458273345095
rw4207194,Film Stars Don't Die in Liverpool (2017),4.5,3.5735712446864243
rw1973141,The Greatest Story Ever Told (1965),2.0,3.9517544968850267
rw4708147,Senna (2010),4.0,3.6076840975755617
rw4024077,"With Love, Christmas (2017 TV Movie)",2.5,3.1427237117095705
rw6000053,Khuda Haafiz (2020),4.5,3.5114366711484175
rw4841660,Pokémon Detective Pikachu (2019),3.5,4.288183825201315
rw5788578,WrestleMania XIV (1998 TV Special),4.0,3.2094070839227657
rw6447601,The Hand That Rocks the Cradle (1992),5.0,3.13235236207435
rw0345388,The Phoenix and the Magic Carpet (1995),5.0,3.5762399418388107
rw4943388,The Next Hit (2008),0.5,3.1076647103822963
rw6064550,Bad Genius (2020),4.5,3.44373981553356
rw2536756,Downfall (2004),5.0,3.154133922463643
rw4415083,New Amsterdam (2018– ),5.0,3.0428165453692264
rw2326271,The New World (2005),3.0,3.982127005676084
rw0210718,Friday the 13th: The Final Chapter (1984),5.0,3.028590841819001
rw6438464,History's Greatest Mysteries (2020– ),5.0,3.6732769723662533
rw3074080,Afflicted (2013),1.5,2.752090518517177
rw5789614,Snatchers (2019),5.0,3.133120034830993
rw1881587,Space Jam (1996),4.5,3.0900594476785876
rw2556444,Titanic II (2010 Video),0.5,3.0170889789633697
rw1593835,The Veteran (2006 TV Movie),3.5,3.1998488786519386
rw1716627,Communion (1976),4.5,2.7624265982095584
rw1535894,A History of Violence (2005),4.5,3.1001453389327334
rw4053772,Chasing the Dragon (2017),4.0,3.7198993004591143
rw2727368,Student of the Year (2012),3.0,3.2553640246558353
rw1770963,Thelma & Louise (1991),3.0,4.245075619217711
rw2531452,The Wild Party (1929),2.0,3.4496538654899713
rw5222749,Hazbin Hotel (2019– ),5.0,3.658871992750124
rw5988934,Gunjan Saxena: The Kargil Girl (2020),4.5,4.018902191466975
rw0815072,Shaolin Soccer (2001),5.0,3.1262684542915835
rw0676424,Groove (2000),5.0,3.1871518212841172
rw1262774,The Breakfast Club (1985),4.5,3.4650598703521593
rw6290280,The Homesman (2014),2.0,3.3407765269776593
rw5931605,Dil Bechara (2020),5.0,4.590091632125678
rw3109444,Fury (2014),2.0,2.2946593720341166
rw2076966,Slow Burn (1986 TV Movie),3.5,3.2266932404595914
rw5216772,Wounds (2019),2.0,2.850971991243662
rw1704447,The Adventures of Ichabod and Mr. Toad (1949),3.5,3.715355768319101
rw0815810,Bend It Like Beckham (2002),5.0,3.2617678334460583
rw3715643,Raw (2016),5.0,2.7769796182449733
rw3420177,Miruthan (2016),5.0,2.944241777740436
rw3349962,A Matter of WHO (1961),4.0,3.596966738500982
rw1005353,"Bertha, the Sewing Machine Girl (1926)",3.0,3.6188111448978413
rw2863888,Phantasm II (1988),2.0,3.103995158270863
rw6021509,Mother's Child (2020),5.0,3.6188111448978413
rw4688689,Chicago Syndicate (1955),3.0,3.116731739790713
rw6133076,Archaon: The Halloween Summoning (2020),1.0,2.6503948213446353
rw4959918,Forest Man (2013),3.0,3.7589383590683525
rw4788086,The Starving Games (2013),1.0,3.5159305949913056
rw3303147,Aloha (I) (2015),2.5,3.2168240552807843
rw2135424,Lolita (1997),5.0,3.6662308227409377
rw1433205,Monkey Business (1931),3.0,2.806130826281197
rw5714134,Human Zoo (2020),4.0,2.701203965905834
rw1696481,Le vélo de Ghislain Lambert (2001),2.5,3.5002893778319435
rw1171670,The Phantom of the Opera (2004),5.0,2.301813946870081
rw2358771,The King's Speech (2010),4.5,3.3954190513078766
rw1756323,Critters (1986),3.0,3.007113008152657
rw2031037,The Line (I) (2009– ),4.0,3.614695031319486
rw1873056,Bound (1996),3.5,3.128938531786192
rw2062405,The Passion of Ayn Rand (1999 TV Movie),3.5,3.464590617315631
rw4471164,Smoke (2018–2019),5.0,3.916180689296772
rw0441710,54 (1998),5.0,3.2596725211487154
rw1806726,Grease 2 (1982),1.0,3.6772387579634347
rw0681211,Wives and Daughters (1999– ),4.5,3.9092910230062996
rw1685550,Village of the Damned (1960),3.5,3.8379019140178086
rw5072944,The Lion King (2019),4.5,4.720869816167684
rw0075873,West Side Story (1961),4.0,3.3763111332614937
rw1077545,Summer City (1977),1.5,3.8173837586070167
rw2007106,The Punisher (2004),3.5,3.8608577155890673
rw5808594,Knights of the Damned (2017),5.0,3.043438774123703
rw3066662,Guardians of the Galaxy (2014),5.0,4.159289415323043
rw2898699,The To Do List (2013),3.0,3.149295927833494
rw2080568,Gran Torino (2008),4.0,2.7419494788722925
rw2424715,Hoodwinked Too! Hood vs. Evil (2011),3.0,3.8361965600656203
rw1662192,The Tingler (1959),5.0,3.3865907056689997
rw3346966,RoboCop (2014),4.5,3.846999899613079
rw6360280,Park Na-rae: Glamour Warning (2019 TV Special),4.0,3.7087986219020155
rw5526315,Steel (I) (2015),2.5,2.756297824048391
rw2463275,Serenity (2005),3.5,2.223548825227563
rw1411970,Eliza's Horoscope (1975),1.0,3.7174698743873775
rw4019603,Star Wars: Episode VIII - The Last Jedi (2017),4.5,4.086350251938272
rw3520930,Mad Money (2008),3.5,3.4984581662576004
rw2020743,Mildred Pierce (1945),2.5,3.539059654887131
rw3194413,The Wedding Ringer (2015),2.0,2.7062312247482656
rw1887619,A Nightmare on Elm Street (1984),4.5,3.1143230618834683
rw3065925,Infamous (2006),4.5,3.8470912938658004
rw3220283,The Children's Hour (1961),4.0,4.639731912991932
rw3678125,Ghost in the Shell (2017),4.0,2.772440254822541
rw5978261,Suspect (1987),3.5,3.3340769236492593
rw4880397,A Dog's Way Home (2019),1.0,3.6475117780417188
rw0034822,My Darling Clementine (1946),5.0,4.3076121279275625
rw1421420,Pirates of the Caribbean: Dead Man's Chest (2006),3.5,1.2084148587675834
rw5918445,The Exorcist (1973),5.0,4.571415414659678
rw3431450,Manipulation (1991),2.0,3.5139111383792403
rw5475052,The Way Way Back (2013),4.0,3.349299106235198
rw2496362,50/50 (2011),4.0,3.479716587896869
rw3233539,Fear No Fruit (2015),5.0,3.196200081713338
rw4723382,Kim Possible (2019 TV Movie),5.0,2.8523530518865376
rw4525873,1987: When the Day Comes (2017),5.0,3.134012053347368
rw6450157,The Mandalorian (2019– ),5.0,4.677880254720098
rw4074202,Discovering Bigfoot (2017 Video),3.0,3.3985716602776237
rw0059998,12 Angry Men (1957),5.0,4.825748493337939
rw1661694,Epic Movie (2007),1.0,3.373790838841924
rw2396305,Earthwork (2009),4.0,3.455941296508056
rw3087443,The Intouchables (2011),5.0,3.4223303696206004
rw4179963,La La Land (2016),2.5,3.231114250608934
rw5988319,Gunjan Saxena: The Kargil Girl (2020),4.5,3.6363212131113127
rw1106137,Eu Matei Lúcio Flávio (1979),2.0,3.5082938166128126
rw2024987,The Wrestler (2008),3.5,3.896610740387208
rw3693053,Wolves at the Door (2016),1.0,3.167264403698276
rw1400471,X-Men (2000),5.0,4.262729548179585
rw3726253,Guardians of the Galaxy Vol. 2 (2017),1.0,3.066848941698088
rw1973502,Stargate: Atlantis (2004–2009),4.5,3.5159709678196505
rw4118714,Eternal Sunshine of the Spotless Mind (2004),3.5,4.249841931020512
rw0979557,Conquest of Space (1955),2.5,2.995899095254149
rw2328426,Inception (2010),5.0,4.082674042543413
rw4584687,The Conspirators (1944),3.5,3.3617285747854315
rw4441695,The Haunting of Hill House (2018),3.5,4.7576035067400895
rw4980777,Mission: Impossible - Fallout (2018),3.0,3.719538049336919
rw5280979,Door in the Woods (2019),1.5,3.1941562642372316
rw6325104,Johnny English Strikes Again (2018),3.5,3.3116309510179764
rw0810932,Boat Trip (2002),1.0,3.5424329766070586
rw5092145,Angel Has Fallen (2019),2.5,2.8589396611870717
rw2305023,Koyaanisqatsi (1982),5.0,4.554665602241505
rw4047143,Gangsta (2018),5.0,3.480291336606146
rw2091954,Bedtime Stories (2008),4.5,3.8851621623277195
rw0187272,Cannibal Ferox (1981),2.5,3.2437347336866846
rw1348829,Silent Hill (2006),2.5,4.163017928553234
rw2690184,Jewel Robbery (1932),4.5,4.174126969790774
rw4377219,The Houses October Built 2 (2017),0.5,3.046754694916519
rw5629538,Two Against the World (1936),3.0,3.474540673696757
rw3762896,Antboy 3 (2016),2.0,3.5020778641237023
rw4931754,X-Men: Dark Phoenix (2019),4.0,2.0529864061808327
rw5279405,Vanishing on 7th Street (2010),4.5,3.5342451688138596
rw0793134,I Am Sam (2001),4.0,3.12113755439164
rw5485176,Jojo Rabbit (2019),4.5,4.465655102038897
rw1932176,Antônia (2006),4.5,3.7546921877883768
rw5492557,Forrest Gump (1994),5.0,4.776909237139757
rw2403404,Hot Fuzz (2007),4.5,4.245851900680269
rw5478170,March for Freedom (2019),5.0,3.543498519813776
rw4815336,Avengers: Endgame (2019),5.0,3.834137212271575
rw5909069,Breathe (2018– ),4.0,3.834099000357246
rw4818045,Avengers: Endgame (2019),3.5,4.202330235322954
rw2785590,The Hunger Games (2012),0.5,2.2111684240561646
rw3705323,Ghost in the Shell (2017),4.5,2.4878514020287548
rw2831502,Accidents Happen (2009),0.5,2.9406213670603782
rw2745760,Vishwaroopam (2013),4.5,3.69606827946547
rw4710100,Captain Marvel (2019),3.0,2.9413454355314035
rw1507835,The Nightmare Before Christmas (1993),4.5,3.4724916898420806
rw2900868,Babylon (1980),3.5,3.074360493915175
rw4230231,Jurassic World: Fallen Kingdom (2018),2.5,2.86657055856969
rw4513351,Aquaman (2018),5.0,2.523437717561371
rw5650283,High Society (2017),4.5,3.6207230087737647
rw2094186,Shortkut - The Con Is On (2009),2.0,3.1815274732176353
rw5579642,Beach Road Chetan (2019),5.0,3.651028856102129
rw2933763,Det gælder din frihed (1946),3.5,3.6669564042549245
rw0248058,Pathfinder (1987),5.0,3.804642303765808
rw2984732,Dr. Jekyll and Mr. Hyde (I) (1920),1.5,4.014599478706948
rw5217549,Terminator: Dark Fate (2019),5.0,2.940425721915179
rw1425223,Midnight Run (1988),4.0,3.2428968582245257
rw3666012,Face/Off (1997),5.0,4.369298589864573
rw3780423,Life (I) (2017),4.5,2.982232451034681
rw4661267,In Harm's Way (2017),5.0,3.264182346865808
rw4357117,I Am Not Your Negro (2016),4.5,3.685611305860431
rw2893926,The East (2013),0.5,2.7038178931568995
rw2731021,Rok Sako To Rok Lo (2004),5.0,3.8066095793668984
rw3640158,"20,000 Years in Sing Sing (1932)",3.5,3.8034010674821057
rw6327165,Vulcania (2015),3.0,2.678308846045303
rw3740507,Transformers: The Last Knight (2017),4.0,1.0125231290965893
rw3235893,Bully (2001),5.0,3.002286057092558
rw2294351,Yes Man (2008),1.5,3.193660721895731
rw1918751,The Dark Knight (2008),4.5,4.383179173932038
rw5840152,Winterherz: Tod in einer kalten Nacht (2018 TV Movie),2.0,3.7087986219020155
rw5954960,Shakuntala Devi (2020),5.0,1.039154284635805
rw5584796,Once Upon a Time... In Hollywood (2019),5.0,3.841785529824809
rw5688500,Money Heist (2017– ),4.0,2.177574032003201
rw4358856,College Romance (2018– ),5.0,4.673574781079959
rw6265922,Fifty Shades of Grey (2015),5.0,3.040252667967384
rw2215059,Happy Feet (2006),1.0,3.391747723651141
rw0896142,Dil Vil Pyar Vyar (2002),4.0,3.514221581303815
rw2927856,Closed Circuit (2013),2.5,3.0318874537214957
rw3114784,Dawn of the Planet of the Apes (2014),4.5,3.2410345182127336
rw2985360,Divergent (2014),2.5,3.406778423224517
rw3543195,Extraction (II) (2015),0.5,3.6777414583140344
rw6199855,Rebecca (I) (2020),2.0,3.7427468887542235
rw0078220,The Longest Day (1962),4.0,3.4666853317383
rw1398988,Zardoz (1974),0.5,3.2988200531212497
rw0901067,He Sees You When You're Sleeping (2002 TV Movie),2.5,3.410314803472428
rw5756833,Chernobyl (2019),5.0,4.9493425410353655
rw4223627,Bees Make Honey (2017),3.5,3.370472881747705
rw3026998,Keep It Up Downstairs (1976),2.0,3.2932491276324067
rw2178757,西線無戰事 (1930),3.5,3.81333975151033
rw4256846,Sherlock (2010–2017),5.0,4.267453095650199
rw1627643,太陽浩劫 (2007),1.0,2.562650621414277
rw0668721,Could Be Worse! (2000),1.0,3.292695605374304
rw0173905,Caddyshack (1980),5.0,3.7113488268601964
rw5880250,Slumdog Millionaire (2008),3.5,1.022013682449861
rw4091531,Annihilation (2018),4.5,4.212778761810288
rw2329073,Polizischt Wäckerli (1955),5.0,3.9557623214735456
rw1981733,Familiar Strangers (2008),0.5,3.3688702110829856
rw4679675,The Bye Bye Man (2017),1.0,3.6523712961638313
rw3397033,Shadowhunters (2016–2019),1.0,4.53304277507353
rw1408742,The Devil Wears Prada (2006),5.0,2.7524940623667433
rw4582261,The Return of Superfly (1990),2.5,3.072888541499882
rw4679891,Spider-Man: Into the Spider-Verse (2018),5.0,4.5692749390267355
rw6412444,Wonder Woman 1984 (2020),3.0,1.6521314622189953
rw0084822,Devil Doll (1964),0.5,3.157877873040979
rw2596210,Bad Ass (2012),1.5,3.208179089198986
rw0158655,Dawn of the Dead (1978),5.0,3.5922875299267405
rw2784055,Iron Man Three (2013),3.5,3.4827616388225406
rw3107756,Under the Skin (1997),3.5,4.134826089258788
rw1514600,Psycho II (1983),3.5,2.549242008388253
rw5350503,維多利亞壹號 (2010),3.5,3.4163098394948674
rw1953619,Death of a Ghost Hunter (2007),3.5,2.8193012461223885
rw3545754,Dark City (1998),4.5,4.739260431844722
rw4786937,White Chamber (2018),1.5,3.016341160586792
rw5759718,Money Heist (2017– ),2.0,2.5547917312352038
rw1817452,Pumpkinhead II: Blood Wings (1993 Video),3.0,3.5161985792203554
rw5814376,The Secret Place (1957),3.0,3.3572711942047513
rw2204916,Inglourious Basterds (2009),2.0,3.243700368522029
rw2676191,Slovenka (2009),0.5,3.174498845719647
rw3467307,Batman v Superman: Dawn of Justice (2016),3.5,3.9724213870279375
rw1610268,The Goddess (1958),5.0,3.301566888078711
rw1662485,Shrek the Third (2007),2.5,3.8756025135469594
rw2105683,Satan's Baby Doll (1982),3.0,2.3390011616433712
rw1017018,Sinful Deeds (2003 Video),2.0,3.2645090009282645
rw3471264,Dracula Untold (2014),4.0,2.2407392656931346
rw4454529,A Man Called Ahok (2018),4.0,3.638003597580626
rw0492658,The Cider House Rules (1999),4.5,3.4050792132379377
rw4268029,Rogue One: A Star Wars Story (2016),0.5,4.111229246487807
rw5511741,We Have Always Lived in the Castle (2018),1.0,2.236492976386747
rw2233164,Team America: World Police (2004),4.0,2.5613791976896843
rw0946203,Another Man's Poison (1951),2.5,3.189924136567785
rw0806526,Bloom (I) (2003),0.5,3.6343945540264335
rw2199601,爛兄爛弟 (2008),1.5,3.0670628037983096
rw5764598,Baptiste (2019– ),5.0,3.891215792518181
rw5247579,Poaching (2019),5.0,4.220317218798554
rw3496482,Independence Day: Resurgence (2016),1.5,3.236226911058898
rw1960441,Mame (1974),3.5,3.540346392994184
rw0675330,A.I. Artificial Intelligence (2001),2.0,3.5839299955034702
rw1520316,The Lather Effect (2006),4.5,3.502638324925215
rw0867551,Bruce Almighty (2003),0.5,4.221466121542293
rw4132796,Redwood (2017),4.5,3.993818516825127
rw2074399,Driven to Kill (2009 Video),3.0,2.531167666333684
rw3178449,Seventh Son (I) (2014),2.0,3.416606532581835
rw3016245,Nurse 3D (2013),1.5,3.494904456949449
rw3316963,The Exorcism of Emily Rose (2005),2.0,2.9593865180995516
rw6403106,Wonder Woman 1984 (2020),0.5,2.769676061994151
rw5903264,Merlin (2008–2012),4.5,3.5903003903916715
rw2897378,Spookies (1986),5.0,3.3854019189235083
rw2618511,The Avengers (2012),4.0,4.529733307299152
rw2961493,Troy (2004),3.5,4.795915279914428
rw4546842,You (2018– ),2.5,2.8913009169358705
rw5784772,Life with Lucy (1986),5.0,3.6206768083885756
rw0142187,Jaws (1975),4.5,4.646355085855378
rw0345990,Pulp Fiction (1994),4.5,4.654234479933967
rw3810221,Legend (1995),4.0,3.2091113803454108
rw1423053,Funeral in Berlin (1966),3.5,3.222192942182588
rw1389197,Azumi (2003),3.0,3.76468307850264
rw1839835,Alien³ (1992),0.5,4.188592111493787
rw6099228,Dorojka (2019),5.0,3.2358284343805455
rw6384968,Tin Star (2017–2020),2.0,3.131301234989113
rw4475541,Equals (2015),2.0,2.706263361753956
rw2509977,The Forgiveness of Blood (2011),3.5,3.171696040258637
rw4965286,Scanners (1981),3.5,3.3241196344418205
rw1635786,太陽浩劫 (2007),3.5,1.3325101641492496
rw0432808,Spawn (1997),2.0,3.4091353862791336
rw2173610,Reckless Kelly (1993),2.5,3.3685496694182016
rw6267355,I Am Greta (2020),5.0,3.3431137964459063
rw1603228,The Covenant (2006),0.5,2.122101009451762
rw5267914,Mother! (2017),1.5,2.182093074481716
rw1639730,Asphalt jungle (1950),4.5,3.1470965487868496
rw5414732,Uncut Gems (2019),5.0,3.1618610000953264
rw1794487,The Day After (1983 TV Movie),5.0,3.2088463565674146
rw2619096,Prometheus (I) (2012),0.5,2.8871475165540157
rw0836041,Garcea si oltenii (2001),0.5,3.651028856102129
rw4787432,Interstellar (2014),5.0,3.904959484684746
rw1178623,The Killing (1956),4.5,4.644755667340973
rw2379102,Mad Men (2007–2015),0.5,3.333646659221049
rw6008016,The Darkness (I) (2016),2.0,2.9180955306068856
rw2590020,Fog Island (1945),0.5,3.665578421635656
rw1229623,The Black Cat (1934),4.0,4.010971113246247
rw4503072,2.0 (2018),4.5,0.8332128477801602
rw5095376,Occupation (2018),1.0,3.0369088364678243
rw0545525,Happiness (1998),5.0,3.8313976581514284
rw1097293,Bye Bye Braverman (1968),4.5,3.4671045173300032
rw3502118,Red Heat (1988),3.5,2.750481531266062
rw3402135,Kyaa Kool Hain Hum 3 (2016),0.5,3.7353333990397646
rw4277029,Hostiles (2017),3.5,1.0110172642102526
rw0716893,Harry Potter and the Sorcerer's Stone (2001),5.0,4.576570489436341
rw3516284,The Inspector General (1949),3.5,3.6412057923858767
rw4717627,Ben Is Back (2018),3.5,3.7219659584956015
rw1820267,Dead Man's Shoes (2004),0.5,3.466011184174486
rw1293692,The Boondock Saints (1999),1.0,4.330891556552043
rw5526105,Sonic the Hedgehog (2020),3.0,4.786183965445888
rw1173380,Shades of Gray (2005),4.5,3.7174698743873775
rw3523175,Allegiant (2016),3.5,3.1210166157595403
rw0128797,The Exorcist (1973),5.0,4.5226874718584895
rw6433949,Archive (2020),3.5,4.659678242812927
rw0043251,Self Made Maids (1950),5.0,3.7087986219020155
rw2212933,The Devil's Tomb (2009),3.5,3.353705339056206
rw2857828,Cruising (1980),5.0,3.1361056997823775
rw1463878,Lurkers (1988),1.5,3.4808153168968605
rw1033301,The Last Run (1971),4.5,3.3891102618183817
rw2773081,Alice Doesn't Live Here Anymore (1974),3.5,3.66522741570895
rw5652773,#BlackAF (2020– ),2.5,4.28177712789518
rw0859048,A Mighty Wind (2003),3.5,3.619028368289602
rw5465143,The Expanse (2015– ),5.0,3.003270856944706
rw6052921,I See You (II) (2019),3.5,3.089638869575912
rw5111349,It Chapter Two (2019),3.0,2.1231301052251905
rw3378882,Creed (II) (2015),3.5,3.002130981544926
rw1043824,Avanim (2004),5.0,3.7406818291019786
rw4101896,Midnight Sun (2018),3.5,3.1078352953428188
rw5056934,Eerie (2018),3.5,2.89318471746579
rw0638754,"O Brother, Where Art Thou? (2000)",4.0,4.362167235524281
rw2356405,Nostalgia (1983),3.5,3.470858605666413
rw2596859,Scream 4 (2011),2.0,3.776663562231324
rw2134083,À Nos Amours (1983),4.0,3.9907285063968323
rw3735033,Iqaluit (2016),4.0,3.385571760616235
rw3353599,Conspiracy (2001 TV Movie),3.5,3.8414694041433353
