id,movie_title,y_true,y_image_pred
rw1668379,Mission: Impossible (1966–1973),4.0,3.415476199747037
rw0704620,The Matrix Reloaded (2003),4.0,2.9378007722390946
rw0481138,Star Wars: Episode I - The Phantom Menace (1999),3.0,3.969082609983954
rw2350502,The Mask of Zorro (1998),5.0,3.357282318359204
rw5075161,Ambili (2019),5.0,3.5396295603617416
rw3809975,Mother! (2017),1.0,2.320819256331773
rw3054540,"Sinbad, the Sailor (1947)",3.5,3.484387891945891
rw4144651,Avengers: Infinity War (2018),4.0,3.8394088082947815
rw2682263,Upside Down (I) (2012),4.0,3.444100123255289
rw1072383,Pearl Harbor (2001),1.0,3.038236098229956
rw1507820,Stormbreaker (2006),4.0,3.2015438735436463
rw3441405,Sahara (I) (1943),3.5,3.3878574877562113
rw3701319,The Beast of Hollow Mountain (1956),3.0,3.4224861895567225
rw4235288,Star Trek: Voyager (1995–2001),4.5,3.5067461884701627
rw1778781,White Dog (1982),3.5,3.5858374186931568
rw4285422,Their Purple Moment (1928),3.0,3.439712502265465
rw2486516,Fright Night (2011),4.0,3.4277711502445958
rw2452468,Contract Killers (2008),4.0,3.56755891640728
rw0510926,The Matrix (1999),4.0,4.103290258769001
rw3595309,Vertigo (1958),4.0,4.052455759468567
rw5424977,Cats (2019),0.5,2.7668425317202248
rw4431432,Snoopy Come Home (1972),4.0,3.444907701320451
rw5610960,Incendies (2010),2.0,3.67738662454084
rw6192864,Tremors: Shrieker Island (2020 Video),3.0,3.450062696404188
rw4906305,The Man in the Iron Mask (1939),1.5,3.330630007757864
rw3827518,Jay and Silent Bob Strike Back (2001),5.0,3.3321578188268015
rw1940123,An American Crime (2007),3.0,3.1992350330850856
rw4458032,Person of Interest (2011–2016),4.0,3.756345877744093
rw4576899,The Falling (2014),3.0,3.340895830328401
rw1552238,Joseph and the Amazing Technicolor Dreamcoat (1999 Video),3.5,3.384127711369067
rw2953735,The Counselor (2013),0.5,3.394988492755652
rw2434791,Surveillance (I) (2008),1.5,3.3010554580670606
rw5064992,Crawl (I) (2019),3.5,3.6273888003939643
rw0989173,Funeral Home (1980),2.0,3.5499519812195466
rw5932054,Warpath (2020),1.5,3.3748267602477595
rw1989291,Hancock (2008),0.5,3.0380117104383966
rw2389529,Cousin cousine (1975),2.0,3.505510596317179
rw0001585,The Heart of Texas Ryan (1917),5.0,3.3541102533773515
rw0034701,Lonesome Lenny (1946),5.0,3.4031529397830482
rw2787063,Thor (2011),4.0,2.920298671824552
rw1141336,Stranger Than Paradise (1984),0.5,3.3770349036963645
rw5707404,Mrs. Serial Killer (2020),4.0,3.984998899672736
rw3209061,Western Mail (1942),4.5,3.5549040600378308
rw5702779,Ex Machina (2014),4.0,3.251290152367091
rw3733461,American Flyers (1985),3.5,3.3434167597664555
rw6007269,Promised (2019),5.0,3.4119678033230083
rw4881364,Nonsense (2018),4.5,3.303674556200409
rw0577133,Ghost Dog: The Way of the Samurai (1999),3.5,3.242599747117416
rw2331408,Robin Hood (2010),2.5,3.195798133412871
rw5597159,The Drone (2019),1.5,3.3573061594798617
rw3823038,The Bad Batch (2016),2.0,3.2559771516107023
rw1234514,"The Chronicles of Narnia: The Lion, the Witch and the Wardrobe (2005)",5.0,4.060977355012535
rw3149615,American Guinea Pig: Bouquet of Guts and Gore (2014),5.0,3.2779576933406664
rw5483444,Band of the Hand (1986),2.5,3.309289147778489
rw3734261,Beauty and the Beast (I) (2017),5.0,3.822449797240174
rw6109568,The Scapegoat (1959),2.5,3.4553996142794703
rw5680677,Spirited Away (2001),3.0,4.108333920026584
rw2586273,The Thomas Crown Affair (1999),3.5,3.4383585170014586
rw3683843,Quo vado? (2016),3.5,3.3177398516068846
rw3313449,War Room (2015),5.0,3.339155062607483
rw1846318,Play Dead (1983),1.0,3.473864611433853
rw5710334,Love & Mercy (2014),2.5,3.4140812453864298
rw1792133,Life as a House (2001),4.0,3.330269649529502
rw5743435,Forbidden Planet (1956),3.5,3.2861771848091266
rw3877042,Eye See You (2002),1.5,3.443888548294533
rw6018527,Greyhound (2020),3.0,3.4514922761711677
rw5266596,Hollywood Vice Squad (1986),3.5,3.494518553078422
rw4990199,Aziz Ansari: Right Now (2019 TV Special),3.5,3.3921677986046954
rw6450596,Alice in Wonderland (1966 TV Movie),4.0,3.4302573869634876
rw3324500,Standing on the Shoulders of Kubrick: The Legacy of 2001 (2007 Video),2.0,3.365110209256703
rw4666236,Alita: Battle Angel (2019),4.5,3.91107108506195
rw6201224,Batman: Mask of the Phantasm (1993),4.0,3.3892126659040662
rw6357668,Underworld: Blood Wars (2016),0.5,3.4627271226162404
rw4351444,College Romance (2018– ),5.0,3.7814180622739824
rw5883263,Hold the Dark (2018),0.5,3.0433566537354197
rw1424814,Lady in the Water (2006),4.0,3.2267601461495863
rw4794492,The Village (2004),4.0,3.804802909047129
rw3775567,The Guest Book (2017–2018),5.0,3.5083955000765323
rw1251957,Nobody Knows (2004),2.5,3.546210120784718
rw4577912,The Accidental Prime Minister (2019),5.0,3.3474988304857662
rw3494730,Dying of the Light (2014),2.0,3.222211905692329
rw1346430,La niña de la mochila azul (1979),3.5,3.474869458664281
rw2867447,This Is the End (2013),0.5,2.2768606356553542
rw0030514,Henry V (1944),4.0,3.4434570047483635
rw0058555,The Man Who Knew Too Much (1956),3.0,3.323949678575498
rw1751803,The Shadow (1940),3.0,3.4635443247518483
rw0450534,Enemy of the State (1998),5.0,3.2142072430308426
rw1552439,The Pursuit of Happyness (2006),5.0,3.3759023000385624
rw6139005,The Mentalist (2008–2015),5.0,3.674892267506897
rw2577648,Paan Singh Tomar (2012),5.0,3.482095279219362
rw4278264,Interstellar (2014),5.0,3.9963893605730787
rw6107628,Witness for the Prosecution (1982 TV Movie),3.5,3.431836183157007
rw0627489,The Blair Witch Project (1999),4.0,3.4062647699738062
rw2478675,Assassin's Creed (2007 Video Game),5.0,3.03398704824838
rw6377744,Fishtales (2007),1.5,3.4339712786018404
rw5811617,Fifty Shades of Grey (2015),5.0,3.198642658876645
rw0960897,Kung Pow: Enter the Fist (2002),5.0,3.3368867588120565
rw5317571,Tall Girl (2019),0.5,2.6837340568482317
rw4727414,Badla (2019),1.5,3.443104932344129
rw4877476,Baby (I) (2015),4.5,3.349000950354812
rw5780311,The Last Dance (2020),4.0,3.7126683248094694
rw5598316,Dia (2020),4.5,3.4308348216472746
rw5175387,The Other End of the Line (2008),4.5,3.2539252154773246
rw4574764,Do You Trust This Computer? (2018),5.0,3.358677689189251
rw6222270,Leaving D.C. (2012),3.0,3.2671917319863586
rw0668451,Ginger Snaps (2000),4.0,3.132921519831944
rw0789924,Crossroads (I) (2002),4.0,3.3790727281864883
rw3748276,Snowfall (2017– ),4.0,3.147035019331925
rw1551006,Holiday (1938),4.5,3.4647873199429378
rw4339744,Bleach (2018),4.0,3.271731599353145
rw2556535,Take Shelter (2011),4.0,3.455244380415667
rw6444544,Good Time (2017),4.5,3.34245056041772
rw3543005,Night in Paradise (1946),3.5,3.3805546631835184
rw0325642,Much Ado About Nothing (1993),5.0,3.5186422783362366
rw4005228,Equity (I) (2016),3.0,3.2419585472949697
rw6245111,The Shack (I) (2017),5.0,3.248431520093188
rw4939993,For The People (2018–2019),1.5,3.2299720879871203
rw0495577,Shrek (2001),4.5,3.9114632772210056
rw5184959,The Art of Self-Defense (2019),3.5,3.3732126619788527
rw1884218,Arroseur et arrosé (1896),3.0,3.409461118599324
rw0983249,Basic (2003),1.0,3.451080735813478
rw4863663,Ride (III) (2018),2.0,3.31859598686748
rw2350425,Louis Sullivan: the Struggle for American Architecture (2010),5.0,3.566789868483938
rw2575921,Watch on the Rhine (1943),3.5,3.416745676440723
rw4714701,The Order (2019–2020),5.0,3.566789868483938
rw3506419,Boot Camp (2008),2.0,3.1675219597780053
rw4548380,Insidious: The Last Key (2018),3.5,3.2048545195930074
rw4273335,The Room (2003),5.0,3.118810754483565
rw5170345,Baba Yaga (1973),1.0,3.2312331329505315
rw1827367,Annabelle's Affairs (1931),4.0,3.3539774181223407
rw2147318,Infestation (2009),3.0,3.1864079493845425
rw2491614,Sanctum (2011),0.5,3.1445422605991546
rw1876194,The Forbidden Kingdom (2008),4.5,3.4572408574100084
rw2245208,Stepping Out (1991),1.5,3.4596349367681793
rw3799369,King Arthur: Legend of the Sword (2017),3.5,3.25920384797226
rw0229518,Aliens (1986),4.0,3.839422474028077
rw3001610,The Skeleton Key (2005),4.5,3.3144206682419295
rw3559176,Lights Out (II) (2016),4.0,3.3343347866790527
rw0980290,The Perfect Pitch (2002 TV Short),5.0,3.266396659254286
rw5125739,Mission Over Mars (2019– ),5.0,3.7338934375742387
rw2601383,Wolf (1994),3.0,3.336298286755545
rw2542040,A Gifted Man (2011–2012),5.0,3.34042663617731
rw1854242,Conversations with Other Women (2005),3.5,3.3662665203648716
rw2425778,Tere Bin Laden (2010),3.0,3.6435130455631226
rw5521089,Ford v Ferrari (2019),3.5,3.2703348500536285
rw0853625,Cradle 2 the Grave (2003),0.5,3.3544743947751243
rw2850332,The Fosters (2013–2018),4.0,3.5751216479992296
rw4618317,The 5th Wave (2016),2.0,3.09654615049712
rw3127142,Love Is Strange (2014),3.5,3.343928488337028
rw3361158,Dick Tracy (1990),4.0,3.523996622450264
rw2965291,Rock 'n' Roll High School (1979),3.0,3.4526540663342757
rw3557817,Turkey Shoot (1982),3.0,3.373324311816209
rw4341450,The Red Pill (2016),3.5,3.332327809371244
rw0828919,The Rules of Attraction (2002),3.5,3.528473468855226
rw2123484,A Double Life (1947),4.5,3.4869628470950973
rw2376444,Akira (1988),5.0,3.9798816405621946
rw3234271,Avengers: Age of Ultron (2015),4.0,3.460922703727719
rw6289910,Merry In-Laws (2012 TV Movie),4.0,3.3960086577948787
rw2255505,Reality Bites (1994),1.0,3.909237657344931
rw5978361,Little Voice (2020– ),4.5,3.277982198076234
rw2002203,American Gangster (2007),4.0,3.494450897181463
rw2429807,As Tears Go By (1988),4.0,3.2405306186733682
rw4573648,Roma (2018),4.0,3.414856494142659
rw5931696,Dil Bechara (2020),5.0,3.9969079935813543
rw5037750,We Belong Together (2018),0.5,3.2824961620963675
rw4164600,The Man from U.N.C.L.E. (2015),3.0,3.3915316728961296
rw5889832,Escape from New York (1981),3.5,3.432419077557512
rw4837924,Chernobyl (2019),5.0,4.027350996579419
rw1899749,Limbo (II) (2004),5.0,3.523076086754529
rw2522633,North by Northwest (1959),4.0,3.394585530401296
rw5754736,Alien (1979),5.0,3.3863849307228002
rw0504469,Dinosaur (2000),3.5,3.876700988979672
rw1395413,Mozart and the Whale (2005),1.0,3.3997679149603126
rw5415810,Raatchasan (2018),5.0,3.8547634393100996
rw3631486,Woman of Straw (1964),3.5,3.363568325276705
rw3417071,Eddie the Eagle (2015),5.0,3.8680105339943207
rw0184808,Excalibur (1981),4.5,3.8176484652907994
rw1129747,Dinner Rush (2000),4.5,3.2910880224955936
rw2558860,Apocalypse (2011),3.5,3.163073484951608
rw0183619,Conan the Barbarian (1982),4.5,3.789375392356636
rw4774034,Serpent (2017),1.5,3.3790018016098617
rw3282112,Terminator Genisys (2015),3.5,3.1211268713477556
rw4186510,The Place (2017),2.0,3.2394968767180763
rw0467787,Pushing Tin (1999),2.5,3.470369561624107
rw2715665,Memorial Day (2012),5.0,3.3133327385106894
rw3536038,Badlapur (2015),3.0,3.75059853882488
rw2220798,Butterfly on a Wheel (2007),3.5,3.17065385635325
rw0479393,Fantasia 2000 (1999),5.0,3.774133239426408
rw1053190,Shadow of the Thin Man (1941),3.5,3.427442768639107
rw5754587,Rim of the World (2019),4.5,3.3113598676440454
rw1302445,Dogville (2003),5.0,3.55557621016798
rw2108866,The Awful Truth (1937),1.5,3.5136375073953614
rw3335668,The Ouija Exorcism (2015),1.0,3.3153807722508075
rw6261562,Ludo (2020),0.5,3.503412977164348
rw2967922,Zoolander (2001),1.5,3.3507711045617743
rw2058126,Unstable (2009 TV Movie),4.0,2.9602224299222613
rw1940366,Nim's Island (2008),3.5,3.3737663119238204
rw3632104,Show Girl in Hollywood (1930),3.0,3.501389905310745
rw6161156,I Still See You (2018),3.0,3.32234512518634
rw3543917,Anthropoid (2016),4.0,3.4007264545114135
rw4104300,Verónica (I) (2017),0.5,3.249905979910443
rw2567496,Grimm (2011–2017),2.0,3.0996553827359463
rw6135388,Unknown Origins (2020),3.0,3.2498857092108397
rw2746318,Annie Oakley (1894),3.5,3.5010404942141755
rw5313390,鋒迴路轉 (2019),1.5,3.2998089239566353
rw5062610,When They See Us (2019),1.5,3.2741892342343837
rw1086579,Star Wars: Episode III - Revenge of the Sith (2005),5.0,3.690113530152746
rw0655407,Sexy Beast (2000),4.0,3.1870896093013417
rw4318272,Jack Ryan (2018– ),4.5,3.3205908204310424
rw4027939,Modern Family (2009–2020),5.0,3.444724026899797
rw1041150,Heaven Can Wait (1943),4.0,3.5817002350423484
rw4542762,Amityville: The Awakening (2017),4.5,3.352388861241995
rw1815864,All the King's Men (1949),5.0,3.439269928250381
rw3540622,Your Name. (2016),5.0,3.5834031691506096
rw4186664,Game of Thrones (2011–2019),4.5,3.2929356544849506
rw1790911,Sweeney Todd: The Demon Barber of Fleet Street (2007),4.0,2.9311754258816443
rw2844831,Michael Clayton (2007),5.0,3.2531215511677956
rw5896733,Greyhound (2020),4.0,2.9726868342816406
rw2455131,Rubber (2010),0.5,3.337066452014654
rw2853993,United (I) (2011),2.5,3.3087521264805733
rw3115116,Reign (2013–2017),3.5,3.302909813315073
rw5344354,Togo (2019),4.5,3.2877665245098426
rw3497582,Tremors (1990),5.0,3.284665020808002
rw5601145,Matrimony's Speed Limit (1913),3.5,3.4175974488545733
rw6112280,One Night in Bangkok (2020),0.5,3.4326171517284667
rw5397200,Death in Paradise (2011– ),4.0,3.169270249518802
rw4960103,Dark (2017–2020),4.0,3.665919827136752
rw0587758,The Sixth Sense (1999),5.0,3.316796275041146
rw1858991,Tara Road (2005),3.0,3.333061863910149
rw5848724,Underwater (2020),2.0,3.03471012874398
rw5729788,Person of Interest (2011–2016),5.0,3.546408251244303
rw2263562,Splice (2009),1.5,3.4589895323809885
rw0589629,Pirates of Silicon Valley (1999 TV Movie),4.0,3.277145677718303
rw5053294,Magnum P.I. (2018– ),4.0,3.285361499154228
rw2236237,Ronin (1998),5.0,3.252518514177756
rw1530789,Bloodsport III (1996 Video),3.5,3.361540092244275
rw0712788,Mimic 2 (2001 Video),3.5,3.3377577868469146
rw0366113,Last of the Dogmen (1995),4.5,3.353455261862449
rw5711310,The Manxman (1929),3.0,3.4233768289794444
rw1636805,Nobi (1959),5.0,3.46952584636175
rw1687901,Zoom (2006),2.0,3.375697678283953
rw5797805,The Expanse (2015– ),5.0,3.3024271264376743
rw3610796,The Girl with All the Gifts (2016),4.5,3.295884628172874
rw2718501,異形奇花 (1986),4.0,3.3583537196366526
rw4425085,Werewolf in a Girls' Dormitory (1961),2.0,3.3452481353932253
rw3677852,Unleashed (I) (2016),5.0,3.151194477958505
rw2197046,六壯士 (1961),4.0,3.3975697061270553
rw0295623,JFK (1991),5.0,3.559264748791103
rw0416124,The Fifth Element (1997),5.0,3.488713501709457
rw2194764,阿凡達 (2009),5.0,3.4443447289117772
rw4067235,Hell House LLC (2015),5.0,3.169862160939423
rw2164683,2012 (I) (2009),0.5,3.420973081924385
rw5327815,Wendigo (2001),2.0,3.8258119365443246
rw1044103,Hero (2002),4.5,3.2136546885781994
rw2802957,Max Payne (2001 Video Game),5.0,3.294295072909462
rw1038380,Murder in the First (1995),5.0,3.409266902330888
rw1913757,The Dark Knight (2008),5.0,3.9283182753874275
rw4083944,Oculus (2013),3.5,3.275514065005498
rw0724113,Wit (2001 TV Movie),5.0,3.4070826154316878
rw5089440,The Lonely Guy (1984),1.0,3.3816752084538986
rw3395561,Peter Pan (1953),4.0,3.476374297477376
rw3737703,Pinched (2010),4.5,3.531555892469227
rw5193385,口是心非 (2009),3.5,3.3004290112085455
rw6012145,Unfriended: Dark Web (2018),3.0,3.3047435197607022
rw5302882,The Christmas Club (2019 TV Movie),4.0,3.2726339577973094
rw4275220,Mission: Impossible - Fallout (2018),4.0,3.415476199747037
rw2928977,The Wolf of Wall Street (2013),5.0,3.877930483590182
rw1105961,One Flew Over the Cuckoo's Nest (1975),5.0,3.7989992998159585
rw6411020,The Man Who Invented Christmas (2017),2.0,3.3268616052367728
rw3463623,Beat the Clock (1950–1961),5.0,3.5549040600378308
rw2326716,Role Models (2008),4.5,3.5083475397745
rw0664660,Fourplay (2001),5.0,3.414974374963618
rw3289764,Drishyam (2015),5.0,3.331001145514502
rw5631317,Wes Craven's New Nightmare (1994),4.0,3.246020985978082
rw4930578,Vice (2013– ),1.0,3.4803427547859656
rw4779999,The Silence (II) (2019),0.5,3.495332907885334
rw5986017,Gunjan Saxena: The Kargil Girl (2020),5.0,3.391857199734546
rw1692452,Gosford Park (2001),5.0,3.533266720992759
rw1666409,Eko eko azaraku III (1998),3.0,3.2470704305549205
rw5289836,Zombie with a Shotgun (2019),5.0,3.5499519812195466
rw0212498,The Lift (1983),3.0,3.278726151389903
rw0027598,The Talk of the Town (1942),5.0,3.4657174473468935
rw4907699,Pulp Fiction (1994),3.5,4.109707285528071
rw1571977,The Producers (2005),4.0,3.405947156732401
rw0086068,Mary Poppins (1964),5.0,3.447349774324528
rw2875181,Vikingdom (2013),5.0,4.047474254644665
rw6326350,Weekend at Dunkirk (1964),3.5,3.375105724734996
rw6272543,Twilight (I) (2008),3.0,2.4609536524386275
rw2024010,The Curious Case of Benjamin Button (2008),1.5,3.302721417894406
rw1684226,The Departed (2006),2.0,3.4917819125835092
rw2251692,Pan's Labyrinth (2006),5.0,3.48469525170995
rw2365597,Exam (2009),4.0,3.308845803645657
rw6146878,Spider-Man 2 (2004),3.5,4.001691810246031
rw2625269,Hangman's Knot (1952),3.5,3.424623760747595
rw5290110,冰雪奇緣2 (2019),5.0,3.576238270154921
rw2775589,The Call (II) (2013),2.0,3.2941527671007167
rw1429843,The Bong Connection (2006),5.0,3.449778064592622
rw5075296,#Followme (2019),1.0,3.217096826984157
rw2432258,The Human Experience (2008),5.0,3.414769485855084
rw3511217,The World's End (2013),5.0,3.3040800519344726
rw4897724,Wine Country (2019),1.0,3.343863506085891
rw0529442,Surrender Dorothy (1998),5.0,3.4124946441134165
rw1051109,Feardotcom (2002),0.5,3.3724785026094923
rw5576547,The Letter for the King (2020– ),4.0,2.774254029773208
rw5664860,Terminator Salvation (2009),4.0,3.27336071831546
rw1729754,3:10 to Yuma (2007),2.0,3.4240745815807627
rw1514347,The Odyssey (1997),2.5,3.23375384201183
rw2917667,Murder by Numbers (2002),3.5,3.221690076224581
rw6040816,Tokyo Ghoul (2014),5.0,3.622578550865415
rw2370333,P.S. I Love You (2007),3.0,3.3760034206019536
rw6156583,Deadly Switch (2019),2.5,3.004947577406753
rw0737969,Billy Elliot (2000),4.5,3.316147631595505
rw6276965,The Traitor (2019),5.0,3.5174414964366703
rw6057425,Mirzapur (2018– ),4.5,3.546210120784718
rw1286245,Kuffs (1992),0.5,3.372229069986328
rw5858787,The Predator (2018),2.5,2.466426469072073
rw3263566,The Wiz (1978),3.5,3.3906473848929175
rw5198104,功夫熊貓2 (2011),2.5,3.4462239970493687
rw3209867,Pinocchio (1940),4.0,3.47622888906175
rw5515674,The Whistlers (2019),5.0,3.3422243025036686
rw5403977,Red Room (2017),0.5,3.213432891175521
rw5123002,Saaho (2019),2.0,3.3373752330415907
rw5603705,Yol (1982),3.5,3.3826023252623503
rw4122127,Elements of Matter (2018),0.5,3.48780362313821
rw2983047,Alpha and Omega 2: A Howl-iday Adventure (2013 Video),2.0,3.357084577688389
rw1593367,Old Joy (2006),1.5,3.423536760535523
rw1163772,Army of Darkness (1992),0.5,3.4753942210336004
rw1414760,Barney's Great Adventure (1998),4.0,3.389066054931178
rw2228635,Final Solution (2004),5.0,3.3591737535728763
rw3849882,No Man of Her Own (1950),5.0,3.342558728947829
rw4366097,Chekka Chivantha Vaanam (2018),0.5,3.365669919807704
rw2364934,Sullivan's Travels (1941),4.0,3.307668552246166
rw1625787,Turistas (2006),4.0,3.2378409726109636
rw5347148,Cash on Demand (1961),2.5,3.421828642514499
rw4616516,Bright (I) (2017),3.0,3.2827688180280847
rw5910162,Rogue One: A Star Wars Story (2016),4.5,2.9039847253639572
rw4538491,Bird Box (2018),3.0,2.9463782412542647
rw3373087,Barbara (I) (2012),3.5,3.4402850522288673
rw2164952,Ghoulies II (1987),2.5,3.015548751022253
rw0295679,JFK (1991),4.0,3.8356328116530207
rw2237225,The Life and Death of Peter Sellers (2004),5.0,3.4679584869997084
rw2481722,The Yin and the Yang of Mr. Go (1970),4.0,3.4254020235273543
rw4525363,Andhadhun (2018),5.0,3.8372981784848275
rw3414819,Pride and Prejudice and Zombies (2016),4.5,3.199854817471698
rw4986115,Elmo Saves Christmas (1996 Video),0.5,3.450284669383395
rw4966350,Child's Play (2019),0.5,2.4635397131424575
rw2110655,Nos jours heureux (2006),3.5,3.432154828493193
rw0846799,Old School (2003),5.0,3.351868284455467
rw0570877,American Pie (1999),4.5,3.26511828567975
rw2145415,Edmond (2005),3.0,3.3431330118074065
rw1500229,Marie-Martine (1943),4.0,3.5499519812195466
rw5690362,The Little Prince (1974),4.0,3.642907114238608
rw3381495,The Revenant (2015),5.0,3.444476291360118
rw2982668,Dallas Buyers Club (2013),5.0,3.5875129842692637
rw1876911,Clearing the Range (1931),3.0,3.401891240253196
rw0894507,Troy (2004),3.0,4.1035072126550585
rw4448571,Daredevil (2015–2018),5.0,3.8519561432487506
rw5258475,Toto le héros (1991),5.0,3.3070033709126303
rw5909710,"Standing Up, Falling Down (2019)",3.5,3.342616417100249
rw2952456,Cloud Atlas (2012),5.0,2.4979514143431727
rw2884332,Oszukane (2013),3.0,3.195198165778656
rw1070565,Calamity Jane (1953),5.0,3.6874994223493145
rw1697614,Leopard Fist Ninja (1982),2.5,3.363623537730385
rw1059116,Holy Smoke (1999),2.0,3.647151745444003
rw1200996,Akira (1988),5.0,4.065395285948728
rw1269228,Swept Away (2002),3.5,3.3318363712339734
rw2927046,American Pie (1972),3.5,2.9992423407299915
rw0237252,Ruthless People (1986),3.5,3.4362956819786756
rw2649818,Roadracers (1994 TV Movie),4.5,3.4667570087680075
rw4751097,Scarface (1983),4.0,3.3948186781157843
rw5956736,Eden Lake (2008),1.5,3.5067659299758067
rw0913136,Fei teng de qun shan (1976),5.0,3.241873372085591
rw1242058,David & Layla (2005),5.0,3.3001001688113227
rw2975787,Soccer Mom (I) (2008),3.0,3.542644278626214
rw0113192,Scrooge (1970),5.0,3.4972286996932773
rw3272626,Pitch Perfect 2 (2015),4.0,3.4306971572166445
rw4117289,Legion (2017–2019),2.5,3.4845224099705367
rw4826216,Avengers: Endgame (2019),3.5,3.8523918281719425
rw6300821,Network (1976),4.5,3.4244059874342225
rw5668846,Albion: The Enchanted Stallion (2016),3.5,3.3174959330183174
rw2351801,Ichiban utsukushiku (1944),5.0,3.417620316672746
rw2512855,Friday the 13th Part VII: The New Blood (1988),3.5,3.1525814886758448
rw1309462,La Terra Trema (1948),2.5,3.5066073800894157
rw1203689,Garden State (2004),4.0,3.7302729805315766
rw4918218,Pokémon Detective Pikachu (2019),4.5,3.532441673754714
rw1693691,Strike the Tent (2005),2.5,3.5751216479992296
rw6364878,Upload (2020– ),5.0,3.4415665100937147
rw4902265,"Love, Romance, & Chocolate (2019 TV Movie)",3.0,3.400694631032272
rw0358145,Casino (1995),4.5,3.549294378893333
rw5486287,Love Aaj Kal (2020),0.5,3.4642806293481723
rw5691315,Journey of a Woman (2007),2.5,3.2123308618363553
rw1693328,The Four Horsemen of the Apocalypse (1962),2.5,3.3125230684775806
rw4573620,The Shape of Water (2017),3.0,3.2471089716241757
rw1104677,My Blind Brother (2003),4.5,3.2460998518312505
rw3874065,Dark (2017–2020),2.5,3.9157506612632074
rw0183686,Conan the Barbarian (1982),5.0,3.6773441171783587
rw3798548,Slaughter Daughter (2012),5.0,3.546210120784718
rw1272875,The Circle (2002),5.0,3.353467062217758
rw3295000,Snoopy's Reunion (1991 TV Short),4.0,3.506345606946907
rw6318411,Happiest Season (2020),5.0,3.3103906027207985
rw5513084,The Man Who Knew Too Much (1934),3.5,3.580892420389865
rw4600960,Dragon Ball Super: Broly (2018),5.0,3.4891152131628442
rw3800060,Happy-Go-Nutty (1944),4.5,3.379152792743165
rw1941478,A Woman Under the Influence (1974),2.0,3.2011342462924812
rw1704334,Comet in Moominland (1992),4.0,3.528502050436911
rw0630096,Silicon Towers (1999),0.5,3.204918433990678
rw2075561,The Prophecy (1995),2.0,3.3039900989946527
rw0544512,High Fidelity (2000),3.0,3.749030567481766
rw4343242,Mandy (I) (2018),4.0,3.303224657992931
rw5489892,War Machine (2017),1.5,3.303007649918765
rw5316573,Mnemophrenia (2019),4.5,3.440072217692964
rw2145942,Ecstasy (1933),4.5,3.359848459359427
rw0894002,Troy (2004),4.5,3.1000168536524555
rw3664393,The Great Wall (I) (2016),2.0,3.7862450738056164
rw4359160,Memento (2000),4.0,4.119821534802926
rw2683627,The Only Way (1970),4.0,3.5547424575066398
rw2624876,Y Tu Mamá También (2001),5.0,3.4422631633457845
rw1844719,Incubus (2006),1.5,3.2894501951465007
rw2897195,500 Days of Summer (2009),4.0,4.025378202299779
rw3248742,My Haunted House (2013– ),0.5,3.848228876181879
rw1935282,Hamlet 2 (2008),5.0,3.246880378442639
rw0136448,The Lords of Flatbush (1974),2.5,3.4873096483542887
rw5796674,Inception (2010),5.0,3.776671700961341
rw0568947,Hanging Up (2000),3.0,3.464438747264421
rw5256323,Vaxxed II: The People's Truth (2019),0.5,3.0960264236561406
rw0693752,Pay It Forward (2000),3.5,3.9334473240093644
rw3296423,Se diu ying hung: Dung sing sai jau (1993),5.0,3.3516641330678585
rw4462519,Climax (I) (2018),2.5,3.714749297196867
rw3191120,The Imitation Game (2014),4.5,2.97523979177096
rw5941860,Dil Bechara (2020),0.5,4.233829121113064
rw2376995,This Earth Is Mine (1959),2.0,3.4416498721019972
rw2149620,The Magnificent Seven (1960),3.0,3.6225336005169604
rw0150419,Taxi Driver (1976),5.0,3.5913444211181336
rw2159253,Adoration (2008),3.5,3.2691141973955364
rw4718562,The Bra (2018),3.0,3.423783354049032
rw4192443,The Sea Wolf (1941),4.0,3.3806641679439227
rw5186892,Fractured (I) (2019),3.5,3.7711733812314465
rw0245387,Hope and Glory (1987),4.5,3.4474229176650995
rw4796544,Captain Marvel (2019),2.0,3.602292531350234
rw3218347,Robot Revolution (2015),0.5,3.3742163478863194
rw3335782,Tomorrowland (2015),0.5,3.34237394912769
rw4098093,"Re: Zero, Starting Life in Another World (2016– )",5.0,3.346718890548957
rw0406227,In the Mood for Love (2000),5.0,3.553822745155033
rw2125183,The Eagle Has Landed (1976),5.0,3.1569761802015517
rw2079966,Barton Fink (1991),4.0,3.5633497332248045
rw5029107,Aranyélet (2015–2018),5.0,3.261564698169902
rw2947258,Desert Sands (1955),4.0,3.407763959745559
rw3319674,Total Recall (I) (2012),3.0,3.31732122309365
rw5931011,Dil Bechara (2020),5.0,3.9969079935813543
rw2535268,Life's Too Short (2011–2013),3.5,3.2526389718403643
rw3222793,Mountain Monsters (2013– ),5.0,3.2692054116136924
rw5457464,Altered Carbon (2018–2020),5.0,3.49637597258875
rw1321110,The Brain That Wouldn't Die (1962),1.5,3.3800158614632765
rw2742405,U.F.O. (2012),2.0,3.0999427513222226
rw5188653,My Haunted House (2013– ),5.0,2.519787360755256
rw1781992,Alvin and the Chipmunks (2007),3.5,3.5222064772199904
rw1791162,Planet of the Apes (1968),5.0,3.617622255113975
rw1617125,The U.S. vs. John Lennon (2006),3.5,3.3641104703057616
rw0598976,Gladiator (2000),5.0,3.9734299198274012
rw5700062,Mrs. Serial Killer (2020),0.5,4.0834113616804135
rw4274691,Mulk (I) (2018),0.5,3.2612672509113763
rw3149523,魔法黑森林 (2014),0.5,3.4028946289996935
rw5058749,The Great Hack (2019),5.0,3.3439217520010183
rw1277296,Brokeback Mountain (2005),4.5,4.036937975837186
rw2985715,The Picture of Dorian Gray (1945),3.5,3.2956459841557213
rw4658013,The Gunman (2015),1.5,3.2228379565627994
rw4145170,Avengers: Infinity War (2018),4.0,3.9048376534119678
rw6251108,Laxmii (2020),0.5,2.5915114704525086
rw1618116,Chimera (1991– ),3.5,3.3932766805773067
rw2827962,A Prophet (2009),5.0,3.4405552839690445
rw1485502,The Last Kiss (2006),2.5,3.1499011038714504
rw3760794,Jack Reacher: Never Go Back (2016),0.5,3.2449610678636676
rw5839909,Becky (II) (2020),4.0,3.1767799025924854
rw2810899,A Way Back Home (2013 TV Movie),3.5,3.328307143580626
rw1259238,Let's Do It Again (1975),2.5,3.444057151405526
rw0560284,Croupier (1998),3.5,3.418289536234405
rw2328698,The Disembodied (1957),1.0,3.255837189587205
rw6125399,Utopia (2020),5.0,3.308561904589209
rw1553224,Marie Antoinette (2006),0.5,3.3916911790696584
rw2059053,Summoner (2000 Video Game),2.0,3.441770360368155
rw5525699,The Verdict (1982),2.5,3.5024842648752124
rw4874021,Cool Cat Kids Superhero (2018),5.0,3.355107867685213
rw1887873,The Adventures of Sharkboy and Lavagirl 3-D (2005),2.5,2.538766285977865
rw2863466,Rush (I) (2013),3.5,3.839321974339866
rw2331952,Up (2009),4.5,3.6013010282813243
rw6333967,Freaky (2020),2.5,3.105218205898754
rw1212175,Little Big League (1994),3.5,3.591871063881972
rw1570262,Canvas (2006),4.0,3.30392859727045
rw2201807,House of 9 (2005),1.5,3.2614381422782537
rw0788078,24 Hour Party People (2002),4.0,3.311395485119512
rw3773955,When Strangers Marry (1944),4.0,3.3745554669701288
rw4056057,The Shawshank Redemption (1994),5.0,4.084183713324569
rw3371377,Into the Badlands (2015–2019),3.5,3.38055190013455
rw3039728,Snow White and the Seven Dwarfs (1937),5.0,3.4354338619897606
rw2537727,Ten Days in Paris (1940),2.5,3.389008035113042
rw4554102,The Gallows (2015),2.5,3.4974662352610664
rw4816360,Mulholland Dr. (2001),2.0,3.493384544196107
rw5228120,Angel of Mine (2019),2.0,3.215173145767235
rw6162031,28 Days Later... (2002),1.0,3.322529139382259
rw0632814,Anatomy (2000),5.0,3.4126772791383506
rw6136981,The Old Guard (2020),4.5,3.8097146497601577
rw1610258,Timeline (2003),3.0,2.8768031588922622
rw2573161,Top Hat (1935),4.5,3.3588681343607107
rw1358885,The Silence of the Lambs (1991),4.0,3.190873949502903
rw1381176,Big Fish (2003),5.0,2.6794679438627784
rw2368195,Quantum of Solace (2008),3.0,3.506835621057256
rw2377939,One Fine Day (1996),3.5,3.3247417876378917
rw5515262,The Face of Another (1966),4.0,3.4277294722641805
rw5988374,Gunjan Saxena: The Kargil Girl (2020),4.5,3.391857199734546
rw4931447,The Beach Bum (2019),1.0,3.179582314761278
rw5922294,X-Men: Dark Phoenix (2019),2.0,3.403909285659019
rw6415544,Devil's Bait (1959),4.5,3.3418846262407897
rw2937722,You're Next (2011),3.0,3.439600705402573
rw3658530,Inception (2010),5.0,4.114011570912124
rw1349560,Silent Hill (2006),5.0,3.285724032705624
rw3675182,Kong: Skull Island (2017),3.0,3.384302335731666
rw3522874,Die Pilgerin (2014– ),2.0,3.3767758748646837
rw3715175,Attack on Titan Part 2 (2015),2.0,3.4970428542898153
rw5958387,Black Is King (2020),5.0,3.8847217697637215
rw1595993,Derailed (2002),1.0,3.3823469701492055
rw1433878,My Super Ex-Girlfriend (2006),4.5,3.2565030475939496
rw0382408,DragonHeart (1996),2.0,3.2287108141183736
rw5561630,Derry Girls (2018– ),5.0,3.3201782679936502
rw3843054,The Void (I) (2016),4.0,3.3878801173419926
rw1553905,A Christmas Story (1983),4.0,3.3154952377481965
rw0469645,Saving Private Ryan (1998),2.0,3.0794699880679377
rw2546677,Justice League of America (1997 TV Movie),2.0,3.3362149878275065
rw5500098,Parasite (2019),3.5,3.9178114098554833
rw1304178,Gung Ho (1986),3.0,3.373712899614105
rw1893114,Vacancy (2007),0.5,3.1222786647270064
rw2731844,Fly Away Baby (1937),2.5,3.3619066461190314
rw5101549,Unforgettable (II) (2017),2.0,3.32889011513341
rw3745441,Snow Angels (I) (2007),4.0,3.3735448254342457
rw2597516,The Vampire Diaries (2009–2017),5.0,3.2211118736152042
rw5561245,Jumanji: The Next Level (2019),4.0,3.217654039619753
rw0186905,Killjoy (1981 TV Movie),4.5,3.375912761033023
rw4834043,Meteorites! (1998 TV Movie),1.0,3.3250392425762394
rw6093390,Heroes Reborn (2015–2016),1.0,3.2352367873744283
rw5842239,The Green Mile (1999),4.5,3.8296841591718414
rw2282130,Inception (2010),5.0,4.114011570912124
rw6336675,The Fury (1978),3.5,3.4719721766305587
rw3758236,What the Health (2017),5.0,3.470509928643371
rw0806448,Tuck Everlasting (2002),4.5,3.497924178232079
rw1688436,Samouraïs (2002),2.5,3.274769194045782
rw5181254,A Talent for Murder (1984 TV Movie),1.0,3.4653838334962743
rw2523148,Teenage Caveman (2002 TV Movie),1.5,3.24219738302277
rw5146245,Little Baby (2019),5.0,3.29804123574725
rw5164667,小丑 (2019),5.0,3.7736193804617186
rw1662768,Pirates of the Caribbean: At World's End (2007),4.5,3.7921267751666967
rw0801217,Final Stab (2001 Video),2.0,3.2851058707075302
rw1952258,Bang Bang Kid (1967),1.0,3.31822419639911
rw0582546,The Lord of the Rings: The Return of the King (2003),5.0,4.124353675947418
rw1794031,There Will Be Blood (2007),5.0,3.2072518149963516
rw1341921,Till Human Voices Wake Us (2002),5.0,3.386326161174455
rw2392202,Classroom 216 (2011),5.0,3.546210120784718
rw6315163,12 Pups of Christmas (2019),1.0,3.3902544057889363
rw1932506,Batman Returns (1992),2.5,3.6714934441220883
rw4197043,Forever My Girl (2018),1.0,3.2984910893311534
rw1157300,Creep (I) (2004),3.5,3.2732122704924045
rw5704236,Planet of the Humans (2019),5.0,3.2741242640538504
rw2962407,The Dark Knight (2008),5.0,3.9148147269050857
rw5907107,Archive (2020),4.5,3.6937304332971252
rw5167554,The K2 (2016),1.0,3.418378953148588
rw0593399,American Beauty (1999),1.5,3.490037296675826
rw4087322,Nikita (2010–2013),4.0,2.8355898836004263
rw0300300,Terminator 2: Judgment Day (1991),4.5,3.670482524290022
rw3354802,Bloodsucking Freaks (1976),1.0,3.162907621675676
rw4843550,Spare Parts (I) (2015),5.0,3.312088496057231
rw1158903,Trancado por Dentro (1989),5.0,3.4035500130738017
rw1444659,Raw Deal: A Question of Consent (2001),3.5,3.3245235556596286
rw3277155,From Dusk Till Dawn (1996),2.5,2.620323496390227
rw2633910,西雅圖夜未眠 (1993),5.0,3.235440251549133
rw3747448,Agonie (I) (2016),2.0,3.2684601051548583
rw5641053,Funny Games (2007),5.0,3.3090969708071056
rw1930428,Kibakichi: Bakko-yokaiden (2004),0.5,3.50588024830438
rw0992431,Bridget Jones: The Edge of Reason (2004),1.0,3.2177185003138327
rw1192732,Fight Club (1999),5.0,3.179589182037927
rw2548060,Bicycle Thieves (1948),5.0,3.5338102391583512
rw0300290,Terminator 2: Judgment Day (1991),4.5,3.6489693020324383
rw6020670,Flesh (2020),5.0,4.127805099253926
rw4984002,Article 15 (2019),4.5,3.384220659924335
rw3016214,The Frightened Man (1952),3.0,3.449812034507845
rw5190636,Artifice (I) (2019),4.5,3.3160410532084303
rw4636484,Nautanki Saala! (2013),4.5,3.3979538330234997
rw0669099,The Weight of Water (2000),2.5,3.2673384814915942
rw1286133,Something New (I) (2006),5.0,3.3571953097768485
rw2523585,Greenberg (2010),4.0,3.2085327802401213
rw5870645,Vice (I) (2018),3.0,2.922563321033091
rw1725919,Superman II: The Richard Donner Cut (1980 Video),4.0,3.3570360675397763
rw1598007,Berlin - Ecke Schönhauser (1957),3.0,3.4298294797353246
rw0791318,Lilo & Stitch (2002),3.0,3.903667460636501
rw1365934,Misery (1990),4.5,3.209711085143633
rw1744838,An Inconvenient Truth (2006),0.5,3.2692689235065693
rw2519351,My Sassy Girl (2008– ),5.0,3.4244777778143414
rw1533816,Beethoven's 4th (2001 Video),1.5,3.5641531458415976
rw3708071,Snatched (2017),3.0,3.312406799954775
rw2174150,Hakuôki (1959),4.0,3.5287308544526472
rw2547798,Men in Black II (2002),3.0,3.282128243718852
rw2716247,Khiladi 786 (2012),1.0,3.4118282953342436
rw6453516,Mosaic (2007 Video),4.0,3.518446942315742
rw1376156,The Island (2005),2.0,3.4418178819600636
rw4205051,Upgrade (2018),4.0,3.683005667969174
rw4323560,Chicken Girls (2017– ),5.0,3.323216454147782
rw1930985,Crazy (II) (2008),4.5,3.416290083558351
rw0834029,xXx (2002),2.0,3.4226034950670674
rw2362275,"Naval Cadets, Charge! (1988– )",5.0,3.2321239931874315
rw1275463,The Graduate (1967),4.0,3.9050193112175453
rw2049971,Ken Park (2002),1.0,3.4106151754938403
rw6117355,Better Man (2013),0.5,3.3797716894572636
rw0910927,The Cat Returns (2002),2.0,3.529437245401618
rw2378377,Ju-on: The Curse (2000 Video),5.0,3.2132290588750476
rw1790266,Jesus Camp (2006),0.5,3.720048366063388
rw1908567,Rambo (2008),5.0,3.30800735399013
rw4344192,All This Mayhem (2014),4.5,3.3976227280607296
rw3355685,All the Time in the World (2014),5.0,3.3254631181603194
rw4528385,Sabrina (2018),0.5,3.11833067094208
rw2604918,The Avengers (2012),4.5,3.776810833451294
rw3606318,Apollo 13 (I) (1995),4.5,3.2537534312800522
rw3284333,Younger (2015– ),4.5,3.2938543193256007
rw4623474,Lethal Weapon (2016–2019),0.5,3.5495326837941996
rw3400263,Bolishopping (2013),4.0,3.566789868483938
rw1941531,Firing Line (1966–2020),3.5,3.3353581482311228
rw4015205,Scenes from the Class Struggle in Beverly Hills (1989),1.5,3.320177983777765
rw4800661,Book Club (I) (2018),0.5,3.3196926274334184
rw5663451,Gang of Roses (2003),1.5,3.1837929854456823
rw6370939,Wonder Woman 1984 (2020),5.0,2.3865438211676953
rw1312484,Goodfellas (1990),5.0,4.083961007087863
rw2144086,"I Love You, Man (2009)",4.5,3.2289599791984775
rw6286910,The Corporation (2003),3.5,3.4677062099437204
rw4989250,Documental (2016– ),5.0,3.5549040600378308
rw0704443,The Matrix Reloaded (2003),4.0,2.9378007722390946
rw2332895,Saw 3D (2010),4.0,3.3715586366264616
rw5436129,Time Lapse (2014),2.5,3.0861793944008804
rw6407166,Wonder Woman 1984 (2020),0.5,2.7168424527513846
rw2064003,"Same Time, Next Year (1978)",5.0,3.440543223678425
rw1609417,十月的天空 (1999),4.5,3.3624428582410646
rw6386884,Unlocking Christmas (2020 TV Movie),5.0,3.421705575037303
rw1073584,The Best Years of Our Lives (1946),5.0,3.7911429033511275
rw4535782,Master Z: The Ip Man Legacy (2018),4.0,3.3190513053861075
rw3049370,Reykjavík-Rotterdam (2008),2.5,3.3084650345823654
rw5434780,Vis a vis (2015–2019),5.0,3.546210120784718
rw1977547,Mother of Tears (2007),4.0,3.0241537010057606
rw3466195,London Has Fallen (2016),4.0,2.9577928525835593
rw0734712,In the Bedroom (2001),4.5,3.2647481437879557
rw2259893,I Love You Phillip Morris (2009),0.5,3.420165948898585
rw4674943,The Autopsy of Jane Doe (2016),3.5,3.301187301490516
rw4425110,Tomb Raider (2018),4.5,3.295006209368389
rw1955386,Beauty and the Beast (1987–1990),5.0,3.486338149547114
rw2958792,La Jetée (1962),5.0,3.48286596464425
rw4440954,The Resident (2018– ),5.0,3.0651608103090386
rw2141324,Play It to the Bone (1999),3.5,3.378216803305755
rw0676312,Citizen Toxie: The Toxic Avenger IV (2000),5.0,3.2487875568878177
rw5531479,Anna (II) (2019),2.5,3.2420539409413904
rw4244305,The Girl Next Door (2007),1.5,3.388678725592676
rw5102198,It Chapter Two (2019),3.5,3.319578830852363
rw3677125,The Accountant (2016),3.5,3.2993930721038716
rw4268703,Father of the Year (2018),2.0,3.3296759758296917
rw4319256,The Con is On (2018),5.0,3.1967001659596677
rw4233478,Guest in the House (1944),3.0,3.565850539035894
rw2233513,Harmony Trail (1944),3.5,3.3442308244397236
rw2867762,The Case for a Creator (2006 TV Movie),5.0,3.546210120784718
rw2304815,Heavy Metal in Baghdad (2007),4.0,3.4504682465479255
rw1295887,A History of Violence (2005),1.0,3.417037648130137
rw4619267,Miss Bala (2019),4.0,3.3196458535309348
rw0121166,Bad Company (1972),3.5,3.5726130624922225
rw6107480,L'ultimo guerriero (1984),2.0,3.3643246825448756
rw1743440,Moonlight (2007–2008),4.5,3.185028840789496
rw2291075,Inception (2010),3.5,4.114011570912124
rw4113216,Your Name. (2016),3.5,3.7186085111274347
rw1710448,Panic in Year Zero (1962),1.5,3.3597757758478957
rw5861764,Batman (1989),4.0,3.8476044131869673
rw4706078,Captain Marvel (2019),2.5,3.609849266273848
rw3745079,Guardians of the Galaxy (2014),4.0,3.6441824716052706
rw4753266,The Highwaymen (2019),4.0,3.60980445277232
rw5729051,Midnight Special (2016),4.0,3.3339446045223244
rw3296707,Shaun the Sheep Movie (2015),4.0,3.466172162124032
rw5875683,Kaali (2020– ),5.0,3.4726181692003664
rw2706887,迷魂記 (1958),5.0,3.8716035396282225
rw5374241,Avane Srimannarayana (2019),4.0,3.497866837177615
rw4091839,Mayumi (1990),4.5,3.566789868483938
rw4096546,The Shawshank Redemption (1994),5.0,4.087685202732601
rw1554226,When a Stranger Calls (2006),1.5,3.7959601857635743
rw2831832,Me and You and Everyone We Know (2005),0.5,2.600977057585952
rw0299493,The Silence of the Lambs (1991),0.5,3.4495620635990853
rw3843687,Bokeh (I) (2017),0.5,3.1418833021897687
rw4966327,Kabir Singh (2019),0.5,3.3323480575437676
rw6387972,The Hound of the Baskervilles (1939),3.5,3.402671972805277
rw5260840,Angel Has Fallen (2019),2.0,3.2120020966366654
rw2877423,Xi Yang Yang Yu Hui Tai Lang Zhi Niu Qi Chong Tian (2009),0.5,3.5751216479992296
rw3866303,Billy Lynn's Long Halftime Walk (2016),3.0,3.218708945938729
rw4523940,The Wolf of Wall Street (2013),3.5,3.877930483590182
rw4557288,Aquaman (2018),2.0,3.0833844382662496
rw3170860,The Dead of Night (2010 Video),1.5,3.0768414427357293
rw1725132,Death Sentence (2007),0.5,3.353293124775427
rw3097641,The Giver (2014),0.5,3.2916933938495223
rw2912344,The Hunger Games: Catching Fire (2013),3.0,3.274909492281012
rw0764247,Men with Brooms (2002),1.0,3.4095614563402625
rw5261451,Dickinson (2019– ),4.0,3.439399690899101
rw3039265,Batman Returns (1992),5.0,3.0883628335352955
rw3518544,Good Will Hunting (1997),5.0,3.3197657478082476
rw4745590,Deadly Class (2018–2019),5.0,3.424834249002066
rw3001960,The Bag Man (I) (2014),4.0,3.5913309776905713
rw1184083,Serenity (2005),2.0,3.3502324250117343
rw2009113,Shakespeare in Love (1998),2.5,3.1162683653512007
rw3014480,Heat (1995),3.0,3.2972700386141978
rw1708828,Transformers (2007),2.0,3.318500905274938
rw5783947,Uncivilized (2020),5.0,4.073556892380234
rw4360434,Footsteps in the Night (1957),2.5,3.437318108883756
rw6112537,Chernobyl (2019),5.0,4.157911674464349
rw5729089,Janara (2015),1.5,3.364272249226252
rw1943793,Baby Mama (2008),2.0,3.1808058184087717
rw5391109,A Star Is Born (2018),2.0,3.4408592252556627
rw4975094,Julie (1956),3.0,3.374266827654779
rw2607027,Schlafkrankheit (2011),4.0,3.2186869994793015
rw0995892,Two Lords (2002),5.0,3.4989783816832856
rw4608273,Somewhere Between (2017),4.0,3.284276472571851
rw2288016,Dinner for Schmucks (2010),4.5,3.207848247902318
rw5377755,In the Shadow of the Moon (2019),4.0,3.345276269430499
rw3629746,Life (I) (2015),3.0,3.412685525688091
rw0523756,Intolerable Cruelty (2003),1.5,3.505158220109605
rw5743778,Home Education (2016),3.0,3.021040674104138
rw3686783,Terminator Genisys (2015),3.5,3.1211268713477556
rw1768375,American Gangster (2007),2.5,3.494450897181463
rw2428396,Man on the Moon (1999),3.5,3.9664160801126824
rw1332244,Hung (2005),4.0,2.982146803045125
rw3361619,The Smurfs: A Christmas Carol (2011),3.0,3.343251601294392
rw5703584,The Godfather (1972),4.5,4.049056040444532
rw3428335,All This and Rabbit Stew (1941),1.5,3.4231584185419313
rw1691397,Mortal Kombat: Annihilation (1997),1.5,3.332915558227662
rw2363706,Rage (I) (2009),3.0,3.3503962272869114
rw5671375,The Corpse of Anna Fritz (2015),3.5,3.241222587012518
rw6354648,Left Behind (I) (2014),1.0,3.4641600673786885
rw6097110,3 Idiots (2009),5.0,3.3373585405575996
rw6351659,Case 39 (2009),5.0,3.130928611839557
rw5327704,Don't Let Him In (2011),0.5,3.2138183639306948
rw2880892,Gravity (2013),1.0,3.6489719148744317
rw4628114,The Captain (2017),3.5,3.5328589292858226
rw1552205,Home Alone 2: Lost in New York (1992),4.5,3.3643505906456794
rw5794260,Sexy Beast (2000),1.0,3.1870896093013417
rw2032051,Watchmen (2009),4.0,2.928199123879112
rw1788951,Blue Velvet (1986),5.0,3.4444298106617945
rw4757003,Traitors (2019– ),4.0,3.7214307782324747
rw0948664,Team America: World Police (2004),0.5,3.660611177262393
rw0719001,Exit Wounds (2001),4.0,3.237981314311772
rw4094444,Poltergeist (1982),5.0,3.2410157866997675
rw6164945,Running with Beto (2019),5.0,3.2392197395470017
rw2318773,Queen of the Damned (2002),3.0,3.139047435825823
rw0113639,The Touch of Satan (1971),0.5,3.052242215646956
rw4732710,Strike Back (2010–2020),5.0,3.3562263318257455
rw0479364,Fantasia 2000 (1999),5.0,3.9397717633833826
rw4338501,Get the Gringo (2012),4.5,3.2660079118036665
rw2780076,There Will Be Blood (2007),3.0,3.7685567094144385
rw0148770,Murder by Death (1976),4.5,3.27246913848545
rw4248632,The Hurricane Heist (2018),0.5,3.2007423171418417
rw1256069,Wagon Master (1950),5.0,3.591909598664383
rw6208230,Ad Astra (2019),1.0,3.229299528325471
rw6032788,Flesh (2020),0.5,4.127805099253926
rw4568708,When Angels Sleep (2018),0.5,3.3738788334132965
rw2689913,普羅米修斯 (I) (2012),0.5,3.159191271864312
rw1283828,Harry Potter and the Prisoner of Azkaban (2004),5.0,3.200037552142651
rw4181792,The Delta Force (1986),2.5,3.252517052054803
rw1882040,Runaway Bride (1999),5.0,3.3284198060830414
rw1260765,The Opposite Sex (1956),5.0,3.1896704549660866
rw1616871,"Lex, the Wonder Dog (1973)",3.5,3.5499519812195466
rw2969175,The Missing Scarf (2013),3.5,3.4305427101412156
rw5493259,Birds of Prey (2020),5.0,3.4979121297966196
rw2791453,Brazil (1985),5.0,3.866157274817018
rw3492606,Sunday Bloody Sunday (1971),4.0,3.305556224462062
rw6165682,Dolly Kitty and Those Twinkling Stars (2019),5.0,3.824398874804119
rw0657345,The Iceman Cometh (1960 TV Movie),5.0,3.4652275181908028
rw4308916,Hereditary (2018),0.5,3.082354648368621
rw5859231,Mrs. Serial Killer (2020),4.0,3.984998899672736
rw1532454,The Silencers (1966),3.5,3.373046425939598
rw3117528,Tammy (2014),2.0,3.456272668110898
rw4338848,Summer of 84 (2018),0.5,3.1953160156556355
rw2327078,Night of the Demons (2009),4.0,3.346845676159047
rw6424890,Soul (2020),4.5,3.351611394836955
rw1680959,Blood and Chocolate (2007),3.5,3.0655000185049004
rw1248492,Animal Farm (1954),4.5,3.4055919404330015
rw1880078,Choose Me (1984),0.5,3.3314136177763776
rw4683746,Spider-Man: Into the Spider-Verse (2018),4.0,3.8121723561773133
rw0053435,Seven Samurai (1954),4.5,3.5683097591409956
rw2424129,Abbott and Costello Go to Mars (1953),2.5,3.30778573454225
rw5639828,Tiger King (2020),2.5,3.394446913364715
rw6213412,The Fast and the Furious: Tokyo Drift (2006),2.5,2.6991348497208856
rw4603413,Downrange (2017),4.0,3.362982264101182
rw2000105,The Passion of the Christ (2004),1.0,2.9641177834271573
rw6141107,Khaali Peeli (2020),1.0,3.450161014418864
rw5427792,Kingsman: The Golden Circle (2017),5.0,2.4611131259854053
rw3874835,Chronesthesia (2016),5.0,3.566789868483938
rw3365146,Spectre (I) (2015),5.0,3.514842278350277
rw3079700,Dawn of the Planet of the Apes (2014),2.0,3.656434096082375
rw4582492,The Waltons (1972–1981),5.0,3.3861117255033304
rw5405881,Chernobyl Diaries (2012),2.5,3.537789557396832
rw6355992,We Are Who We Are (2020),3.5,3.3841024005244518
rw2605710,Zodiac (2007),3.0,3.304758294151685
rw0762402,Empire (2002),1.5,3.4329711372519207
rw1820179,The Way of All Flesh (1940),4.5,3.590420372613167
rw4110987,The Outsider (I) (2018),5.0,3.219367190327376
rw1001374,Billy Elliot (2000),3.0,3.7624283749655287
rw3127135,The Fountain (2006),5.0,3.2257342056855545
rw2152522,Taken (I) (2008),3.0,3.4278455900209717
rw4938598,Jinn (2019– ),0.5,3.5284736584799883
rw4215177,Climax (I) (2018),4.5,3.146378800749234
rw3280074,Terminator Genisys (2015),3.0,3.601489863676268
rw0878283,La fleur du mal (2003),1.5,3.369537849192812
rw3117438,Forrest Gump (1994),4.0,4.100396612637692
rw5733010,The Prestige (2006),5.0,3.509462424989632
rw1650724,Deja Vu (2006),5.0,3.1675415595317196
rw4297743,Grown Ups (I) (2010),3.0,2.810033409447002
rw1503113,The People Under the Stairs (1991),3.0,3.2146608090132194
rw5585668,Licence to Kill (1989),2.5,3.5818595021469917
rw1530815,Devon's Ghost: Legend of the Bloody Boy (2005 Video),0.5,3.3660076126641147
rw2427815,Dracula (1931),4.0,3.409851131998878
rw0159019,Death Dimension (1978),3.0,3.3557314804419986
rw5441815,Tall Girl (2019),1.5,2.302042865062999
rw3726111,Before the Flood (2016),3.5,3.3639742934088517
rw5889500,Suzi Q (2019),5.0,3.4748857825943835
rw1931287,The Deer Hunter (1978),5.0,3.5904492099665846
rw1712805,Hannah Montana (2006–2011),5.0,3.4824996356678626
rw0468191,Resident Evil (2002),4.5,3.4472635774075635
rw2967288,Gunday (2014),3.5,3.424797362877253
rw3673186,Altered Hours (2016),4.5,3.104387300024121
rw0124323,Junior Bonner (1972),5.0,3.4325785233341866
rw4438781,Andhadhun (2018),5.0,3.8185488604372173
rw5291873,玩命關頭 (2001),1.5,3.2817783806903638
rw2985123,Pirates of the Caribbean: Dead Man's Chest (2006),1.0,2.6919334552168444
rw3540665,Kill Bill: Vol. 1 (2003),4.5,3.8889217686149182
rw6306432,Oldboy (2013),0.5,3.508087531887502
rw4011869,Bright (I) (2017),4.0,3.2827688180280847
rw5270712,Humans (2015–2018),2.0,3.5751216479992296
rw2026303,Identity Theft (2004 TV Movie),2.0,3.0969156280205103
rw4600760,Glass (2019),3.0,4.028707667914492
rw4962659,Breath (I) (2017),2.5,3.3932138163950003
rw6331816,"Sacred Cow: The Nutritional, Environmental and Ethical Case for Better Meat (2020)",5.0,3.421220699165412
rw1541783,Robinson Crusoe (1997),1.5,3.3394282026856685
rw4198554,The Great Train Robbery (1978),3.0,3.4174524100239565
rw0334597,Anjaam (1994),5.0,3.414455330897616
rw1781026,Little Man Tate (1991),4.0,3.5541518746578697
rw5354276,2036 Origin Unknown (2018),0.5,3.1814794102215735
rw1213790,Deewaar (1975),4.5,3.6037067356327386
rw2258169,District 9 (2009),4.5,3.143932203547424
rw1541015,Bobby (I) (2006),2.5,3.287455714645401
rw4508167,Aquaman (2018),0.5,2.9769133888438506
rw3668871,Your Name. (2016),4.5,3.759534385889329
rw4710042,Captain Marvel (2019),5.0,3.1261801325632215
rw6415089,The Midnight Sky (2020),1.5,3.1205670958675995
rw2845948,The Purge (I) (2013),3.0,3.2916700414850983
rw2001413,Secret Honor (1984),4.0,3.50183492913534
rw5663357,The Quatermass Xperiment (1955),4.0,3.329424026200023
rw0906097,Mix (I) (2004),3.5,3.407638544110915
rw5457485,A Twelve-Year Night (2018),3.0,3.4113719115260617
rw0193015,The Evil Dead (1981),5.0,3.170825804418152
rw5926139,Fairy Tail (2009–2019),4.5,3.513562674055349
rw5787738,Mrs. Serial Killer (2020),5.0,3.850038088338744
rw3310198,Les témoins (2014– ),3.5,3.4504070463001595
rw0321790,The Fugitive (1993),5.0,3.4276259117740016
rw2462832,200 Cigarettes (1999),4.5,3.4269116108408757
rw5263571,Mutant (1984),3.5,3.1589709209131325
rw0910170,Sky Captain and the World of Tomorrow (2004),5.0,3.280675242343124
rw3827191,Joseph Smith: Prophet of the Restoration (2005),2.5,3.517144330467837
rw4947113,Murder Mystery (2019),3.0,3.5660269753491547
rw3271012,Maggie (I) (2015),5.0,3.8755605638384045
rw2412263,Pie in the Sky (1994–1997),4.0,3.4128987159927497
rw5121357,It Chapter Two (2019),3.5,2.867561777356526
rw4290761,Deadpool 2 (2018),3.5,2.558246932878073
rw5023376,The Blue Elephant 2 (2019),5.0,3.241336727354513
rw5197464,Emergence (2019–2020),4.0,3.7031740374290734
rw4730000,Triple Frontier (2019),2.5,3.5524138801748166
rw4881096,Lucifer (2016– ),5.0,3.566789868483938
rw5502180,Sweethearts (2019),1.0,3.315517411727608
rw5557691,The Pale Horse (2020),1.5,3.3940989191307542
rw0838554,Shrek 2 (2004),3.5,3.392991810566941
rw0789508,Stranded (2002 Video),1.0,3.383658761253106
rw5125536,Carrie (1976),4.5,3.439149424295303
rw1943102,Battlestar Galactica (2004–2009),5.0,3.881583427618089
rw4049065,Vodka Diaries (2018),5.0,3.340010399247144
rw5508452,The House of Exorcism (1975),1.0,3.195467399425215
rw4282505,Dog Days (I) (2018),5.0,3.2394757275080095
rw3448028,The Wild Wild West (1965–1969),0.5,3.2963564671278913
rw1241417,King Kong (2005),0.5,3.465805586635386
rw4455237,Hanum & Rangga: Faith & The City (2018),0.5,3.36265102546311
rw0840614,In America (2002),5.0,3.418380577345499
rw5133125,Last Knights (2015),5.0,3.24397438657924
rw4433401,Crime Boss (1972),1.5,3.4111419217834666
rw4183517,The Raid: Redemption (2011),3.0,3.3340445858590364
rw3123722,The Last Ship (2014–2018),5.0,3.5549040600378308
rw4331759,'The Day of the Purple Sun': Part I (2017),5.0,3.281569008955158
rw5954319,Tribal Get Out Alive (2020),3.5,3.2121054667064417
rw1291050,Daniel the Wizard (2004),0.5,3.3501174460730425
rw5819192,First Kill (2017),5.0,3.222167926422509
rw2058378,Night on Earth (1991),4.5,3.394078249921483
rw2804759,Djúpið (2012),3.0,3.1714254230141834
rw4983898,Midsommar (2019),4.0,2.6215597998284013
rw5396407,Blade: Trinity (2004),4.0,3.464581316622758
rw3777986,Salvation (2017–2018),3.5,3.4139715915623237
rw5337503,華爾街之狼 (2013),4.5,3.8166905324463585
rw4392359,De ollas y sueños (2009),3.5,3.566789868483938
rw5416008,Forrest Gump (1994),5.0,4.01520540090959
rw2249332,Please Give (2010),4.5,3.3362449900157274
rw3182802,The Golden Fish (1959),5.0,3.482890960449453
rw2306562,2:22 (2008),0.5,3.3940373025224364
rw2097357,The Private Lives of Pippa Lee (2009),4.0,3.2788719401709994
rw1725327,This Is England (2006),4.5,3.4084353652350416
rw2752010,Unforgiven (2009),3.5,3.515040571830333
rw2105262,The Towering Inferno (1974),4.0,3.4316384704419733
rw0633388,Doug's 1st Movie (1999),5.0,3.503071969126652
rw4766927,Shazam! (2019),4.5,3.0173983818995054
rw5031291,The Children Act (2017),3.5,3.532708135799823
rw4552348,The Equalizer 2 (2018),3.0,3.5939583890113678
rw3152723,"Location, Location, Location (2000– )",4.0,3.4350333259505037
rw0271449,Indiana Jones and the Last Crusade (1989),4.0,2.682935452769314
rw5107569,Chhichhore (2019),4.5,4.073556892380234
rw3511896,Stranger Things (2016– ),3.5,3.5549040600378308
rw1062810,The Amityville Horror (2005),3.5,3.290386450929202
rw1853282,Tomorrow (1972),2.5,3.2970296016550797
rw5757140,Jarhead: Law of Return (2019 Video),0.5,3.1895547329884693
rw0174681,The Dogs of War (1980),3.5,3.4327668634274864
rw6201879,SOS Kolkata (2020),5.0,3.3142128621321914
rw1106006,Blue Car (2002),3.5,3.363014720073396
rw2535340,The Girl Who Played with Fire (2009),4.0,3.3464361701789653
rw0963767,Voor een verloren soldaat (1992),5.0,3.415310523425179
rw2735989,Jesus Henry Christ (2011),5.0,3.3388962281322794
rw4581960,Sex Education (2019– ),4.5,3.4714786359598064
rw6172894,David Attenborough: A Life on Our Planet (2020),5.0,3.3731509114125164
rw5280074,Joker (2019),5.0,3.7046815188813147
rw1991062,The Strangers (2008),0.5,3.2082540919476026
rw3502839,Candyman (1992),3.5,3.4525212959353326
rw4235658,Arif V 216 (2018),4.0,3.3299517549735103
rw4643749,Satan's Blade (1984),0.5,3.2924309095717925
rw4774399,Gloria Bell (2018),3.5,3.3665004818250166
rw0388105,Jake's Women (1996 TV Movie),5.0,3.487606236910886
rw3717064,Temple Grandin (2010 TV Movie),4.5,3.4935553001850654
rw4195289,Horror House on Highway Five (1985),3.0,3.3301450059064375
rw4137646,Super Troopers 2 (2018),3.0,3.2464726612590113
rw0698180,Bartleby (2001),3.0,3.4499354334000665
rw4786698,How to Train Your Dragon 2 (2014),4.5,3.8455651740879917
rw1842028,The Bank Job (2008),4.0,3.7464573508585644
rw5220296,Mr. Right (I) (2015),3.5,3.42553583843797
rw1363799,Unfaithful (2002),2.5,3.8149571223630194
rw3173631,Legion (2010),4.0,3.30125633304468
rw4329594,The Children Act (2017),4.0,3.532708135799823
rw4109593,Dave Chappelle: Equanimity (2017 TV Special),3.5,3.272682199807034
rw2073120,Where I Stand: The Hank Greenspun Story (2008),5.0,3.5751216479992296
rw2864081,Confessions (2010),3.5,3.178825386643234
rw6184067,The Three Deaths of Marisela Escobedo (2020),5.0,3.1481382845219654
rw5947640,Cursed (2020– ),1.0,3.5751216479992296
rw0461290,The Lord of the Rings: The Fellowship of the Ring (2001),5.0,3.087902563704918
rw1354388,Casual Sex? (1988),3.0,3.3756527306718107
rw4222030,The Needle Drop (2009– ),3.5,3.4294995340315695
rw5610581,X2: X-Men United (2003),4.5,3.7621387190245703
rw0408965,Life Is Beautiful (1997),4.5,3.795536355224541
rw2334338,Gods and Generals (2003),0.5,2.5829371670002885
rw4030122,Mary and the Witch's Flower (2017),4.0,3.568282096748689
rw0242832,Dirty Dancing (1987),3.5,3.3964226992953543
rw5707089,Mrs. Serial Killer (2020),5.0,4.0834113616804135
rw1879853,Lions for Lambs (2007),0.5,3.5770228533239745
rw5705631,Hollywood (2020),5.0,3.481955935947884
rw4387144,Beyond the Edge (2018),4.0,3.2404889823535195
rw2645090,The Killing of a Chinese Bookie (1976),3.5,3.2301324940432665
rw2822938,Planet of the Apes (2001),1.5,2.722506982624247
rw1742246,Face/Off (1997),4.5,3.831545843364642
rw3704586,Moonlight (I) (2016),1.0,3.6531725018027292
rw3709816,Manhattan Tower (1932),3.0,3.44806524967108
rw3563827,Bad Boys (1995),5.0,3.4010192654077644
rw6066314,JL50 (2020– ),5.0,3.546210120784718
rw4394216,Somewhere (2010),3.0,2.533081350127448
rw3799341,The Fox and the Hound (1981),4.0,3.371860832233064
rw4990196,Broken Ghost (2017),1.0,3.3284944001484162
rw2698942,The Legend of Hell House (1973),4.0,3.261965561219157
rw3099960,Hannibal (2013–2015),5.0,3.651834311246415
rw5123724,500 Days of Summer (2009),5.0,3.787947459505482
rw5689323,One Night Stand (I) (2016),0.5,3.24766779139198
rw2400064,Bir Avuç Deniz (2011),2.0,3.437575841350679
rw2225201,The International (I) (2009),3.0,3.2861565186961315
rw4100708,We Love Paleo (2016),1.0,3.5751216479992296
rw6436850,See No Evil (2014– ),3.0,3.581468458676688
rw5936270,Dil Bechara (2020),5.0,4.233829121113064
rw6163300,The Lie (2018),2.0,3.068186214401064
rw2261075,Ginger Snaps III: The Beginning (2004),1.5,3.235204401230231
rw1078248,David's Mother (1994 TV Movie),4.5,3.520603259994547
rw5712275,Mother (2009),3.5,3.370178597153336
rw2603789,Phenomena (1985),5.0,3.183690786898728
rw4565146,Thugs of Hindostan (2018),4.0,3.2891682085511658
rw1930602,Lake Placid 2 (2007 TV Movie),3.5,3.337806478034168
rw4636178,Mortal Engines (2018),3.0,3.233277477308957
rw3085907,"As Above, So Below (2014)",1.0,3.4187004557502325
rw1135628,War of the Worlds (2005),4.0,3.4857921956381896
rw0639376,Pokémon: The First Movie - Mewtwo Strikes Back (1998),4.5,3.545079418384614
rw4043402,Arjun Reddy (2017),1.5,3.4281530908203837
rw3388024,Star Wars: Episode VII - The Force Awakens (2015),0.5,3.013673682192868
rw5764735,The Wave (2019),3.0,3.3592819762687713
rw6424526,Death to 2020 (2020 TV Special),0.5,3.1454018857627575
rw1946400,Righteous Kill (2008),2.0,2.637812989864062
rw3397174,The Transporter Refueled (2015),3.5,3.3127896227570743
rw4841762,Don Juan DeMarco (1994),2.5,3.3405063408156055
rw6162240,Abhay (2019– ),5.0,4.001054888691777
rw3049954,Maleficent (2014),0.5,3.4035288963691412
rw2359491,Spike (2008),0.5,3.44281656367749
rw1639672,The Browning Version (1951),3.5,3.3576641233796836
rw1800020,Sunshine (2007),1.5,2.88553416722834
rw0621224,A Knight's Tale (2001),1.0,3.301901139732219
rw2553629,Ace Ventura: Pet Detective Jr. (2009 TV Movie),0.5,3.50819102837846
rw5286768,Solver (2017),2.5,3.166088175339907
rw0223573,Lifeforce (1985),3.5,3.3705012055878196
rw3048904,Transformers (2007),4.5,2.887989088731737
rw6059782,Daddy (III) (2017),5.0,3.2761805145367937
rw0480190,Titan A.E. (2000),3.0,3.681155922320096
rw2544070,New Kids Nitro (2011),1.5,3.2543346740345718
rw1559212,Pan's Labyrinth (2006),4.0,3.7953920214319714
rw0225151,Pray for Death (1985),1.0,3.469899035951231
rw4851663,Flip (2019– ),5.0,3.546210120784718
rw3073194,Ringer (2011–2012),2.0,3.4419829191513602
rw4271737,The Artist (I) (2011),3.5,3.4507955031902853
rw0460861,The Lord of the Rings: The Fellowship of the Ring (2001),4.5,3.087902563704918
rw2661990,普羅米修斯 (I) (2012),3.0,2.20395097579579
rw0603017,Scary Movie (2000),3.5,3.301188664837672
rw4111182,Ready Player One (2018),3.0,3.2564008457849996
rw0342288,The Lion King (1994),5.0,4.079957759049287
rw1209553,Birth (2004),1.0,3.2824546812006825
rw0023274,Blood and Sand (1941),5.0,3.3471707613786945
rw5018039,Another Life (2019– ),0.5,3.231479808699538
rw4424845,The Christmas Card (2006 TV Movie),5.0,3.437283826620458
rw2205569,Fix (I) (2008),4.0,3.5244751545958994
rw0214994,Sheena (1984),2.0,3.3707016665032814
rw1760924,Lions for Lambs (2007),4.0,2.485572372971605
rw5542940,The Lord of the Rings: The Fellowship of the Ring (2001),5.0,3.087902563704918
rw4559779,Father Figures (2017),1.0,3.268072014561021
rw3194031,Badlapur (2015),5.0,3.2556306543688147
rw4267370,Attack of the Killer Tomatoes! (1978),5.0,3.3239846980665426
rw4332018,Solo: A Star Wars Story (2018),2.5,3.81561455192833
rw2278429,Wild Target (2010),3.0,3.306984827742845
rw5940703,Legacy (IV) (2020),0.5,3.134674360358767
rw0966904,Cube²: Hypercube (2002),1.5,3.2994604455165826
rw4196939,El Camino Christmas (2017),3.5,3.4759710200283345
rw4160470,Sleepers (1996),4.5,3.2855271490490976
rw2900845,Jersey Shore (2009–2012),5.0,3.263238888852976
rw4165774,Clash of the Titans (2010),2.5,3.2595339713765084
rw1986195,Milk (I) (2008),3.5,3.301025995167543
rw2916958,Dialogues with Madwomen (1994),3.5,3.5499519812195466
rw1228792,Harry Potter and the Goblet of Fire (2005),3.0,3.5722572787952074
rw1198205,Brokedown Palace (1999),0.5,3.2290039744411927
rw4227619,The Land Before Time (1988),5.0,3.380216045173143
rw2791487,Unconditional (IV) (2012),3.0,3.5153493231813435
rw4838109,Lucifer (2016– ),4.5,3.5499519812195466
rw0946510,One Missed Call (2003),3.5,3.278671168797243
rw2350909,13 (I) (2010),5.0,3.1488947505003178
rw4582928,Logan (2017),4.5,3.657718395891787
rw2540177,Doli Saja Ke Rakhna (1998),3.5,3.4917659241182446
rw6395817,The Boy and the World (2013),2.0,3.308203295980847
rw6439404,This Woman Is Mine (1941),3.0,3.2261294681105266
rw1724631,A Lot Like Love (2005),5.0,3.2330460269342005
rw4274219,Blackmark (2018),1.0,3.2689994150124493
rw2455837,Battle Los Angeles (2011),1.5,2.5411642382000084
rw3150349,The Guilt Trip (2012),3.0,3.2770153548132286
rw4995429,Keeper of the Flame (1942),4.5,3.4422737561684196
rw6178652,The Thing About Harry (2020 TV Movie),3.5,3.472660705526789
rw5703335,Hollywood (2020),3.0,3.481955935947884
rw5348704,獵魔士 (2019– ),4.0,3.3886178033630023
rw1972611,King of Hearts (1966),5.0,3.294268879674273
rw4503886,Gold Diggers of 1933 (1933),4.5,3.3722660618605276
rw4976170,Toy Story 4 (2019),3.0,3.6201076467546387
rw0344212,Natural Born Killers (1994),3.5,3.8652928173247276
rw1345640,The Wild (2006),3.5,3.3615069746971327
rw0203047,National Lampoon's Vacation (1983),3.0,3.3560685638364323
rw0014058,Phantom Ship (1935),2.5,3.6293981335683303
rw5394047,Klaus (2019),5.0,2.879737607715098
rw3506502,Glitter (2001),1.0,3.312472953282157
rw1350824,Silent Hill (2006),3.5,3.588683224750961
rw3609956,V/H/S/2 (2013),1.0,3.3524908084959675
rw2904498,Cape Fear (1991),4.0,3.358939473435945
rw1656782,No Country for Old Men (2007),5.0,3.4811300249574493
rw2352978,Rabbit Hole (2010),5.0,3.075065886994038
rw3447582,Dredd (2012),3.5,3.0651746772445736
rw2530170,Sombrero (1953),3.5,3.3844901355173227
rw6002137,Peppa Pig (2004– ),3.5,3.231814327449657
rw5325503,War (2019),1.0,3.3268279782814445
rw2265749,Rampage (2009),3.5,3.189131972713203
rw4864055,Send Me No Flowers (1964),4.0,3.491557494422775
rw5915503,American Sniper (2014),2.5,3.2642140199617966
rw4106302,The Fool (II) (2014),4.0,3.4240296348788073
rw0117189,Harold and Maude (1971),4.5,3.4483552871258607
rw2703395,Apollo 18 (2011),1.0,3.293595707208071
rw3765970,Valerian and the City of a Thousand Planets (2017),4.0,3.431263674246081
rw1749880,The Invasion (I) (2007),3.5,3.1733939874107118
rw4114137,All American (1953),3.5,3.412238731466983
rw4270753,The Wrestler (2008),3.0,3.274255330207815
rw3873468,Bordertown (2016–2020),4.5,3.25125117558527
rw2434921,Cross (2011 Video),2.5,3.3022519685719107
rw1735592,3:10 to Yuma (2007),3.5,3.007880189284645
rw0132216,Tongue (1976),4.0,3.3258518689003256
rw5196187,凶兆 (I) (2012),4.5,3.267124171461613
rw5489593,Parasite (2019),2.5,4.0693918196049585
rw1186102,Lord of War (2005),4.0,3.233722859407746
rw2326231,Shivers (1975),3.5,3.3017372135543255
rw3457732,Across to Singapore (1928),2.5,3.3442905555863445
rw4599934,Bohemian Rhapsody (2018),5.0,3.755645437017612
rw4556226,Foodfight! (2011),0.5,3.4083121150090103
rw6250947,Laxmii (2020),0.5,2.5412191610550874
rw6008057,Most Wanted (I) (2020),2.5,3.246947342033223
rw5005446,The Curse of La Llorona (2019),0.5,3.3607231354272087
rw1036011,Robots (2005),5.0,3.470403987966252
rw0395901,Sling Blade (1996),5.0,3.5610046519869996
rw1324718,Napoleon Dynamite (2004),3.5,3.8021381001008323
rw5914239,Mafia (2020– ),5.0,3.2587802035625075
rw3434099,Fracture (2007),1.0,3.2357051581452465
rw4983617,Titanic (1997),0.5,3.878199095656738
rw1309335,16 Blocks (2006),4.0,3.00691942646902
rw2853386,Lovelace (2013),3.0,3.3015479023818255
rw0007508,City Lights (1931),5.0,3.3648811551460107
rw2293283,Winds of the Wasteland (1936),3.5,3.592027916329898
rw0654694,Moulin Rouge! (2001),2.5,3.67383079295946
rw1502693,N (Io e Napoleone) (2006),4.5,3.6061616958919025
rw5008623,A Star Is Born (2018),4.0,3.1317718407686352
rw5406488,Tanhaji: The Unsung Warrior (2020),5.0,3.54942209419634
rw0028891,Lady of Burlesque (1943),4.0,3.411524959797066
rw2229986,Der Barbier von Sevilla (1959 TV Movie),5.0,3.4838332692678664
rw4526581,Educating Rita (1983),5.0,3.368412094037768
rw0371914,Strange Days (1995),5.0,3.5914267510745446
rw1496169,Return of the Living Dead II (1988),4.0,3.2107725198922568
rw5799272,Brenda (2015),5.0,3.5751216479992296
rw4282758,Get Out (I) (2017),3.0,3.7175934108831084
rw1993819,Planet Terror (2007),3.5,3.3420218773002923
rw1144723,Charlie and the Chocolate Factory (2005),4.5,3.828156761106724
rw4672590,The Darkest Minds (2018),3.5,3.2796001672339434
rw4036622,The Great Gabbo (1929),2.5,3.293238375206401
rw3858410,The Square (2017),3.5,3.3704220578624433
rw3758411,King Arthur: Excalibur Rising (2017),1.0,3.4359398167010737
rw0482526,Star Wars: Episode I - The Phantom Menace (1999),5.0,3.3812793514185184
rw1918649,"Runaway, Runaway (1972)",5.0,3.169876704143321
rw0247353,The Monster Squad (1987),5.0,3.159274465163859
rw6183570,The Unicorn (2019– ),5.0,3.126061260860048
rw4413011,Bad Times at the El Royale (2018),5.0,2.725472831093845
rw0529707,American Reel (2003),4.0,3.411037426612659
rw6455986,Taxi Driver (1976),2.5,4.131969937176451
rw1599940,Inferno (1980),5.0,3.327109488829407
rw0241868,Bloodsport (1988),5.0,3.392102252041736
rw5003916,Ambuli (2012),3.5,3.31960532241002
rw0138032,Sweet Movie (1974),4.5,3.461380871211984
rw1253583,"The Chronicles of Narnia: The Lion, the Witch and the Wardrobe (2005)",5.0,4.0894863307926235
rw1961476,Argo (2004),0.5,3.292584789247947
rw5376946,Spinning Out (2020),0.5,3.3124329105815793
rw0744736,Beeper (2002),3.5,3.176038271941911
rw3681098,Fathom (1967),2.5,3.3514109635254976
rw2433458,American Beauty (1999),0.5,3.3758792951382954
rw2290202,Grandma's Boy (2006),3.5,2.9927982273085076
rw2420986,House on Haunted Hill (1959),4.0,2.9651516812935763
rw5280315,Whisper of the Heart (1995),5.0,3.5308545502410507
rw0414232,Eve's Bayou (1997),0.5,3.4144030908886838
rw4741456,Triple Threat (2019),2.0,3.3777262525702847
rw2217887,Taken (I) (2008),3.5,3.314628030330443
rw6259296,What Happens Next (I) (2011),1.5,3.4175061776879176
rw2870821,Derek Zoolander: Male Model (1996 TV Short),2.0,3.428168287855534
rw4108866,Cars 3 (2017),4.0,3.2351140486054817
rw3232267,The Wolfman (2010),3.5,3.8788737394900323
rw2237380,Idiocracy (2006),5.0,3.737595903398879
rw5418956,The Heist of the Century (2020),4.0,3.3652341568084885
rw4638003,Dynasty (2017– ),4.0,3.6159090115050896
rw1703129,You Kill Me (2007),4.0,3.2616731237176695
rw5485614,Love Aaj Kal (2020),5.0,3.4642806293481723
rw4603144,M.S. Dhoni: The Untold Story (2016),5.0,3.2311829888808186
rw0312505,Romper Stomper (1992),2.5,3.506588808029126
rw1185276,Four Brothers (2005),4.0,3.6786909579785187
rw3503803,The Maze Runner (2014),3.0,3.290589373524203
rw6039337,Bulbbul (2020),5.0,3.3027362027653915
rw1468714,Madagascar (2005),4.5,3.391119440249957
rw3849874,Outside the Law (1930),3.5,3.5205316349761606
rw2124162,Close Encounters of the Third Kind (1977),5.0,3.2800676863101255
rw2237754,Creature of Darkness (2009),3.5,3.1929804020576835
rw5437088,The Mandalorian (2019– ),4.5,4.216558187578984
rw4782229,Indiscreet (1958),0.5,3.4774538758601774
rw3242722,Fat Slags (2004),2.5,3.381076943174956
rw0867738,Bruce Almighty (2003),3.5,2.703146884038663
rw4397864,12 Kilometers (2016),5.0,3.4055166561467893
rw2363338,Sid and Nancy (1986),4.0,3.4414223845452385
rw2057355,Sure Fire (1990),4.5,3.5499519812195466
rw4908361,Fleabag (2016–2019),5.0,3.7337273159925535
rw3157870,Gummo (1997),0.5,2.5935292663089453
rw4324003,Pyewacket (2017),3.0,3.2238761711168604
rw5646437,Manifest (2018– ),0.5,2.7667543221608026
rw4712014,Bohemian Rhapsody (2018),5.0,3.755645437017612
rw6424908,Bridgerton (2020– ),0.5,3.5499519812195466
rw3480060,Avengers: Age of Ultron (2015),3.5,3.58241452037989
rw1019162,Darr (1993),5.0,3.3870262007741028
rw0791485,Lilo & Stitch (2002),5.0,3.3555635276704576
rw6138689,Conspiracy Theory (1997),2.5,3.2027011520120663
rw5284358,A Time to Kill (1996),0.5,3.3211193393958003
rw3091858,The Mist (2007),0.5,3.2082298836499783
rw3382602,Carol (2015),2.0,3.372193560453367
rw0869956,Spider-Man 2 (2004),4.0,3.9181869729389147
rw0683859,Gangs of New York (2002),2.0,3.1193837636942012
rw4879925,It (I) (2017),4.5,3.6120102252008675
rw2854617,Chinatown (1974),4.5,3.4034966963754925
rw6070570,Love Fraud (2020),0.5,3.5387212211537507
rw3719314,Wonder Woman (2017),1.0,3.1784855900458573
rw4952775,Blazing Saddles (1974),1.5,3.936860538499539
rw5908703,Rosemary's Baby (1968),5.0,3.6941726795487364
rw4146665,Avengers: Infinity War (2018),4.5,3.7658875818568953
rw2873847,Jobs (2013),3.5,3.2025364021504537
rw2393550,Gojira (1954),2.5,3.381803502622852
rw5322837,In Harm's Way (1965),5.0,3.4572128792089365
rw2695807,Chasing Mavericks (2012),5.0,3.260785053520268
rw6102788,Dave (1993),3.5,3.4183249847017367
rw4444103,Sausage Party (2016),4.5,3.3352041385217372
rw1643260,Das Leben der Anderen (2006),4.0,3.4394188324769996
rw5955678,Hostile (I) (2017),0.5,3.4511330876391613
rw1967933,The Mentalist (2008–2015),4.0,3.7780826872690487
rw2580154,Special (2006),2.5,3.442271355659049
rw5014697,The Babysitter (1995),1.0,3.4148128894796717
rw3264839,The Adventures of Sharkboy and Lavagirl 3-D (2005),0.5,3.1404569035109717
rw5778164,Ouija Shark (2020),2.5,3.1297277355950626
rw3026099,Vampires Suck (2010),4.5,3.223560271418814
rw0355685,Babe (1995),5.0,3.476895704209538
rw0340318,Heavyweights (1995),1.0,3.4936179133640186
rw3857545,School Life (2016),4.0,3.282713635570522
rw6324716,Saved by the Bell (2020– ),0.5,3.367634903325307
rw4527271,Bird Box (2018),3.0,3.1056217413808653
rw3219220,Danny Collins (2015),4.5,3.3191317706646655
rw2529369,Puss in Boots (2011),3.5,3.3754518507467686
rw6435395,Muck (I) (2015),3.5,3.1828682438986933
rw2846712,A Good Day to Die Hard (2013),0.5,3.255000409794048
rw5702914,After Life (2019– ),5.0,3.7317107971657486
rw4214570,The Wizard of Lies (2017 TV Movie),4.0,3.518997389542084
rw0272884,Meet the Feebles (1989),5.0,3.4373383710826713
rw0982004,Garden State (2004),4.5,3.607395033810831
rw5243505,Doctor Sleep (2019),5.0,3.7665133026966386
rw1711356,The Steel Trap (1952),4.0,3.3843727247600244
rw4568769,The Shawshank Redemption (1994),4.5,4.087685202732601
rw5584366,Mad Max: Fury Road (2015),2.0,3.267389078812329
rw4094304,I Can Only Imagine (2018),5.0,3.292244570605916
rw2413378,An Invisible Sign (2010),4.0,3.266428470762806
rw5020687,Midsommar (2019),0.5,2.6215597998284013
rw5735750,Wanted (2016– ),3.0,3.1144095817301034
rw4883953,The Poison Rose (2019),1.5,3.783762338050688
rw2090814,Blood Feast (1963),3.5,3.4171145930671036
rw4914139,Nervous Translation (2017),4.0,3.2651350743618672
rw1857056,Cast Away (2000),5.0,3.048854730757821
rw6164376,Castle Freak (1995 Video),4.0,3.084713971213758
rw5224053,Solo: A Star Wars Story (2018),4.5,3.407975304703685
rw3811286,Breaking Bad (2008–2013),5.0,3.7605151395071723
rw2794566,Jack Reacher (2012),4.0,2.4572528407325693
rw3346467,Terminator Genisys (2015),3.0,3.3659266309311633
rw1790833,National Treasure: Book of Secrets (2007),2.5,3.3267075126523826
rw2676887,Mother's Day (I) (2010),2.5,3.1998230453608407
rw1958049,Appaloosa (2008),4.0,3.3255350565954758
rw3027144,Fantastic 4: Rise of the Silver Surfer (2007),2.5,3.3126443840338595
rw4742033,Us (II) (2019),4.0,3.26354197982884
rw3129498,Eight O'Clock Walk (1954),2.5,3.4175932552368917
rw3181112,Suspiria (1977),3.0,3.964234984744476
rw2233633,Brother Orchid (1940),3.5,3.28615785036719
rw5920486,Hearts and Flowers (1930),1.5,3.3197027746203776
rw2237565,Repo Men (2010),3.0,3.2245453466509346
rw4722710,Captain Marvel (2019),2.5,3.609849266273848
rw2587888,The Hunger Games (2012),1.5,2.982146803045125
rw1523812,Plymouth Adventure (1952),3.5,3.3936297571288434
rw1970221,The Strangers (2008),1.5,3.2082540919476026
rw1810596,Firefly (2002–2003),5.0,3.458205146511985
rw0767970,Black Hawk Down (2001),0.5,3.543289416001239
rw1433255,The Dukes of Hazzard (2005),0.5,3.418047222536223
rw5862219,Andes Mágicos (2019– ),2.0,3.55818190025989
rw3219290,Go Naked in the World (1961),4.0,3.3161543977632673
rw2761246,Django Unchained (2012),4.5,2.665000350440897
rw2082849,The Mummy: Tomb of the Dragon Emperor (2008),1.5,3.4021865636000346
rw5693961,A Secret Love (2020),4.5,3.4493174795012087
rw0625544,Little Nicky (2000),5.0,3.4777745669513846
rw6304035,The Witches (2020),0.5,3.827992581338018
rw1955772,Nights in Rodanthe (2008),4.0,3.1680029103310035
rw4165273,Parasites (I) (2016),4.0,3.3470890827452893
rw0450819,Eye of the Beholder (1999),5.0,3.6317030702387063
rw3324656,Gotham (2014–2019),0.5,3.420290830687472
rw1149670,Catwoman (2004),0.5,2.5745069364823183
rw3823333,Session 9 (2001),3.5,3.214564634522195
rw2511850,Paranormal Activity 3 (2011),0.5,3.2207282450088925
rw2105896,The Cell (2000),2.5,3.089675016166203
rw1097087,Five Star Final (1931),4.5,3.4507138088307237
rw0031978,Brief Encounter (1945),5.0,3.3833903767124367
rw2566578,The Experiment (2010),2.5,3.3353665434695103
rw5540197,21 Bridges (2019),5.0,3.4055880581066282
rw4126719,The Crown (2016– ),4.0,3.5450906554950916
rw6352457,The Turin Horse (2011),5.0,3.336233523749463
rw5964364,Deadpool (2013 Video Game),4.5,3.9099766516557115
rw0842143,Chicago (2002),1.5,3.3486794609930874
rw1609174,Tajja (2006),4.0,3.379290705645174
rw5791475,Alice in Wonderland (I) (2010),3.5,3.5547859798456773
rw5329412,李察朱威爾事件 (2019),5.0,3.410376214682198
rw5411181,Blue Mountain State (2010–2011),5.0,3.349245362827438
rw1497844,Judge Dredd (1995),4.0,3.3841316829895693
rw4812121,Iron Man (2008),3.0,3.682191746662463
rw5437533,The Specials (2019),4.0,3.4709749847519737
rw5382589,Uncut Gems (2019),5.0,2.932032762074642
rw2292589,Road Train (2010),0.5,3.318250788429936
rw6142109,Enola Holmes (2020),3.5,3.5516524805915197
rw0469652,Saving Private Ryan (1998),2.5,2.9765980734368243
rw2053281,Black Christmas (2006),2.5,2.880944916179395
rw4878701,My Way (2011),4.5,3.3564339254960074
rw1555419,Santa Claws (1996),3.0,3.3177808129857747
rw4967027,Star Wars: Episode VIII - The Last Jedi (2017),1.5,3.844363546118411
rw4298536,9-1-1 (2018– ),0.5,3.295691260838283
rw3316810,The Rawhide Years (1956),3.0,3.459964237376127
rw0527035,Message in a Bottle (1999),1.5,3.6146302160742185
rw4374865,Terror on Tour (1980),1.5,3.3943779325618713
rw0510344,The Matrix (1999),4.5,4.103290258769001
rw2109616,Funny People (2009),1.0,3.2377830224238098
rw1050604,Star Wars: Episode II - Attack of the Clones (2002),3.0,3.3145848933863693
rw5777517,Tajkun (2020– ),4.5,3.413388523579621
rw6452902,Uncle Buck (1989),3.0,3.844567556804113
rw2778668,Olympus Has Fallen (2013),2.0,3.356527834717236
rw4465859,Mirzapur (2018– ),3.5,3.5549040600378308
rw6208963,Spell (I) (2018),5.0,3.4625856688033503
rw3833864,Chris Brown: Welcome To My Life (2017),3.0,3.264495170286848
rw0027130,Mystery of Marie Roget (1942),3.0,3.3388339725420284
rw3609902,The Search (III) (2014),3.5,3.37596286325625
rw3449982,Deadpool (2016),5.0,3.700526393271317
rw5042352,Assimilate (I) (2019),3.0,3.0439685601278654
rw3713237,Arrival (II) (2016),4.5,2.3940981968776827
rw3085754,The Babadook (2014),4.0,2.579829064703148
rw2510672,Dweebs (1995),4.0,3.458417154851802
rw4693676,Mine Games (2012),1.0,3.3050540714294994
rw1122432,Chopping Mall (1986),5.0,3.460963746989859
rw5219478,Bigil (2019),5.0,3.4480977193352333
rw0594031,Neon Genesis Evangelion: The End of Evangelion (1997),5.0,2.584318422213515
rw6101173,Mulan (2020),0.5,3.2893350532217234
rw1109687,The Mummy Returns (2001),2.5,2.913362425653056
rw1806016,Young Guns (1988),2.5,3.3182475289556272
rw5676229,Manifest (2018– ),3.0,2.238388565753787
rw1361347,Doctor Zhivago (1965),3.5,3.408938253522318
rw5133193,The Girl in the Fog (2017),2.0,3.2066467991940795
rw2993781,The Carpenters (1941),3.0,3.2638349352664817
rw4243836,Baywatch (2017),4.5,3.4074594413747046
rw1416440,The Devil Wears Prada (2006),2.5,3.697829975286608
rw5244537,She Walks the Woods (2019),4.0,3.170839977034118
rw3156656,The Devil's Violinist (2013),4.5,3.3306128640101282
rw3769686,Alien: Covenant (2017),1.0,3.6235765589750417
rw1752788,We Own the Night (2007),3.5,3.3643220770842994
rw2233057,Lost and Delirious (2001),5.0,3.3559082978280164
rw3626829,Arrival (II) (2016),0.5,3.248176366456672
rw1371270,Grandma's Boy (2006),2.0,3.4757138926062034
rw1239363,The 40-Year-Old Virgin (2005),4.5,3.267480282945363
rw5412752,Star Wars: The Rise Of Skywalker (2019),1.0,2.6714344518227575
rw2767164,Some Like It Hot (1959),4.5,3.360510929213469
rw4184504,Lucifer (2016– ),5.0,3.566789868483938
rw1018538,Before Sunset (2004),5.0,3.2998780190051766
rw3735935,Power Rangers (2017),1.5,3.46706633575752
rw2443025,Haunted Collector (2011– ),0.5,3.5549040600378308
rw5009534,Super 30 (2019),4.0,3.213688898088555
rw4543643,Titans (I) (2018– ),4.0,2.7258855146602423
rw0409362,Life Is Beautiful (1997),4.5,3.6850685527133162
rw6383874,We Are the Champions (2020– ),5.0,3.3323425337188226
rw3634828,The Defiant Ones (1958),4.5,3.388036783919296
rw3114568,Nightcrawler (2014),4.0,3.3404466038762357
rw2404103,Sucker Punch (2011),3.0,3.398233718013305
rw3369828,The Sissy Duckling (1999 TV Movie),3.0,3.422662159970062
rw0842504,Gigli (2003),0.5,3.3827029078523703
rw0161892,The Last Waltz (1978),5.0,3.3745460256401762
rw1383873,Madonna: Truth or Dare (1991),5.0,3.4344825702279254
rw6218269,Joker (2019),5.0,3.858048949757457
rw6334691,The Stalker (III) (2020),1.0,3.1158879761670994
rw3061403,The Catechism Cataclysm (2011),0.5,3.3199680348233707
rw5429734,The Capture (2019– ),3.0,3.4296017681973168
rw3402079,When Calls the Heart (2014– ),5.0,3.384432370816003
rw1505773,Almost Famous (2000),5.0,3.3253058962511197
rw3058568,Hot Moves (1984),2.5,3.306951059636607
rw2642626,Köprü (1975),2.0,3.3397048711224016
rw5397799,Last Christmas (2019),4.5,3.840274563149025
rw3031035,Mr. Fraud (2014),0.5,3.4693338030898513
rw0142855,It Can't Be! (1975),5.0,3.4354808982907454
rw6070985,Upside-Down Magic (2020 TV Movie),0.5,3.2201968439981106
rw3253574,Pyaar Ke Side Effects (2006),3.0,3.363594292457779
rw6161360,Creepozoids (1987),1.5,3.1981575117154075
rw3372018,Terminator Genisys (2015),1.5,3.601489863676268
rw2120352,The Maid (2009),4.0,3.3382296344887035
rw2032436,Æon Flux (2005),4.0,2.7522049387220995
rw4911268,Burning (2018),4.0,3.3566180191858916
rw1346245,12 Monkeys (1995),5.0,3.3988822551251348
rw5812379,Top Gun (1986),5.0,3.23834604179595
rw2533749,Tin sang yat dui (2006),4.5,3.353794767968189
rw2957257,Inequality for All (2013),5.0,3.287700348687727
rw3694718,Furious 6 (2013),4.0,3.432122975137571
rw3175045,An Unexpected Love (2003 TV Movie),1.5,3.2112331739341617
rw4806278,Psycho (1960),4.5,3.665317213920278
rw3772713,Valerian and the City of a Thousand Planets (2017),3.0,3.431263674246081
rw3603095,The Affair (2014–2019),4.0,3.5549040600378308
rw0039803,Beyond the Forest (1949),2.0,3.330904804826199
rw4666181,The Favourite (2018),2.0,3.5165918415513664
rw5491526,The Phantom of Crestwood (1932),2.5,3.4200414177687297
rw4532980,Transformers: The Last Knight (2017),0.5,3.4097989665239963
rw5400353,Treadstone (2019),1.5,3.5549040600378308
rw3873999,She's Gotta Have It (2017–2019),1.5,3.444402633819133
rw3044794,The 100 (2014–2020),0.5,3.8989631222224306
rw3649086,A Cure for Wellness (2016),4.5,3.424484015350817
rw3377342,Star Wars: Episode VII - The Force Awakens (2015),3.5,2.8074093876894195
rw4277877,Deadpool 2 (2018),0.5,3.4360452921037554
rw4928376,The Chef Show (2019– ),4.0,3.5006413795533557
rw0972252,Rudolph the Red-Nosed Reindeer (1964 TV Movie),1.0,3.393404494916917
rw4559815,The Bridge on the River Kwai (1957),5.0,3.4335307803643498
rw1962823,Village of the Damned (1960),4.0,3.3844247033518227
rw5614717,Panchayat (2020– ),3.5,3.486472937309503
rw4118782,The Last Movie Star (I) (2017),5.0,3.0426082000778165
rw5101984,Chal Mera Putt (2019),4.0,3.385663098338283
rw3611311,A Billion Lives (2016),5.0,3.3418659692891004
rw1111398,King of the Corner (2004),5.0,3.507385828158192
rw5747617,Eden Lake (2008),4.0,2.867921359855918
rw4260485,The Proposal (I) (2009),3.0,3.2912949664008644
rw5414157,Code M (2020– ),4.5,4.059565276007813
rw1871845,Before the Devil Knows You're Dead (2007),0.5,3.3568074759850974
rw0915829,Belly of the Beast (2003 Video),0.5,3.256693693910772
rw2769316,Cloud Atlas (2012),0.5,3.7699016920516395
rw4012029,Justice League (2017),1.5,3.1195744043200397
rw6266711,Soorarai Pottru (2020),4.5,4.092611704851137
rw4119452,Day of the Dead: Bloodline (2017),0.5,3.490571956698808
rw0222922,Police Story (1985),1.5,3.4000968906768763
rw4381440,Long Lost Daughter (2018 TV Movie),1.0,3.3568510868330965
rw1194630,Out of Season (2004),2.5,3.2925594894461323
rw2167499,Honeymoon of Horror (1964),1.5,3.2504378715794173
rw3467053,It (1990),4.5,3.3282071335630152
rw4544960,Cherokee Creek (2018),5.0,3.2894916092377726
rw0850225,Kermit's Swamp Years (2002 TV Movie),1.0,3.4020633569317074
rw2534229,Hugo (2011),1.5,3.2770227667229843
rw4128395,Superjail! (2007–2014),3.0,3.2854037703278385
rw0725026,Swordfish (2001),0.5,3.4237719749831905
rw5044809,Thackeray (2019),4.0,3.1784533787753735
rw5800136,Space Force (2020– ),4.0,3.905394128244875
rw2614124,Cargo (2009),1.0,3.45175987030485
rw2342375,The Black Cat (1934),4.0,3.6025589220569896
rw0126293,Super Fly (1972),4.0,3.425379996084059
rw0085026,Father Goose (1964),3.5,3.486302542864029
rw0480245,Titan A.E. (2000),5.0,3.268855492155841
rw5495112,A Long Way Down (2014),4.0,3.6141369935874166
rw3331064,The Hunger Games: Mockingjay - Part 1 (2014),3.0,3.372319039437905
rw4271111,Hot Fuzz (2007),5.0,3.599288659746887
rw1132702,The Notebook (2004),5.0,3.682176472244498
rw4988594,The Edge of Democracy (2019),5.0,3.3678773806205546
rw5164965,小丑 (2019),5.0,3.7046815188813147
rw0142011,Jaws (1975),5.0,3.650629140315546
rw4198754,Before Midnight (2013),1.5,3.333435149722489
rw4289318,Riverdale (2017– ),2.5,2.625642811242633
rw2951811,An Affair to Remember (1957),3.5,3.4790571506538757
rw0633219,Blade II (2002),5.0,3.636875159730765
rw4789228,Thor: Ragnarok (2017),5.0,3.274505738703577
rw1012881,Gods and Generals (2003),0.5,2.521333078194938
rw3009926,Green Lantern (2011),1.5,3.2327816948003067
rw2107575,Slumber Party Massacre II (1987),3.0,3.2411354738764673
rw4547376,Your Name. (2016),4.5,3.759534385889329
rw1155446,Supercross (2005),2.0,3.308323319320228
rw5621012,The Chosen (2017– ),5.0,4.122245955624871
rw5232206,Superstore (2015– ),5.0,3.582159401265484
rw0360014,The Demolitionist (1995),0.5,3.370616664108118
rw6166540,The King of Staten Island (2020),5.0,3.3556692734074565
rw5427353,The Americans (2013–2018),4.5,3.5499519812195466
rw5076957,Game Over (I) (2019),5.0,3.6560132063419664
rw4823777,Playdate (2012 TV Movie),1.5,3.370575079359115
rw1902942,Hot Rod (2007),5.0,3.452858587099809
rw1113951,Zabriskie Point (1970),3.0,3.3969595066126734
rw1422536,Dead Man's Shoes (2004),5.0,3.410841770767935
rw2840192,Wild Strawberries (1957),5.0,3.530029333247562
rw6345474,Padmaavat (2018),5.0,2.8460836506297746
rw5161710,3 from Hell (2019),3.5,3.2121591856272773
rw5115927,State of the Union (2019– ),0.5,3.2556367195488236
rw1293244,Raging Bull (1980),5.0,3.3684212284539785
rw5650741,Hasmukh (2020– ),1.5,3.2921888351263977
rw4500902,Thunderball (1965),3.5,3.337453531516716
rw4311509,Cool Air (1999),5.0,3.238584860841024
rw3080044,Guardians of the Galaxy (2014),4.5,3.6441824716052706
rw5519012,Star Wars: The Rise Of Skywalker (2019),1.0,2.712447587349648
rw5261222,Last Christmas (2019),5.0,3.7435591093201115
rw5267473,Pulp Fiction (1994),5.0,3.861703296090221
rw5369128,Cliffhanger (1993),5.0,3.267206139676003
rw0879597,Out for a Kill (2003 Video),1.0,3.2914441894391677
rw0828086,The Lost World: Jurassic Park (I) (1997 Video Game),4.0,3.7266049358732563
rw3797414,XX (2017),0.5,3.1810481560801835
rw1435993,The High Crusade (1994),4.0,3.3095453306353417
rw5425946,The Butterfly Effect (2004),5.0,3.564722748615794
rw1682919,Transformers (2007),3.5,2.887989088731737
rw4768313,Us (II) (2019),0.5,3.26354197982884
rw3372652,I'll Be Home for Christmas (1998),1.5,3.4426012192219275
rw4080012,Black Panther (2018),0.5,3.3968329211530994
rw0289718,Dreams (1990),5.0,3.3658805293584284
rw2288579,The Rock (1996),5.0,3.7042004390272925
rw4120760,Churchill (2017),3.0,3.33264470159341
rw3796316,Bug Crawls (2008),3.0,3.2893502630053653
rw5047086,Egg (I) (2018),4.5,3.4910203018796255
rw1067195,Troy (2004),5.0,3.1000168536524555
rw5720077,Shirkers (2018),5.0,3.5305879825380404
rw1318785,V for Vendetta (2005),5.0,3.4684590505783173
rw6271226,Disappearance at Clifton Hill (2019),2.0,3.4108609422436245
rw4455674,The God Inside My Ear (2017),5.0,3.338024627055075
rw2392743,Nosso Lar (2010),5.0,3.2183016143735688
rw0459828,The Lord of the Rings: The Fellowship of the Ring (2001),0.5,3.6158685075942936
rw3369135,Soaked in Bleach (2015),4.5,3.1601641647264738
rw1506609,Murders in the Rue Morgue (1932),1.5,3.2424654252130356
rw1662359,Pirates of the Caribbean: At World's End (2007),3.0,3.927593513468441
rw3704218,Cable Girls (2017–2020),5.0,2.637660011495049
rw4287707,Slender Man (2018),4.5,3.2119143663721124
rw5115824,Deep Freeze (2002),0.5,3.372374534185657
rw0465589,The Opposite of Sex (1997),2.0,3.370125682446248
rw5898452,Archive (2020),5.0,3.6781481198150177
rw3320860,Cooties (2014),4.0,3.437855674449959
rw0049412,Invaders from Mars (1953),4.0,3.35039119272585
rw4371939,Jumanji: Welcome to the Jungle (2017),3.5,3.420455428587106
rw2538326,War Horse (2011),4.5,3.393736071678944
rw3243337,Final Destination (2000),2.0,3.3342191122400435
rw2378548,The Boondock Saints II: All Saints Day (2009),3.5,3.153701735108072
rw5914093,Unsolved Mysteries (2020– ),1.5,3.546210120784718
rw0075677,Two Rode Together (1961),4.0,3.3681404960452017
rw2319943,Song of Texas (1943),2.5,3.400878956308356
rw2947336,A Perfect Man (2013),1.5,3.376084353278482
rw0107877,The Madwoman of Chaillot (1969),2.5,3.4649949332292036
rw5189319,In the Tall Grass (2019),0.5,3.4594566955583943
rw1040908,Godzilla 1985 (1985),5.0,3.326529730172642
rw5781831,Flight (I) (2012),2.5,3.683956453494798
rw5773403,Man of Steel (2013),5.0,3.2822506146070594
rw5241393,"Love, Life and Laughter (1923)",4.0,3.3756324789216428
rw3000032,Devil's Due (2014),5.0,3.2517126691482745
rw4340468,Death Note (I) (2017),2.5,3.539338260957446
rw1494943,Freedomland (2006),2.5,3.1513477754002936
rw5934540,Dil Bechara (2020),5.0,3.9969079935813543
rw1427781,Pieces of April (2003),3.5,3.440611380748507
rw1139304,What the #$*! Do We (K)now!? (2004),0.5,3.2295471155720015
rw3206191,Alice in Wonderland (I) (2010),3.5,3.537267834082401
rw2376329,American Beauty (1999),5.0,2.8166414009358562
rw3444078,Aliens vs. Predator: Requiem (2007),2.5,3.20720254876716
rw3584258,Boxcar Bertha (1972),1.5,3.5025005254105572
rw2592118,Joey (1997),3.5,3.3870456996979175
rw5003544,The Wrong Boy Next Door (2019 TV Movie),3.5,3.17638820873885
rw3398216,Panic Button (2011),2.0,3.282401276787475
rw2371561,Covert Affairs (2010–2014),3.0,3.427255671797131
rw3222197,State of Grace (1990),3.5,3.3840039348387396
rw2131822,Valkyrie (2008),4.0,3.3576723605045355
rw6200934,House on Haunted Hill (1959),2.0,3.562533492983566
rw6290812,Supernatural (2005–2020),5.0,3.5751216479992296
rw0750188,Baby Boy (2001),5.0,3.2506846175912796
rw4247822,Cloak & Dagger (2018–2019),3.0,3.342207740561473
rw3423832,Becoming Mike Nichols (2016),3.5,3.495313294369801
rw2099834,Amos & Andrew (1993),4.0,3.211173571215858
rw2955062,Captain Phillips (2013),2.5,3.6534540741668575
rw1818058,Boot Hill (1969),1.5,3.399131227933912
rw1440468,Pulp Fiction (1994),5.0,3.9668923509669627
rw0984100,The Phantom of the Opera (2004),5.0,2.8789813443096612
rw1435744,The War at Home (2005–2007),5.0,3.2904122923548056
rw3365998,The Walking Dead (2010– ),0.5,3.744605969826734
rw6088599,The Horseman on the Roof (1995),3.5,3.3764327667003147
rw5066233,Blood & Treasure (2019– ),3.5,3.272196538948544
rw4417181,Vada Chennai (2018),4.0,3.4693837076026957
rw4505508,Rudolph and Frosty's Christmas in July (1979 TV Movie),4.0,3.509707098134212
rw2855332,Blackfish (2013),4.5,3.1087122157398257
rw0903994,Stuck on You (2003),4.0,3.3872209109771325
rw2779094,Curfew (1989),0.5,3.2660886720361053
rw2908362,Dracula (2013–2014),4.0,3.39846056592326
rw4030188,Free Eats (1932),3.5,3.390949703729554
rw1529961,Borat: Cultural Learnings of America for Make Benefit Glorious Nation of Kazakhstan (2006),1.0,3.483526912570343
rw4554542,We'll Meet Again (2018– ),5.0,3.2880372925311216
rw2826685,The Parent Trap (1998),3.0,3.3723711036417336
rw0078617,Moon Pilot (1962),5.0,3.374132666178461
rw1149101,Junebug (2005),3.5,3.6191507980283575
rw1248309,King Kong (2005),3.5,2.912178778896869
rw6436086,Once Upon a Main Street (2020 TV Movie),2.5,3.4101573731573085
rw3339847,The Oath (2010),3.5,3.392895930709251
rw3048753,Godzilla (I) (1998),1.5,2.873183661131071
rw3309362,The Silence of the Lambs (1991),5.0,3.4495620635990853
rw3259515,Madagascar 3: Europe's Most Wanted (2012),2.5,3.5521525985562206
rw0856704,Revolution OS (2001),5.0,3.298556959744142
rw5340268,Rangbaaz (2018– ),5.0,3.5499519812195466
rw4523838,StartUp (2016–2018),4.5,3.3280971735230764
rw0749224,The Piano Teacher (2001),4.0,3.508105014873547
rw1169679,Sky High (2005),4.0,3.451164372900455
rw3531225,The Thing (I) (2011),5.0,3.337196771412794
rw1232361,Cinderella Man (2005),0.5,3.8493752537380788
rw1866128,Return to Zork (1993 Video Game),1.5,3.343995947354976
rw5826347,Back to the Future (1985),4.5,3.3282604729384673
rw6320590,Andhaghaaram (2020),5.0,3.6285363399637616
rw5231182,In the Shadow of the Moon (2019),2.5,3.345276269430499
rw2598815,The Color of Money (1986),4.5,3.395907613936743
rw3636612,In the Heat of the Night (1967),4.5,3.3965101056783764
rw5080383,Medium (2005–2011),4.0,3.5751216479992296
rw5759731,Inheritance (I) (2020),4.0,3.2820144881441538
rw2621884,Snow White and the Huntsman (2012),3.5,3.297899019947037
rw4499373,Intensive Care (II) (2018),2.0,3.0027706593403325
rw6210186,Blues Brothers 2000 (1998),1.0,3.4471549895342437
rw3831423,American Gothic (2017),2.0,3.203252540727589
rw2507051,My Babysitter's a Vampire (2011–2012),0.5,3.3368328464656303
rw6130078,The Chosen (2017– ),5.0,4.013146477147963
rw2944022,My Soul to Take (2010),1.5,3.4080381296972506
rw2764545,Oz the Great and Powerful (2013),5.0,3.081496653548016
rw2125697,Van Helsing (2004),2.5,3.082302766015508
rw4424381,Lucky (VI) (2016),4.0,3.309739382978663
rw6415394,Monster Hunter (I) (2020),3.5,3.298182700807913
rw3237596,Maggie (I) (2015),5.0,3.7300155392050582
rw2766979,The Last Exorcism 2 (2013),1.0,3.200363103974264
rw3611196,The OA (2016–2019),5.0,3.3860417837966104
rw2769269,Django Unchained (2012),1.0,3.718531402500296
rw6149835,Batman (1966–1968),3.5,3.493635767544654
rw1954021,Call of Duty 4: Modern Warfare (2007 Video Game),5.0,3.5549040600378308
rw4577613,The Truth About Killer Robots (2018),3.5,3.493739163241696
rw6414591,Ready to Wear (1994),1.5,3.4352825467477084
rw5183263,The Gulf (2019– ),4.5,3.488915911426704
rw2072070,Terminator Salvation (2009),4.0,3.342757006521226
rw6361963,Your Honor (II) (2020– ),5.0,3.40187952623907
rw2784056,The Trespassers (2012),4.0,3.5751216479992296
rw1692239,The Last Mimzy (2007),4.5,3.5389869563118936
rw6243673,The Slumber Party Massacre (1982),1.0,3.272156126064824
rw1978462,Airplane! (1980),3.5,3.2619338698663176
rw0685196,Unbreakable (2000),2.0,3.5455523611782755
rw5030929,Kimi no na wa. (2016),2.0,3.759534385889329
rw1024679,Tomb of the Werewolf (2004 Video),2.5,3.3618234512288097
rw5440876,Escape (1940),3.5,3.5561926788510476
rw4262563,Leverage (2008–2012),4.5,3.397663234875339
rw1348984,Scary Movie 4 (2006),3.5,2.6659780930366566
rw1419271,The Lake House (2006),1.5,2.633406116469706
rw0484674,Star Wars: Episode II - Attack of the Clones (2002),2.0,3.330359559544391
rw2667277,Brutal (II) (2012),5.0,3.2262879924395484
rw5584226,Kim (1950),4.0,3.4041445316424643
rw4997488,Montparnasse Bienvenüe (2017),4.0,3.3797475555969747
rw1282195,Strictly Ballroom (1992),5.0,3.5149821151414526
rw6311976,"Sacred Cow: The Nutritional, Environmental and Ethical Case for Better Meat (2020)",5.0,3.421220699165412
rw2345590,The Judas Project (1990),3.5,3.328495378324598
rw1438881,Talladega Nights: The Ballad of Ricky Bobby (2006),4.0,3.8010433639300696
rw3456373,Invasion from Inner Earth (1974),1.5,3.4389930983990395
rw6334790,Estômago (2007),5.0,3.45590183481749
rw6272852,Chhalaang (2020),2.5,3.501221757525667
rw1889552,Reality Bites (1994),5.0,2.5843902903104796
rw0568430,Trixie (2000),3.5,3.313933899230801
rw1194656,*batteries not included (1987),2.0,3.761655908122483
rw2261857,And Then Came Lola (2009),0.5,3.3757027430867153
rw5416915,Code M (2020– ),5.0,3.935938723157623
rw4982811,Spider-Man: Far from Home (2019),3.0,3.120345262842517
rw2293702,American Psycho (2000),3.5,3.6185013517432467
rw1286043,The Coroner (1999),0.5,3.1394054887329474
rw0398495,Twister (I) (1996),2.5,3.4060246497625837
rw5711759,Into the Night (II) (2020– ),5.0,3.4283266063139513
rw2621766,Bram Stoker's Dracula (1992),0.5,3.054097794347447
rw1703783,Yo (2007),4.0,3.414808683078262
rw0122504,Everything You Always Wanted to Know About Sex * But Were Afraid to Ask (1972),3.0,3.364524976731285
rw4242491,Ant-Man and the Wasp (2018),4.5,3.318804084542225
rw6442332,Paurashpur (2020– ),5.0,3.5751216479992296
rw5446580,National Treasure (2004),3.0,3.4899365300422893
rw3296748,Alien Species (1996),4.0,3.285686677918806
rw4136010,Gun Shy (2017),1.0,3.2912360529674483
rw5638087,The Final Conflict (1981),3.5,3.268131292979894
rw5333867,STAR WARS：原力覺醒 (2015),0.5,3.169554159266885
rw5025456,Another Life (2019– ),5.0,3.231479808699538
rw0509007,The Matrix (1999),0.5,4.103290258769001
rw5799183,Ponmagal Vandhal (2020),5.0,3.429271797557022
rw0634130,Godzilla 2000 (1999),5.0,3.2808181521362427
rw0334449,Alma's Rainbow (1994),4.5,3.2467630354349843
rw3282529,Night of the Wilding (1990 Video),3.5,3.4302233201945382
rw3667482,Beauty and the Beast (I) (2017),5.0,3.822449797240174
rw5264804,The Mandalorian (2019– ),4.5,4.216558187578984
rw2858178,Star Trek Into Darkness (2013),3.5,2.9729223447740862
rw4203056,Frankie and Johnny (1966),2.0,3.498814150478606
rw3256542,Home (II) (2015),0.5,3.839838461475481
rw5141355,About Last Night... (1986),4.0,3.296949201730606
rw4925342,Rufus (2016 TV Short),4.0,3.3437052069940267
rw2682785,Chernobyl Diaries (2012),4.0,3.063589348138132
rw5422615,Basket Case (1982),5.0,3.1008016534759344
rw4904816,Domino (I) (2019),0.5,3.2852989585570938
rw1923674,La zona (2007),3.5,3.361667439761671
rw4800504,Shazam! (2019),5.0,3.281415716726828
rw5842526,Mrs. Serial Killer (2020),5.0,3.73990646890481
rw6150473,Ali (2001),2.5,3.8450758917614767
rw5877006,The Disaster Artist (2017),0.5,3.6505284599872625
rw2215531,Fringe (2008–2013),1.0,3.334038701315934
rw2803572,Vertigo (1958),5.0,3.8636764039394365
rw3307135,Absolute Power (1997),2.5,3.344508814517436
rw4307225,Lad: A Yorkshire Story (2013),5.0,3.505436188983723
rw5370166,Bridge of Spies (2015),4.0,3.5005705822581694
rw3756487,5150 (I) (2016),4.0,3.282238281779296
rw1417668,*batteries not included (1987),4.5,3.115873229888214
rw5595066,Straight Outta Compton (2015),4.0,3.8650236352575758
rw6022701,Tenet (2020),5.0,3.598271595497853
rw3584302,Into the Forest (2015),2.5,3.2643282683231183
rw0668842,Pokémon the Movie 2000 (1999),0.5,3.3365417584820825
rw5935938,Dil Bechara (2020),5.0,4.037460856444683
rw3031992,Giant (1956),4.0,3.366829767752228
rw1327089,Mortuary (I) (2005),4.0,3.4793684304337082
rw3404719,South Pacific (1958),3.0,3.5406013572954707
rw3346068,Fei lung mang jeung (1988),1.0,3.3916567149134274
rw5416119,Forbidden Cargo (1954),3.0,3.3643744224823013
rw2621566,John Carter (2012),4.5,3.3148839454444063
rw4471186,Kojak: Fatal Flaw (1989 TV Movie),2.5,3.402274085053302
rw0835606,The Chronicles of Riddick (2004),4.0,3.249991680472579
rw2900291,Halloween III: Season of the Witch (1982),3.0,3.315517242801578
rw6429470,Wasted Talent (2018),1.0,3.5549040600378308
rw5488241,Joker (2019),2.5,4.220060035451779
rw3485666,The Good Dinosaur (2015),1.0,3.192392314248062
rw2175524,The Messengers (2007),1.0,2.8732319231486123
rw4017722,Life Boat (2017),4.5,3.26235227802465
rw2064332,Superman III (1983),3.0,3.3849281731944885
rw5550914,Military Wives (2019),3.0,3.4347067217955285
rw5727941,Upload (2020– ),3.0,3.4415665100937147
rw3269237,Night Falls on Manhattan (1996),5.0,3.46003855842912
rw2409668,The Sea Hawk (1924),4.5,3.3169015813549447
rw2081968,Taking Chance (2009 TV Movie),0.5,3.355361590404697
rw2745292,愛．慕 (2012),0.5,3.374073840743091
rw1466987,Pay It Forward (2000),5.0,3.476619383876711
rw0363106,La Haine (1995),5.0,3.30189016728353
rw4628844,Nightflyers (2018),1.0,3.290326375507382
rw3091871,Chronicle (2012),3.5,3.334749840205694
rw5533102,Impractical Jokers: The Movie (2020),3.5,3.350408189543382
rw3706054,Alien: Covenant (2017),3.5,2.674287800473688
rw2940605,Avatar (2009),1.0,3.822585804688006
rw3490928,The Island (2005),3.5,2.965337583186844
rw4385171,Seven Samurai (1954),4.0,3.721158425810127
rw2328422,Stone (2010),5.0,3.16923895419151
rw1424690,Sole Survivor (1984),2.5,3.2302570188166624
rw5336091,獵魔士 (2019– ),5.0,3.3886178033630023
rw1712329,Pet Sematary II (1992),3.5,3.413094415901069
rw4728735,After Life (2019– ),5.0,3.743568305745186
rw0773694,Finding Nemo (2003),5.0,3.362774262465979
rw2802932,Crash (1996),1.0,3.3792729993451465
rw5747335,Dead to Me (2019– ),3.5,3.2728518738100503
rw4568623,Holiday High School Reunion (2012 TV Movie),3.0,3.308765478988688
rw3598020,Serenity (2005),3.0,3.0148018146917908
rw4174621,OK Kanmani (2015),3.0,3.3141577578058516
rw3434043,Steamboat Willie (1928),4.0,3.3979014103926466
rw4409616,Apostle (2018),1.5,3.3357996270674195
rw1598916,歌劇魅影 (2004),0.5,4.0042974838414525
rw1278720,Nanny McPhee (2005),5.0,3.460877171924566
rw6079447,Mulan (2020),1.5,3.08420276967091
rw2460812,Hall Pass (2011),0.5,3.2839420298666027
rw2786711,Invasion of the Body Snatchers (1978),4.0,3.3774877000152728
rw5478913,Game Night (I) (2018),3.0,3.187632883746521
rw4457148,Rush (I) (2013),5.0,3.4649210952869454
rw3363623,A Long Way Down (2014),4.5,3.6206547425958884
rw2034105,Watchmen (2009),0.5,3.824819117498156
rw3670619,Eye for an Eye (1996),0.5,3.2263445091971543
rw4537914,The Shallows (2016),3.0,3.1662309848179238
rw0056700,The Trouble with Harry (1955),5.0,3.445586603420444
rw3533594,No Touching at All (2014),5.0,3.4285854417207577
rw0672080,Amélie (2001),5.0,3.506780767698569
rw4478825,Medias Res (2017),4.0,3.2469818626639855
rw6130346,A Patch of Fog (2015),4.5,3.390391865233816
rw0459208,The Lord of the Rings: The Fellowship of the Ring (2001),4.5,3.4712133274474364
rw2802198,Furious 6 (2013),5.0,3.395667409234097
rw4157707,Vanilla Sky (2001),3.5,3.4733058100283016
rw1444133,The Lord of the Rings: The Return of the King (2003),4.5,4.186773525207341
rw1978242,Tunes of Glory (1960),4.0,3.385414827602232
rw0894098,Troy (2004),1.5,4.1035072126550585
rw3731382,Slap Happy Pappy (1940),3.5,3.4192113772491064
rw5517701,Thappad (I) (2020),4.5,3.8266917171656587
rw1804238,Cloverfield (2008),4.5,2.2780023474406326
rw2752539,Blue Bloods (2010– ),4.0,3.261751895318051
rw2437089,Red River (2011),1.5,3.4793657355416325
rw5549674,Spenser Confidential (2020),5.0,2.5640110659881956
rw3270154,Terminator Genisys (2015),4.5,3.1211268713477556
rw6123701,Hereditary (2018),2.5,2.1145023865053307
rw1891083,Prom Night (I) (2008),0.5,3.1676245482793814
rw4244701,Brad's Status (2017),5.0,3.4527022238072784
rw2096648,Harry Potter and the Half-Blood Prince (2009),5.0,3.426784166305639
rw3452289,End of the World (1977),3.0,3.2234579670961687
rw3790406,Checkmate (I) (2015),0.5,3.3189574626825022
rw1299646,Dark Days (2000),5.0,3.2122810679646028
rw5430848,Jojo Rabbit (2019),4.5,3.759678219358977
rw5018200,Another Life (2019– ),4.0,2.6165295450388917
rw4485810,Iron Jawed Angels (2004 TV Movie),1.0,3.3907914383582476
rw4824216,Dark by Noon (2013),0.5,3.1893256947132786
rw4216244,Total Siyapaa (2014),2.5,3.4348071663346116
rw2707841,7 Seconds (2005 Video),0.5,3.252759904268071
rw3098222,Rollerball (1975),5.0,3.27908614441629
rw5932841,Dil Bechara (2020),5.0,3.9969079935813543
rw0302630,92 Legendary La Rose Noire (1992),5.0,3.547263386424419
rw5654607,"Marines, Let's Go (1961)",3.5,3.3605225029220085
rw5280067,The Hunt for Red October (1990),4.0,3.2171091316380744
rw3139764,Bitten (2014–2016),4.5,3.5549040600378308
rw5061789,White Palace (1990),5.0,3.4350979789958775
rw4158418,The Fighter (I) (2010),5.0,3.550995372495991
rw3510302,Wild Tales (2014),4.5,3.321692637662499
rw5181671,Fixerr (2019– ),5.0,3.296323621286243
rw2368925,The Last Exorcism (2010),2.5,3.2998072712496564
rw5417036,Code M (2020– ),5.0,3.874575290412755
rw4462725,Bohemian Rhapsody (2018),5.0,4.138048720942624
rw1371473,Thank You for Smoking (2005),4.0,3.266603551671002
rw1139993,Stealth (2005),0.5,3.2660897751179294
rw5196768,Fractured (I) (2019),2.5,3.7711733812314465
rw3780442,Pandora (2016),5.0,3.45920890012907
rw5052561,The Imitation Game (2014),2.0,3.9239123841678403
rw5422075,Doctor Who (2005– ),0.5,3.5004567214851585
rw4661893,Rip Tide (2017),1.0,3.4214473849018727
rw6167682,Spontaneous (II) (2020),3.5,3.4151240372399694
rw3747339,Svarta Madam (2017),3.0,3.2613356972439
rw5787201,Mrs. Serial Killer (2020),5.0,3.73990646890481
rw2882620,Warm Bodies (2013),3.5,3.3513388795943464
rw0708514,The Tailor of Panama (2001),0.5,3.256310199562088
rw1857094,Valley Girl (1983),5.0,3.363791286037448
rw1084392,Star Wars: Episode III - Revenge of the Sith (2005),4.0,3.78193114508029
rw3217804,Panic Room (2002),4.5,3.034351932019206
rw5586621,Uncorked (I) (2020),0.5,3.2167069615550217
rw3306508,San Andreas (2015),1.0,3.315436249092044
rw6355969,Terminator Salvation (2009),3.0,3.52907160234268
rw4969344,Point Blank (1967),0.5,3.3129122221698353
rw1385720,Breakfast on Pluto (2005),4.5,3.27382478229364
rw4849592,The Meyerowitz Stories (2017),2.0,3.3806512983843673
rw3740547,Alien: Covenant (2017),4.5,2.674287800473688
rw4411379,Train to Busan (2016),4.0,3.6352118902565014
rw1811324,The Lord of the Rings: The Fellowship of the Ring (2001),4.5,3.4712133274474364
rw1540355,Dead Man's Curve (1998),3.0,3.2413702334636914
rw4989851,Love Island (2015– ),0.5,3.3235770313706228
rw0870452,Spider-Man 2 (2004),5.0,3.764463527782148
rw1238169,Final Fantasy VII (1997 Video Game),5.0,2.8682949605991612
rw4457800,Smoke (2018–2019),4.0,3.8567736031820408
rw1199984,North Country (2005),3.0,3.7101209821521817
rw1991661,Dragon Wars: D-War (2007),0.5,3.336202767247796
rw1878389,The Raven (1963),3.5,3.308809875211448
rw1253551,Escape Under Pressure (2000),3.0,3.282795708179588
rw4294515,Mission: Impossible - Fallout (2018),1.0,3.7656791691044558
rw5976183,Upgrade (2018),4.5,3.439990982109785
rw1543828,The Devil Wears Prada (2006),3.0,3.47122048144712
rw2061942,X-Men Origins: Wolverine (2009),4.0,3.3219211287158337
rw3169317,魔法黑森林 (2014),3.5,3.033913870067684
rw2327679,Graffiti meissä (2006 Video),3.5,3.364668646058101
rw6434378,The Tale of The Princess Kaguya (2013),3.5,3.601842495828985
rw3104328,The Lion King (1994),5.0,4.051397376505262
rw0187820,Neighbors (1981),5.0,3.357551714985593
rw0003574,Battleship Potemkin (1925),4.5,3.423090378115498
rw4920564,Steve Martin and Martin Short: An Evening You Will Forget for the Rest of Your Life (2018 TV Special),4.0,3.6412035719208733
rw4713091,Captain Marvel (2019),4.5,3.1261801325632215
rw2528985,Saw (2009 Video Game),3.5,3.2739308462029495
rw1925019,The Dark Knight (2008),5.0,4.144469490026469
rw2416886,Buried (2010),5.0,3.3278084116968785
rw1033395,A Home at the End of the World (2004),5.0,3.333793969916597
rw5856707,Eurovision Song Contest: The Story of Fire Saga (2020),3.0,3.384581239872638
rw2375619,Casino (1995),4.0,3.606100448404758
rw4130717,The Shape of Water (2017),1.5,3.640693586988155
rw5103114,Strange But True (2019),5.0,3.246356048399822
rw4301693,Ocean's Eight (2018),0.5,2.372393750895298
rw0378428,Beautiful Thing (1996),5.0,3.3717812081092244
rw0052666,Rear Window (1954),5.0,3.357319207288772
rw4325602,Office Uprising (2018),0.5,3.3346189169131484
rw4780237,Too Late to Die Young (2018),4.0,3.5104605477486572
rw0635474,Shadow of the Vampire (2000),3.5,3.394485701520659
rw4421896,Shaun of the Dead (2004),3.0,3.186296250652521
rw2292669,Mrs. Miniver (1942),4.5,3.522762311332109
rw1207452,Lumber Jerks (1955),1.5,3.384565145351242
rw0994754,EuroTrip (2004),3.0,3.383365759967265
rw0467357,Practical Magic (1998),2.0,3.324939396485737
rw0874341,Big Fish (2003),1.5,2.6794679438627784
rw6091179,The Social Dilemma (2020),0.5,3.4941999997432274
rw5651215,Beastars (2019– ),4.5,3.142761809469612
rw0081201,Dr. Strangelove or: How I Learned to Stop Worrying and Love the Bomb (1964),5.0,3.356485978779691
rw1907693,Confessions from the David Galaxy Affair (1979),0.5,3.235784944958635
rw5356690,CATS貓 (2019),4.0,2.763678664861726
rw6116669,The Boys (2019– ),5.0,3.9378113663323426
rw5334303,Gotti (2018),0.5,3.1951811089915547
rw5778311,Piranhas (2019),2.0,3.3979594342868
rw6344652,American Murder: The Family Next Door (2020),4.0,3.2318888819782066
rw1708661,The Aryan Couple (2004),5.0,3.368081832896675
rw5473182,The Kingdom (2007),3.0,3.244360546628734
rw4890232,Brendan Schaub: You'd Be Surprised (2019 TV Special),0.5,3.3757162794496556
rw5813819,Jack the Giant Slayer (2013),3.5,3.25150988184119
rw5580036,Girls with Balls (2018),2.5,3.252136972066934
rw4345024,Incident in a Ghostland (2018),0.5,3.2372134752124886
rw2672276,Premium Rush (2012),3.5,3.2478051742309066
rw4960531,Flood (2007),0.5,3.1995068549243513
rw5757643,Anne with an E (2017–2019),5.0,3.455845840421046
rw2393677,Showgirls (1995),3.0,3.4081801236114533
rw1034932,Timeline (2003),4.0,2.7259633919458537
rw1978803,The Life and Times of Judge Roy Bean (1972),5.0,3.4525659897546657
rw1428866,B.T.K. Killer (2005 Video),1.0,3.3191716659446002
rw1975795,Saw V (2008),5.0,3.443947769335528
rw2728677,Mammas pojkar (2012),2.5,3.419918572630576
rw2740453,Pearlie (2008–2011),4.0,3.1845663134681734
rw4948757,"Asylum, the Lost Footage (2013)",3.5,3.305806581564908
rw2973226,Run (1991),4.5,3.401762915838361
rw2120375,Creator (1985),5.0,3.4471122821605906
rw0893979,Troy (2004),5.0,3.1000168536524555
rw2702426,The Brain from Planet Arous (1957),1.5,3.2204205576238207
rw3125219,La révolution française (1989),4.0,3.531728864538753
rw3277853,Ascension (2014),0.5,3.2715289304741146
rw3701837,Handsome: A Netflix Mystery Movie (2017),3.0,3.393542325951016
rw3522068,Super Size Me (2004),2.0,3.418850297200626
rw1903381,The Thing with Two Heads (1972),3.5,3.365975230116136
rw2113356,The Boondocks (2005–2014),5.0,2.6574775799262564
rw4502248,Thor (2011),2.0,3.5746783371365054
rw0648125,Noll tolerans (1999),3.0,3.321495567667743
rw4770563,Shazam! (2019),4.5,3.4289308763816018
rw4525297,Second Act (2018),3.0,3.198304956247936
rw5668093,Community (2009–2015),4.5,3.3874436364149734
rw1789605,Aliens vs. Predator: Requiem (2007),4.0,3.20720254876716
rw4216753,Craig of the Creek (2018– ),5.0,3.436082695729614
rw3549685,Solaris (1972),3.5,3.3637791977942744
rw6021231,A Little Chaos (2014),4.5,3.4130340816972993
rw2248945,Hellbinders (2009),4.5,3.312759618443813
rw6336255,Hillbilly Elegy (2020),3.5,3.416964570819398
rw0229561,Aliens (1986),4.5,3.8833977384164298
rw0671353,Vengo (2000),3.5,3.415776571761703
rw0515616,The Talented Mr. Ripley (1999),0.5,3.070387901033391
rw3857578,Disjointed (2017–2018),4.0,3.4931840705729336
rw5245431,And Then We Danced (2019),5.0,3.4617675083721413
rw3022620,Leaving Home (2013),1.5,3.5136250063611216
rw4811303,Fury (2014),3.5,3.050832447060433
rw5432311,Tokyo Tribe (2014),4.5,3.484925916314666
rw0392518,Palookaville (1995),4.5,3.266088751803906
rw6272755,The To Do List (2013),4.5,3.252362657751209
rw3516310,Heart of Glass (1976),2.0,3.388005057189813
rw1858250,La sconosciuta (2006),5.0,3.2311244176203755
rw5389744,Groupers (2019),4.5,3.623229471329722
rw5365361,Lucy in the Sky (2019),3.5,3.315581495305733
rw1708476,Sin sostén (1998),4.0,3.34926621181688
rw3253663,She's Funny That Way (2014),4.0,3.278259320492938
rw2859773,The Amazing Spider-Man (2012),0.5,3.432601528728906
rw2015534,Shredded (2000 Video),3.0,3.3637053258631284
rw4311582,The Boss (2016),5.0,3.4141167439184787
rw1832972,The Warlords (2007),4.5,3.4770463736568837
rw3772972,The Dark Tower (2017),4.5,3.7375892012187397
rw4637021,Hunter Killer (2018),3.5,2.99663948303738
rw1037783,Once Upon a Time in the West (1968),5.0,3.378995572766147
rw4905049,Gremlins (1984),3.5,3.4394797395734464
rw4738075,Guest in the House (1944),4.0,3.314009534533987
rw0441915,American History X (1998),5.0,3.462418859882299
rw0676604,Hannibal (2001),4.5,3.8279077461773867
rw3315865,Huevos: Little Rooster's Egg-cellent Adventure (2015),2.0,3.324905606189476
rw3741149,Damaged (2014 TV Movie),1.0,3.2802591869824576
rw4370991,The Godfather (1972),5.0,4.086618606309818
rw6158451,Dead Still (2020– ),4.5,3.2469932382062057
rw3828725,The Dark Tower (2017),3.5,3.8720395053828462
rw5124915,The Frightened Man (1952),3.5,3.2863711879287094
rw5770639,Dilwale (2015),5.0,3.278123324357459
rw2890837,Ninja Death (1987),4.5,3.5549040600378308
rw5610585,Kill Bill: Vol. 1 (2003),2.0,3.8889217686149182
rw2791466,Argo (2012),5.0,3.3374764587916093
rw0481674,Star Wars: Episode I - The Phantom Menace (1999),5.0,3.3812793514185184
rw2027931,Lost (2004–2010),5.0,3.3572011270577904
rw1689917,The Butterfly Effect (2004),3.0,3.8642343187520893
rw5574251,Masameer the Movie (2020),0.5,3.533461233949399
rw2586653,Wuthering Heights (2011),0.5,3.3982910734047875
rw4463384,Seema Raja (2018),2.0,3.6588284246166003
rw3812466,Victoria & Abdul (2017),4.5,3.4158711899073295
rw0387478,Independence Day (1996),3.5,3.3523520056289358
rw4525466,Titan A.E. (2000),3.0,3.681155922320096
rw6038140,Memento (2000),5.0,3.91288201698276
rw4577673,A Perfect World (1993),3.5,3.4679203217251753
rw0192583,E.T. the Extra-Terrestrial (1982),4.5,3.3516727761824243
rw2952975,Aashiqui 2 (2013),3.0,3.414622109737057
rw2359939,Elle s'appelait Sarah (2010),4.0,3.2955827691457937
rw2505399,Red State (2011),5.0,3.36702956659188
rw1119632,À la folie... pas du tout (2002),2.0,3.3908486146857735
rw5913350,Mafia (2020– ),2.0,3.2587802035625075
rw5301289,Bad Day for the Cut (2017),3.5,3.266254277251379
rw2106548,Come and See (1985),5.0,3.3901286509281094
rw3732777,Bank Chor (2017),3.5,3.381444303278731
rw4659881,Escape Room (I) (2019),3.5,3.617764276309067
rw1134766,A Very Long Engagement (2004),4.0,3.598656786840101
rw3315910,Tenacious D in the Pick of Destiny (2006),4.0,3.361689593696724
rw2441687,The Long and Short of It (2003),3.5,3.3035653002870666
rw4345983,Disenchantment (2018– ),2.0,3.510058867414958
rw1223115,Walk the Line (2005),3.5,3.445967000003176
rw4325414,Penguins of Madagascar (2014),2.0,3.4873467833038783
rw5757711,The Last Kingdom (2015– ),5.0,3.3641117023162024
rw0268313,Cyborg (1989),1.5,3.2807834749069986
rw4484651,Shadow of a Doubt (1943),4.5,3.538743954501723
rw6383053,Titanic (1997),5.0,2.9389873976474914
rw4366882,Little Women (2018),4.5,3.305159155119639
rw0527047,Message in a Bottle (1999),4.0,2.7586572724806877
rw3452641,Eddie the Eagle (2015),5.0,3.7557307671458826
rw5415141,Instinct (2018–2019),4.5,3.370958888279523
rw0778197,Adaptation. (2002),5.0,3.4176167340414
rw4403137,A Star Is Born (2018),4.0,3.2041849736044976
rw4843837,John Wick: Chapter 2 (2017),4.0,3.35370882741437
rw4559609,The First (2018),4.0,2.8838800912993254
rw1835020,Swing Kids (1993),4.0,3.296457708824257
rw2218867,Confession (I) (2005),5.0,3.4180911451249965
rw4843500,Fleabag (2016–2019),5.0,3.8409425691588486
rw5842584,You Should Have Left (2020),2.5,3.2279577146016973
rw5956124,Shakuntala Devi (2020),0.5,3.8968597180567492
rw1505565,Troll 2 (1990),0.5,3.291245669820616
rw6002369,2010: Moby Dick (2010 Video),0.5,3.2439365974996166
rw1466744,Two Bits (1995),4.0,3.4151874363581753
rw1672640,United 93 (2006),0.5,3.3928255930039874
rw4211998,Hannah Gadsby: Nanette (2018 TV Special),5.0,3.4232166134408506
rw2198570,阿凡達 (2009),2.5,3.4443447289117772
rw1912722,The Dark Knight (2008),5.0,4.144469490026469
rw4231616,The Odyssey (1997),3.0,3.1100963408179294
rw3771429,Toxic Shark (2017 TV Movie),4.5,3.2252115331598032
rw2872204,Hendrix on Hendrix (2013),5.0,3.566789868483938
rw3637948,David Brent: Life on the Road (2016),2.5,3.295211318645592
rw1847200,The Flirt (1917),3.0,3.5340085539713053
rw3739165,Nobody Speak: Trials of the Free Press (2017),4.0,3.3988022037003867
rw3189939,Monkey Shines (1988),3.0,3.2594335368052914
rw0441317,Celebrity (1998),3.5,3.4739851440396676
rw1805467,Sakuran (2006),4.0,3.5118368867714516
rw3604980,How Sarah Got Her Wings (2015),3.5,3.29856817126622
rw3673139,Bokeh (I) (2017),3.0,3.1418833021897687
rw5173479,Kuzgun (2019),5.0,3.4447401445781702
rw4515618,Insidious (I) (2010),3.0,3.1238437089223368
rw2066624,Beehive (2008– ),3.0,3.566789868483938
rw0572770,City of Ghosts (2002),4.0,3.4045695316244515
rw4974728,Bob Lazar: Area 51 & Flying Saucers (2018),4.0,2.763285073127521
rw3083177,Mr. Majestyk (1974),3.5,3.4922841921531615
rw5623947,Intersection (1994),3.5,3.3296089542994105
rw0552492,The Thomas Crown Affair (1999),3.5,3.507279419527872
rw0995553,Shogun (1980),5.0,3.4360282431019242
rw0969603,Being Julia (2004),4.5,3.5426507680743136
rw2624983,Paranoid Activity 2 (2011),4.0,3.546210120784718
rw3783673,NOTFILM (2015),0.5,3.3752400003644345
rw2808738,Star Trek Into Darkness (2013),4.0,2.599564452855056
rw0116085,Diamonds Are Forever (1971),4.0,3.2704045985958667
rw5070157,The Staircase (2004–2018),0.5,3.4492902224582207
rw4489109,2.0 (2018),0.5,3.7317671127276455
rw3489642,Warcraft (2016),5.0,3.474686040876945
rw4280981,Flight (I) (2012),5.0,3.074766183234211
rw3309101,The Lazarus Effect (2015),3.5,3.1559024600638113
rw5522338,Mr Inbetween (2018– ),4.5,3.2573735004033413
rw3270119,Terminator Genisys (2015),4.0,3.272855887068576
rw3692065,Dead & Buried (1981),3.5,3.175505241754601
rw0343304,Major Payne (1995),3.0,3.452527622282331
rw4835582,Ballon (2018),4.0,3.2573168151251726
rw3766398,Lionhearted (2012),4.0,3.3062189602102157
rw5490870,Starship Troopers (1997),3.5,3.192855824135553
rw1597792,無間道 (2002),4.5,3.3207998017281763
rw3046697,The Adventures of Sherlock Holmes (1939),5.0,3.4864931730812825
rw1212453,Gettin' Square (2003),4.5,3.2693239080836354
rw2080268,Hilda Crane (1956),2.5,3.4763580721111467
rw1043672,The Jacket (2005),1.5,3.4244103471720866
rw1550410,Rocky Balboa (2006),3.5,3.7902650666872835
rw3522302,Il padre di famiglia (1967),2.5,3.3173497111927035
rw0776083,Spy Game (2001),4.0,3.295572559055188
rw0065205,The Old Man and the Sea (1958),4.5,3.486503640392784
rw3628450,Underworld: Blood Wars (2016),4.0,2.6422122693609484
rw5237128,Ride with the Devil (I) (1999),4.5,3.2955734607039076
rw1944980,Hell Ride (2008),1.0,3.3425815335626723
rw4362930,The Predator (2018),0.5,3.039533035510358
rw5514901,Thappad (I) (2020),5.0,3.5960641963385105
rw5855080,No Escape (I) (2015),3.5,3.3160604620628202
rw5283073,Diary of a Wimpy Kid: The Long Haul (2017),0.5,3.3146832822732946
rw0473959,The Thin Red Line (1998),5.0,3.4212547186926203
rw3702941,Wasp (2015),3.0,3.1999427647357077
rw1407675,Superman Returns (2006),1.5,3.7042887342282778
rw5413505,La rivolta degli schiavi (1960),3.5,3.366946289508477
rw0563569,The Story of Us (1999),4.5,3.271091805902962
rw3050869,Falang: Behind Bangkok's Smile (2005),4.0,3.455301265700103
rw5256554,Disaster Movie (2008),0.5,3.5587334716194885
rw5960659,Avengers: Endgame (2019),5.0,3.8523918281719425
rw5931203,Dil Bechara (2020),5.0,4.233829121113064
rw3212495,The Umbrellas of Cherbourg (1964),3.0,3.321967609944268
rw6198383,Inside (I) (2016),0.5,3.272867544286846
rw2857515,Madras Cafe (2013),5.0,3.2166349385456234
rw6251238,Continuum (I) (2012–2015),0.5,3.607040488704734
rw5356468,CATS貓 (2019),0.5,3.586337003176516
rw6095958,Away (2020),1.5,2.418673027346522
rw2947673,Art School Confidential (2006),3.5,3.4541268502770928
rw3725799,Alien: Covenant (2017),2.5,3.6235765589750417
rw3714584,Blame! (2017),4.0,3.3447939291299122
rw3591876,The Hound of the Baskervilles (1959),3.5,3.5314630409123016
rw3828084,Blade Runner 2049 (2017),1.0,3.9342481252028114
rw5180071,Amy Schumer: The Leather Special (2017 TV Special),0.5,3.2899456075118616
rw5665252,Chappaquiddick (2017),3.0,3.4551710613215185
rw3846590,Hocus Pocus (1993),5.0,3.4324701086960228
rw5810287,Entourage (2015),4.5,3.7980615752090996
rw5059276,El Hijo (2019),0.5,3.306205126963511
rw0236448,Platoon (1986),3.5,3.180335057670376
rw2855240,King Priam (1985 TV Movie),5.0,3.542632379054151
rw0774585,Kill Bill: Vol. 1 (2003),5.0,3.3112263699008624
rw0406470,Beverly Hills Ninja (1997),5.0,3.4509157920792637
rw4705933,King Arthur: Legend of the Sword (2017),3.0,3.25920384797226
rw1650883,Boxcar Bertha (1972),3.5,3.0473514189249946
rw4453400,Salomé (1922),5.0,3.2487629982827686
rw4217643,Won't You Be My Neighbor? (2018),5.0,3.2957011120104354
rw5526284,Two Weeks Notice (2002),5.0,3.3038667772361254
rw5161197,Ratsasan (2018),5.0,3.7667035420974693
rw5718107,The Lady Vanishes (1938),4.0,3.3326766083568033
rw2069589,Batman Tech (2008 TV Short),4.0,3.2571688657701645
rw1265026,Brokeback Mountain (2005),5.0,3.935559432296386
rw4380149,Venom (2018),4.0,4.037030725488383
rw0983334,Armageddon (1998),2.5,3.182946230129882
rw6344023,Ashes of Love (2018),5.0,3.161617652151308
rw2691088,The Ghost and Mrs. Muir (1947),3.5,3.256706253447488
rw4328516,Seven Psychopaths (2012),3.0,3.4001670073975565
rw6237432,Taish (2020),5.0,3.3890873660222147
rw5607717,Apharan (2018– ),4.5,3.352822792769544
rw4861972,Deux gouttes d'eau (2018 TV Movie),3.5,3.5499009024132797
rw3400152,The Trap (1946),3.0,3.38465727765436
rw0225880,The Return of the Living Dead (1985),5.0,3.6193666897764203
rw0553880,Wishmaster 2: Evil Never Dies (1999 Video),4.0,3.316085896385421
rw2222673,Warner at War (2008 TV Movie),4.0,3.1576607403687857
rw0496327,Shrek (2001),4.5,3.905522706147745
rw1671591,Knocked Up (2007),5.0,3.4157922551125286
rw3482286,Warcraft (2016),3.5,3.474686040876945
rw3181213,Birdman or (The Unexpected Virtue of Ignorance) (2014),4.0,3.4787857715239165
rw4409950,Next Gen (I) (2018),5.0,3.54156546153845
rw3114363,Ave Maria (1953),3.0,3.313594152253413
rw0583812,The Lord of the Rings: The Return of the King (2003),5.0,4.186773525207341
rw4902446,Captive State (2019),1.0,2.8047075807065927
rw3630106,T2 Trainspotting (2017),4.0,3.5119252266589704
rw6177161,Hereditary (2018),1.0,3.082354648368621
rw5660611,Dark City (1998),5.0,3.6520384918489013
rw4863857,The Equalizer 2 (2018),5.0,3.1768584621102613
rw4810554,Braveheart (1995),5.0,3.4511343976541378
rw6455849,Dave Made a Maze (2017),2.5,3.3655855048545362
rw1469237,V for Vendetta (2005),5.0,3.4684590505783173
rw3736049,Dances with Wolves (1990),4.0,3.474164668695185
rw5817260,Gulabo Sitabo (2020),4.5,3.4691630745710778
rw3307215,X-Men: Days of Future Past (2014),2.5,3.3489837374048896
rw1362376,The Wedding Date (2005),3.0,3.3770778347848807
rw1201142,Second to Die (2002),4.0,3.246406796676421
rw2974628,Stranger by the Lake (2013),3.0,3.5810019356009137
rw6196900,The Witches (2020),5.0,2.5267461880509217
rw3023699,Lawrence of Arabia (1962),3.5,4.02865772008142
rw4944322,Plus One (I) (2019),0.5,3.3450080493790613
rw0976796,The Red Badge of Courage (1951),5.0,3.349079667745502
rw1498010,The Last King of Scotland (2006),3.5,3.4597672224078595
rw0253541,Above the Law (1988),2.0,3.2909243382771227
rw3148885,怪獸大學 (2013),3.5,3.3413515789893093
rw5032302,Serenity (2019),0.5,3.5764456434676988
rw4307667,Wet Hot American Summer (2001),5.0,3.367928778543319
rw0987074,The Phantom of the Opera (2004),4.0,3.4375398485639908
rw1109456,The Killer Eye (1999),4.5,3.1505725013363373
rw2931730,The Cheap Detective (1978),0.5,3.524443704210479
rw4312435,Skyscraper (2018),5.0,3.2594272167146388
rw1591359,Music and Lyrics (2007),2.0,3.3941000158608006
rw4025911,Hostiles (2017),3.5,2.47185130755965
rw1829145,Eagle vs Shark (2007),5.0,3.3269989536185665
rw5019938,Batman: Hush (2019 Video),3.0,3.2954771034410912
rw5415620,DuckTales (1987–1990),4.5,3.4342543199003823
rw0410522,Clockwatchers (1997),4.5,3.3927652890579028
rw6073958,The Barge People (2018),5.0,3.09201879979866
rw2154654,Twins of Evil (1971),4.0,3.31006270443466
rw3193082,Running on Empty (1988),1.5,3.393562901644814
rw4398259,Arctic (2018),4.0,2.8423110234098226
rw1534287,Don (I) (2006),5.0,3.372331686396219
rw0891863,The Card Player (2004),2.0,3.309421847413282
rw5418919,A Fall from Grace (2020),5.0,3.2697743706511915
rw0635247,Night Crawlers (1996 Video),0.5,3.2474146286396315
rw2145384,The Crystal Maze (1990–2020),4.5,3.566789868483938
rw1844443,Final Equinox (1995),4.5,3.3049016611923165
rw2436738,Daltry Calhoun (2005),0.5,3.289500682391817
rw6447314,Girl with a Pearl Earring (2003),4.5,3.423976279594883
rw3628125,The Night Of (2016),4.5,3.2867284194298256
rw5851702,The Clock (1945),4.0,3.470422073647014
rw4853010,Riverdale (2017– ),0.5,3.4478626029085135
rw4443248,Sarkar (2018),0.5,3.5365808669326757
rw3745108,Scream (1996),5.0,3.950601550917534
rw6090041,American Psycho (2000),4.0,3.5166788261488287
rw4235382,Star Wars: Episode VIII - The Last Jedi (2017),2.0,3.2680199764817703
rw4435187,Wanderlust (2018– ),3.0,3.319456129562195
rw4433525,Christmas List (2016 TV Movie),1.0,3.3952738651149885
rw5922503,Toni Erdmann (2016),4.5,3.3389088659702817
rw1354423,Dreamer (2005),5.0,3.519257128874054
rw5085506,Game Over (I) (2019),4.5,3.7250889991924327
rw0581578,Detour (1998 Video),4.0,3.3161886774542624
rw6076329,I'm Thinking of Ending Things (2020),0.5,2.555417473934657
rw4190408,Back Door to Hell (1964),3.0,3.25485154287036
rw0665930,Memento (2000),5.0,4.030343453435919
rw3831664,Too Late the Hero (1970),3.5,3.316548401487521
rw6133413,Free Dance (2018),4.0,3.202541419632308
rw4459530,Can't Complain (2007),5.0,3.425992954623635
rw5264835,The Mandalorian (2019– ),5.0,4.0350676775245296
rw1276735,Tristram Shandy: A Cock and Bull Story (2005),1.5,3.5370961083342447
rw5044357,Girls (2012–2017),0.5,3.4689969211058598
rw4966026,It's Kind of a Funny Story (2010),0.5,3.51728617571955
rw2630891,Rock of Ages (2012),4.5,3.305874821747429
rw3527893,Mad Max 2: The Road Warrior (1981),4.0,3.32936060213847
rw4211726,Firestorm (1998),1.0,3.4950097485530245
rw1876930,Babel (I) (2006),4.0,3.3887303365053176
rw5051598,Memoirs of a Geisha (2005),5.0,3.2280275579121507
rw5941933,Vikingane (2016– ),5.0,3.964588933622564
rw1110097,Batman Begins (2005),4.5,3.4610322921598424
rw4788641,Nosso Lar (2010),2.5,3.2183016143735688
rw5889750,Pulp Fiction (1994),4.5,4.063637898952795
rw1696938,The Killing (1956),5.0,3.745598949101394
rw2066498,Star Trek (2009),2.0,3.391487404886825
rw0984518,Timeline (2003),0.5,3.422377133270697
rw3127442,Interstellar (2014),5.0,3.7555770044962973
rw3550931,Swiss Army Man (2016),4.0,3.3860082418392348
rw2970914,Mom (2013– ),4.5,3.36243561529811
rw0468504,Resident Evil (2002),5.0,3.3815995494979614
rw2489400,Up (2009),4.0,3.742649116501124
rw2752446,"The Bride's Bereavement; or, The Snake in the Grass (1932)",1.0,3.5751216479992296
rw0294586,The Hard Way (1991),3.5,3.3885387656375605
rw1292903,Solaris (2002),0.5,3.469406711164303
rw1704642,Dead Silence (2007),1.0,3.1698963322026428
rw5091263,X-Men: Dark Phoenix (2019),0.5,3.4643540279673064
rw0909140,"I, Robot (2004)",2.5,3.489446931326434
rw1698774,I Now Pronounce You Chuck & Larry (2007),2.0,3.2104174862166532
rw6376705,Tenet (2020),4.0,3.96141423128172
rw3674986,Ek Tha Tiger (2012),4.5,3.4832178146520785
rw2875074,The Last Push (2012),5.0,3.278046539676119
rw5498783,Despicable Me (2010),4.0,3.7428550844947504
rw4058654,Peter Rabbit (2018),4.0,3.3007664104385688
rw6182478,The Poughkeepsie Tapes (2007),1.5,3.314298035679497
rw5347364,寄生上流 (2019),5.0,3.863817098680426
rw3800106,A Return to Salem's Lot (1987),2.5,3.132969185623743
rw1277897,Cry Wolf (2005),0.5,3.4436460585103843
rw2001968,Golgo 13 (2008–2009),4.5,3.4188407827293923
rw2215085,Little Big Soldier (2010),5.0,3.2201470059531285
rw1428315,Superman Returns (2006),3.0,3.312306965275746
rw4520516,Ralph Breaks the Internet (2018),4.0,3.183390090405589
rw2493120,The Lion King (1994),5.0,4.095034437217555
rw5772164,Killing Eve (2018– ),4.0,3.7937068036370714
rw4498674,The Great Gatsby (2013),5.0,3.3515729485400074
rw0449843,The 13th Warrior (1999),4.0,3.336712629648407
rw5751010,Revenge for Jolly! (2012),3.0,3.293531792583982
rw5186550,小丑 (2019),0.5,4.220060035451779
rw2620676,Rowdy Rathore (2012),4.0,3.3072174503840985
rw2456162,Grown Ups (I) (2010),1.5,3.272278091730287
rw6066849,Raised by Wolves (2020– ),1.5,3.5929048058625725
rw4902157,The Biggest Little Farm (2018),5.0,3.325150154720029
rw5341426,小丑 (2019),5.0,3.741149592147572
rw2372323,The Sickhouse (2008),4.0,3.263402613525263
rw0065979,Thunder Road (1958),3.5,3.374681094354175
rw1510448,Suspiria (1977),4.5,3.964234984744476
rw0180843,Assassination Attempt (1981),5.0,3.5549040600378308
rw4067310,Black Panther (2018),1.5,2.9839944452300173
rw5401072,Inception (2010),4.5,3.796878934942479
rw3212287,Dracula Untold (2014),2.0,3.5968772247636522
rw1262844,Tango Charlie (2005),4.5,3.426509557239613
rw2266433,Toy Story 3 (2010),4.5,3.4080533847856347
rw5439893,The Tradesmen (2011),4.5,3.5707636023584985
rw2620053,Wolfhound (2006),3.0,3.4143108539195097
rw1249129,The Bishop's Wife (1947),5.0,3.4779036773639573
rw1776998,Crying Freeman (1988– ),4.5,3.399570992063103
rw1686105,Love Comes to the Executioner (2006),3.5,3.566789868483938
rw4374318,Lookin' to Get Out (1982),3.5,3.53198936965317
rw4124929,Eddie the Eagle (2015),4.0,3.7557307671458826
rw4793682,Annie (2014),4.0,3.2724014830460386
rw3333073,Abbott and Costello Meet Captain Kidd (1952),2.5,3.5694655584112756
rw1552517,Brick (2005),4.5,3.404878020491635
rw5246614,Last Christmas (2019),3.5,3.7435591093201115
rw2096610,Bleach (2004–2012),5.0,3.3209539876248484
rw6407846,Coolie No. 1 (2020),0.5,2.076278093207172
rw0966378,Small Time Crooks (2000),1.0,3.3560585374674923
rw3829227,Alleycats (2016),3.5,3.3797129429040877
rw1264714,Hwiparam gongju (2002),3.0,3.4062446254568095
rw2969918,Frozen (I) (2013),4.0,3.680139826141085
rw4698628,Leaving Neverland (2019),0.5,2.6128025576650193
rw3832139,Angels Wear White (2017),4.5,3.337894192003954
rw3869640,The Nile Hilton Incident (2017),4.5,3.2547757523612573
rw0341542,Fist of Legend (1994),5.0,3.3882403088684776
rw2311306,The Chosen One (2010),4.5,3.3432097932384126
rw3051950,Deadly Eyes (1982),2.5,3.47560484530034
rw1680558,Missing Persons (1990 TV Movie),3.0,3.439627447817428
rw1060111,Hitch (I) (2005),0.5,2.718338416836449
rw2516223,Tartarin de Tarascon (1934),3.5,3.5630209474208865
rw5876315,Uncle Tom (2020),5.0,3.7880779179359663
rw1104265,Hook (1991),4.0,3.4833798537637546
rw3249573,Midnight in Paris (2011),1.5,3.3163968551487253
rw0112339,MASH (1970),5.0,3.251358014384891
rw2624093,Spirited Away (2001),5.0,3.7467906799870305
rw6215465,Over the Moon (2020),5.0,3.479578766468634
rw1480705,King of Burlesque (1936),3.0,3.32340221874852
rw2599244,Underworld: Awakening (2012),2.0,3.135936047895009
rw1677617,Able Edwards (2004),4.0,3.3898367133097604
rw6011924,The Great Heist (2020– ),4.0,3.5633012982397516
rw5935254,Psychosynthesis (2020),4.5,3.302143996471009
rw1761994,Deep Water (2006),4.5,3.1730910315243843
rw1633731,The Lives of a Bengal Lancer (1935),4.0,3.4880753497502175
rw3824028,Blade Runner 2049 (2017),5.0,3.5743922285111918
rw1130038,Wild at Heart (1990),5.0,3.5984638212523863
rw2895743,Revolution (2012–2014),5.0,3.241825391195251
rw5813413,The Shape of Water (2017),4.0,3.2471089716241757
rw0209696,Conan the Destroyer (1984),3.0,3.369252279906196
rw5524519,Dark Waters (2019),5.0,3.274295536482572
rw1529990,The Notebook (2004),5.0,3.682176472244498
rw3059222,The Purge: Anarchy (2014),4.0,3.284498258622836
rw5451528,The Sky Is Pink (2019),3.0,3.5267123503273226
rw0071814,Pepe (1960),2.0,3.4554839251821408
rw5782006,Star Wars: Episode II - Attack of the Clones (2002),2.5,3.3145848933863693
rw5116041,Nanny McPhee (2005),3.5,3.8672918423143954
rw1813282,The War of the Worlds (1953),3.5,3.4346505155861657
rw2087299,Lenny (1974),5.0,3.4512999121013883
rw6138587,Ghoomketu (2020),3.5,3.317357730607218
rw0188463,The House by the Cemetery (1981),4.0,3.3388218804672753
rw3534968,Don't Breathe (2016),4.0,3.129139055098119
rw3147236,Jericho (2006–2008),5.0,3.4780591546900697
rw0432384,Soldier (I) (1998),5.0,3.440861748785366
rw4355856,I Walk the Line (1970),4.0,3.434791141584975
rw1630425,Who Killed the Electric Car? (2006),2.5,3.483145616528828
rw5408576,The Outsider (2020– ),5.0,3.3522920795540685
rw5730478,The Last Dance (2020),5.0,3.5431067609267632
rw2979439,August: Osage County (2013),3.5,3.2573599179706956
rw4053382,Red Lights Ahead (1936),3.0,3.462959386821855
rw5550131,Bloodshot (2020),4.5,3.139471649838244
rw4676248,Patriot (II) (2015–2018),5.0,3.848800435689593
rw3333615,Uptown Saturday Night (1974),3.0,3.424371252910109
rw2319732,Mâdadayo (1993),3.5,3.482469307939531
rw2414341,Paul (2011),3.5,3.3027109583263896
rw3291942,Mamma Mia! (2008),4.0,3.4559160194495453
rw2498102,The Killers (1946),3.5,3.3753962055576623
rw5963963,The Wolfman (2010),5.0,3.407071101597121
rw5062320,The Boys (2019– ),5.0,3.927783639918551
rw3487057,Renegade (1992–1997),1.0,3.325251786225548
rw3267911,Bird on a Wire (1990),2.0,3.432390291418154
rw6374932,Hard Kill (2020),0.5,3.234803361985655
rw0865474,Hey Arnold! The Movie (2002),5.0,3.343889686919826
rw1502517,Gladiator (2000),5.0,3.977093312095339
rw0408791,Bulworth (1998),4.5,3.399954310018762
rw3076598,Prelude to Axanar (2014),5.0,3.2366991788102712
rw5584721,U-571 (2000),3.5,3.4058447577191115
rw0953215,"Ator, the Fighting Eagle (1982)",2.0,3.231053893022559
rw3274517,Strange Interlude (1932),3.5,3.3829037419398036
rw0494752,Man on the Moon (1999),4.5,3.4664795909667125
rw6310972,Andhaghaaram (2020),4.5,3.8358460799307075
rw4682165,Mortal Engines (2018),1.0,3.233277477308957
rw5802985,Chintu Ka Birthday (2020),2.5,3.387366918222596
rw3612306,Man of Steel (2013),3.0,3.2822506146070594
rw3473411,Our Kind of Traitor (2016),3.0,3.1773276968479793
rw5025912,Shell (I) (2012),0.5,3.2091930495663323
rw2092112,Transformers: Revenge of the Fallen (2009),1.5,2.2081377114665726
rw6313554,The New Mutants (2020),5.0,3.5168824590887127
rw5484153,Last Christmas (2019),4.0,3.7435591093201115
rw3371816,Vampire Academy (2014),0.5,3.1179721654779704
rw2812672,Man of Steel (2013),5.0,3.2822506146070594
rw0121711,Children Shouldn't Play with Dead Things (1972),3.0,3.2163885913879957
rw2402179,Over the Edge (1979),3.5,3.3404627826650786
rw2556530,The Gorgeous Hussy (1936),1.5,3.371727069441131
rw4359268,College Romance (2018– ),5.0,3.9483453282494105
rw3686786,After Love (2016),3.0,3.2978387947360908
rw1243887,The Five People You Meet in Heaven (2004 TV Movie),4.5,3.4156567768233472
rw3561715,Jesse Stone: Sea Change (2007 TV Movie),3.5,3.2044769763207968
rw0993994,Neredesin Firuze (2004),4.5,3.312113572390655
rw4835496,Arctic (2018),4.0,3.4495624951190846
rw1232030,The Dukes of Hazzard (2005),4.0,2.5545332301945916
rw2525053,Zombie Bloodbath (1993 Video),3.0,3.0760897166690713
rw0306405,The Crying Game (1992),5.0,3.4708726821192637
rw0596657,Nurse Betty (2000),2.0,3.4392940968918557
rw3315543,Fuss Over Feathers (1954),2.5,3.417000564877108
rw3163450,Jarhead 2: Field of Fire (2014 Video),0.5,3.1799322442461238
rw1867745,Iron Man (2008),3.5,3.186857622179086
rw1509181,Burnt Offerings (1976),4.0,3.3850344849424765
rw5909800,Code Geass (2006–2012),4.5,3.339476718379206
rw3672009,Rake (2010–2018),5.0,3.3031946866254347
rw2224676,A Serious Man (2009),1.0,3.4372313491775994
rw3772854,Tale of Tales (2015),4.0,3.455113782230153
rw1953088,Youth Without Youth (2007),2.0,3.3292784377702453
rw2821725,How to Make Money Selling Drugs (2012),4.5,3.3884298369609316
rw4498448,Hunter Killer (2018),5.0,2.814994707903968
rw1745598,Secretary (2002),1.0,3.460495418947923
rw3767791,The Promise (II) (2016),4.5,3.5163077836398595
rw3019430,Wedding Crashers (2005),5.0,3.2489615725325867
rw5740699,Disturbia (2007),2.0,3.2793766559257107
rw3227703,The Barrens (2012),1.5,3.231531630713664
rw1340461,King Kong (2005),3.5,2.9827953963312774
rw5726835,The Hollow (2018–2020),2.0,3.071201049952582
rw1636072,Zero Day (2002),5.0,3.203503487381108
rw5608234,Train to Busan (2016),4.0,3.6352118902565014
rw1793665,The Mist (2007),1.0,3.2082298836499783
rw5856871,Unsubscribe (I) (2020),1.0,3.349881320363828
rw5045538,Fast & Furious Presents: Hobbs & Shaw (2019),3.5,3.099910614892723
rw2616015,The Avengers (2012),5.0,3.776810833451294
rw4253255,Bram Stoker's Dracula (1992),2.0,2.545879566257614
rw0985965,Major Dundee (1965),2.0,3.3166644021750473
rw5126027,X-Men: Dark Phoenix (2019),4.5,2.714901684962061
rw3246226,"Ron Jeremy, Life After the Buffet (2014)",0.5,3.5549040600378308
rw5287556,The Irishman (2019),1.5,3.347324156618512
rw5866464,Dating Amber (2020),5.0,3.2900016479647602
rw3398549,Homicycle (2014),1.5,3.338700689394378
rw4266596,Star Wars: Episode VI - Return of the Jedi (1983),5.0,3.4127535769065465
rw5717465,DC Super Friends: The Joker's Playhouse (2010 Video),5.0,3.5149294487668543
rw4639506,Enaaya (2019– ),4.5,3.3437416721639774
rw4278975,The Invitation (I) (2015),4.5,3.2712376900250284
rw4273581,A Wrinkle in Time (2018),2.5,3.538047385953038
rw2164883,Just My Luck (2006),1.0,3.8224375203165715
rw1964224,Sleepy Hollow (1999),5.0,3.1858665849861416
rw0219890,The Coca-Cola Kid (1985),4.0,3.3002618085642634
rw5749692,Venom (2018),5.0,3.6942530828168287
rw2672278,屍樂園 (2009),5.0,3.770000868484945
rw3468515,American Ultra (2015),4.0,3.411323711630266
rw1565090,Master and Commander: The Far Side of the World (2003),4.5,3.2436358363731577
rw6163152,The Finest Hours (2016),5.0,3.2320244527904896
rw3731626,Nuts (1987),4.5,3.400887835045995
rw6206445,Mirzapur (2018– ),5.0,3.5549040600378308
rw0584274,The Lord of the Rings: The Return of the King (2003),5.0,4.112872212103523
rw2289011,Battlefield Earth (2000),5.0,3.329997417984493
rw5760880,Sheep Without a Shepherd (2019),4.0,3.386446550526944
rw1145885,The Life Aquatic with Steve Zissou (2004),0.5,3.899253303829477
rw2733277,Faltu (2006),4.5,3.5751216479992296
rw2370832,Despicable Me (2010),4.0,3.699572895399485
rw3435952,The Midnight Man (I) (2016),5.0,3.192283829905073
rw1605308,Dr. Chopper (2005 Video),5.0,3.2893858280490247
rw3080539,De Lego Film (2014),4.5,3.4407192587019817
rw6450591,The Wilds (2020– ),4.0,3.3579953177582618
rw5153773,El vampiro (1957),2.5,3.4951038904835308
rw4046875,Faith Under Fire (2018 TV Movie),4.5,3.439344553723315
rw5946184,Carry on Screaming! (1966),4.0,3.309412085149158
rw1680216,1408 (2007),2.5,3.530973693081194
rw1650231,Safe Men (1998),1.0,3.731790402334433
rw5361717,The Flintstones in Viva Rock Vegas (2000),3.0,3.405978054114881
rw4009822,Redneck (1973),3.5,3.368978814998719
rw2199682,The Relief of Belsen (2007 TV Movie),3.5,3.1808311407329244
rw5016562,Hail Satan? (2019),4.0,3.3973729996776054
rw4728485,The Queen's Corgi (2019),2.5,3.4696384192100123
rw3601664,The Revenant (2015),2.0,3.3536666189572863
rw5511110,Hunters (2020– ),1.0,3.5499519812195466
rw6166613,Godless (2017),4.0,3.3684600945823915
rw2946695,Cadillac Ranch (1996),1.0,3.328915329687075
rw2842406,Ship of Theseus (2012),4.5,3.3800806646670885
rw0525617,Cruel Intentions (1999),3.5,2.511651388974441
rw5594932,Bad Boys for Life (2020),4.0,3.373113561931867
rw3796445,Tombstone (2017),0.5,3.4148402920101892
rw0311949,Reservoir Dogs (1992),5.0,3.3137330216256697
rw5037323,Once Upon a Time... in Hollywood (2019),3.5,3.7709929184108404
rw0708876,Brotherhood of the Wolf (2001),5.0,3.3353821561394024
rw5472338,Once Upon a Time... In Hollywood (2019),3.0,3.5396238073186255
rw6119404,Bastille Day (2016),3.0,3.3434052754235144
rw1824409,The Matrix Reloaded (2003),2.0,3.6893348012298426
rw5689936,You (2018– ),0.5,3.6896799378537213
rw1624962,諾桑覺寺 (2007 TV Movie),4.5,3.3436866917835815
rw1660575,Gizelle (2006–2008),2.0,3.566789868483938
rw2809688,Star Trek Into Darkness (2013),4.5,2.599564452855056
rw0683785,Gangs of New York (2002),1.0,3.268095308841018
rw5043441,Yesterday (III) (2019),2.5,3.41775267770982
rw1728269,I Now Pronounce You Chuck & Larry (2007),3.0,2.8752865244931503
rw0302932,Alien 3 (1992),4.5,2.4739584452329213
rw5567794,The Hunt (II) (2020),5.0,3.1643265247867225
rw5989080,Gunjan Saxena: The Kargil Girl (2020),4.5,3.7353850004504614
rw4149303,LOL (2012),5.0,3.268742358390652
rw4568177,Bad Times at the El Royale (2018),1.5,3.796807765502989
rw5845245,The Last of Us: Part II (2020 Video Game),5.0,3.2506245227321138
rw1838302,The Werewolf of Washington (1973),2.0,3.254054344635741
rw4604241,IO (2019),3.5,3.3205818396605773
rw1764338,Weasels Rip My Flesh (1979),0.5,3.2100356283101976
rw5271743,About Endlessness (2019),3.5,3.417872346579516
rw2391377,Hall Pass (2011),3.0,2.50316873865114
rw5623350,Freakshow (2007 Video),3.5,3.336345371711297
rw1986911,Loser (2000),0.5,3.4044285422651286
rw1299088,House of the Dead (2003),2.5,2.4524265205431073
rw2959787,The Girl with the Dragon Tattoo (2009),4.5,3.2286908600678457
rw3029314,Harsh Times (2005),1.5,2.4711450833810327
rw2264609,A Cry in the Night (1956),3.5,3.399586752683867
rw1710195,Hairspray (2007),4.0,3.3708681706616868
rw3795699,The Deuce (2017–2019),0.5,3.43806658182087
rw0515297,The Talented Mr. Ripley (1999),2.5,2.3533502492205747
rw5070707,Fifty Shades of Black (2016),3.0,3.229830141660215
rw2998198,The Raid 2 (2014),0.5,3.319800449138739
rw6243841,Never Let Me Go (2010),5.0,3.3207454833245422
rw1746225,Mr. Brooks (2007),3.5,3.556452985755258
rw0717231,Harry Potter and the Sorcerer's Stone (2001),4.5,4.040822411624927
rw5597080,Belzebuth (2017),2.0,3.2776591100122348
rw5447546,What's Your Number? (2011),3.0,3.5365760781154845
rw1422534,The Lion King (1994),5.0,4.051397376505262
rw5556057,The Shining (1980),2.5,3.251781034555461
rw1115797,The War of the Worlds (2005 Video),3.0,3.459361216396529
rw2136680,Dorian Gray (1970),3.0,3.5640455831662754
rw6122331,The Chosen (2017– ),5.0,4.17568947544748
rw2288067,Mallrats (1995),4.5,3.185893400087553
rw0908346,Tupac: Resurrection (2003),2.5,3.5539221128902865
rw5489442,Lying and Stealing (2019),1.0,3.2411209977792472
rw4401312,Disco Pigs (2001),5.0,3.165146764317418
rw0395228,Sgt. Bilko (1996),1.5,3.5727979901348923
rw1627262,龍騎士 (2006),5.0,2.64747724810465
rw1575691,More Than a Secretary (1936),2.0,3.373537263427659
rw3433966,And Then There Were None (2015),3.0,3.2128026681394672
rw0116056,The Devils (1971),0.5,3.305690632137318
rw4853120,Happy Death Day 2U (2019),0.5,3.2125108900923487
rw2779464,Deal of a Lifetime (1999),3.5,3.546210120784718
rw3416043,Deadpool (2016),4.5,3.700526393271317
rw5658284,2001: A Space Odyssey (1968),4.0,3.648439690122756
rw5444990,Queen & Slim (2019),4.5,3.468034524826783
rw1613108,Estória do Gato e da Lua (1997),4.0,3.5549040600378308
rw1465851,Miracles (1986),4.5,3.415064062421821
rw3368346,5 to 7 (2014),2.5,3.36325067019773
rw1327447,Yathrakarude Sradhakku (2002),4.5,3.5232400461670235
rw5180495,Fractured (I) (2019),4.0,3.7711733812314465
rw6143456,The Glorias (2020),5.0,3.244261797759043
rw1124283,The Reflecting Skin (1990),5.0,3.3907729778145677
rw5473199,Grey's Anatomy (2005– ),2.5,3.229249273576498
rw4737136,He's Out There (2018),1.5,3.168496764746202
rw4006121,Backyard Ashes (2013),0.5,3.4837066213776464
rw3351892,The Collection (II) (2012),2.5,3.232605819871889
rw1915493,Citizen Toxie: The Toxic Avenger IV (2000),3.0,3.792198315429975
rw3786646,Amelia 2.0 (2017),4.0,3.394614763163173
rw5404386,WWE Raw (1993– ),5.0,3.2438610737266353
rw5475705,Disturbing the Peace (2020),0.5,3.358330034122884
rw1978398,Planet Earth (2006),5.0,3.31421549819279
rw2933941,The Past (2013),4.0,3.4708896530370685
rw4331175,Nocturnal Animals (2016),4.5,3.66171585425648
rw2631249,Iron Sky (2012),3.5,3.687389991999504
rw3067186,The Notebook (2004),4.5,4.031143435909785
rw2676738,Kennwort... Reiher (1964),5.0,3.5549040600378308
rw2640273,Red Rose of Normandy (2011 Video),5.0,3.356829370587166
rw0055851,Oklahoma! (1955),5.0,3.5765287934421846
rw2757760,Bloody Mama (1970),2.0,3.4624520039366593
rw1548248,Wild at Heart (1990),4.0,3.904087109546567
rw5855113,Life in Squares (2015– ),3.0,3.430135779927367
rw1249438,Babam ve Oglum (2005),5.0,3.480360444184338
rw3344869,The Subjects (2015),3.5,3.1311038155203867
rw0633139,Blade II (2002),4.0,3.8389594995148566
rw4097977,The Beguiled (2017),1.5,3.3090462160535608
rw2572864,The House of the Seven Gables (1940),3.0,3.5290220332873146
rw2752051,詭屋 (2011),3.5,3.4543163291143455
rw3140442,Rocky Mountain (1950),3.5,3.3479646875159457
rw2199690,The 39 Steps (1959),2.0,3.277444969023625
rw1345449,Spun (2002),4.5,3.2940520511304454
rw4709381,Star Wars: Episode VIII - The Last Jedi (2017),5.0,3.0426082000778165
rw4899843,Wide Sargasso Sea (1993),3.0,3.497253113335405
rw4956314,The F Word (I) (2013),4.5,3.3784270769689497
rw1006144,The Life Aquatic with Steve Zissou (2004),5.0,2.606367575070746
rw5004703,The Blind Side (2009),3.5,3.442704222271289
rw1167249,Passion (1954),2.0,3.303943353151813
rw6064716,Usagi Drop (2011–2012),5.0,3.496290387681759
rw3074636,Godzilla (I) (1998),3.5,2.873183661131071
rw1490264,Audition (1999),5.0,3.3501376114742745
rw3810472,Jurassic World (2015),3.0,3.2117022716359376
rw0899715,The Passion of the Christ (2004),0.5,3.20364146696218
rw6392504,The Midnight Sky (2020),2.0,3.0369362845010324
rw4100211,Ask Me Anything (2014),3.5,3.2653801255216464
rw2061666,It Happened One Night (1934),4.5,3.407162319090639
rw3488354,The Savage Five (1974),4.5,3.494917415647545
rw3212878,Do You Believe? (2015),4.0,3.2725426736958547
rw1316034,Cinderella (1950),1.5,3.4964783488538815
rw0272099,Lethal Weapon 2 (1989),4.5,2.4425641320280587
rw0446692,The Mummy (1999),3.5,3.331794128058493
rw4098323,Martyrs of Marriage (2016),5.0,3.5549040600378308
rw3086190,Before I Go to Sleep (2014),3.5,3.016943728566992
rw4174948,Kaleidoscope (II) (2016),2.0,3.225411706610011
rw5789299,KD (A) Karuppudurai (2019),4.0,3.5499519812195466
rw5535951,Her Name Was Christa (2020),4.5,3.281075135809907
rw3780369,Annabelle: Creation (2017),3.5,3.3140548625844
rw1178238,Charlie and the Chocolate Factory (2005),3.5,3.9001393174394603
rw0965683,...And God Created Woman (1956),3.5,3.4491858741444643
rw4468635,Alien Addiction (2018),5.0,3.2685305991436797
rw3726224,A Dog's Purpose (2017),5.0,3.3770891050737277
rw0307010,Educating Peter (1992),5.0,3.546210120784718
rw1324830,The Deadly Bees (1966),2.0,3.2833810980107634
rw1079752,13 Seconds (2003 Video),3.0,3.2062166148344535
rw5984708,Toast (2010 TV Movie),1.5,3.603902808724373
rw3222794,The Shawshank Redemption (1994),4.5,4.194592465028341
rw3024268,One Direction: This Is Us (2013),5.0,3.3963667275839504
rw0522900,The Astronaut's Wife (1999),1.0,3.418758732781844
rw5527474,Private Practice (2007–2013),4.5,3.375412945215728
rw3511506,Star Trek Beyond (2016),4.5,3.2716939614620313
rw3457079,Adam's Rib (1949),2.0,3.6547797648389233
rw5567016,The Girl with the Dragon Tattoo (2011),4.0,3.3160312645894434
rw1350713,Lucky Number Slevin (2006),4.0,3.2213969790041452
rw4298697,Extinction (2018),3.5,3.25951538348823
rw0793751,Not Another Teen Movie (2001),4.5,3.374361930477875
rw5396763,Uncut Gems (2019),3.0,3.181599587047494
rw0111810,The Interview (1970 TV Movie),3.5,3.4621011890008755
rw2962753,Idiocracy (2006),5.0,3.724927101344071
rw4055373,The Open House (2018),0.5,3.0996253942240273
rw2305118,The Boxer (2010),0.5,3.351462864076527
rw5619095,Contagion (2011),4.5,3.266484824775781
rw2666339,Keith Lemon: The Film (2012),0.5,3.454687902989739
rw5067705,Damages (2007–2012),4.0,3.221096097094189
rw5978154,Work It (2020),4.0,3.3603471600982284
rw3032550,Frozen (I) (2013),1.0,3.680139826141085
rw2329405,Schindler's List (1993),3.5,2.5805313431303216
rw4686044,12 Angry Men (1957),5.0,4.019067437119906
rw5622670,The Invisible Man (I) (2020),1.5,3.334158197578965
rw6070494,Die Screaming Marianne (1971),2.0,3.342762345483059
rw1980067,The Boy in the Striped Pajamas (2008),5.0,3.5528323910384403
rw0272016,Leningrad Cowboys Go America (1989),5.0,3.3395875589828257
rw4553709,Vice (I) (2018),4.0,2.774225536218976
rw2110695,The X Files: I Want to Believe (2008),3.5,3.2338915764872547
rw3192718,Gone Girl (2014),4.0,3.3091887593816716
rw6082137,I's (2013),0.5,3.3963667275839504
rw1402503,Karas: The Prophecy (2005 Video),4.0,3.4572357000797362
rw2354973,Holiday from Rules? (1958),2.0,3.2215008568694103
rw2674023,4:44 Last Day on Earth (2011),1.0,3.2700198363924105
rw2035187,Mr. Brooks (2007),3.5,3.556452985755258
rw2372967,A Serbian Film (2010),4.5,3.1862781003689005
rw4442124,The Good Cop (2018),4.5,3.831340079738098
rw2895206,Office Space (1999),4.5,3.522451498577595
rw5044427,Pokémon: Detective Pikachu (2019),4.0,3.532441673754714
rw0969073,The Ten Commandments (1956),3.5,3.5036328384762108
rw5236563,Watchmen (2019),4.5,2.9275825306484484
rw1973846,Quantum of Solace (2008),4.0,3.280929552097137
rw1788661,A Real Young Girl (1976),2.0,3.3409578773171913
rw2408311,La casa muda (2010),0.5,3.112090151837896
rw0962335,Once Bitten (1985),2.5,3.4941014154715
rw0796697,Spider (2002),3.5,3.3361055045779504
rw0612176,Metal Gear Solid (1998 Video Game),5.0,3.546210120784718
rw5885584,Pretty Woman (1990),3.5,3.326801045481713
rw3831507,The Kid (1921),4.0,3.545571731002524
rw1641318,Moby Dick (1956),3.5,3.295219222944545
rw3851470,The Holcroft Covenant (1985),1.5,3.2842976961734682
rw3327252,The Martian (2015),4.0,3.3971786730664446
rw4110502,Showgirls (1995),2.5,3.4081801236114533
rw5822496,Little Giants (1994),3.5,3.542724078161721
rw1056347,I Passed for White (1960),4.0,3.3551356963944805
rw1833099,The Bank Job (2008),5.0,3.597878803506205
rw0257960,Hellbound: Hellraiser II (1988),4.5,3.2377967673096446
rw2577950,The New World (2005),4.0,3.335435838229153
rw3824817,Blade Runner 2049 (2017),5.0,3.540169522889273
rw0669148,Clerks (2000–2001),4.0,3.364993829149071
rw4812390,Avengers: Endgame (2019),3.0,3.8523918281719425
rw6128596,The Shawshank Redemption (1994),5.0,4.084183713324569
rw2836509,Union Station (1950),4.0,3.378847168905355
rw3379393,Star Wars: Episode VII - The Force Awakens (2015),3.0,2.8241813647432736
rw1253997,Terror Toons (2002 Video),0.5,2.538418066606625
rw3458875,The A Word (2016– ),5.0,3.5549040600378308
rw0244815,The Hanoi Hilton (1987),2.0,3.416115592692209
rw3001220,Captain America: The Winter Soldier (2014),4.0,3.0605966855662827
rw1044311,Dogtown and Z-Boys (2001),5.0,3.3672141582590873
rw1807752,Anatomy Class (2000),3.5,3.348772902165295
rw5610045,Coffee & Kareem (2020),2.5,3.313259426042877
rw0021193,The Big Premiere (1940),3.5,3.3416431418551134
rw5683201,Interstellar (2014),5.0,3.9963893605730787
rw5938431,Dil Bechara (2020),5.0,4.233829121113064
rw2369811,Mothlight (1963),5.0,3.4586574257747267
rw2994797,Boardwalk Empire (2010–2014),4.0,3.30542571050794
rw1701674,L.A.P.D.: To Protect and to Serve (2001),0.5,3.2723024081586383
rw3655040,Logan (2017),5.0,3.5233882917091224
rw4205483,Ocean's Eight (2018),0.5,2.5528795767005446
rw2098225,Titus (1999),3.5,3.4576569134692017
rw6242080,Sarah Cooper: Everything's Fine (2020 TV Special),1.5,3.385859262208081
rw1066940,The Untouchables (1987),4.5,3.352483911033053
rw2551059,The Devil Inside (2012),0.5,3.154754371710468
rw1232234,The Girl in the Café (2005 TV Movie),4.0,3.3960628757725293
rw1564994,The Covenant (2006),1.0,2.5083877373532584
rw3753076,Outlaws and Angels (2016),4.5,3.3686993055558316
rw5590605,Pulp Fiction (1994),5.0,3.861703296090221
rw6075768,Mulan (2020),3.5,3.2893350532217234
rw3376562,Star Wars: Episode VII - The Force Awakens (2015),4.0,2.8074093876894195
rw0871966,House of the Dead (2003),0.5,2.9659563557260835
rw0566869,Short Sharp Shock (1998),3.5,3.226069532657649
rw2159282,What Ever Happened to Aunt Alice? (1969),3.5,3.2148541473966192
rw1083980,Nine Months (1995),4.0,3.4339393258229203
rw4222001,Call Me by Your Name (2017),4.0,3.405837350107762
rw1121458,One Body Too Many (1944),2.5,3.278595770048917
rw0439975,Virus (1999),2.5,3.2165427140520206
rw0975229,Wide Awake (1998),4.0,3.4313079874563495
rw3189925,The Slap (2015),0.5,3.3313050611476362
rw0659633,Jaka Sembung (1981),3.0,3.4489972935604403
rw5854737,Gladiator (2000),4.5,4.092091047823688
rw1204903,North Country (2005),5.0,3.2724819474941933
rw6450193,Honest Thief (2020),2.0,3.061306206216881
rw1277674,Witchcraft X: Mistress of the Craft (1998 Video),4.5,3.1631628384509654
rw0509249,The Matrix (1999),5.0,3.585159760762612
rw4433902,Bohemian Rhapsody (2018),3.5,4.138048720942624
rw1576506,The Blue Max (1966),4.0,3.4193712012660695
rw3039068,Maleficent (2014),3.5,2.5721081221633213
rw0898725,The Passion of the Christ (2004),5.0,2.247723620325784
rw5151294,唐頓莊園 (2019),4.5,3.4791448210068725
rw4924189,I Am Mother (2019),5.0,3.4063041749204825
rw3361436,The Pelican Brief (1993),4.5,3.2047461073557284
rw1982171,Killer Nurse (2008 Video),2.0,3.5549040600378308
rw1227703,Rent (2005),1.5,3.43724608096541
rw2733622,Balak Palak (2013),5.0,3.445131232103721
rw3183365,Fifty Shades of Grey (2015),0.5,3.997019662468066
rw2383966,The Killer Inside Me (2010),4.0,3.194403181445968
rw3404547,Põrgu (1983),4.0,3.5499519812195466
rw3338076,Eaters (2015),0.5,3.371541290588867
rw2360661,Titanic (1997),3.0,2.9389873976474914
rw2229529,Inglourious Basterds (2009),3.0,2.9603287874660538
rw1758771,Dawn of the Dead (2004),4.0,3.086588306287135
rw2384707,Das Boot (1981),2.5,3.2843751540600055
rw5310551,小丑 (2019),5.0,4.220060035451779
rw6278275,Hunter x Hunter (2011–2014),5.0,3.534610173004343
rw0385421,From Dusk Till Dawn (1996),1.0,3.1366784762246005
rw4515638,Fantastic Beasts: The Crimes of Grindelwald (2018),2.5,3.411442585348802
rw1252261,Lady Vengeance (2005),3.0,3.228116746680247
rw3757277,The Boss Baby (2017),2.5,3.473328622357381
rw6140502,Enola Holmes (2020),1.5,3.788723661087241
rw2764975,Iron Sky (2012),2.5,3.687389991999504
rw4019759,Stanley Ka Dabba (2011),4.0,3.5046505816984816
rw1361544,Mission: Impossible III (2006),5.0,3.419759784837197
rw5288701,Happy Endings Sleepover (2019),5.0,3.360367952135885
rw1884591,American Hardcore (2006),2.0,3.226023826564514
rw4438779,Beautiful Boy (I) (2018),4.0,3.469516145440357
rw5222908,The Lion King (2019),0.5,3.7990435329492533
rw0357741,The Brothers McMullen (1995),4.0,3.3025022325367512
rw5975970,See No Evil (2014– ),4.0,3.2709120440762525
rw3535824,The Neon Demon (2016),1.5,3.3185060668516986
rw3594001,This Time for Keeps (1942),3.0,3.3928888572879647
rw1438928,The Descent (2005),3.5,3.3143607506134525
rw3785169,The Private Affairs of Bel Ami (1947),5.0,3.404731315993788
rw4534690,Cold War (2018),3.5,3.42987606242626
rw2639758,All the Boys Love Mandy Lane (2006),2.0,3.3462710460666343
rw5737388,South Park (1997– ),5.0,3.886606095585645
rw3729995,It Comes at Night (2017),0.5,3.3217361007271173
rw0760343,Don't Say a Word (2001),3.0,3.2875816581739317
rw0425448,Meet Joe Black (1998),1.5,3.3915792318467735
rw2310125,The Hills Have Eyes (2006),0.5,3.2754504159155555
rw4995543,Stranger Than Fiction (2006),5.0,3.4344934708823165
rw3605387,American Honey (2016),5.0,3.3183162394384573
rw2855926,Portrait of a Zombie (2012),3.5,3.114430277978495
rw0253898,Akira (1988),4.5,4.035389652393651
rw1361106,Extreme Ops (2002),0.5,3.2149736811626335
rw5937438,Dil Bechara (2020),5.0,4.037460856444683
rw5494280,Thalaivaa (2013),2.0,3.4343292710747755
rw1181369,The Trigger Effect (1996),3.0,3.231942376963889
rw0534365,American Psycho (2000),4.0,3.4951816439455565
rw6362561,The Family Man (2000),5.0,3.3968501121567156
rw0386891,House Arrest (1996),5.0,3.387912444628721
rw4739425,Captive State (2019),1.5,2.569109111114608
rw0950945,Waking Life (2001),5.0,3.4995965430837015
rw6407882,Wonder Woman 1984 (2020),2.5,2.4994671257219236
rw5641827,The Golden Horde (1951),2.0,3.4425838261558113
rw2431717,La sombra del ciprés es alargada (1990),3.5,3.3507716735722344
rw5130727,Alita: Battle Angel (2019),4.0,3.91107108506195
rw3228896,Violence (2015),4.5,3.6380481172576804
rw3206132,The Equalizer (2014),4.0,3.3591689831598925
rw6031149,Rango (2011),4.0,2.6027203217880097
rw4830564,Consumer 101 (2018– ),0.5,3.507267347913807
rw4522884,Gremlin (2017),5.0,3.292474106021271
rw3034717,Charlie Countryman (2013),2.0,3.3012471160599888
rw5620205,Money Heist (2017– ),2.5,2.960616399569818
rw0730746,Die Another Day (2002),3.0,3.76464184014304
rw1734961,Wiseguys vs. Zombies (2003 Video),1.0,3.225720948409084
rw3019349,One Humanity (2014),4.5,3.566789868483938
rw3855218,The Purge: Election Year (2016),3.5,3.2301881017070797
rw2033068,Watchmen (2009),5.0,2.900787212539596
rw0077952,Lawrence of Arabia (1962),5.0,3.4628331658086395
rw0115993,Demons of the Mind (1972),3.5,3.316532461436371
rw1105161,Mr. & Mrs. Smith (2005),4.5,3.4297149687190296
rw1378485,The Da Vinci Code (2006),3.0,3.3519179049288588
rw2662424,The Perfect Husband: The Laci Peterson Story (2004 TV Movie),3.0,3.2927069234005044
rw5124456,The I-Land (2019),5.0,3.423055187559332
rw3363129,Ben 10 (2005–2008),4.5,3.3983859830115346
rw2848179,Chennai Express (2013),3.0,3.6287312859425604
rw4237602,Dallas Buyers Club (2013),5.0,3.5875129842692637
rw1795617,Ben-Hur: A Tale of the Christ (1925),3.5,3.3879005458819704
rw1575954,The Texas Chainsaw Massacre: The Beginning (2006),4.0,2.6646628157845527
rw4188364,Hamilton: One Shot to Broadway (2017),0.5,3.3288193097636545
rw4761083,Captain Marvel (2019),4.5,3.609849266273848
rw1451447,FleshEater (1988),2.0,3.189934739872631
rw0992117,Alien vs. Predator (2004),5.0,3.3044690133919246
rw4386160,Venom (2018),4.5,3.7373279563233575
rw0882348,The Last Samurai (2003),5.0,3.2623667885907435
rw4549868,K.G.F: Chapter 1 (2018),5.0,3.779078565075229
rw0382526,Dream for an Insomniac (1996),5.0,3.374744012561653
rw0699073,The Others (2001),5.0,3.6041146819209415
rw4259778,Mission: Impossible - Fallout (2018),5.0,3.221594916226553
rw1395238,Napoleon Dynamite (2004),5.0,3.4780638133397757
rw3714860,Alien: Covenant (2017),2.5,3.6235765589750417
rw6351205,The Shawshank Redemption (1994),5.0,4.058191732030248
rw5383492,Unbelievable (2019),4.5,3.1553075764815572
rw4184689,The Lost Viking (2018),2.0,3.448961918537902
rw2234152,The Time Traveler's Wife (2009),3.5,3.301330629262407
rw2010183,Secrets (1924),5.0,3.304063935353295
rw2771597,Battleship (2012),1.0,3.195767530701536
rw1682851,Eragon (2006),0.5,3.498255795169832
rw3631309,The Lost World: Jurassic Park (1997),4.5,3.63599370757911
rw0879788,RFK (2002 TV Movie),4.0,3.4388817886426843
rw5735469,Uncut Gems (2019),0.5,3.3003310572545943
rw5010230,Crawl (I) (2019),3.5,3.651970375597384
rw0902156,Eternal Sunshine of the Spotless Mind (2004),4.5,3.4343442906850155
rw2159644,J.T. (1969 TV Movie),4.5,3.3595502605516643
rw6273157,Gunjan Saxena: The Kargil Girl (2020),0.5,3.7353850004504614
rw4271350,Fanney Khan (2018),2.0,3.490173075599674
rw1412935,L'année des méduses (1984),4.0,3.3455134814311625
rw5836347,The Tiger (2015),4.0,3.529004986470677
rw4838556,Maharshi (2019),5.0,3.472185606254147
rw4007652,The Road Is Jericho: Epic Stories & Rare Matches from Y2J (2015 Video),5.0,3.380254977666832
rw2344470,Orange (2010),3.5,3.4913851778125644
rw1526082,Arabesque (1966),0.5,3.3879078881855906
rw2503233,False Innocence (2009 TV Movie),3.5,3.5751216479992296
rw4289001,Til Death Do Us Part (II) (2017),0.5,3.137643732920132
rw0983539,Gypsy 83 (2001),5.0,3.2545635841280722
rw4245819,Skyscraper (2018),3.0,3.2594272167146388
rw1875375,Barbie Diaries (2006 Video),3.0,3.486776168648238
rw4561312,The Bold and the Beautiful (1987– ),1.5,3.306600835503863
rw2025904,Pygmalion (1938),3.5,3.3977636777252234
rw6013597,The Patriot (2000),5.0,3.321009103686558
rw5619757,Basic (2003),3.5,2.877250930909878
rw6311339,Broadway Melody of 1940 (1940),4.5,3.451359475718755
rw4864291,Pirates of the Caribbean: At World's End (2007),5.0,3.715637098224061
rw3253253,Interstellar (2014),4.0,3.7655902372133765
rw1713282,A Few Good Men (1992),3.0,3.2730280489740218
rw0063021,The Unearthly (1957),1.0,3.322216442907183
rw3544810,Birdman or (The Unexpected Virtue of Ignorance) (2014),4.0,3.524765294742199
rw1343179,In the Mouth of Madness (1995),4.0,3.4896293960877056
rw4584483,The Blacklist (2013– ),3.0,3.3685374362591096
rw3377664,The Ridiculous 6 (2015),3.5,3.3837783957216385
rw0297712,Oscar (1991),4.5,3.4023923218406105
rw2600181,A Separation (2011),5.0,3.3867076074741753
rw6017273,Flesh (2020),5.0,3.7006145273136757
rw0065721,She Demons (1958),1.5,3.245511030653542
rw1304418,Women in Revolt (1971),5.0,3.424284502242874
rw0755321,Panic Room (2002),4.0,3.034351932019206
rw4736962,The Order (2019–2020),4.5,3.5499519812195466
rw4063799,Get Out (I) (2017),4.5,3.2947761971051284
rw0675304,A.I. Artificial Intelligence (2001),2.0,3.4592712956576426
rw6381093,The Godfather (1972),5.0,4.134122137761446
rw4911948,Chernobyl (2019),5.0,4.027350996579419
rw3781509,Van Helsing (2016– ),2.5,3.082302766015508
rw0321180,Falling Down (1993),4.0,3.3602882690852134
rw3080224,Lone Survivor (2013),1.5,3.0514308523360034
rw3034597,The Devil's Backbone (2001),5.0,3.390374165059938
rw2030346,Our Daily Bread (2005),0.5,3.4516299215511195
rw1829421,The Sopranos (1999–2007),4.5,3.6544938237600015
rw1636471,Kaw (2007),2.5,3.2804373142698586
rw2200449,Shkola (2010),5.0,3.320057350617619
rw3816972,The Godfather (1972),5.0,4.049056040444532
rw2452695,The Experiment (2010),3.0,3.3353665434695103
rw3079487,A Disney Christmas Gift (1983 TV Special),4.5,3.4199678083742757
rw0627350,The Blair Witch Project (1999),3.5,3.490802611103281
rw1364586,Stinger (2005),0.5,3.3104408169705772
rw1536833,Siegfried & Roy: The Magic Box (1999),3.0,3.2819889792601877
rw3863538,The Punisher (2017–2019),4.0,3.386576373349712
rw1947711,Righteous Kill (2008),1.5,2.791157356124897
rw3832112,Justice (II) (2017),0.5,3.425650536604571
rw1074745,The Funhouse (1981),3.5,3.3100842325643085
rw1680693,The Lake House (2006),1.0,2.769471667852567
rw3354008,The Stanford Prison Experiment (2015),4.0,3.3382828910065774
rw3765551,A Date for Mad Mary (2016),4.0,3.428701828324522
rw5307677,鋒迴路轉 (2019),3.5,3.2998089239566353
rw5743958,Life (I) (2017),2.5,3.263208186031646
rw5453089,Get Hard (2015),5.0,3.2693589885254513
rw4524220,Zero (III) (2018),2.0,3.8883724333562997
rw3103031,The Purge: Anarchy (2014),4.0,3.284498258622836
rw1867942,Spy Kids 3: Game Over (2003),2.5,3.321161482836066
rw4061690,Your Move (2017),4.5,3.301495649987246
rw1932593,Welcome to the Jungle (2007 Video),1.5,3.2491072421243055
rw4593404,Glass (2019),5.0,3.6856666550305834
rw6279967,Mum Bhai (2020– ),5.0,3.202640833613575
rw0086533,"One Potato, Two Potato (1964)",5.0,3.2740663716822804
rw1329154,Experiment (2005),4.0,3.1126177214026325
rw3806823,Snowden (2016),3.5,3.37608499016246
rw0458954,The Lord of the Rings: The Fellowship of the Ring (2001),5.0,3.087902563704918
rw0779063,Thirteen Conversations About One Thing (2001),4.5,3.3821168330651674
rw3644886,The Founder (2016),3.5,3.2264698149865882
rw5448991,John Henry (2020),3.5,2.612024710238579
rw4673701,Mary Queen of Scots (2018),0.5,3.3167989443255026
rw1545854,Clash by Night (1952),3.0,3.3346898339614466
rw4850398,Matriarch (I) (2018),2.5,3.335752021635827
rw6172688,Murder Mystery (2019),4.0,3.217536644767206
rw5506067,Dungeon ni Deai wo Motomeru no wa Machigatteiru Darou ka (2015– ),5.0,3.482357179082627
rw0179358,Resurrection (1980),4.5,3.229439352043314
rw6171520,Bob the Builder: Mega Machines (2017),5.0,3.3776993792746226
rw5231774,Fun with Dick and Jane (2005),0.5,3.2746128893198465
rw2909548,Too Perfect (2011),1.5,3.566789868483938
rw5805846,Deep Impact (1998),3.0,3.2247866105083016
rw4996939,Dark (2017–2020),4.0,3.6703475156208056
rw1951765,The Thing (1982),5.0,3.2598511999747037
rw1085936,Revelation (2001),2.0,3.3435675355962085
rw5746340,John Henry (2020),0.5,3.5335611393421598
rw5717853,Hold the Dark (2018),1.5,2.5941247060742016
rw3724423,The Prophecy II (1998 Video),2.0,3.3256606984234485
rw0165011,1941 (1979),4.5,3.566789868483938
rw1545829,Motel Hell (1980),5.0,3.153121253773621
rw5704447,Manifest (2018– ),0.5,2.8646180659101517
rw0363285,Halloween: The Curse of Michael Myers (1995),3.5,3.1558013799387044
rw5352540,Hand of God (2014–2017),4.5,3.5425407950774
rw3814017,Bushwick (2017),3.5,3.2635057010509847
rw2792903,Prometheus (I) (2012),2.5,2.20395097579579
rw4512320,Destination Wedding (2018),1.0,3.2754981385842994
rw3098329,Catch-22 (1970),3.5,3.3488484370347997
rw2864870,The Home Front (1943),3.5,3.546210120784718
rw5373451,Messiah (2020),4.5,3.5549040600378308
rw1171748,Star Trek: Voyager (1995–2001),4.0,3.6689192156071404
rw3585574,Mothers and Daughters (2016),3.0,3.315546086239565
rw2734674,金剛 (1933),5.0,3.520783629644523
rw3352704,Love the Coopers (2015),1.0,3.4601734185181536
rw0326155,The Nightmare Before Christmas (1993),5.0,3.362319988866513
rw0867668,Bruce Almighty (2003),5.0,2.703146884038663
rw4104082,Blade Runner (1982),5.0,3.402478314284815
rw3548353,Actor in Law (2016),4.0,3.412022335228908
rw1648579,Boys' Night Out (1962),1.5,3.3525658328708454
rw2766636,The Last Exorcism 2 (2013),3.0,2.577118563659913
rw5972882,Love Is Blind (2020– ),2.5,3.336959164884454
rw0969418,The Godfather (1972),5.0,4.049056040444532
rw5456160,John Wick: Chapter 3 - Parabellum (2019),1.0,3.223842370234731
rw2794982,Gippi (2013),2.5,3.6342195027987647
rw2246584,Cannery Woe (1961),4.0,3.424475847120425
rw5724105,Satellite Shankar (2019),5.0,3.24762834812202
rw5979149,Out of Sight (1998),2.5,3.195682276914312
rw6138996,Star Trek First Frontier (2020),4.0,3.265967319306048
rw5916126,Kal Ho Naa Ho (2003),5.0,3.2056300610214814
rw1004736,Sergeant York (1941),5.0,3.2887178270559203
rw2451243,Transformers: Dark of the Moon (2011),3.5,2.5790960031674204
rw5304264,De Palma (2015),5.0,3.7832869619503375
rw4181159,Sara's Notebook (2018),5.0,3.4117918266724336
rw5193244,God Friended Me (2018–2020),5.0,3.968630847496453
rw4185902,Bella and the Bulldogs (2015–2016),0.5,3.37596286325625
rw3233296,House of Cards (2013–2018),5.0,3.3747752310742047
rw2423890,The Brute Man (1946),2.0,3.4053833401010993
rw4410478,Halloween (I) (2018),5.0,3.109686029828108
rw1340441,Drunken Master (1978),2.5,3.3163219631093566
rw0328331,Schindler's List (1993),0.5,3.4660252322322407
rw2352828,La faute à Fidel! (2006),3.5,3.5240327081274043
rw6332110,Black Christmas (2019),1.0,3.339031517517819
rw4357787,Christopher Robin (2018),3.0,3.5637603959168898
rw3276374,Black Swan (2010),4.0,3.141785849226353
rw1628228,Barbary Coast (1935),3.5,3.2715215268236375
rw5547753,Aquaman (2018),4.0,2.9769133888438506
rw2705809,Katalin Varga (2009),3.5,3.3016088033981514
rw5461471,Burn Notice (2007–2013),5.0,3.3699458648668648
rw0965941,National Treasure (2004),4.0,3.2449754801967363
rw0750688,Possession (2002),2.0,3.2864810666136544
rw1587402,Evil Dead II (1987),4.0,3.4468175356425856
rw2338596,The Odd Couple (1968),4.5,3.4877008237083293
rw3462560,Bourek (2015),5.0,3.3275210878024004
rw1497701,We Who Are About to Die (1937),4.0,3.5751216479992296
rw0048475,Ambush at Tomahawk Gap (1953),3.5,3.4607386295347524
rw2081366,Riding Alone for Thousands of Miles (2005),5.0,3.5456324798849708
rw6435044,Speed (1994),4.0,3.8305384334043255
rw5604720,Meet the Parents (2000),5.0,3.526104158333852
rw6283912,One of Our Aircraft Is Missing (1942),3.5,3.409464536608625
rw5596669,Jay and Silent Bob Reboot (2019),3.5,3.3040696375473604
rw0950776,Clueless (1995),4.0,3.384168072370514
rw5905524,Goodfellas (1990),5.0,3.8156096804376975
rw3785572,The Defenders (2017),3.0,3.367286038824071
rw5864115,Marco Polo (2014–2016),5.0,3.3386368459633573
rw4573080,The Sopranos (1999–2007),5.0,3.591959865675735
rw5918128,The Other Lamb (2019),1.5,3.188969975975309
rw1755183,The Phantom of the Opera (1925),5.0,3.6230934231135956
rw1861259,A Night Out (I) (1915),3.0,3.5873496676022323
rw6156263,Daniel Sloss: X (2019 TV Special),5.0,3.369925919337451
rw0792631,Dogville (2003),5.0,3.55557621016798
rw0666537,The Mummy Returns (2001),4.0,2.4951745572269015
rw4615549,Spider-Man: Into the Spider-Verse (2018),4.5,3.9477987409377047
rw6019842,The Gone Game (2020),4.0,3.5751216479992296
rw3122717,Il mio viaggio in Italia (1999),2.0,3.401592268755019
rw5102645,Northern Pursuit (1943),1.5,3.4628353787092983
rw3456783,Everybody Wants Some!! (2016),4.5,3.423725125437333
rw3026448,A Million Ways to Die in the West (2014),3.0,3.955830715366916
rw4249086,Operazione Goldman (1966),3.5,3.376158307989929
rw4430195,Nicotine (II) (2016),4.0,3.3715054513806035
rw5857724,Freaks (2018),4.0,3.1893558591859166
rw2080376,Me and You and Everyone We Know (2005),1.0,2.4936761891417114
rw5875754,Fantastic Beasts and Where to Find Them (2016),0.5,3.357807197183186
rw6131918,Bala (2019),3.5,3.575119245389113
rw4857881,Home (II) (2015),5.0,3.147439660364155
rw5403003,A Killing in a Small Town (1990 TV Movie),3.5,3.410056322714414
rw3869285,Shut Eye (2016–2017),4.0,3.5751216479992296
rw2176182,阿凡達 (2009),5.0,3.28647371535739
rw2958170,Drishyam (2013),4.5,3.3774209498511047
rw2607816,The Rose (1979),3.5,3.5399242690471766
rw6272702,The Trial of the Chicago 7 (2020),4.0,3.3022752871371353
rw4554522,Annihilation (2018),4.5,3.662796400934515
rw2588584,The Hunger Games (2012),2.0,2.657771984002543
rw2448241,Entourage (2004–2011),5.0,3.978316935490417
rw2069712,Skippy (1931),4.0,3.5797326452841567
rw2123381,National Lampoon's Animal House (1978),4.0,3.362473360236223
rw0575468,Stuart Little (1999),0.5,3.5269891130931765
rw5139559,"Hello, Privilege. It's Me, Chelsea (2019 TV Movie)",0.5,3.4096536851519867
rw6289761,Northern Exposure (1990–1995),5.0,3.5499519812195466
rw1477226,When a Stranger Calls (2006),5.0,2.825579748790786
rw1544313,Waterloo Bridge (1931),4.0,3.5079299642875954
rw3296144,Taxi Driver (1976),5.0,3.53385812714735
rw4600150,United 93 (2006),3.5,2.508040806048328
rw2045351,Role Models (2008),4.0,3.5599255981506017
rw4299382,The Sea of Trees (2015),2.0,3.221252566892148
rw3789949,Killing Ground (2016),3.0,3.326667681109647
rw4094328,The Thirteenth Chair (1929),1.0,3.268579672498519
rw4256946,Ready Player One (2018),2.5,3.2564008457849996
rw2943290,Star Wars: Episode IV - A New Hope (1977),2.5,3.315009926601944
rw1228683,Harry Potter and the Goblet of Fire (2005),4.0,3.2335746334464694
rw5692042,Normal People (2020),4.5,3.5751216479992296
rw2497653,"The Good, the Bad and the Ugly (1966)",4.5,3.3393110855797064
rw6204304,Books of Blood (2020),1.0,3.2977822255975036
rw1376479,X-Men: The Last Stand (2006),2.5,3.384817321629622
rw1794141,Love Actually (2003),2.5,3.4488067238237576
rw5219607,Fractured (I) (2019),5.0,3.463387673616281
rw1900279,The Last Big Thing (1996),0.5,3.3323517528532847
rw5261677,See (2019– ),3.0,2.842945290375554
rw2855147,Blue Jasmine (2013),5.0,3.4004789090048195
rw6092662,The Way I See It (2020),4.5,3.4252971339565925
rw0093392,Finders Keepers (1966),2.5,3.5269942028515335
rw1835651,Hot Dog (II) (1930),1.5,3.370101958935876
rw3401796,The Outlaw Michael Howe (2013 TV Movie),1.5,3.430813920675213
rw4379061,The Disaster Artist (2017),4.5,2.4429085928812877
rw5328925,Le notti bianche (1957),5.0,3.438936235559517
rw0656824,Spiders (2000),3.0,3.186502814702971
rw4996126,The InBetween (2019),0.5,3.310657236750556
rw4578767,Joysticks (1983),2.0,3.3437662266201826
rw3044046,Kill List (2011),0.5,3.1841979427791034
rw6210851,The Whittler (2020),1.0,3.402932106941314
rw4590981,Nocturnal Animals (2016),4.0,3.66171585425648
rw5037115,Gangs of Wasseypur (2012),5.0,3.4212252702162558
rw2920399,The Parallax View (1974),3.5,3.4095620231438257
rw1123813,Charlie and the Chocolate Factory (2005),4.0,3.710915435227962
rw4041772,The Tradesmen (2011),4.0,3.732044183276134
rw1381504,Bad Education (2004),5.0,3.3742947383115824
rw2064583,Star Trek (2009),2.5,3.2696815207688767
rw1030978,Mark of the Devil (1970),2.0,3.247041415722796
rw2308443,Nikita (2010–2013),1.5,3.511388218763564
rw1074665,The Thing About My Folks (2005),5.0,3.4698369112073335
rw2153401,The Men Who Stare at Goats (2009),4.0,3.463428250811506
rw2055285,American Violet (2008),2.5,3.4254497586493047
rw5920198,Love Life (2020– ),5.0,3.566789868483938
rw3554195,Operation Mekong (2016),5.0,3.1455010717655068
rw0065766,Some Came Running (1958),4.0,3.3729969064733965
rw4830136,The Blackcoat's Daughter (I) (2015),3.5,3.376674658341845
rw4702138,Captain Marvel (2019),5.0,3.1261801325632215
rw1578195,The Covenant (2006),3.0,2.5083877373532584
rw4080699,The Greatest Showman (2017),4.5,3.5749972023188423
rw4344184,Game of Thrones (2011–2019),5.0,3.183306287842183
rw1451112,The Apostle (1997),5.0,3.443327771623581
rw0077264,Gigot (1962),5.0,3.4318648067204065
rw6168068,Interreflections (2020),5.0,3.257160139297643
rw0986620,Highlander (1986),4.5,3.334532319249999
rw4425078,Shimmer Lake (2017),4.5,3.192826846800668
rw3100421,Haider (2014),4.5,3.44999849272472
rw4298139,Inbred (2011),0.5,3.342048804053743
rw0913694,De-Lovely (2004),5.0,3.350335473766829
rw3024252,The Tingler (1959),3.5,3.815085151790926
rw4910745,Absolutely Anything (2015),3.5,3.3566333587368375
rw3611545,Knight of Cups (2015),1.0,3.5569855502216994
rw5583578,The Amazing Mr. Williams (1939),4.0,3.2631569905537403
rw0202324,Liquid Sky (1982),4.5,3.556082788693011
rw1169663,Kansen (2004),3.0,3.2945210723515865
rw1533869,American Dreamz (2006),4.0,3.3365535776089397
rw1475931,The Seven Year Itch (1955),5.0,3.412537713339825
rw5987174,Super Monsters (2017– ),5.0,3.3849752719179618
rw0046321,Above and Beyond (1952),4.5,3.3799348699879723
rw2246823,The Deer Hunter (1978),4.0,3.789250292177196
rw5514732,Intelligence (2020– ),0.5,3.25357860337109
rw5880860,Daredevil (2015–2018),5.0,3.8340224608931823
rw1659614,Children of Men (2006),3.0,3.8053173164405587
rw0108754,Popi (1969),5.0,3.3414477026606093
rw0786393,L'adversaire (2002),4.0,3.451783647063519
rw3293215,Star Wars: Episode II - Attack of the Clones (2002),3.5,3.1946394328823717
rw4063037,The Lincoln Lawyer (2011),2.0,3.23844088955666
rw1171790,I Am Dina (2002),5.0,3.1368001292721877
rw1112051,Fullmetal Alchemist (2003–2004),4.5,3.5227990116518675
rw6385910,Four Weddings and a Funeral (2019),4.0,3.762694465564473
rw3559247,The Siege of Jadotville (2016),3.0,3.2325852727687345
rw5192123,I Spit on Your Grave (2010),1.0,3.330310154015458
rw2996291,Delivery Man (2013),5.0,3.232498993679655
rw2208123,Fast & Furious (2009),4.0,3.3682838890984517
rw0746462,The Pianist (2002),4.5,3.390247835298963
rw5880924,The Rookie (1990),3.5,3.322579733443151
rw1419562,The Shawshank Redemption (1994),4.5,4.194592465028341
rw5228312,John Wick (2014),3.0,3.7815434371693764
rw1077041,Tarnation (2003),4.0,3.2673030044266946
rw1394388,The Devil's Rejects (2005),5.0,2.3691407546016823
rw1384107,Four Brothers (2005),4.0,3.6786909579785187
rw6245533,Paranormal (2020– ),3.0,3.3023236958564723
rw1401790,End Game (2006),2.5,3.526116812947836
rw4336871,If Beale Street Could Talk (2018),4.5,3.4159280335292754
rw4407290,The Haunting of Hill House (2018),5.0,3.6704574754269435
rw0993127,Super Fuzz (1980),1.0,3.384641905334886
rw0693326,Mistress Madeleine (1986),2.0,3.546210120784718
rw3411985,The Imitation Game (2014),3.0,3.9239123841678403
rw0512230,Planet of the Apes (2001),1.5,2.663779464487545
rw2690618,Wrong Turn 5: Bloodlines (2012 Video),0.5,3.0854999218722727
rw3455897,The Pyramid (2014),3.0,3.4988841083054734
rw1715845,Family Guy (1999– ),3.0,3.4244938685463593
rw4771989,The Code (2019– ),1.5,3.2737617264045333
rw6128338,Enola Holmes (2020),4.5,3.054935958742907
rw5884219,Sufiyum Sujatayum (2020),5.0,3.4110865999082107
rw2484026,The Book of Eli (2010),0.5,3.2551524615836804
rw5910231,The Invisible Man (I) (2020),4.0,3.334158197578965
rw2537067,The Adventures of Tintin (2011),5.0,3.735891338912337
rw5063930,Parey Hut Love (2019),1.0,3.5549040600378308
rw5486173,High Fidelity (2020),5.0,3.319466913246782
rw1918631,The Swimmer (1968),4.5,3.0794121919502295
rw2879674,East of Shanghai (1931),3.5,3.2981188201644946
rw3465543,Locke (2013),5.0,3.3049766910021545
rw3818305,Baby Driver (2017),4.0,3.647141400974827
rw2623838,One More River (1934),5.0,3.3480393340864323
rw0599069,Gladiator (2000),5.0,4.035365352259819
rw5483577,The Goop Lab (2020– ),3.5,3.331810077475262
rw4930415,Good Girls (2018– ),4.5,3.3180629998792783
rw1958577,The Zombie Diaries (2006),5.0,3.296320489555686
rw2338791,Morning Glory (2010),4.0,3.3950138621115293
rw1795114,16 Blocks (2006),2.5,3.553143312194405
rw2533992,Sout-e payan (2011),3.5,3.566789868483938
rw3745101,Amore tra le rovine (2015),2.5,3.3853456911528887
rw2898839,Seven Years in Tibet (1997),4.0,3.5868207301331063
rw1401493,Nuvvostanante Nenoddantana (2005),4.0,3.4143022258119298
rw3195286,Maps to the Stars (2014),0.5,3.6148956387906863
rw1031835,All That Jazz (1979),4.5,3.2420232057370573
rw0461372,The Lord of the Rings: The Fellowship of the Ring (2001),4.0,3.6158685075942936
rw5467026,Parasite (2019),5.0,3.9178114098554833
rw2435157,The Taint (2011),4.5,3.8809720675906165
rw3663043,The Student (2016),4.0,3.1917938292116794
rw5010326,Lewis Black: Black to the Future (2016 TV Special),0.5,3.4166007162979772
rw1030929,Inseminoid (1981),3.0,3.381791785363975
rw2143842,Where the Wild Things Are (2009),5.0,3.4392148940570806
rw4073315,Star Wars: Episode VIII - The Last Jedi (2017),0.5,3.844363546118411
rw0595866,The Haunting (1999),0.5,3.1824068354168893
rw1965675,Octopus (2000 Video),2.0,3.3068130639547473
rw1291037,Æon Flux (2005),1.5,3.5423234631367277
rw3466811,Theri (2016),5.0,3.2831070171544834
rw4290991,Blade Runner 2049 (2017),4.5,3.4886073833800157
rw3449402,The Lady from Shanghai (1947),3.5,3.4227647701693558
rw3414190,Fury (2014),2.0,3.1779748456913435
rw1310638,Saw II (2005),1.5,3.204194591584865
rw0431204,Scream 2 (1997),5.0,3.87713999625344
rw1913337,The Dark Knight (2008),5.0,3.844228646821095
rw0701043,The Fast and the Furious (2001),2.5,3.357633118530693
rw2692023,Trash Humpers (2009),0.5,3.4052912934471258
rw4952616,Zombieland (2009),4.5,3.8922681523358644
rw2320925,Madrasapattinam (2010),4.0,3.4540065491113947
rw6450385,Chasing the Rain (2020),0.5,3.546210120784718
rw5632916,Resident Evil (2002),3.0,3.751490216601945
rw1339322,The Benchwarmers (2006),0.5,3.3930253320561268
rw3013408,Omar (2013),3.0,3.444319169540899
rw5139515,A Slight Case of Larceny (1953),3.0,3.280784440003081
rw1179775,Funny Man (1994),4.5,3.376107502957559
rw4012909,The Shape of Water (2017),5.0,3.1254758183022546
rw0310179,Memoirs of an Invisible Man (1992),4.0,3.4228087310115987
rw3703514,3 Generations (2015),2.5,3.2817638996870073
rw5256669,Maleficent: Mistress of Evil (2019),4.5,3.151028317524711
rw5446863,Clerks (1994),2.0,3.73359979833942
rw3812477,Baby Driver (2017),4.0,3.588854990228467
rw2916195,Krrish 3 (2013),5.0,3.2881776186206846
rw5765722,Fantasy Island (2020),1.0,2.475895612639764
rw2970432,Dallas Buyers Club (2013),4.0,4.021813719650503
rw1852086,Little Women (1933),3.5,3.432047774120867
rw3842791,Kingsman: The Golden Circle (2017),0.5,3.7734492233972254
rw1107418,Les petits fils (2004),5.0,3.230204762800076
rw0348502,The Shawshank Redemption (1994),5.0,4.058191732030248
rw4615103,Charmed (2018– ),0.5,3.2622272249065842
rw1280968,Plankton (1994 Video),3.0,3.3270783497543306
rw2937947,The Portal (I) (2010),0.5,3.191486173485842
rw1085851,American Beauty (1999),5.0,3.3758792951382954
rw0658819,Dr. T & the Women (2000),1.5,3.4258470207587433
rw1075774,Kingdom of Heaven (2005),3.5,3.4898047866407755
rw3194901,Kingsman: The Secret Service (2014),4.5,3.3975810957711357
rw4521272,The 12th Man (2017),4.0,3.37605121485326
rw2208178,Ninja (2009),3.0,3.4149213398469658
rw0237339,White Slave (1985),3.0,3.498695573582809
rw3066491,Kissing Darkness (2014),0.5,3.128547857513769
rw2803221,Star Trek Into Darkness (2013),1.0,3.262240487416239
rw0656681,One Night at McCool's (2001),3.5,3.2726902556185817
rw3101519,Time Out of Mind (2014),0.5,3.374543758879657
rw4992211,El hombre de al lado (2009),4.5,3.3777901780607458
rw4684412,Bodyguard (2018),4.5,3.2749125112312645
rw1636728,Panic in the Streets (1950),3.5,3.4463641651618353
rw0981940,And Justice for All (1979),4.0,3.4146993057059687
rw2563560,The Tree of Life (2011),1.0,3.266830585811152
rw0553053,Jawbreaker (1999),2.5,3.4085160684991638
rw2672160,The Man Who Knew Too Much (1934),4.0,3.4032113742467645
rw5776149,Public Enemies (2009),4.0,3.1947498241678085
rw3771586,Girlfriend Killer (2017 TV Movie),2.5,3.2798483789871877
rw2101708,Transformers: Revenge of the Fallen (2009),1.5,2.2690920624506505
rw4290612,Heathers (2018),5.0,3.3636100865402754
rw4230878,The First Purge (2018),4.0,2.956659269839445
rw1049570,What I Want My Words to Do to You: Voices from Inside a Women's Maximum Security Prison (2003),5.0,3.4747109825535567
rw1789285,The Thing (1982),5.0,3.2598511999747037
rw4803945,Shazam! (2019),0.5,3.4289308763816018
rw3524731,The Get Down (2016–2017),4.5,3.4645967286232966
rw0247978,No Way Out (1987),5.0,3.456876604219337
rw6226003,Endless Corridor (2014),5.0,3.546210120784718
rw5735954,The Shawshank Redemption (1994),5.0,4.0877564282466645
rw5501774,The Last Man on Earth (1964),3.0,3.2997493571165677
rw1932675,Two Thousand Maniacs! (1964),3.0,3.2322118887589895
rw1913802,Hopalong Cassidy Returns (1936),5.0,3.3529127238660412
rw5053252,The Giant Gila Monster (1959),2.0,3.4552689145199986
rw1477934,I Am a Sex Addict (2005),0.5,3.2202863821059533
rw1675965,Army Wives (2007–2013),5.0,3.546210120784718
rw4299340,Suburban Commando (1991),3.5,3.460805739868314
rw4125479,Murder on the Orient Express (2017),2.5,3.090860022949803
rw6403807,Godmothered (2020),2.0,3.3003293091154773
rw0752716,Road to Perdition (2002),4.0,3.4717934545957445
rw4095525,Brimstone (2016),4.0,3.248583243745457
rw1138973,Charlie and the Chocolate Factory (2005),5.0,3.710915435227962
rw2425686,The Love Parade (1929),3.5,3.4096118512108
rw6302103,Cinema Paradiso (1988),5.0,3.460936876610933
rw1529741,That's Carry On! (1977),2.5,3.435723466664371
rw0848064,Barbershop (2002),2.5,3.4887630603072375
rw1779110,The Love Letter (1999),3.5,3.4473463560082585
rw3662008,Logan (2017),3.0,3.657718395891787
rw0599875,Gladiator (2000),4.0,4.092091047823688
rw1139581,Sky High (2005),4.0,3.451164372900455
rw4685612,Suppose They Gave a War and Nobody Came (1970),2.5,3.55695567773592
rw3176709,Holiday: A Soldier is Never Off Duty (2014),5.0,3.2553864264185135
rw0265830,The 'Burbs (1989),5.0,3.2893405241530718
rw3123171,The Dorm That Dripped Blood (1982),3.5,3.5316470835698004
rw2184324,Bad Reputation (2005),1.0,3.391577497041145
rw2349105,The Extra Man (2010),2.5,3.4581177658333955
rw0679026,Pearl Harbor (2001),0.5,2.574316794999147
rw6004446,The Tax Collector (2020),3.0,3.359624864338986
rw4731850,Battlestar Galactica (2004–2009),5.0,4.042001486579332
rw2784578,Adventures in Babysitting (1987),4.0,3.3408828721608814
rw2767351,S. Darko (2009),5.0,3.3105144853859407
rw4202790,BrainDead (2016),3.5,3.40160728875499
rw2736792,Blood and Lace (1971),1.5,3.3109762689657005
rw5600382,The Guilty (2018),3.5,3.274170850686965
rw5943199,Arbitrage (2012),3.0,3.3435886417883744
rw0495664,Shrek (2001),5.0,3.850225693367526
rw4611100,Polar (I) (2019),5.0,3.52317036457298
rw1669343,Catch and Release (II) (2006),2.5,3.316042481816151
rw3451925,Star Wars: Episode VII - The Force Awakens (2015),3.5,2.8998089567510563
rw6090734,Constantine (2005),3.0,3.2969194314472765
rw3679372,Looking for Ms. Locklear (2008),4.5,3.416140601602866
rw3715249,The Americans (2013–2018),2.5,3.546210120784718
rw2105016,The Farmer Takes a Wife (1935),3.0,3.2810428211966154
rw0606727,Galaxy Quest (1999),2.0,3.2362922610158233
rw6325664,The Christmas Chronicles: Part Two (2020),5.0,3.574150856667626
rw3518657,An American Rhapsody (2001),1.0,3.3046084580680537
rw1706782,Jesus Camp (2006),4.5,2.5428250586900143
rw1016406,A Man for All Seasons (1966),4.5,3.5427846271608576
rw1113343,The Jerk (1979),3.0,3.5057162929300296
rw3408802,Shoah (1985),2.0,3.4579919878472904
rw2086813,Transformers: Revenge of the Fallen (2009),0.5,2.4089896466638008
rw1081790,Chaplin (1992),5.0,3.5333843849576003
rw1427765,Relative Strangers (2006),4.0,3.4018933327916803
rw5200994,Primal (2019– ),5.0,3.1122424653172303
rw5210126,Arctic (2018),0.5,3.4495624951190846
rw0864346,Runaway Jury (2003),1.0,3.4534420755755235
rw4043947,Step Sisters (2018),4.0,3.171554257475439
rw3556016,True Blood (2008–2014),5.0,3.3130942865011908
rw5454110,It Chapter Two (2019),0.5,3.319578830852363
rw2568445,Beginners (2010),1.5,3.2687537416668713
rw5682799,Brazil (1985),5.0,3.802225902161969
rw4173001,Carter & June (2017),4.5,3.2200470294218153
rw3726045,The Mummy (2017),3.0,3.319467821427897
rw5525869,A Wakefield Project (2019),0.5,3.185086526781903
rw6180435,Affenkönig (2016),3.0,3.5896087048257512
rw3302264,Straight Outta Compton (2015),5.0,3.5993870530494747
rw4720177,Stratton (2017),4.0,3.2008230517879324
rw6394089,The Midnight Sky (2020),4.0,2.703391547571691
rw3720752,Forsaken (I) (2015),3.0,3.3299926055543287
rw3116422,Starry Eyes (2014),3.5,3.2927609837806284
rw4599211,What the Bleep!?: Down the Rabbit Hole (2006),1.5,3.214411480080434
rw2250665,Transformers: Revenge of the Fallen (2009),1.0,2.346997546763966
rw6272372,Bloody Ballet (2018),2.0,3.4893544346995222
rw3226823,The Cabin in the Woods (2011),3.0,3.290886635665009
rw3102740,Meet the Mormons (2014),5.0,3.284432022801356
rw2082641,Transformers (2007),4.0,3.1708069759774586
rw4227449,Justin Bieber: Never Say Never (2011),5.0,3.523041438298639
rw3365532,8 Million Ways to Die (1986),3.0,3.345515136260552
rw5147231,Bard of Blood (2019– ),5.0,3.5051410442157813
rw3857761,Murder on the Orient Express (2017),3.0,3.091382370724157
rw4110928,The Titan (2018),2.0,3.2005747003367087
rw4321195,Star Wars: Episode III - Revenge of the Sith (2005),4.0,3.7809858961161242
rw5671042,Extraction (2020),0.5,3.1597590881239705
rw0722553,The Man Who Wasn't There (2001),3.5,3.1476721001630428
rw6430060,Paurashpur (2020– ),5.0,3.5751216479992296
rw0825348,X-Men 2 (2003),4.5,3.6656186943599733
rw1916395,Airplane II: The Sequel (1982),3.0,3.2618673260226596
rw5011250,Ardaas Karaan (2019),5.0,3.419772381609501
rw3552192,Mr. Church (2016),5.0,3.714261401957426
rw5499705,Patriot (II) (2015–2018),5.0,3.8288543247043365
rw0869935,Spider-Man 2 (2004),5.0,3.8107668220987048
rw4838830,iMurders (2008),2.5,3.352980915073041
rw3736679,Bo Burnham: Make Happy (2016 TV Special),0.5,3.159024490410944
rw5888474,Two Lovers (2008),5.0,3.481598133607731
rw4431254,A Star Is Born (2018),2.5,3.2041849736044976
rw2406003,Wallander (2008–2016),4.0,3.426420284569408
rw1308953,Hackers (1995),0.5,3.222676724567186
rw4796730,Destined to Be Ingested (2008),1.5,3.1304087091439463
rw1809376,The Art of Travel (2008),4.5,3.394225264162427
rw4427843,Smoke (2018–2019),4.0,3.8749825205999855
rw1541138,Pulp Fiction (1994),5.0,3.861703296090221
rw0038742,Portrait of Jennie (1948),5.0,3.482070459080521
rw0673841,Tully (2000),5.0,3.275748032613275
rw2598964,The Glass Key (1942),4.5,3.6384369407898225
rw3201786,Exodus: Gods and Kings (2014),0.5,3.2938351028164967
rw3377816,In the Heart of the Sea (2015),3.5,3.5239918395287977
rw4202873,The Last Guest (2017),3.0,3.2562010471660647
rw2161891,破碎的擁抱 (2009),3.5,3.406905241581505
rw0032935,The Picture of Dorian Gray (1945),3.5,3.2956459841557213
rw0427454,Nightwatch (1997),4.0,3.4674897238364486
rw4324464,The Nun (2018),0.5,3.2182990890310443
rw6063540,Infidelity in Suburbia (2017 TV Movie),1.0,3.263969374214799
rw3621020,The Legend of Tarzan (2016),4.0,3.306034654736377
rw4259731,The Hangover (2009),0.5,3.3267451911688943
rw0677891,Pearl Harbor (2001),5.0,2.574316794999147
rw1527964,Guest House Paradiso (1999),3.0,3.3303560046291127
rw3523802,You Only Live Twice (1967),4.0,3.267677589506791
rw3856586,Death on the Diamond (1934),4.5,3.394933448392261
rw5566159,One Way (IV) (2016),1.0,3.413764785195417
rw0565722,Cast Away (2000),2.5,3.810047975777679
rw6297984,Run (I) (2020),3.5,3.23835210294064
rw0179341,Raise the Titanic (1980),0.5,3.266268974812184
rw1735247,The Bourne Ultimatum (2007),1.0,3.313863428204093
rw6222432,Christine (1983),4.0,3.3313314192396133
rw5992272,Gunjan Saxena: The Kargil Girl (2020),4.5,3.69264134053946
rw3800720,It (I) (2017),4.0,3.55402505056173
rw0727829,Windtalkers (2002),0.5,3.410043785433896
rw6104404,Dolly Kitty and Those Twinkling Stars (2019),5.0,3.795363186320939
rw4380824,The Best Exotic Marigold Hotel (2011),4.0,3.3867151882015256
rw5548468,Spenser Confidential (2020),0.5,3.7277844299694993
rw0843009,Hero (2002),2.5,3.6978203803168017
rw1566944,Boy-Next-Door (2004),5.0,3.3525088472693962
rw2373555,Nowhere Boy (2009),3.5,3.405647804194692
rw0153028,Exorcist II: The Heretic (1977),2.5,3.3468967290792624
rw3527008,Little Devils: The Birth (1993),3.0,3.449301148188758
rw0978931,Close Your Eyes (2002),1.5,3.21498781105248
rw3836107,Baby Driver (2017),4.0,3.588854990228467
rw3192644,Drive In Massacre (1976),1.0,3.2901012416146003
rw4311680,Mamma Mia! Here We Go Again (2018),2.0,3.311239156069769
rw3869971,Coco (I) (2017),5.0,3.6389669060676058
rw1335214,Oldboy (2003),0.5,3.4238130528385184
rw5853675,Rurouni Kenshin Part I: Origins (2012),4.5,3.237126432080077
rw3402765,Ti guan (1979),5.0,3.546210120784718
rw5719602,Crossroads (1986),3.5,3.4497135026600145
rw4132009,Jumanji: Welcome to the Jungle (2017),3.5,3.465678180238385
rw4417817,The Haunting of Hill House (2018),4.5,3.6704574754269435
rw3000831,The Amazing Spider-Man 2 (2014),0.5,3.5533776220808955
rw0545078,The Legend of Bagger Vance (2000),0.5,3.6767547163594516
rw2624133,Skew (2011),0.5,3.4385330416407958
rw3831404,Insidious (I) (2010),3.0,3.1238437089223368
rw5450769,Anveshanam (2020),4.0,3.566789868483938
rw5458820,Registe (2014),5.0,3.5499519812195466
rw3290560,Tag (2015),4.0,3.3018770852589236
rw3078831,The Prince (I) (2014),4.5,3.286022651025204
rw1201353,Finding Nemo (2003),1.0,3.362774262465979
rw3444377,The Hateful Eight (2015),2.5,2.8370852328357836
rw4408998,Gone (I) (2012),2.5,3.347321214033098
rw4405866,Titans (I) (2018– ),0.5,3.62829943888022
rw0393931,The Rock (1996),5.0,3.736509951906635
rw1464565,Mountain Patrol (2004),5.0,3.3721323432050987
rw5658224,Over the Hedge (2006),2.0,3.362730147253483
rw5381109,Tõde ja õigus (2019),5.0,3.19784690326611
rw4257527,The Shawshank Redemption (1994),3.5,4.194592465028341
rw4480994,Ralph Breaks the Internet (2018),2.5,3.6173797865875335
rw5120592,Dream Girl (III) (2019),4.5,3.3348952619377323
rw2966782,Wreckage (I) (2010),3.5,3.1907654876784664
rw1783205,Transformers (2007),1.5,3.345842197398887
rw6018679,The Perfect Storm (2000),4.0,3.15756358049423
rw5491619,Adults in the Room (2019),5.0,3.29368043298623
rw6271363,Knock Knock (I) (2015),4.0,3.435915609574401
rw3666892,The Blood Is at the Doorstep (2017),5.0,3.124756213103662
rw5585472,Sling Blade (1996),4.0,3.805375215981018
rw4717513,Captain Marvel (2019),3.0,3.1261801325632215
rw1912745,The Dark Knight (2008),5.0,3.844228646821095
rw2269190,Accepted (2006),4.0,3.4182469652287253
rw2246249,Iron Man 2 (2010),4.0,3.2426537319204756
rw0162704,Night Cries (1978 TV Movie),5.0,3.390652943394775
rw1128401,War of the Worlds (2005),3.5,3.672350943869714
rw0654845,Moulin Rouge! (2001),5.0,3.070250229086976
rw2908779,Steamboy (2004),2.0,3.4312447467990395
rw2009415,Life Is Beautiful (1997),4.0,3.6850685527133162
rw1150239,Four Brothers (2005),5.0,3.611018896512142
rw3331145,Money Train (1995),3.5,3.3752142362252124
rw4940737,All Roads Lead (2013),1.0,3.5751216479992296
rw3344136,Steve Jobs (2015),2.5,3.496708200220018
rw3232699,Black or White (2014),4.0,3.583538389744969
rw5936040,Dil Bechara (2020),5.0,4.030280186698188
rw3340087,The Purge (I) (2013),2.5,3.2916700414850983
rw5409403,Bumblebee (I) (2018),3.0,3.3390589652839497
rw1653006,FTV (1985– ),5.0,3.566789868483938
rw2547621,Catwoman (2004),0.5,2.474581651676301
rw2135419,Eraserhead (1977),2.5,3.397513928262485
rw1456590,Mulholland Dr. (2001),3.5,3.0842241148935274
rw6083425,Away (2020),0.5,2.80357908709811
rw2644412,黑店狂想曲 (1991),4.5,3.367309222659103
rw5220057,The War of the Worlds (2019),1.5,3.3962796578064
rw1913062,The Cradle (2007),2.5,3.146094654322171
rw1889921,The Searchers (1956),5.0,3.4213424659266956
rw0856192,Honogurai mizu no soko kara (2002),2.0,3.3524049065094794
rw3239821,Project Almanac (2015),1.0,3.38802306157691
rw3673835,Criminal Minds (2005–2020),1.0,3.6780284043726295
rw6116956,The Invisible Man (I) (2020),3.5,3.0563315416824763
rw4497454,The Fear Footage (2018),1.0,3.1871509123413673
rw0080840,Charade (1963),4.5,3.4701645787037116
rw0046337,Against All Flags (1952),3.0,3.454270912229481
rw2748424,福爾摩斯與華生 (2012–2019),2.5,2.494017725431517
rw5450605,Midsommar (2019),0.5,2.880750711523193
rw3528429,Tracks (I) (2013),3.5,3.294892333448539
rw5464414,Monster-in-Law (2005),3.5,3.2022364544570867
rw0103406,Night of the Living Dead (1968),5.0,3.6543910819331904
rw3748129,The Red Turtle (2016),4.5,3.446225456001751
rw4507645,NXT TakeOver: Brooklyn IV (2018 TV Special),3.5,3.210408454165437
rw1692308,Opposite Sex (2000),5.0,3.2671825483860926
rw1487550,Heat Wave (1990 TV Movie),4.0,3.345735200768069
rw4197971,Shooter (2016–2018),3.0,3.0911960479337677
rw4738312,Beauty and the Beast (1991),5.0,3.686245379989783
rw6339600,The Highwaymen (2019),4.5,3.5556521817035764
rw2332177,"The Chronicles of Narnia: The Lion, the Witch and the Wardrobe (2005)",4.5,4.0894863307926235
rw0897586,Lost in Translation (2003),3.5,3.6769744862057303
rw2451333,Hugs and Mugs (1950),3.5,3.5499519812195466
rw1029985,Girl Fever (2002),3.5,3.5549040600378308
rw2909649,Intolerance: Love's Struggle Throughout the Ages (1916),4.0,3.507566924029191
rw2239248,No Impact Man: The Documentary (2009),4.0,3.3680468731454707
rw1110664,Land of the Dead (2005),5.0,3.1341748359330697
rw3015080,The Flight of Dragons (1982 Video),4.5,3.381159037686899
rw4210590,Goliath (2016– ),4.5,3.3897223542469455
rw3871900,The Viking Queen (1967),2.5,3.4505594142289064
rw6130057,Tenet (2020),4.5,3.598271595497853
rw3355066,Mr. and Mrs. North (1942),3.0,3.446508715071582
rw0469386,Safe Men (1998),5.0,2.674185059354566
rw4258456,Mission: Impossible - Fallout (2018),4.0,3.583923319643449
rw4155125,Deception (2018),2.5,3.3090593145956357
rw3483580,X-Men: Apocalypse (2016),3.5,3.3938185106690013
rw3756003,Song of Scheherazade (1947),4.0,3.5022427826399376
rw5596257,Star Wars: Episode VII - The Force Awakens (2015),0.5,3.169554159266885
rw3450473,The Death of Superman Lives: What Happened? (2015),4.0,3.3003876599759714
rw5435673,Harley Street (2008– ),0.5,3.4054745203263543
rw5502597,The Pale Horse (2020),0.5,3.3940989191307542
rw2839730,Spring Breakers (2012),0.5,3.2201889423376513
rw0430001,Passion's Way (1999 TV Movie),3.0,3.52883417924823
rw5658393,Triple Frontier (2019),4.5,3.1006447746084635
rw1211273,Natural Born Killers (1994),5.0,3.475402803312292
rw5278854,A Beautiful Day in the Neighborhood (2019),2.5,3.2733960958683035
rw3771923,Son of Bigfoot (2017),5.0,3.5084433054253807
rw4419373,The Killing of a Sacred Deer (2017),2.0,3.412284447400869
rw4444928,Batman (1989),4.0,3.6502824113360606
rw5154379,Emergence (2019–2020),4.5,3.5753382399219387
rw0897072,Lost in Translation (2003),4.5,3.4936324105766015
rw2478693,Jonathan Livingston Seagull (1973),2.0,3.3930149997533547
rw4805927,Avengers: Endgame (2019),3.0,3.82237274989379
rw0874169,Angels in America (2003),4.0,3.4012718110054356
rw5620644,Shikara (2020),4.5,3.2913873368641786
rw2000882,Batman (1989),4.0,3.8476044131869673
rw1466258,Cellular (2004),3.5,3.2170941582483095
rw4368412,God Friended Me (2018–2020),5.0,4.009082726651478
rw2972913,X-15 (1961),2.5,3.2190189001733787
rw4237348,How It Ends (2018),4.5,3.2856344288067616
rw1049324,Internal Affairs (1990),3.0,3.309709487471138
rw5503960,Sanditon (2019),2.0,3.5751216479992296
rw1895553,Hollywood Steps Out (1941),5.0,3.3279031003178594
rw1679010,Mr. Brooks (2007),4.5,3.556452985755258
rw5246788,Jojo Rabbit (2019),4.5,3.759678219358977
rw3211019,It Follows (2014),3.5,3.137317099316593
rw2056589,The Adventures of Mark Twain (1944),3.5,3.4008938810652247
rw4199765,The Lesson (2015),1.5,3.2221256364798965
rw4203075,Incredibles 2 (2018),5.0,3.631713341892774
rw5895619,The Berlin Bride (2020),5.0,3.2846395735944798
rw4658115,Exorcist II: The Heretic (1977),3.0,3.3468967290792624
rw4101577,Life After Manson (2014),3.0,3.4100415438744935
rw4098924,Jason Bourne (I) (2016),0.5,3.284868036313461
rw5529282,Sonic the Hedgehog (2020),5.0,3.321442266393004
rw3694611,The Penthouse (1967),3.5,3.4931118059617527
rw0424575,Ma vie en rose (1997),5.0,3.319979631881235
rw1825406,I Met the Walrus (2007),3.0,3.379173055685143
rw5840177,The Last of Us: Part II (2020 Video Game),2.5,3.2506245227321138
rw4610271,Suicide Squad (2016),0.5,3.210032496910118
rw2614903,Department (2012),0.5,3.3843633908837734
rw2773369,Money Movers (1978),3.5,3.2725841731559604
rw2963090,Sirens (1994),4.0,3.1136737616537213
rw3499405,The Admiral: Roaring Currents (2014),3.5,3.2356627713059374
rw0576772,Detroit Rock City (1999),4.0,3.5560830925265225
rw1768338,Thompson (1988),5.0,3.5549040600378308
rw1781780,Merry Christmas Mr. Lawrence (1983),5.0,3.2181686621373338
rw4810530,Dumbo (2019),2.0,3.2121888559538614
rw1566407,Windtalkers (2002),1.0,3.410043785433896
rw1344585,Riki Riki (2005),4.0,3.566789868483938
rw5067786,The Rebound (2009),5.0,3.2558023274748886
rw0148479,La marge (1976),5.0,3.4194709639970524
rw2063744,Star Trek (2009),4.0,2.8605194948616997
rw6183002,Hot Mess (2018),5.0,3.219191855277385
rw3377634,The Cape Town Affair (1967),2.5,3.274532524767447
rw1011833,Coward of the County (1981 TV Movie),2.5,3.4620657047055095
rw1686003,The Adventures of Buckaroo Banzai Across the 8th Dimension (1984),4.0,3.4463385746801847
rw1615401,內陸帝國 (2006),4.5,3.366019464304178
rw3576900,The Hateful Eight (2015),0.5,3.223796832092353
rw2565976,The Children (2008),3.5,3.19118556790746
rw1312196,The Women of Charmed (2000 TV Movie),4.5,3.351034573493538
rw1339160,Fahrenheit 9/11 (2004),4.0,3.4027967706336923
rw4982564,Midsommar (2019),3.0,2.5985113605257664
rw5984837,Three Colors: Red (1994),3.5,3.4184078176537556
rw4039774,Iron Sky (2012),4.0,3.240437348149856
rw3769011,Sylvia Scarlett (1935),2.0,3.4572575858503853
rw0200773,Eddie and the Cruisers (1983),5.0,3.4457198790732226
rw1971156,The List (I) (2007),0.5,3.613967611374481
rw0950476,Anything But Love (2002),4.5,3.3223688576257024
rw5815699,Godzilla: King of the Monsters (2019),2.5,3.39903287168752
rw0707438,Better Than Sex (2000),2.0,3.262220972425531
rw5410786,Resident Evil: Extinction (2007),3.5,3.3141539271351306
rw4629015,Polar (I) (2019),4.0,3.52317036457298
rw4127555,The Good Fight (I) (2017– ),4.0,3.2896174205036752
rw2640144,The Hill (1965),5.0,3.2633081960427965
rw3202761,Interstellar (2014),4.0,3.6848480917251534
rw5927777,Ad Astra (2019),5.0,2.6978820955426746
rw5817000,The Victims' Game (2020– ),4.5,3.396874007345099
rw5220738,Gummo (1997),0.5,2.530273749128382
rw4898832,Spider-Man: Into the Spider-Verse (2018),5.0,3.890855519987486
rw6226606,Endless Corridor (2014),5.0,3.566789868483938
rw1699668,1408 (2007),5.0,3.068853587258535
rw6104152,The Cabin in the Woods (2011),4.0,3.290886635665009
rw1563722,Guilty by Association (2003 Video),0.5,3.377438740087002
rw1162226,Titanic (1997),5.0,3.109109853658663
rw0203125,Never Say Never Again (1983),3.0,3.7548712602707583
rw2549246,Brideshead Revisited (2008),1.5,3.5009921430543276
rw4794558,Forrest Gump (1994),5.0,4.100396612637692
rw3030409,Edge of Tomorrow (2014),4.0,3.304070514254555
rw4575071,Uri: The Surgical Strike (2018),4.0,3.8674279754824297
rw1386378,Molokai (1999),3.5,3.302422896375636
rw4608394,Unbreakable (2000),4.0,3.013768200140542
rw1772357,High School Musical (2006 TV Movie),0.5,2.841837677643033
rw3496527,De Palma (2015),5.0,3.7644756854985753
rw5622239,Black Sabbath (1963),3.5,3.3513761126803763
rw6200781,Lady Bird (2017),3.5,3.3849897037207493
rw3231694,The Good Wife (2009–2016),5.0,3.6138961619738406
rw2803804,Gregory Go Boom (2013),5.0,3.5751216479992296
rw6012049,Sputnik (2020),3.5,3.193500253483921
rw5665503,The Willoughbys (2020),5.0,2.9962741702557016
rw1502416,The Cat in the Hat (2003),3.0,3.3935264316362286
rw4534933,Holmes & Watson (2018),0.5,3.123262192017603
rw3069658,Kick-Ass 2 (2013),2.5,3.310857011534446
rw4355045,A Simple Favor (2018),0.5,3.0985617232500293
rw2806106,Father and Daughter (2000),3.5,3.6453044672363863
rw4447585,"Like, la leyenda (2018– )",0.5,3.620093743214585
rw3677492,The Walking Dead (2010– ),5.0,2.737823867951813
rw1615542,危機四伏 (2000),1.5,3.277169238760482
rw5984036,Anelka: Misunderstood (2020),0.5,3.3493824986419476
rw0011687,The World Changes (1933),3.0,3.4252490447484574
rw4993277,13 Graves (2019),4.0,3.1460810854813883
rw5945346,Mrs. Serial Killer (2020),5.0,3.850038088338744
rw2116667,The Mean Season (1985),3.5,3.4932304763740327
rw5978223,Mortal (I) (2020),3.5,3.212998054516851
rw0663729,Çalikusu (1966),5.0,3.47102348543515
rw4306117,Slender Man (2018),5.0,3.2119143663721124
rw1783340,1408 (2007),2.5,3.068853587258535
rw4370257,Halloween (1978),5.0,3.8493752509413044
rw5557114,C Kkompany (2008),3.5,3.473820102066767
rw2243006,A Nightmare on Elm Street (2010),1.5,3.2402340142753663
rw2393668,The Big Trail (1930),3.5,3.290378200706094
rw6218729,Strangerland (2015),4.0,3.2040861618768552
rw2833163,Crossing Lines (2013–2015),3.5,3.5751216479992296
rw1244917,King Kong (2005),4.0,2.912178778896869
rw1592060,The Messengers (2007),2.0,2.623286401888249
rw6047601,Blow the Man Down (2019),4.0,3.4420786447800564
rw5742703,The Farewell (I) (2019),3.0,3.4937673520420223
rw3524267,Grimm (2011–2017),2.0,2.9623181919201387
rw2246826,The Perfect Game (2009),4.5,3.5373621835443902
rw1162247,Sahara (2005),3.5,3.387150911376222
rw2850672,Law Abiding Citizen (2009),2.5,3.4950921431408237
rw5607841,Resident Evil 6 (2012 Video Game),4.0,3.223800964377649
rw5017918,Another Life (2019– ),0.5,3.231479808699538
rw1842331,Carver (2008 Video),3.5,3.360348653272228
rw4758989,Ambulance (2016– ),5.0,3.520950615957031
rw3794198,Shot Caller (2017),2.5,3.3090734967419086
rw4716672,Bad Lieutenant (1992),5.0,3.1828966903915044
rw1245816,A Christmas Carol (1984 TV Movie),5.0,3.3698594669682285
rw5092572,The Dead Don't Die (2019),4.5,3.2859401474166945
rw5535347,Rebro Adama (1991),4.5,3.015162606708166
rw4712073,Captain Marvel (2019),5.0,3.1261801325632215
rw2591887,Wrath of the Titans (2012),3.5,3.2231620989616037
rw3005381,Elf (2003),4.0,3.2508941077905766
rw2967313,Filth (I) (2013),4.0,3.435950986541463
rw0659480,The Dish (2000),5.0,3.384487673163943
rw6354012,The Invisible Guardian (2017),4.5,3.337564990839201
rw3437920,Bennie Stout (2011),5.0,3.38109058172193
rw4483200,The Big Short (2015),5.0,3.312826884664797
rw2475871,Reservation (2011),2.5,3.2357021383447346
rw4173762,Maps to the Stars (2014),4.5,2.451546795552769
rw4563771,Ricochet (1991),0.5,3.3951002915218713
rw1564354,Happily N'Ever After (2006),2.5,3.283693614424238
rw1505119,Torchwood (2006–2011),2.5,3.5751216479992296
rw4894768,Fail Safe (1964),4.5,3.535434905534067
rw3413994,The Revenant (2015),0.5,3.444476291360118
rw2297999,No Country for Old Men (2007),3.5,3.8915580522076954
rw4159878,Not Suitable for Children (2012),4.0,3.3855993585619943
rw4170059,Cargo (I) (2017),3.0,3.3503098804868117
rw1888023,Guess Who's Coming to Dinner (1967),4.5,3.427372715175962
rw3440234,Batman v Superman: Dawn of Justice (2016),4.5,3.368599099558857
rw3479693,Take Back Your Power (2013),3.0,3.5751216479992296
rw5084535,Aliens (1986),5.0,3.839422474028077
rw4689208,Char Man (2019),0.5,3.435427618310656
rw1397049,Livelihood (2005),4.5,3.355272045194197
rw4902236,The Angry Video Game Nerd (2004– ),5.0,3.3739751346440765
rw4807536,The Orville (2017– ),4.5,3.6991321168467324
rw5480229,Edge of the Axe (1988),1.0,3.276844642642296
rw0278969,Awakenings (1990),5.0,3.419612351484631
rw3030019,Phantoms (1998),3.0,3.1448853791148497
rw5772346,Jason X (2001),0.5,3.244024274160856
rw3458522,Where to Invade Next (2015),5.0,3.2642772805878955
rw0460812,The Lord of the Rings: The Fellowship of the Ring (2001),1.0,3.087902563704918
rw4228118,Deceived (1991),3.5,3.15408731137272
rw4547283,Santa Claus Conquers the Martians (1964),3.0,3.5859665023464258
rw6424909,The Orville (2017– ),5.0,3.641300899989822
rw1170450,Kelly's Heroes (1970),4.5,3.3932969325106157
rw0160375,Halloween (1978),5.0,3.863505345202354
rw1640087,Long Way Round (2004–2010),1.0,3.5300518335521
rw3676478,RoboCop (1988),4.0,3.7019253696581678
rw1495321,The Evil of Frankenstein (1964),3.0,3.314820731701409
rw4626603,Green Book (2018),4.5,3.400797723210329
rw4307500,Pieces (1982),3.5,3.3899502241136137
rw5702216,Wonderwall (1968),1.5,3.4294747611518983
rw3514880,Arnold (1973),1.0,3.3060191505031815
rw5839191,Detective Byomkesh Bakshy! (2015),5.0,3.338535548209758
rw5190383,Love Is Not Enough (I) (2019),5.0,3.390307184588926
rw0455703,Halloween H20: 20 Years Later (1998),2.0,3.234133603987843
rw2968131,Cloverfield (2008),0.5,3.0037279490555973
rw5890359,Fantasy Island (2020),0.5,2.622396205520445
rw2247797,Simón del desierto (1965),4.0,3.417086353428847
rw5775746,Grant (2020),4.0,3.2894796839593994
rw5742117,Scoob! (2020),0.5,3.5753437810679394
rw4610480,Silenced (2011),5.0,3.3017941386834018
rw2307612,Once a Thief (1965),3.5,3.4987672833790526
rw4228504,Marcella (2016– ),4.5,3.3510470185005636
rw4056220,The Last Man on Earth (2015–2018),4.5,3.245925644595074
rw6332982,The Big Lebowski (1998),5.0,3.4626355694203776
rw1613759,The Return of Doctor X (1939),3.0,3.568421023047799
rw0511165,The Matrix (1999),5.0,3.6265081451639922
rw2918846,Turner & Hooch (1989),1.0,3.3857086806313155
rw3237396,Teenage Mutant Ninja Turtles (2014),2.5,3.2005520089122057
rw1528920,Curse of the Demon (1957),4.5,3.3645238302620326
rw6390103,Jett (2019– ),5.0,3.4126744595809626
rw4915276,Repossessed (1990),0.5,3.537107681226971
rw4178130,A Quiet Place (2018),1.5,3.3276762260549697
rw2815005,Full Metal Jacket (1987),4.5,3.2866759253871076
rw1451145,Snakes on a Plane (2006),3.0,3.277844705369359
rw5827064,The Family (I) (2013),2.5,3.132830481427434
rw6018630,The Babadook (2014),0.5,3.5080840115926466
rw4591592,Glass (2019),5.0,3.677455565581491
rw6224287,Endless Corridor (2014),0.5,3.5549040600378308
rw5699360,2 Guns (2013),5.0,3.32254548106648
rw2988640,The Green Mile (1999),4.5,3.9251582367619484
rw0656981,Animal Factory (2000),4.0,3.518621316927017
rw1143873,The Chumscrubber (2005),0.5,3.1969159921639854
rw4718922,What Lies Ahead (2019),4.5,3.1491053929709305
rw1366999,Curb Your Enthusiasm (2000– ),5.0,3.3813667863948993
rw2072512,Meet the Spartans (2008),1.0,3.339651652250236
rw5203210,The Haunting of Hill House (2018),5.0,3.9015211208858425
rw4713172,Valerian and the City of a Thousand Planets (2017),5.0,3.2900841541532975
rw3030808,About Last Night (2014),2.5,3.403408519490327
rw1843923,Hardcore (1979),3.5,3.340781426402051
rw4094131,Flower (I) (2017),0.5,3.454988351715686
rw2408098,True Heart Susie (1919),3.0,3.4422800194986913
rw5315404,Playmobil: The Movie (2019),3.0,3.597321556064432
rw4042921,Mountain (I) (2017),1.5,3.335565431213319
rw1990734,You Only Live Twice (1967),3.5,3.38128476738641
rw0424032,L.A. Without a Map (1998),3.5,3.411342911834812
rw3538543,Star Wars: Episode VII - The Force Awakens (2015),3.5,2.8998089567510563
rw2399103,Four Lions (2010),1.5,3.4529864981505427
rw4278208,Fist of Fury (1972),5.0,3.4758833364751656
rw3203352,The Pyramid (2014),4.0,3.1845007159065166
rw4165076,Monster Family (2017),0.5,3.366903302152567
rw5011697,Shazam! (2019),0.5,3.281415716726828
rw6420657,Wonder Woman 1984 (2020),0.5,3.0234401987675823
rw1558208,The Masque of the Red Death (1964),3.0,3.380077058851377
rw2826794,Furious 6 (2013),3.0,3.5496173535681947
rw1796645,One Hour Photo (2002),4.0,3.293125143046182
rw4515166,The Brass Teapot (2012),3.5,3.540789255391827
rw0667047,The Mummy Returns (2001),0.5,3.3316021368573114
rw2295472,Eat Pray Love (2010),3.5,3.3436663893285123
rw6351361,Ava (IV) (2020),1.0,3.1935693722915777
rw5920934,WingMen (2016–2020),4.5,3.5751216479992296
rw1690889,Harry Potter and the Order of the Phoenix (2007),3.0,3.33426535951632
rw2614295,The Dictator (2012),4.0,3.166758597392248
rw4364570,Another Perfect Stranger (2007),5.0,3.4041879184477715
rw4110186,Brawl in Cell Block 99 (2017),1.5,3.330257674405064
rw2619823,Best Friends Forever (2012),5.0,3.5102802716677943
rw4757305,The Man from Earth: Holocene (2017),0.5,3.285120325842526
rw6129282,The Leftovers (2014–2017),0.5,3.8804470542891876
rw2731672,Project: Metalbeast (1995),2.5,3.442278475117067
rw3033458,Absolute Zero (2006 TV Movie),0.5,3.339752425644239
rw5577371,I Dream of Jeannie (1965–1970),5.0,3.3868740070895758
rw0950525,The Hard Way (1980 TV Movie),4.5,3.374797955524423
rw1379938,Gunga Din (1939),2.5,3.5320575082258276
rw1262059,Jungle Assault (1989),0.5,3.5549040600378308
rw4135419,Lost in Space (2018– ),3.0,2.4315305147263304
rw2902764,The Clinic (I) (2003–2009),5.0,3.2874948468604233
rw1596224,The Last King of Scotland (2006),3.5,3.501038299836381
rw2255901,Inferno (II) (1999),2.0,3.1926336817222833
rw2224037,This Is the Army (1943),4.0,3.3720878493652395
rw1964909,The Happening (2008),1.0,3.359911448342916
rw1347079,A Chorus Line (1985),3.0,3.199062314095623
rw3021724,Philomena (2013),4.0,3.450609090649035
rw0040276,The Hidden Room (1949),4.5,3.359239718563204
rw1264626,It Came from Outer Space (1953),4.0,3.330035351199399
rw5567278,Amateur Night (2016),0.5,3.3462632726380552
rw1940680,The Dark Knight (2008),5.0,3.921261746962308
rw6228269,Guillermo Villas: Settling the Score (2020),2.5,3.3694434885411018
rw5256241,Alvin and the Chipmunks: The Road Chip (2015),5.0,3.31219513201657
rw0480360,Star Wars: Episode I - The Phantom Menace (1999),3.5,3.3812793514185184
rw6294359,Interstellar (2014),0.5,3.9963893605730787
rw3134196,State of Affairs (2014–2015),5.0,3.3853862779738044
rw5390734,Demon Slayer: Kimetsu No Yaiba (2019– ),4.5,3.5751216479992296
rw2899067,Free Birds (2013),3.0,3.2622280800165817
rw6223904,Endless Corridor (2014),0.5,3.5549040600378308
rw1941093,Yateem (1988),4.0,3.418924981194617
rw2172525,As Time Goes By (1992–2005),5.0,3.3928101625164553
rw1301993,The Eavesdropper (2004),5.0,3.303119547183285
rw5915662,The Stendhal Syndrome (1996),3.0,3.345776016118103
rw2889536,Twice Born (2012),2.0,3.3586073067105566
rw6125366,Mrs. Serial Killer (2020),5.0,3.73990646890481
rw3237989,The Burning Dead (2015),0.5,3.3575918695227998
rw3255185,Scary Movie V (2013),2.5,3.2942689867055175
rw4749911,Stepfather III (1992 TV Movie),2.5,3.266046044439289
rw5236902,A Wrinkle in Time (2018),4.0,3.149935024115044
rw2779897,Shopping (1994),5.0,3.2216303412979928
rw2325312,Desire (1936),4.0,3.4856128430644966
rw2140614,Camp Blood (2000 Video),2.0,3.283878357835223
rw5875655,A Midsummer Night's Dream (I) (2019),5.0,3.376960681245254
rw1352622,Scary Movie 4 (2006),1.0,3.488242854883253
rw0699563,The Others (2001),4.0,3.811249044799568
rw2077330,Violent Saturday (1955),4.0,3.2829285193646798
rw1784547,Sweeney Todd: The Demon Barber of Fleet Street (2007),2.0,3.5406025019455964
rw4168514,Black Panther (2018),2.5,3.1628535135328257
rw3305163,Wolf Hall (2015),3.5,3.36010105692598
rw3757427,Free to Choose (1980– ),5.0,3.268817842658296
rw2523245,Scalpel (1977),3.5,3.4215443474886618
rw4772337,Iron Man (2008),5.0,3.186857622179086
rw2413979,Deathrow Gameshow (1987),1.5,3.359262083092845
rw0010613,Ever in My Heart (1933),5.0,3.4254752082269477
rw0988768,Pink Narcissus (1971),4.5,3.3166780400912277
rw1275179,Hostel (2005),4.0,3.15745614980952
rw0885642,Mystic River (2003),3.0,3.230129100048426
rw2334981,Monsters (2010),0.5,3.1512524499892134
rw6362510,Transsiberian (2008),3.0,3.1963717434872803
rw1801400,Jackass Number Two (2006),2.0,3.4043865559043893
rw2153761,Mercury Rising (1998),1.5,3.234796058644239
rw5440225,Hell on Wheels (2011–2016),5.0,3.3786391200845767
rw4544461,The Oath (2018),3.0,3.306772000165997
rw0089669,The Human Duplicators (1965),1.5,3.404564850186076
rw1685128,Aap Kaa Surroor: The Moviee - The Real Luv Story (2007),0.5,3.3519529554223833
rw6423647,Black Widows (2020– ),5.0,3.2911569915349377
rw3579419,The Exorcist (2016–2018),4.5,3.546210120784718
rw4852992,Let the Right One In (2008),3.5,3.2084395640139713
rw0176673,The Gods Must Be Crazy (1980),4.5,3.2778011678773695
rw1982632,Twilight (I) (2008),0.5,3.2121940585290822
rw2560315,Cars 2 (2011),4.5,3.4750374309938397
rw1563558,The Eddy Duchin Story (1956),4.0,3.477712947541471
rw6146921,Serious Men (2020),5.0,3.3025097081056236
rw1415554,Pirates of the Caribbean: Dead Man's Chest (2006),1.0,2.6892046071339113
rw4013646,The Hitter (1978),4.0,3.460692470294974
rw1508890,Werewolf in a Girls' Dormitory (1961),2.0,3.3452481353932253
rw4895115,Viral Beauty (2018),4.5,3.298541909793057
rw5964205,Whiplash (2014),4.5,3.425501290951285
rw3099666,Scream (1996),5.0,3.7677811718820062
rw4713377,Captain Marvel (2019),3.0,3.1261801325632215
rw2824662,Fires Were Started (1943),2.5,3.5293494485084214
rw4993468,Super 30 (2019),5.0,3.213688898088555
rw0791590,Amores Possíveis (2001),4.0,3.382843793086646
rw1550961,Elf (2003),3.0,3.5383441015887898
rw2964523,Lawrence of Arabia (1962),5.0,3.4628331658086395
rw0161084,The Hobbit (1977 TV Movie),5.0,3.596935909643611
rw5844464,Wasp Network (2019),3.5,3.4681297936011513
rw1200216,Wallace & Gromit: The Curse of the Were-Rabbit (2005),4.0,3.4675420386851994
rw2808128,After Earth (2013),1.0,3.0982476123589824
rw1602258,Thirtysomething (1987–1991),5.0,3.276893341077635
rw2383331,MacGruber (2010),0.5,3.1339550328986103
rw5019390,K.G.F: Chapter 1 (2018),5.0,3.8271579523192227
rw3776639,It Came from Outer Space (1953),2.0,3.330035351199399
rw2101701,Drag Me to Hell (2009),3.0,3.7506616375838635
rw0322485,Groundhog Day (1993),4.5,3.46212449419497
rw2460871,The Undefeated (2011),5.0,3.3512736330226103
rw5157070,Sierra Burgess Is a Loser (2018),1.0,3.251428751163764
rw3285213,Wolf Warrior (2015),1.5,3.281174415579502
rw4541610,Rapurasu no majo (2018),1.0,3.465095417179316
rw0980842,Bridget Jones: The Edge of Reason (2004),3.5,3.2177185003138327
rw4505090,Hold the Dark (2018),3.5,2.5941247060742016
rw1539110,Rio Bravo (1959),4.0,3.5263404606493234
rw0010202,Alice in Wonderland (1933),3.5,3.2712265811571237
rw2765799,Night Drive (1977 TV Movie),4.0,3.302793459928126
rw0244008,Friendship's Death (1987),4.0,3.3370419940383558
rw1287250,Dirty Dancing: Havana Nights (2004),5.0,3.3814086656852433
rw4801547,Happy Anniversary (I) (2018),2.5,3.315837827815179
rw4779726,The Twilight Zone (2019– ),0.5,3.3209407161863145
rw1035430,On the Riviera (1951),2.5,3.4385535315535045
rw5678670,Coco (I) (2017),4.0,3.898273703072072
rw1636619,The Assassination of Richard Nixon (2004),1.5,3.219780904195782
rw6060715,Abhay (2019– ),5.0,4.001054888691777
rw3696791,Eloise (2016),0.5,3.313885953773988
rw1639360,One Way (II) (2006),4.5,3.2040113484790713
rw5147636,Un amour impossible (2018),5.0,3.3544897090944255
rw2897251,The Mortal Instruments: City of Bones (2013),2.5,3.3796246893320827
rw5663092,Ice Princess (2005),3.5,3.6116601177061134
rw1297815,The Seventh Stream (2001 TV Movie),3.5,3.3537036489209884
rw4752852,Unplanned (I) (2019),5.0,3.3557704769073693
rw1340981,Jackass: The Movie (2002),5.0,3.7193024823969
rw4825711,Vikings (2013–2020),5.0,4.0284915601828954
rw4556922,The Invitation (I) (2015),5.0,3.2712376900250284
rw4043660,Padmaavat (2018),1.5,3.8585696944563486
rw2539036,La donna del lago (1992 TV Movie),3.5,3.2791586477589645
rw1792494,Species (1995),3.0,3.1804979558137356
rw5790648,Clemency (2019),2.5,3.251448837239587
rw2379572,One Flew Over the Cuckoo's Nest (1975),4.5,3.770507600520101
rw6306363,One for the Money (2012),0.5,3.4321365133074657
rw5441775,Judy (II) (2019),5.0,3.434766678995239
rw0992341,Riders of the Rio Grande (1943),3.5,3.366035560695185
rw3724834,The Hunter (IV) (2011),4.0,3.479493123389905
rw0237413,Sherman's March (1985),0.5,3.357207010639552
rw6120797,Enola Holmes (2020),4.5,3.054935958742907
rw3756340,Arrival (II) (2016),2.0,2.9232760587180464
rw3497507,Hillbillys in a Haunted House (1967),1.5,3.4979252043829376
rw2400783,Hereafter (2010),2.5,3.1052697012960606
rw1842616,The Deaths of Ian Stone (2007),4.5,3.173807600534194
rw5270068,After the Wedding (2019),4.5,3.292948355494301
rw3600987,London Has Fallen (2016),2.0,3.539746241795337
rw3385071,Star Wars: Episode VII - The Force Awakens (2015),4.0,2.8241813647432736
rw6273609,Come Next Spring (1956),3.0,3.402285837728039
rw4915002,PM Narendra Modi (2019),5.0,3.42358459748331
rw4306483,Neon Genesis Evangelion: The End of Evangelion (1997),0.5,3.866270715928117
rw2859993,The Old Curiosity Shop (2007 TV Movie),3.5,3.399116285345767
rw2995241,The Lorax (2012),3.0,3.455436296713445
rw1454858,The Comeback (2005–2014),5.0,3.373410482659086
rw1586354,Apocalypto (2006),1.5,2.9005701247696307
rw2546082,L'important c'est d'aimer (1975),0.5,3.2797816587459203
rw3253932,Hercules (I) (2014),4.0,3.3880821959068532
rw4207130,Picnic at Hanging Rock (2018),4.0,3.606031711542812
rw5243447,Jack Ryan (2018– ),3.0,3.6943282383262384
rw1119764,Dr. No (1962),2.5,3.5071050738478675
rw5375584,Men in Black: International (2019),4.5,3.3563052086695357
rw5920739,Dark (2017–2020),5.0,3.4669291014018833
rw5253349,Now You See Me 2 (2016),5.0,3.288264315251132
rw2489551,City by the Sea (2002),4.0,3.377352769299981
rw6279009,His House (2020),3.0,3.2643939190519227
rw0890415,Seabiscuit (2003),4.0,3.4034818670359495
rw3063502,Delirium (2014 TV Movie),1.0,3.2203323404305637
rw4418110,An Hour to Kill (2018),5.0,3.262047884519368
rw0171914,The Warriors (1979),4.5,3.5583534164076
rw4007329,Star Wars: Episode VIII - The Last Jedi (2017),3.0,3.844363546118411
rw2016966,The President Is Coming (2009),1.0,3.5751216479992296
rw6268146,Twilight (I) (2008),1.5,3.2121940585290822
rw2549420,Rasputin (2011),1.5,3.426224590903111
rw1748309,Veronica Mars (2004–2019),4.5,3.272945323441884
rw2458640,Koyaanisqatsi (1982),5.0,3.736162978433343
rw1699132,Running with Scissors (2006),2.5,3.305585678736734
rw4133138,For The People (2018–2019),4.0,3.2299720879871203
rw3335579,The Jokesters (2015),3.5,3.1057517759238884
rw3034917,Hara-Kiri (1962),4.0,3.449025023090542
rw4211984,Lost in Space (2018– ),0.5,3.2299188780133172
rw1563786,Batman (1989),5.0,3.6502824113360606
rw5112965,Brightburn (2019),5.0,3.201799889274563
rw3405002,Surviving Christmas (2004),3.0,3.317550932843363
rw5262158,Serenity (2019),4.5,2.325025615570792
rw6076699,Advokaten (2018– ),5.0,3.4369046707876825
rw4745921,Rampage (2018),3.5,3.700381899719499
rw4532640,Bird Box (2018),2.0,3.1056217413808653
rw5980860,Indiana Jones and the Temple of Doom (1984),4.5,3.448366069244345
rw3212458,Arrow (2012–2020),4.5,3.3387656721849543
rw2499415,Transformers: Dark of the Moon (2011),0.5,3.463539976643849
rw2321273,Kangaroo Jack (2003),0.5,3.3913538147743085
rw5325579,L'homme qui voulait vivre sa vie (2010),3.5,3.4327255587406897
rw2426320,Annie Hall (1977),4.0,3.3475182622432658
rw6269373,The Cake General (2018),5.0,3.3183915984916403
rw1611612,Toward the Unknown (1956),4.0,3.2658071983238104
rw4386712,Eghantham (2018),5.0,3.514263595381629
rw3317378,Harry Potter and the Sorcerer's Stone (2001),5.0,3.9535454455490524
rw1310377,Blunder Boys (1955),4.5,3.5549040600378308
rw4036559,Regression (I) (2015),4.0,3.2090171604943043
rw4729196,The Widow (I) (2019),2.5,3.2060458861015753
rw4768213,Star Wars: Episode II - Attack of the Clones (2002),2.5,3.1946394328823717
rw6188632,The Handmaid's Tale (2017– ),4.5,3.459534314210868
rw3812697,Zero Kelvin (1995),3.0,3.317297606932985
rw3551711,ARQ (2016),4.5,3.377382365267227
rw3071914,Carlos (2010),5.0,3.4258996392406167
rw4860273,Union Pacific (1939),2.5,3.231898485243688
rw6448461,Coolie No. 1 (2020),0.5,1.931729999161051
rw6349431,The Christmas Chronicles: Part Two (2020),4.0,3.6637221585017223
rw2717968,Mattie (2011),3.5,3.6743905710618776
rw0804137,The Good Thief (2002),3.5,3.566789868483938
rw2203525,Broom-Stick Bunny (1956),5.0,3.5549040600378308
rw3813121,Bad Company (1995),2.5,3.397388104104091
rw0276592,Uncle Buck (1989),5.0,3.3270572734031507
rw3445109,Milk Money (1994),2.0,3.332306559418914
rw1967076,Angel Face (1953),4.0,3.369687653883603
rw3372383,Black Christmas (1974),4.5,3.378479058415063
rw5984175,Another Woman (1988),3.0,3.3628894304959536
rw3522258,Daylight's End (2016),4.5,3.210182710399857
rw2293647,Night Comes Too Soon (1948),3.0,3.5549040600378308
rw3420991,Penance (I) (2009),1.0,3.1256178383228828
rw0663620,Nuremberg (2000),2.0,3.3498244859935404
rw2935276,The Godfather: Part II (1974),4.5,3.5395077942256075
rw3375801,Supergirl (2015–2021),5.0,3.2301840802157407
rw4144581,The Week Of (2018),0.5,3.28857744450251
rw1726515,Eragon (2006),2.5,3.033463441045792
rw1370635,Shane (1953),4.0,3.356964487151252
rw2254231,The House on Sorority Row (1982),1.5,3.16319396858614
rw2691722,Fast Girls (2012),2.5,3.41444332677728
rw3198767,Gone Girl (2014),4.0,3.3091887593816716
rw3010110,Transcendence (I) (2014),5.0,3.22033043790235
rw4082619,Spirited Away (2001),5.0,3.6967108957881916
rw3199058,Man on the Moon (1999),5.0,3.4664795909667125
rw1666328,Sahara (2005),3.5,3.387150911376222
rw4760020,The Decks Ran Red (1958),2.0,3.2983619343478767
rw2598946,Titanic (2012),2.5,3.3451330147760756
rw4090796,Winter Kills (1979),1.0,3.3181247001219285
rw1480440,The Monster of Piedras Blancas (1959),3.5,3.396797495183331
rw0253800,Akira (1988),5.0,4.035389652393651
rw1555888,The Return of the Living Dead (1985),4.5,3.7298060682292586
rw4031421,Side Effects (I) (2013),3.5,3.3838778068164284
rw1686040,The Flying Scotsman (2006),4.5,3.406118794233208
rw6355149,Durgamati: The Myth (2020),0.5,3.2623627420803496
rw1483365,V for Vendetta (2005),5.0,3.7971781261564983
rw3321546,Limitless (2015–2016),2.5,3.4122545560734165
rw0485829,Star Wars: Episode II - Attack of the Clones (2002),4.0,3.123699973123742
rw3398568,Dickson Experimental Sound Film (1894),3.5,3.327564570159525
rw5311116,BoBoiBoy Movie 2 (2019),2.5,3.5314912139191965
rw3104894,Haider (2014),3.5,3.673565726352606
rw1354068,Broken Flowers (2005),0.5,3.439969087863435
rw6368977,In Time (2011),3.5,3.304771172942333
rw1286984,Private Lessons (1981),3.5,3.4244277279058206
rw2191499,神鬼尖兵 (1999),4.5,3.307971355145231
rw2310928,Drag Me to Hell (2009),4.0,3.7506616375838635
rw0959388,Saw (2004),5.0,3.203052604918239
rw5780023,The House of Violent Desire (2018),0.5,3.1767383637830107
rw1108975,Young Winston (1972),3.0,3.455038560629624
rw2076240,Pride and Glory (2008),3.0,3.3676865663685933
rw1431356,Easter Parade (1948),4.5,3.609800041639607
rw4169335,Chevalier (2015),3.0,3.4465806797769813
rw5610383,Katha Sangama (2019),4.0,3.4954654251459876
rw3056663,Hachi (2009),5.0,3.384936194956169
rw2139277,The Chronicles of Narnia: Prince Caspian (2008),5.0,3.4690305292438905
rw4372808,Live (IV) (2018),3.0,3.3735729295479207
rw1522476,Harsh Times (2005),0.5,2.785653071025253
rw3635877,Mr. Church (2016),5.0,3.998112102878418
rw5465607,El Camino: A Breaking Bad Movie (2019),3.5,4.038232142737628
rw1985316,Che: Part Two (2008),5.0,3.2877640337438088
rw4136223,Riverdale (2017– ),4.0,2.625642811242633
rw3556523,Shamitabh (2015),2.5,3.42124143262552
rw6394630,The Midnight Sky (2020),4.5,2.703391547571691
rw6323184,The Simpsons Movie (2007),4.5,3.4502426222998355
rw1773574,The Golden Compass (2007),1.5,2.5653224005157487
rw3641615,The Americans (2013–2018),1.0,3.546210120784718
rw2168411,Reign of the Gargoyles (2007 TV Movie),1.5,3.2779081411199873
rw2738723,Tôshô Daimos (1978–1979),5.0,3.3811953622080955
rw3868625,The Illusionist (2006),4.0,3.2394912851286697
rw1691052,Battle Beyond the Stars (1980),5.0,3.202141902507288
rw2456984,The Company Men (2010),4.0,3.5760397300989033
rw4403253,My Life as a Zucchini (2016),4.5,3.2627149127848285
rw1042353,Ice Princess (2005),4.0,3.445993180238148
rw2889784,Waar (2013),4.5,3.1708958422177598
rw2705402,暮光之城：破曉2 (2012),5.0,3.16297937779667
rw3595307,La La Land (2016),3.0,3.2440272280881004
rw1311301,House II: The Second Story (1987),3.5,3.238402997343452
rw2174693,The Younger Generation (1929),3.0,3.546210120784718
rw2023217,BloodRayne: Deliverance (2007 Video),0.5,3.3101184304907583
rw6342468,Intezaar (2020),4.5,3.272932836649584
rw6073022,After We Collided (2020),4.0,3.3862241229601318
rw0184804,Excalibur (1981),5.0,3.737635486478626
rw0406217,In the Mood for Love (2000),4.0,3.553822745155033
rw3381894,Paper Towns (2015),4.0,3.371004191302856
rw6446874,La llorona (2019),3.5,2.6116833189185438
rw4808290,Avengers: Endgame (2019),5.0,3.640476225287313
rw3374308,Star Wars: Episode VII - The Force Awakens (2015),3.0,3.013673682192868
rw1083203,Unleashed (2005),3.5,3.3627232677802477
rw3275999,"It's the Easter Beagle, Charlie Brown! (1974 TV Movie)",2.0,3.393530090025441
rw3487478,Ace Ventura: When Nature Calls (1995),4.0,3.2163443720128733
rw2377421,The Traveler (I) (2010),0.5,3.294503603007708
rw1691377,Die Hard 4.0 (2007),0.5,3.278835413669427
rw6104963,The Devil All the Time (2020),5.0,3.3231834199615706
rw3360149,Gran Torino (2008),2.5,3.519651721048321
rw1104674,Hitch (I) (2005),1.0,2.5245288500992507
rw0797097,Elling (2001),4.0,3.4063802876055163
rw6021189,Stalker (1979),1.0,3.1411161587861276
rw5242751,Parasite (2019),4.0,3.9178114098554833
rw0599743,Gladiator (2000),4.0,4.035365352259819
rw1782569,Aaja Nachle (2007),4.5,3.318777749312307
rw1332116,Kidon (2005),4.5,3.183582114127664
rw0690602,Halloween: Resurrection (2002),0.5,3.173021948704454
rw1674469,Mr. Brooks (2007),4.0,3.6299523206903244
rw2338074,Unstoppable (2010),2.0,3.4114132430619546
rw4129122,Phantom Thread (2017),4.5,3.5531653254784583
rw2526589,The Baby (1973),4.0,3.348679623036238
rw5643154,Take Point (2018),4.0,3.216066170228625
rw4343707,Fallen Angel (1945),4.5,3.3910745906597595
rw0999874,The Last Emperor (1987),5.0,3.549357748960015
rw2904641,2 Guns (2013),3.0,3.795486959230103
rw4068260,Money Heist (2017– ),1.0,2.960616399569818
rw1025845,Bride & Prejudice (2004),5.0,3.5254981140975783
rw0548103,Children of the Corn V: Fields of Terror (1998 Video),1.5,3.3403897641618605
rw3459202,Star Wars: Episode VII - The Force Awakens (2015),2.0,2.8998089567510563
rw3479161,Ender's Game (2013),3.0,3.158878082461064
rw3658446,Canvas of Death (2016),0.5,3.4243616105635333
rw1360715,Star Trek: Insurrection (1998),3.0,3.3473206568439684
rw2762434,Barb Wire (1996),1.5,3.3013870102533303
rw2406391,Se7en (1995),4.5,3.745320231185465
rw5059574,The Banana Splits Movie (2019),4.5,3.5519548549121613
rw1881939,The Andromeda Strain (2008),0.5,3.334065623968525
rw3147619,The Loved One (1965),5.0,3.364025693538345
rw1370517,Dangerous Assignment (1952– ),4.0,3.3946033562908897
rw1163024,Roller Boogie (1979),0.5,3.2564035172167696
rw3409350,Chhota Bheem Himalayan Adventure (2016),5.0,3.5549040600378308
rw1502596,Jarhead (2005),1.5,3.195084698062446
rw6019933,2gether (2020),5.0,3.3623589606154667
rw6276892,Soorarai Pottru (2020),5.0,3.8920654116736646
rw0484334,Star Wars: Episode II - Attack of the Clones (2002),4.0,3.1946394328823717
rw0354996,American Job (1996),2.0,3.5499519812195466
rw5492409,Sanditon (2019),5.0,3.5549040600378308
rw1157021,Supercross (2005),3.0,3.308323319320228
rw2397284,Battle Los Angeles (2011),0.5,2.7735012031182826
rw0019618,Gone with the Wind (1939),5.0,3.905107902645487
rw2090015,Moon (2009),5.0,3.491317731317559
rw5643497,Paris est à nous (2019),4.5,3.2696470235225177
rw2828286,Knick Knack (1989),4.0,3.455022020703221
rw1189600,Moog (2004),3.0,3.5078521051658247
rw4788310,Escape Room (I) (2019),4.5,3.431509604546967
rw5303031,安眠醫生 (2019),5.0,3.6556643189175166
rw4276365,2nd class (2018),3.5,3.408993875673656
rw1453634,Night Stalker (2005– ),2.5,3.1136554157111256
rw6146025,Apocalypse of Ice (2020),0.5,3.2981418392097814
rw1713027,Cidade de Deus (2002),4.5,3.8404157889320567
rw4144738,The Walking Dead (2010– ),1.0,3.744605969826734
rw2593859,First Knight (1995),1.0,3.4315222849302733
rw2158014,海盜電台 (2009),0.5,3.135254111468521
rw0878370,Freaky Friday (2003),4.5,3.3622797417649988
rw3102109,End of the Line (II) (2007),4.5,3.2655281556209874
rw1344092,Four Sided Triangle (1953),3.0,3.3813231059781335
rw4270235,Raazi (2018),1.0,3.1988529009318003
rw1101658,Saint Ange (2004),0.5,3.229676452887014
rw2376396,The Tourist (I) (2010),4.5,3.312709286840233
rw0336046,Clerks (1994),5.0,2.9431461018342655
rw1789139,Atonement (2007),1.0,3.2697736934706234
rw5401610,Psycho Pike (1992 Video),3.0,3.3665243278620474
rw0637469,"Crouching Tiger, Hidden Dragon (2000)",4.5,3.418307347161198
rw0880365,Terror Toons (2002 Video),0.5,2.6358558284194373
rw4607458,Polar (I) (2019),4.0,3.7885875439408094
rw2432462,Game of Thrones (2011–2019),0.5,3.9372570115698444
rw6408536,Coolie No. 1 (2020),0.5,1.9238493270196075
rw2556992,The Mask (1994),3.5,3.414662950105881
rw1984859,Night of the Flesh Eaters (2008 Video),5.0,3.5751216479992296
rw5958464,The Town That Dreaded Sundown (2014),4.0,3.2377455136284827
rw5072902,Parivar (1956),5.0,3.546210120784718
rw0741357,Unfaithful (2002),5.0,3.070262820779175
rw1755815,Phantom of the Paradise (1974),4.0,3.3400849760817146
rw2011559,Friday Foster (1975),4.5,3.203251681858438
rw4223425,Hounds of Love (2016),4.5,3.1532774532763206
rw5669956,Hustle (2004–2012),3.0,3.3764163834152106
rw5467619,The Exterminating Angel (1962),1.5,3.292468375015564
rw3793062,Adam Had Four Sons (1941),2.0,3.3277528481478025
rw2557362,Bad Teacher (2011),2.0,3.3594697070611814
rw4147821,Rampage (2018),5.0,3.3496463950712823
rw0652346,Secrets (1992),2.0,3.410691630313859
rw5053261,My Fair Lady (1964),4.0,3.429889712942463
rw2207311,Transmorphers: Fall of Man (2009 Video),1.0,3.4800913963824383
rw1129018,Fantastic Four (I) (2005),3.5,3.2886561358719226
rw1665852,Pirates of the Caribbean: At World's End (2007),5.0,3.927593513468441
rw4808789,Brave (2012),3.0,3.7691559897127433
rw3618529,A Series of Unfortunate Events (2017–2019),4.5,3.383677821236818
rw2301536,L'appât (1995),3.5,3.4763179484466815
rw4555241,Bird Box (2018),3.5,2.9916029789162275
rw1395295,Just Friends (I) (2005),3.0,3.336093627218027
rw5380406,You (2018– ),5.0,2.719599518899758
rw1717496,Lilies of the Field (1963),5.0,3.2884637791879943
rw1700133,The Core (2003),3.0,3.2018703724707898
rw1909447,The Shawshank Redemption (1994),5.0,4.0877564282466645
rw0413984,Almost Heroes (1998),5.0,3.483855602901464
rw5764158,Snowpiercer (2013),4.0,3.266013717861696
rw4929666,Electrick Children (2012),3.0,3.254090302255304
rw0874711,Big Fish (2003),5.0,2.6794679438627784
rw5646923,Sweet Sunshine (2020),4.5,3.383756785867457
rw6076531,Insomnia (2002),4.5,3.399608671903918
rw4612383,Bird Box (2018),2.0,2.9916029789162275
rw3685316,Major Grom (2017),4.0,3.346258609723018
rw1709771,Pee-wee's Big Adventure (1985),5.0,3.422615014167352
rw0055258,The Ladykillers (1955),4.5,3.389762478688565
rw3011331,Freeway (1996),5.0,3.366787662853189
rw2812266,Ringers: Lord of the Fans (2005),3.0,3.245849016936544
rw5983156,The Boys (2019– ),5.0,4.093530458694518
rw1071225,Sasori in U.S.A. (1997),1.5,3.156255813690098
rw4676252,Hirugao (2017),0.5,3.37596954567794
rw1072847,Megalodon (2002 Video),0.5,3.241408740328411
rw1765107,Enough (I) (2002),3.0,3.328256035929207
rw3870273,Back to School (1986),3.5,3.429839852587851
rw1548795,Blood of a Champion (2005 Video),1.5,3.3431677815857896
rw5200859,El Camino: A Breaking Bad Movie (2019),5.0,3.848488159214321
rw4264742,Skin Creepers (2018),3.5,3.15437443452234
rw0582302,The Lord of the Rings: The Return of the King (2003),5.0,4.112872212103523
rw2227453,The Devil on Horseback (1936),3.0,3.566789868483938
rw5425344,Mother! (2017),0.5,2.839344326806582
rw6396829,The Midnight Sky (2020),2.5,3.030042924288738
rw3045072,22 Jump Street (2014),4.5,3.3786417712624823
rw1839515,Faded Dreams (2007),4.0,3.12818188495804
rw3161186,魔法黑森林 (2014),4.5,3.4028946289996935
rw4932058,X-Men: Dark Phoenix (2019),3.5,3.053131205460925
rw0246167,Leif (1987),5.0,3.3195931698634653
rw1829289,Day of the Dead (2008 Video),4.0,3.3021599248832434
rw4591888,A Star Is Born (2018),3.0,3.1317718407686352
rw2060241,Se7en (1995),4.0,3.745320231185465
rw5255309,Batwoman (2019– ),3.0,3.4624706964733325
rw2174034,屍樂園 (2009),4.0,4.026418056446547
rw4618301,Felix in Hollywood (1923),4.0,3.301613088858716
rw2871853,Oz the Great and Powerful (2013),1.5,3.87517946861405
rw6371946,Home Alone (1990),4.0,3.3153587216184772
rw4917680,Kesari (2019),4.5,3.6350239616467643
rw3375227,Bajirao Mastani (2015),5.0,3.329775108533415
rw2919615,Sooper Se Ooper (2013),2.5,3.2786371516399955
rw0309269,The Last of the Mohicans (1992),5.0,3.495287607507926
rw4780176,"Ruben Brandt, Collector (2018)",5.0,3.387176830675853
rw0468487,Resident Evil (2002),2.5,3.741995471387649
rw0203161,Never Say Never Again (1983),5.0,3.372312216197844
rw2898808,Captain Phillips (2013),4.5,3.039753221854008
rw0003310,Hot Water (1924),3.5,3.4407043265732646
rw3352875,With These Hands (1950),2.5,3.4160970548872953
rw4438692,Rings (2017),1.0,3.219652055173032
rw1916751,The Palm Beach Story (1942),5.0,3.3649576272917283
rw6015076,Pareeksha (2020),5.0,3.410454685205174
rw5607342,Danny Roane: First Time Director (2006),4.0,3.4177407701494764
rw4126886,The Last O.G. (2018– ),1.0,3.561521411310836
rw1018136,Safe House (1998),5.0,3.270527413098425
rw5237883,The Game Changers (2018),5.0,3.2082400719656667
rw2785734,The Lords of Salem (2012),4.0,3.116789586997901
rw3737171,Forrest Gump (1994),5.0,4.10084851732116
rw5212397,Parasite (2019),5.0,3.8620439746402146
rw3614518,Burying the Ex (2014),3.0,3.1136015122207334
rw3694497,The Patience Stone (2012),3.5,3.4036213001929077
rw2035128,American Drug War: The Last White Hope (2007),3.5,3.3230533727058935
rw1005104,The Village (2004),5.0,3.5519825902309483
rw1445412,South Park (1997– ),5.0,3.8395736170674453
rw0536452,Nutty Professor II: The Klumps (2000),2.0,3.481015167943347
rw3644033,The Great Wall (I) (2016),5.0,2.9628221191740973
rw0113352,Quiet Days in Clichy (1970),0.5,3.298711590305943
rw5983272,The Butterfly Effect (2004),5.0,3.8642343187520893
rw1706870,Run Ronnie Run (2002),1.5,3.2346340121043413
rw4356914,The Good Cop (2018),5.0,3.708494076263774
rw1922812,Dad's Army (1971),5.0,3.5946399285273225
rw1707654,Hobgoblins (1988),1.0,3.3087293457599034
rw1283905,Brokeback Mountain (2005),5.0,3.944788615918374
rw1764312,Vampire Hunter D (1985),4.0,3.5856531295559426
rw5807394,An Interview with God (2018),2.5,3.3470638253112384
rw1348851,Silent Hill (2006),4.0,3.285724032705624
rw5788711,Knights of the Zodiac: Saint Seiya (2019– ),5.0,3.3891812683252405
rw2792475,Grave Encounters 2 (2012),1.5,3.224682316781904
rw3507623,Frankenstein's Castle of Freaks (1974),3.0,3.4258471463407782
rw5119722,Code of the Wild (2019– ),0.5,3.2007268632106656
rw4574949,Master of Arms (2018– ),5.0,3.547231542951612
rw3192342,"Two Days, One Night (2014)",5.0,3.415194100554068
rw3063224,Get on Up (2014),4.5,3.3231251651376676
rw4081288,Out of the Shadows (I) (2017),1.0,3.358150630409923
rw2926874,House of Good and Evil (2013),0.5,3.3764993805919614
rw5357570,Masum (2017),4.0,3.454385354773763
rw5220303,I'm Not There (2007),2.5,3.581335934593267
rw4233535,Moonlight (I) (2016),3.5,3.396134794820258
rw2327836,Despicable Me (2010),4.0,3.743572469235997
rw2931078,Frozen (I) (2013),5.0,3.033919265432692
rw3036060,Borgman (2013),3.5,3.275161012098218
rw2824363,The Lone Ranger (2013),2.5,3.1076311750914454
rw2347918,The Matrix Revolutions (2003),1.5,3.393669117543412
rw1419022,Syriana (2005),4.0,3.4543929867699594
rw3307833,Home (II) (2015),5.0,3.839838461475481
rw1804247,Cloverfield (2008),0.5,3.096157737420985
rw6089971,Rent-A-Pal (2020),4.5,3.1780431516243386
rw3849941,Singularity (I) (2017),0.5,3.372860964803603
rw1199699,Elizabethtown (2005),4.0,3.3392208968161037
rw4960342,Wonderful World (2009),3.0,3.509697022981457
rw4057716,Eye in the Sky (2015),2.0,3.4060622230043767
rw1528841,Dhoom 2 (2006),4.5,3.406474762493727
rw2011169,Slumdog Millionaire (2008),0.5,3.5049550682231674
rw5419978,Hero (III) (2019),2.5,3.4512473899281293
rw3625663,The Walking Dead (2010– ),5.0,3.744605969826734
rw2789025,Iron Man Three (2013),3.5,3.3896705404973537
rw3109848,The Last Will and Testament of Rosalind Leigh (2012),1.0,3.336868662935973
rw0474693,U.S. Marshals (1998),3.5,3.382105533294278
rw0329016,Sins of Desire (1993),3.5,3.3706777618077814
rw0922421,Finding John Christmas (2003 TV Movie),4.0,3.292693847513907
rw4685447,Vikingane (2016– ),5.0,3.9349986672589354
rw2495592,Gnomeo & Juliet (2011),4.5,3.4331184656315528
rw2976496,300: Rise of an Empire (2014),4.5,3.382800585743117
rw0454949,The Green Mile (1999),5.0,3.8535976513874868
rw3747531,Baby Driver (2017),3.5,3.6797811876375977
rw2516956,J. Edgar (2011),4.0,3.5085288768689225
rw2137177,Scaramouche (1952),4.0,3.281118908119477
rw3345958,The Man from U.N.C.L.E. (2015),4.5,3.3915316728961296
rw5660829,The Turning (2020),0.5,3.3031095946400026
rw0044454,The Day the Earth Stood Still (1951),5.0,3.3335977650747224
rw2654468,Living with Wolves (2005 TV Movie),4.5,3.415481845109099
rw0228245,Weird Science (1985),3.5,3.308816815361545
rw3606078,Assassin's Creed (2016),2.5,3.813322951058489
rw2039122,The Rocking Horse Winner (1949),3.5,3.479433611637224
rw3644439,Ransom (2017–2019),5.0,3.3682743346954
rw5981766,Bad Boys (1995),3.5,3.4010192654077644
rw0431067,Scream 2 (1997),5.0,3.8367101702921587
rw4991437,Spider-Man: Far from Home (2019),3.0,3.104976796567231
rw6426816,Jojo Rabbit (2019),4.5,3.937193565566063
rw0214773,Romancing the Stone (1984),4.0,3.2862065740563904
rw4523973,Zero (III) (2018),5.0,3.0481209735581345
rw3596367,Spectral (2016),2.5,3.1956127683065145
rw4357837,The Gifted (2017–2019),5.0,3.2209359723763407
rw1640932,Criminal Minds (2005–2020),5.0,2.739485959728926
rw3495081,Independence Day: Resurgence (2016),2.0,3.2157551396375106
rw2833413,The Grifters (1990),3.0,3.4752090258254156
rw6286361,Barbie Fairytopia: Mermaidia (2006 Video),4.5,3.482789686237664
rw5031946,Rustum (2019),2.5,3.358998529687315
rw3785181,Final Fantasy XV (2016 Video Game),4.5,3.489686480095781
rw4790107,Drunk Parents (2019),0.5,3.2966620809266796
rw3341059,Dante's Peak (1997),4.5,3.1505858225548216
rw6437941,Suits (2011–2019),4.0,3.3101624002980246
rw0156535,Suspiria (1977),5.0,3.576801747849199
rw5222604,A.I. Artificial Intelligence (2001),3.5,2.806427955040187
rw2181593,阿凡達 (2009),4.0,3.4443447289117772
rw3191594,Code Name: K.O.Z. (2015),0.5,3.2862190007686203
rw0778780,Ice Age (2002),5.0,3.3979104676078324
rw0740286,Life with Judy Garland: Me and My Shadows (2001),4.5,3.4917878330185737
rw5280631,Ready or Not (I) (2019),5.0,3.230918349761887
rw1044227,Kiki's Delivery Service (1989),5.0,3.4864218498564057
rw1764562,Let's Get Tough! (1942),2.5,3.4048176909042964
rw4107855,Black Panther (2018),5.0,2.9839944452300173
rw6333377,Hillbilly Elegy (2020),3.5,3.4020952047849704
rw2602461,Smiling Along (I) (1938),3.0,3.2602878879198034
rw3611793,Magpie (2014),3.5,3.35175432234509
rw2180650,迷幻公園 (2007),3.5,3.303980896570533
rw4993907,Skyscraper (2018),3.0,3.2594272167146388
rw3372423,Frontier (1935),2.5,3.2761139959017616
rw3383514,Before We Go (I) (2014),1.5,3.4885401044470936
rw5517321,Color Out of Space (2019),1.5,3.422878520965215
rw4520023,Travelers (2016–2018),5.0,3.5499519812195466
rw5974436,Brave New World (2020),5.0,3.546210120784718
rw3427851,Zootopia (2016),4.5,3.383136265391719
rw2363248,The Town (2010),4.0,3.331093649324968
rw2509530,The Missouri Breaks (1976),2.5,3.3885835464425296
rw3033295,Only the Brave (2006),3.5,3.2851416940915623
rw2080468,He's Just Not That Into You (2009),2.5,3.42569621475852
rw2461685,Cyberbully (2011 TV Movie),4.5,3.394102039659838
rw1424061,What's Eating Gilbert Grape (1993),5.0,3.3435325390769854
rw2741345,普羅米修斯 (I) (2012),3.0,2.20395097579579
rw4506818,Four Hands Menu (2018– ),4.5,3.299837479838902
rw2221742,Inuyasha (2000–2004),4.0,3.574447314322759
rw3245265,Tomorrowland (2015),5.0,3.34237394912769
rw0790162,Wendigo (2001),5.0,2.9122293028487274
rw3228799,Der ewige Jude (1940),0.5,3.4040935640385133
rw3680710,Rendition (2007),2.0,3.3790103673045397
rw4429334,Bravetown (I) (2015),1.0,3.551252464592127
rw5581961,Paytakht (2011– ),4.5,3.4325202184412498
rw5156526,小丑 (2019),5.0,3.741149592147572
rw4972801,Agent Sai Srinivasa Athreya (2019),5.0,3.493870163933524
rw5483010,Blazing Saddles (1974),5.0,2.9304346104641237
rw5311371,My Christmas Love (2016 TV Movie),2.5,3.3006463633434624
rw6248469,Planet of the Apes (1968),4.0,3.815632569874005
rw2120855,Drag Me to Hell (2009),5.0,3.462812360311567
rw5053391,Spirited Away (2001),4.5,3.6967108957881916
rw4968568,Out of Blue (2018),1.0,3.330373514368684
rw3698683,The Space Between Us (I) (2017),3.0,3.292904541859759
rw3679098,Beauty and the Beast (I) (2017),4.5,4.06087465519784
rw0425714,Metroland (1997),5.0,3.4444839323092773
rw0522523,Shakespeare in Love (1998),5.0,3.1162683653512007
rw0304138,The Bikini Carwash Company (1992),5.0,3.2846145171236567
rw4467231,God Friended Me (2018–2020),5.0,4.05567847916608
rw1261247,Vanishing Point (1971),5.0,3.3258199611217627
rw3567372,The Girl on the Train (2016),3.5,3.1402995644072
rw5220684,31 (2016),2.0,3.2052226320735624
rw1742323,Time Out (2001),2.5,3.3713058465804275
rw3701225,Forrest Gump (1994),5.0,4.01520540090959
rw2031123,Almost Blue (2000),4.0,3.2979882347525598
rw2895874,Kick-Ass 2 (2013),3.5,3.1548620296161687
rw3179802,Project Almanac (2015),3.0,2.6479585050582233
rw0482657,Star Wars: Episode I - The Phantom Menace (1999),4.5,3.3812793514185184
rw3007790,Mothra (1961),3.0,3.371160779593907
rw1949145,The Best Years (2007– ),5.0,3.9019027031680125
rw5845195,Floor is Lava (2020– ),4.5,3.5164922063175896
rw3221087,The Voices (2014),5.0,3.4015297780191305
rw6051655,Agramon's Gate (2019),5.0,3.110677893995857
rw0878868,Jackass: The Movie (2002),5.0,3.7429155399954834
rw3510649,Kuroko's Basketball (2012–2015),4.5,3.447293833992431
rw3361320,Inside (2007),4.0,3.652311676229635
rw5932335,Dil Bechara (2020),5.0,4.063670633746419
rw0545128,The Legend of Bagger Vance (2000),4.5,2.5974520970193593
rw4542685,Simmba (2018),0.5,3.456896304523213
rw0201063,Geek Maggot Bingo or The Freak from Suckweasel Mountain (1983),0.5,3.4161436225698343
rw1497115,The Texas Chainsaw Massacre: The Beginning (2006),1.0,3.30937103121872
rw5463892,Mr. Robot (2015–2019),5.0,3.566789868483938
rw1443630,For Love of the Game (1999),5.0,3.463750330820465
rw6341157,The Undoing (2020),2.0,3.247097605396226
rw3069238,Hoe Tem Je Een Draak 2 (2014),5.0,3.7434276946829574
rw0496334,Shrek (2001),4.0,4.01450554412862
rw5654092,The Final Project (2016),1.0,3.3640799471910126
rw4331535,John Wick (2014),5.0,3.223534223547188
rw5072972,The Snowman (2017),4.0,3.31265994859705
rw1750186,Why Did I Get Married? (2007),5.0,3.229870277148011
rw3001200,Bears (I) (2014),4.0,3.316863822314574
rw2792225,Hider in the House (1989),3.5,3.3124123340533953
rw2934914,Judge Dredd (1995),3.5,3.6121589585958294
rw3475825,Knock Knock (I) (2015),3.5,3.5493448597694135
rw1404446,Superman Returns (2006),5.0,2.94200586069848
rw0455053,The Green Mile (1999),4.0,3.8535976513874868
rw4995092,Keeping Up with the Joneses (2016),2.5,3.454601386183194
rw5538577,The Rat (II) (2019),5.0,3.459821879317013
rw2042264,Taboo (1999),4.0,3.3796420297833483
rw2228408,Scoop (2006),3.5,3.377996618294592
rw4698421,Gone with the Wind (1939),5.0,3.7385807745646256
rw4303929,Frankenweenie (1984),3.5,3.4126424579627606
rw5557262,The Day After Tomorrow (2004),5.0,3.3161927746371727
rw0186026,Halloween II (1981),2.5,3.2912478499661
rw2228979,How to Train Your Dragon (2010),5.0,3.3607911774614947
rw2499542,Inception (2010),1.5,4.114011570912124
rw5701528,City of Dreams (2019– ),3.0,3.328846104378159
rw1791047,The Murder Game (2003– ),3.5,3.37257353775466
rw6244654,Hangman (II) (2015),0.5,3.23383390353795
rw4235919,The Outpost (2018– ),5.0,3.2633323124432487
rw5591515,Big Town After Dark (1947),2.5,3.320042672629409
rw0909024,"I, Robot (2004)",4.0,3.1085135296813733
rw5518239,Columbus (I) (2017),1.5,3.501642839532834
rw1336969,House of the Dead 2 (2005 TV Movie),1.5,3.078704993423233
rw5750059,White Lines (2020),3.0,3.3330952845383686
rw1443069,They Live (1988),5.0,3.1207491052484366
rw2359448,Jim Jefferies: I Swear to God (2009 TV Special),5.0,3.341992540532261
rw1835978,Stay Alive (2006),1.0,3.204278943348474
rw1623596,Mystery Science Theater 3000: The Movie (1996),3.0,3.1944747960603146
rw3223636,Transformers (2007),2.0,3.1708069759774586
rw5238092,Gamer (2009),3.5,3.361495191252422
rw5763782,Shaka Laka Boom Boom (2000–2004),4.0,3.229985533915543
rw3105013,Godzilla (I) (1998),1.5,2.556040027314708
rw4575726,Kickboxer: Retaliation (2018),3.0,3.3605412604661806
rw3417655,Vinyl (2016),1.5,3.2653422406742143
rw2932938,Dredd (2012),3.0,3.071442922384222
rw6005347,Tiny Creatures (2020– ),0.5,3.4392915134806046
rw5428470,Talladega Nights: The Ballad of Ricky Bobby (2006),4.5,3.6242582677567996
rw1235257,"The Chronicles of Narnia: The Lion, the Witch and the Wardrobe (2005)",5.0,4.084005546201256
rw1280862,The Last of the Blonde Bombshells (2000 TV Movie),5.0,3.33629781965154
rw3324877,The Strain (2014–2017),1.5,3.566789868483938
rw4706578,Cleaning Up (2019– ),4.0,3.4271696993230685
rw4318747,Geetha Govindam (2018),0.5,3.4843872941467255
rw1531562,Mystic India (2005),3.5,3.464396236161877
rw6426201,Battles Without Honor and Humanity: The Complete Saga (1980),4.0,3.2384796658019153
rw0148558,The Message (1976),5.0,3.574746533805027
rw2780386,Jack Reacher (2012),0.5,3.516475869132916
rw5746955,S.W.A.T.: Under Siege (2017),3.5,3.1373459131033616
rw3178797,Jupiter Ascending (2015),3.5,3.34714047337679
rw4664665,The Imitation Game (2014),5.0,2.97523979177096
rw5962846,Holy Hell (2016),3.5,3.383253895325506
rw2309083,The Other Guys (2010),3.0,3.369233265752662
rw2942250,White Collar (2009–2014),5.0,3.326743716889115
rw3762232,The One I Love (2014),3.0,3.328752236792198
rw0641019,Get Over It (2001),4.5,3.251674963137552
rw1728301,Blades of Glory (2007),3.5,3.3167145557395887
rw0867006,Battlestar Galactica (2003),5.0,3.9494068586591067
rw3662797,47 Meters Down (2017),5.0,3.233030799959929
rw4548638,Aquaman (2018),5.0,3.1754981558220297
rw4345886,Solo: A Star Wars Story (2018),4.5,3.355343899617759
rw0891036,Hollywood Homicide (2003),2.5,3.020150980845514
rw5429438,Aliens (1986),4.5,3.8833977384164298
rw2755974,Rajneeti (2010),4.0,3.352123809023719
rw3807134,Incendies (2010),4.5,3.138500444712254
rw6257015,A Very Charming Christmas Town (2020 TV Movie),4.0,3.216199966110574
rw2935691,Paranormal Activity: The Marked Ones (2014),4.0,3.1721201018541634
rw0508744,The Matrix (1999),5.0,3.585159760762612
rw1309819,Jarhead (2005),3.0,3.195084698062446
rw2602349,Shoot the Moon (1982),4.5,3.3194906449696955
rw4717091,Baywatch (2017),3.5,3.5923517653990764
rw3094140,Outlander (2014– ),5.0,3.459985173596649
rw5921917,Greyhound (2020),4.5,2.9726868342816406
rw4033339,Jim Jefferies: Freedumb (2016 TV Special),4.5,3.2969864844930945
rw5809422,Ad Astra (2019),1.0,2.6978820955426746
rw1244916,Unknown World (1951),1.0,3.2402424339112526
rw5410388,His Dark Materials (2019– ),3.5,3.181385403029699
rw3324607,Get Rich or Die Tryin' (2005),3.0,3.4220345585245795
rw6122523,London Confidental (2020),5.0,3.5499519812195466
rw4584125,Star Wars: Episode VIII - The Last Jedi (2017),4.5,3.22220697224407
rw0964832,Crooklyn (1994),2.5,3.3954096729120766
rw1966950,What a Girl Wants (2003),3.5,3.3589187066612447
rw5700915,The Dirty Dozen (1967),3.0,3.411948928258937
rw4090576,The Lady Is Willing (1934),2.5,3.5692525590120834
rw0871157,Cidade de Deus (2002),4.5,3.80477948966076
rw4350715,Jurassic World: Fallen Kingdom (2018),3.5,3.340943835166959
rw3379229,The Revenant (2015),5.0,2.8894550376680037
rw0097718,The Graduate (1967),5.0,3.73311004750609
rw4426429,Hunter Killer (2018),0.5,3.7043145945071974
rw0279959,Cry-Baby (1990),1.5,3.071205606385683
rw2480547,La casa muda (2010),3.0,2.38103671672277
rw5116417,9/11 (2017),2.0,3.200718550708041
rw3641196,Zootopia (2016),2.5,3.383136265391719
rw1909956,Room 36 (2005),4.0,3.566789868483938
rw2355074,Burlesque (I) (2010),4.5,3.215390092536702
rw5377672,The Pianist (2002),5.0,3.390247835298963
rw2424305,I Am Number Four (2011),1.0,3.3250817831131685
rw0514151,The Siege (1998),3.5,3.3246960831705903
rw6346094,The Crown (2016– ),3.5,3.5450906554950916
rw3185716,The Karate Kid (2010),4.5,3.3739379513935255
rw2301838,Charlie Chan in Shanghai (1935),3.5,3.4989723384525298
rw0663856,The Contender (2000),3.5,3.220350614454719
rw5588468,The Usual Suspects (1995),2.0,3.4000657460547457
rw1773777,Lou Grant (1977–1982),2.0,3.57337922597841
rw1921202,Tout va bien (1972),4.0,3.4975031736416904
rw5729590,Weathering with You (2019),3.5,3.6436131021521545
rw2118526,V for Vendetta (2005),2.5,4.162095076742089
rw3397163,Brave (2012),5.0,3.3362597684363777
rw2246652,The Last Thakur (2008),2.5,3.20209500833277
rw4009255,A Shadow World (2015),0.5,3.3576989138799584
rw5844033,Dead of Winter (1987),2.0,3.304210591789088
rw2699857,Extinction: The G.M.O. Chronicles (2011),2.0,3.3080796348490122
rw4163859,The Greatest Showman (2017),4.0,3.7375105640989883
rw2282363,Blood Cult (1985 Video),3.0,3.2923252999869295
rw2729678,Brute Force (1947),4.0,3.442716188455555
rw4701853,Leaving Neverland (2019),0.5,2.639866620486118
rw1205008,Team America: World Police (2004),4.5,2.937937247171911
rw6374127,Justice League (2017),2.5,2.8446439102337897
rw4655741,In Like Flynn (2018),3.0,3.4473493021218413
rw5913065,2001: A Space Odyssey (1968),4.5,3.5762481747339385
rw5472789,Insatiable (2018–2019),5.0,3.4303494188351555
rw1439063,The Brave (1997),1.5,3.364203013108938
rw2347697,The Room (2003),2.5,3.800284928234743
rw0533540,The World Is Not Enough (1999),4.0,3.5086747530960394
rw6439065,It's a Wonderful Life (1946),5.0,3.461161224135633
rw0730223,Die Another Day (2002),4.5,3.4479745982120957
rw5746869,Guardians of the Galaxy (2015–2019),4.5,3.7951848175652145
rw0861273,Hitters (2002),5.0,3.25322515515635
rw0135391,The Front Page (1974),3.0,3.4943419089812897
rw3116302,Teenage Mutant Ninja Turtles (2014),2.5,3.1863714751885497
rw6331870,Bob Lazar: Area 51 & Flying Saucers (2018),1.0,3.53807168726515
rw3401855,The Ten Commandments (1956),4.5,3.2686178230602683
rw6175302,Wedding Crashers (2005),4.0,3.2489615725325867
rw4306329,Call Me by Your Name (2017),5.0,3.405837350107762
rw4604161,Suits (2011–2019),5.0,3.3101624002980246
rw6262227,Paranormal (2020– ),3.5,3.1438200728899495
rw1565692,"Hamlet, Prince of Denmark (1980 TV Movie)",3.0,3.3107554112322637
rw5900735,Greyhound (2020),2.0,3.5528482819314564
rw3406194,R'ha (2013),2.0,3.4137424909861442
rw2056521,"Oh, Mr. Porter! (1937)",4.0,3.461163810179794
rw6219961,The Queen's Gambit (2020),4.5,3.481461807666193
rw1960941,Appaloosa (2008),3.5,3.3255350565954758
rw0583294,The Lord of the Rings: The Return of the King (2003),5.0,4.124353675947418
rw0722997,Bridget Jones's Diary (2001),5.0,3.30906057218958
rw6323364,Sher Dil (2019),5.0,3.546210120784718
rw5424320,Hancock (2008),2.5,2.4948211939684497
rw3577269,Genius (2016),4.5,3.4375534595081687
rw0404288,Apt Pupil (1998),5.0,3.4501159417902088
rw4572742,Incredibles 2 (2018),4.0,3.631713341892774
rw2558292,Screamers: The Hunting (2009 Video),0.5,3.1213364909146373
rw3243249,Tanu Weds Manu Returns (2015),5.0,3.51715625306182
rw0753219,Scary Movie 2 (2001),0.5,3.3769852844890336
rw5029622,Thor: The Dark World (2013),3.0,3.293902497201328
rw4897033,Valerian and the City of a Thousand Planets (2017),1.5,3.6672046423372775
rw5753124,NCIS (2003– ),5.0,3.4624070747149203
rw4137927,A Quiet Place (2018),2.5,3.1763151626428123
rw1219964,The End of the Affair (1999),5.0,3.398442604342509
rw1383083,Conspiracy Theory: Did We Land on the Moon? (2001 TV Movie),5.0,3.2706419708481285
rw6402590,The Midnight Sky (2020),1.5,2.703391547571691
rw4232319,Shooter (I) (2007),2.0,3.1880156672692497
rw1529754,Monster in a Box (1992),4.5,3.4271432467909855
rw6214135,Uncut Gems (2019),1.5,3.39739102622541
rw4731198,Thriller (1960–1962),5.0,3.22513197677576
rw0005199,The Cameraman (1928),5.0,3.504466680797085
rw1270890,High School Musical (2006 TV Movie),1.5,2.5204726099352346
rw1339903,American Dreamz (2006),3.0,3.451617899009304
rw4477110,The Christmas Chronicles (2018),5.0,3.3323439743673196
rw0394723,Scream (1996),5.0,3.7677811718820062
rw1492607,The Big Lift (1950),4.5,3.231731435555832
rw1966965,War of the Worlds (2005),3.5,3.6214196766697717
rw5902517,The Old Guard (2020),4.0,3.8767241095765486
rw5460372,The Da Vinci Code (2006),3.5,3.247488447846702
rw1349585,As Good as It Gets (1997),4.5,3.2872267810330187
rw5484404,The Will (2020),5.0,3.44350407726066
rw2581002,The Flying Squirrel (1954),4.0,3.546066796666207
rw3628443,The Fall (I) (2013–2016),4.0,3.230208077480591
rw4364860,Tag (I) (2018),4.5,3.203241040445422
rw1442642,Pirates of the Caribbean: Dead Man's Chest (2006),1.5,2.612697563090136
rw6126600,500 Days of Summer (2009),4.5,4.025378202299779
rw1627993,Severance (2006),3.0,3.4891191941139255
rw4892276,Stronger (I) (2017),2.5,3.1723512459608734
rw5666293,Rosemary's Baby (1968),4.5,3.865501130766042
rw3049609,Dawn of the Planet of the Apes (2014),4.5,3.656434096082375
rw3350992,Spectre (I) (2015),2.0,3.514842278350277
rw4839131,Captain Marvel (2019),3.0,3.546775973993431
rw3594764,Santo in the Hotel of Death (1963),2.0,3.406452080190323
rw6197894,Strangers at the Door (2017),0.5,3.2347188875479
rw3146393,Santa Claus (1959),4.0,3.4143445401827486
rw5702832,Mrs. Serial Killer (2020),5.0,4.0834113616804135
rw0448310,"A Cool, Dry Place (1998)",2.5,3.4836986338848446
rw4970695,The Man Who Killed Don Quixote (2018),0.5,3.4447594899163922
rw1464894,Tank Girl (1995),4.0,3.340009604716642
rw2210508,All About Eve (1950),4.5,3.3485657256474957
rw2049052,Cry-Baby (1990),2.5,2.72369813762784
rw5114542,The Man from Earth (2007),0.5,3.4099729430705024
rw1708980,The House Without a Christmas Tree (1972 TV Movie),5.0,3.416592925120229
rw0478413,X-Men (2000),4.5,3.823889121038677
rw2813904,This Is the End (2013),0.5,2.2747328212807076
rw5132358,Rambo: Last Blood (2019),1.0,3.353664705563701
rw2788477,Dredd (2012),2.0,3.338358786104009
rw0793438,The Scorpion King (2002),4.0,3.4139063244891727
rw4948170,Jinn (2019– ),4.5,2.723513261724132
rw2052675,The Fast and the Furious: Tokyo Drift (2006),1.0,3.2028621598792224
rw1089360,The Big Stuffed Dog (1981 TV Movie),3.5,3.546210120784718
rw3265517,Lava (2014),1.0,3.3775413099441396
rw3688562,Entertainment (2015),2.5,3.351084341553196
rw5903821,The Old Guard (2020),5.0,3.7879920895488244
rw1133797,November (I) (2004),3.5,3.2798772840766715
rw0985630,Swades (2004),5.0,3.5740570255308426
rw0153576,The Mighty Peking Man (1977),4.5,3.188489357391771
rw2610407,The Graduate (1967),4.0,3.9126925413454656
rw2858510,Lucky Night (1939),5.0,3.414528298087067
rw0174564,The Day After Trinity (1981),3.5,3.546210120784718
rw6163766,Abhay (2019– ),5.0,4.142197617372828
rw2470077,Cowboys & Aliens (2011),4.0,3.2320982918944394
rw0370402,Se7en (1995),5.0,3.733033257801945
rw1661004,Apocalypto (2006),2.0,2.8256187721777524
rw2958999,The Wolf of Wall Street (2013),4.5,3.8748294837698642
rw1675292,American Nightmare (2002 Video),4.5,3.487331240601722
rw3187163,Fifty Shades of Grey (2015),3.5,3.4509971445880083
rw1100030,Mr. & Mrs. Smith (1941),2.5,3.372153981997915
rw5958154,Deep Blue Sea 2 (2018 Video),1.0,3.3360619959578357
rw5835681,Inspector Gadget (1999),3.5,3.3377389555649124
rw5525111,Wonderland (2013–2015),5.0,3.373470644509386
rw2381502,Attack on Darfur (2009),1.0,3.2950186157401324
rw5414626,Giri/Haji (2019),2.0,2.8938905246446383
rw2934175,The Hobbit: The Desolation of Smaug (2013),1.0,3.4285294203607624
rw4823126,The Wandering Earth (2019),2.0,3.3663068259988993
rw0088601,A Charlie Brown Christmas (1965 TV Movie),5.0,3.5577448051939986
rw6212093,The Little Vampire 3D (2017),5.0,3.3877847883946575
rw1406431,Entourage (2004–2011),5.0,3.7980615752090996
rw0574393,The Sum of All Fears (2002),4.0,3.2150909606523723
rw0879254,Laws of Attraction (2004),2.5,3.1203043745198924
rw2251298,Vicky Cristina Barcelona (2008),3.5,3.319091477987147
rw1295734,Final Destination 2 (2003),4.0,3.2606773078467435
rw1599325,毀滅戰士 (2005),1.0,3.284769982765288
rw0304794,Braindead (1992),3.5,3.399222853142396
rw3577954,Scars of Dracula (1970),3.5,3.2839227243329008
rw2048630,Baghead (2008),1.0,3.1587687580736636
rw1320306,L'enfant secret (1979),5.0,3.3238820186716125
rw4561255,Shanghai Surprise (1986),1.0,3.4455738455287364
rw0904156,Two Brothers (2004),0.5,3.4646558026119227
rw4296986,Dinosaur (2000),5.0,3.4718677168915564
rw6273327,Soorarai Pottru (2020),5.0,3.968180370294291
rw1855644,De erfgename (1949),4.5,3.288110142296181
rw6017578,Flesh (2020),5.0,3.745030409464543
rw1549080,Sideways (2004),1.0,3.5401266894844223
rw5210666,Tales of Found Footage (2019),0.5,3.2769914147356842
rw2382671,Mumbai Diaries (2010),4.5,3.0514768728400328
rw1729208,The Broken Hearts Club: A Romantic Comedy (2000),3.0,3.2829461670283386
rw4486371,Reunited at Christmas (2018 TV Movie),0.5,3.3200924918949766
rw3412391,The Comedians (1967),4.5,3.3834229737694828
rw0639181,"O Brother, Where Art Thou? (2000)",4.5,3.5475152691841934
rw5857185,Eurovision Song Contest: The Story of Fire Saga (2020),3.5,3.221420306047945
rw4183514,The Graduate (1967),4.0,3.9126925413454656
rw5250346,The Fighter (I) (2010),4.0,3.8070490424955743
rw4481049,Mirzapur (2018– ),4.5,3.5751216479992296
rw4099840,Death Wish (2018),1.5,3.3689931397091155
rw2042065,In Bruges (2008),5.0,3.390010413234231
rw0247445,Moonstruck (1987),5.0,3.334102509802797
rw3354662,500 Days of Summer (2009),5.0,3.787947459505482
rw6450812,Sherlock (2010–2017),4.5,3.900472341169707
rw2785081,The Croods (2013),3.5,3.4273299404135646
rw1822727,Lilly Turner (1933),3.5,3.464170385755554
rw1977786,Anaconda 3: Offspring (2008 TV Movie),0.5,3.229328424831331
rw2378098,Plan B (I) (2009),5.0,3.1989404672965662
rw4691837,ImMATURE (2019– ),5.0,4.055790455453145
rw5033711,Quarries (2016),3.5,3.206410879836217
rw5107286,Blade Runner 2049 (2017),3.5,3.5743922285111918
rw2221976,Green Zone (2010),3.5,3.2908032355937276
rw4117331,The Terror (2018– ),4.5,3.3239224138983654
rw0738876,Asterix & Obelix: Mission Cleopatra (2002),4.0,3.4931922015222416
rw1497728,Titanic (1997),2.0,3.878199095656738
rw3600931,REC (2007),3.0,3.4079571411137426
rw3664302,Chasing Leprechauns (2012 TV Movie),4.5,3.4784044497306326
rw5797267,Collision Earth (2020),0.5,3.1187422485380214
rw4201102,Nancy (2018),3.5,3.335549295242999
rw4179136,The Leftovers (2014–2017),5.0,2.6044289000778695
rw1361318,Final Fantasy VII: Advent Children (2005),2.0,3.701792805088218
rw3395802,Seventh Son (I) (2014),0.5,3.3255374685004186
rw2462113,Mal día para pescar (2009),3.5,3.4960091285378585
rw1985733,The Happening (2008),1.0,3.359911448342916
rw0802543,My Little Eye (2002),3.5,3.1534365261621553
rw0764913,Basic (2003),3.5,2.939956247684048
rw4936411,Jinn (2019– ),3.0,2.922434834522451
rw4835696,The Dark Side of the Sun (1988),3.0,3.4802905424898856
rw1315836,Tutti i colori del buio (1972),4.5,3.327136951546127
rw2878923,This Is the End (2013),1.0,2.1355828113933795
rw6264094,Poison (2019– ),5.0,2.790636945073909
rw0444310,Being John Malkovich (1999),5.0,3.4001112810423715
rw0075498,Something Wild (1961),4.5,3.355358187411312
rw4440848,Bohemian Rhapsody (2018),5.0,3.755645437017612
rw0538680,Spider-Man (2002),4.0,3.8730829850174913
rw5305867,國王 (I) (2019),2.5,3.510265158685587
rw4724373,Triple Frontier (2019),3.0,3.4440082966888563
rw5811035,BlacKkKlansman (2018),4.0,3.4655687102624144
rw3849561,13 Minutes (2015),2.5,3.4085403989946412
rw3465991,The Avengers (2012),5.0,3.884699502681012
rw6078171,Train to Busan (2016),4.5,3.631546767198947
rw3014308,The Bag Man (I) (2014),4.0,3.5864083365421586
rw5093245,Heat (1995),5.0,3.2972700386141978
rw0163352,Shalimar (1978),5.0,3.4201579657216907
rw0529659,Mind Games (1998 TV Movie),1.5,3.318536264087025
rw4301098,Mission: Impossible - Fallout (2018),4.5,3.221594916226553
rw0059959,12 Angry Men (1957),5.0,3.9825484621406946
rw3035894,The Client (2011),3.5,3.1769811143072557
rw0103463,Night of the Living Dead (1968),4.5,3.8308668016627156
rw1254983,King Kong (2005),3.0,3.0726352738819362
rw3803839,War for the Planet of the Apes (2017),4.5,3.3208399625698544
rw6101014,Pets United (2019),0.5,3.5563366758986623
rw3772798,Valerian and the City of a Thousand Planets (2017),4.0,3.3558421310336715
rw1825791,Mou gaan dou II (2003),3.5,3.247733199643626
rw2136849,Observe and Report (2009),2.0,3.4353548046177025
rw5834711,Space Force (2020– ),5.0,3.667557086989259
rw5236645,Sunset Blvd. (1950),5.0,3.281143564236768
rw0554038,Screwed (2000),4.0,3.343572434543611
rw2550483,The Adventures of Tintin (2011),4.0,3.993060810469676
rw6084952,Uncle Tom (2020),5.0,3.776922024448762
rw4144407,Avengers: Infinity War (2018),5.0,3.7023832540681663
rw6332787,Vikings (2013–2020),5.0,3.9634441877541553
rw0767235,Murder by Numbers (2002),3.0,3.325996118192618
rw0326888,The Piano (1993),3.5,3.5655322313587114
rw2088434,The Freakmaker (1974),2.0,3.422344030835191
rw4774244,Dexter (2006–2021),4.0,3.4563399424392274
rw3460669,Nina (I) (2016),4.0,3.4888511524859656
rw2536810,Mission: Impossible - Ghost Protocol (2011),2.0,3.1943663801034763
rw3264622,Slap Shot 3: The Junior League (2008 Video),1.5,3.478367693249531
rw2764314,Sound City (2013),5.0,3.257464024916395
rw6203260,Prison Break (2005–2017),1.0,3.106026789842863
rw5759148,Giri/Haji (2019),2.0,2.9091883593721874
rw5724109,Monsters (2017 Video),4.0,3.2879631829895213
rw5211178,The Lighthouse (I) (2019),5.0,3.2967222010368893
rw1769347,Beowulf (2007),3.0,3.3549694305990125
rw4014896,Mother! (2017),5.0,2.320819256331773
rw5698242,Hollywood (2020),4.0,3.635271248466548
rw4191878,Shadowhunters (2016–2019),5.0,2.762452742733176
rw1011587,Thirteen Days (2000),2.5,3.358803058620148
rw6031338,Flesh (2020),5.0,3.66125918042953
rw5422720,Soundtrack (2019),5.0,3.3828618503598946
rw4375197,In the Heart of the Sea (2015),4.0,3.392111480536565
rw3747517,Ghost in the Shell (2017),1.0,3.7834776738725084
rw0075663,The Two Little Bears (1961),1.5,3.5192060602377797
rw3630657,K-Shop (2016),3.5,3.185085648716777
rw0287827,Rosencrantz & Guildenstern Are Dead (1990),5.0,3.3208274045864195
rw5221139,Sleeping with the Enemy (1991),5.0,3.3699685766468215
rw3059509,Wow! Wow! Wubbzy! (2006–2010),1.5,3.523690421889486
rw4480918,The Dark Knight Rises (2012),3.5,3.3940373025224364
rw3229189,The Count of Monte Cristo (1934),3.0,3.38912899109186
rw3868200,Nails (I) (2017),3.0,3.2193000855837397
rw3596359,Office Christmas Party (2016),4.5,3.224566765224783
rw0071933,Never on Sunday (1960),3.0,3.158543295160992
rw5259050,Love Is Blind (I) (2019),1.5,3.3095924770900864
rw6221826,The Long Hair of Death (1965),4.5,3.382657808933046
rw0258201,Grave of the Fireflies (1988),5.0,3.796911350261593
rw4227906,The Bad Sleep Well (1960),2.5,3.262941639116599
rw0212472,Satomi hakken-den (1983),5.0,3.5751216479992296
rw0931777,Kill Bill: Vol. 2 (2004),5.0,3.7273399359348733
rw1048257,Million Dollar Baby (2004),0.5,3.574721925175692
rw2376852,Mumbai Diaries (2010),2.0,3.821724840799739
rw0071250,The Virgin Spring (1960),4.5,3.434542825307227
rw5000111,TRON: Legacy (2010),5.0,3.4925178363832092
rw3063208,Get on Up (2014),3.5,3.3231251651376676
rw1483377,The Proud Ones (1956),4.5,3.318894013451839
rw3168526,鳥人 (2014),3.0,3.7151087748193317
rw1851228,The Kite Runner (2007),3.0,3.521454338946195
rw2978915,White Chicks (2004),4.0,3.2971976259497398
rw5959280,Un ticket pour l'espace (2006),3.5,3.24294783382215
rw5849161,Eric Andre: Legalize Everything (2020 TV Special),2.5,3.473081407803953
rw2556672,Jail (2007– ),4.0,3.2013237170531093
rw2283448,The Book of Eli (2010),3.0,2.55182542848271
rw4147933,Riverdale (2017– ),4.0,2.625642811242633
rw5065214,The Hateful Eight (2015),2.0,2.9047275420922354
rw0894189,Troy (2004),3.0,4.1035072126550585
rw1645702,Gangs of New York (2002),4.5,2.5610891203197568
rw6033945,Nocturnal Animals (2016),4.5,3.786094057561868
rw2268323,The Crazies (2010),1.0,3.2640495707921544
rw5484449,World Famous Lover (2020),4.0,3.3649272767343734
rw3650445,Moonlight (I) (2016),3.5,3.234854593258272
rw5206999,The Hole in the Ground (2019),2.5,3.1864886727167767
rw2541083,A.N.T. Farm (2011–2014),0.5,3.047604852637692
rw5897010,The Old Guard (2020),4.0,3.8823892095099772
rw3561692,Midnight in the Garden of Good and Evil (1997),3.5,3.4105726503279334
rw3081792,The Killing (2011–2014),3.5,3.3776430403150033
rw5786530,Once Upon a Time... In Hollywood (2019),4.5,3.5841550378170863
rw1742286,Dr. Giggles (1992),2.5,3.3238649616094404
rw0292132,Cape Fear (1991),3.5,3.4992118792700677
rw3048946,G.I. Joe: Retaliation (2013),0.5,3.246532343949078
rw4375216,The Killing of a Sacred Deer (2017),1.0,3.412284447400869
rw1820965,The Truth About Cats & Dogs (1996),3.5,3.365647212168092
rw5669380,Parasite (2019),5.0,3.8620439746402146
rw0863205,The Cat in the Hat (2003),3.5,3.3935264316362286
rw5616996,Jackson Durai (2016),5.0,3.5499519812195466
rw0506309,Wing Commander (1999),2.0,3.328260272200869
rw5602821,Sketchy Behaviour (2019 TV Movie),5.0,3.3919453968726345
rw1782697,Enchanted (2007),4.0,3.444769239764289
rw6165443,Firewood (2019),4.0,3.5499519812195466
rw5059875,Rocko's Modern Life: Static Cling (2019 TV Movie),1.0,3.620267646543832
rw4641198,Wonder Woman (2017),3.0,2.5786933526185685
rw3198298,Warpaint (2012),1.0,3.4638438374687555
rw2288979,John Adams (2008),4.5,3.546210120784718
rw0475339,Velvet Goldmine (1998),5.0,3.3297750642433854
rw0583732,The Lord of the Rings: The Return of the King (2003),4.5,4.124353675947418
rw5196114,Steel Country (2018),4.0,3.5751216479992296
rw6228570,Nicole (2019),5.0,3.0557739301273283
rw2267845,Boot Camp (2008),5.0,3.1675219597780053
rw5401391,Klaus (2019),1.5,3.91351988064558
rw0812652,Once Upon a Time in Mexico (2003),5.0,3.32655339012402
rw3805691,Slightly Daffy (1944),3.5,3.2493944783002244
rw3689269,iBoy (2017),3.0,3.338923497663342
rw6355981,The Reagans (2020– ),0.5,3.3739185220596752
rw4458942,The Price of Everything (2018),3.0,3.409259207542845
rw4041360,Freak Show (2017),4.0,3.009813292850867
rw5968584,Black Is King (2020),5.0,3.828379844799157
rw2774575,Big Fish (2003),1.0,3.5383935347269535
rw6328783,Tesla (I) (2020),0.5,3.364708529422752
rw4346942,American Made (2017),5.0,3.356799253921701
rw4255847,The Dark Tower (2017),4.0,3.8720395053828462
rw6070290,Children of Men (2006),5.0,3.225598201405783
rw1681748,Ladies in Retirement (1941),3.0,3.604439759350595
rw5376887,Pirate Radio (2009),2.5,2.503986723487752
rw0245265,Wings of Desire (1987),5.0,3.3116229390378162
rw2760649,Huang jia shi jie (1985),4.0,3.518408002944327
rw5717133,Swallow (I) (2019),1.0,3.262839429391012
rw1261174,Conflict (1945),3.5,3.4172495495731234
rw3150966,White Collar (2009–2014),5.0,3.326743716889115
rw4188151,Mike and Dave Need Wedding Dates (2016),3.0,3.326460208048935
rw5540650,Miss Congeniality (2000),3.5,3.2556032092263356
rw6155284,Star Wars: Episode VIII - The Last Jedi (2017),2.0,3.844363546118411
rw5085172,Blade Runner 2049 (2017),4.5,3.4886073833800157
rw2674212,Somewhere (2010),0.5,3.264683904314636
rw4457866,Leningrad (2009),0.5,3.377952572017105
rw6190325,The Visit (I) (2015),4.5,3.230901942521894
rw2358065,TRON: Legacy (2010),3.5,3.788682358129399
rw1157931,Bloody Wednesday (1988),2.0,3.143386590622321
rw3304980,Pixels (2015),4.0,3.3308518228013115
rw0732257,Donnie Darko (2001),4.5,3.126878868745024
rw3325134,Pan (2015),2.5,3.238704973107008
rw1513327,Should Men Walk Home? (1927),3.0,3.384306002570737
rw0334678,Ava's Magical Adventure (1994),1.5,3.5499519812195466
rw5444562,Kissed (1996),2.5,3.2652005211067223
rw5384837,The Grudge (2020),3.5,3.058769376831032
rw5653388,Changeling (2008),2.5,3.423342690712586
rw1814602,Undersea Kingdom (1936),4.0,3.2560809471116574
rw4973143,The Dark Tower (2017),4.5,3.6848300835468177
rw4138887,The Death of Stalin (2017),4.5,3.2014464407896868
rw4801828,Dragonheart 3: The Sorcerer's Curse (2015 Video),3.0,3.3831410144932974
rw2308146,Tobacco Road (1941),4.0,3.464061094592687
rw2190209,十誡 (1956),2.5,3.7168496950311383
rw4775394,A Quiet Place (2018),4.5,2.6656760807234816
rw6172661,Breakaway (2011),4.0,3.4390994636105945
rw2977767,Anchorman 2: The Legend Continues (2013),2.0,3.3625724922859144
rw1589972,Murder-Set-Pieces (2004),2.0,3.3140282255308655
rw0813406,Signs (2002),5.0,3.4121067740950957
rw4727303,Furious 6 (2013),2.5,3.395667409234097
rw6172232,Red Sonja (1985),4.0,3.372684455623993
rw0687910,Original Sin (2001),2.0,3.270404037495288
rw5532909,Villain (I) (2020),5.0,3.2695969607748703
rw4584144,Sex Education (2019– ),3.5,3.4714786359598064
rw4331195,Filmworker (2017),1.0,3.326100938559325
rw1095056,Cinderella Man (2005),5.0,2.6096420436443233
rw6001769,La dernière vague (2019– ),3.0,3.5499519812195466
rw5376044,Cats (2019),1.0,2.657172707876265
rw4943257,Monster (VIII) (2019),4.0,3.166494690193693
rw4716621,After the Thin Man (1936),3.5,3.4133718804513458
rw1782828,Behind Enemy Lines (2001),3.0,3.3894195398747606
rw1721234,Akutoreizâ (1990 Video Game),5.0,3.244330561923018
rw1873078,A Esteticista (2005),4.0,3.1650594495877145
rw6219540,I'm Thinking of Ending Things (2020),0.5,2.517806826697439
rw2713767,The Way (I) (2010),4.0,3.3489853892981793
rw4086628,Love Per Square Foot (2018),3.0,3.4424423537739286
rw6014561,Bandish Bandits (2020– ),1.0,3.359458772274864
rw2412064,Blindness (2008),4.5,3.4825740885262375
rw4222760,Incredibles 2 (2018),4.5,3.8490121090597307
rw3198678,Parallels (I) (2015),4.5,3.2560133791155166
rw4298278,Last Man Standing (2011– ),5.0,3.3394460858269412
rw5373853,Gordon Lightfoot: If You Could Read My Mind (2019),3.5,3.336101919420519
rw3878617,Possession (1981),0.5,3.4389770604920415
rw3003197,The Tomorrow People (2013–2014),5.0,3.422753319270547
rw1099948,Song of the South (1946),4.0,3.4835141392523195
rw1901699,L: Change the World (2008),1.0,3.5023089526361693
rw5668567,Another Life (2019– ),1.5,2.923490736080241
rw3006369,Let's Kill Uncle (1966),3.0,3.363249834057622
rw3452006,Desk Set (1957),3.5,3.3837622987252294
rw0450638,Eye of the Beholder (1999),4.5,3.7495076910496756
rw3055204,The Monuments Men (2014),3.0,3.3787992708660273
rw4244997,Suburban Commando (1991),3.5,3.4585166709385504
rw2602549,Captain America: The First Avenger (2011),0.5,3.3198998959984176
rw1219883,Derailed (I) (2005),0.5,3.2397361582037747
rw2162435,The Most Wonderful Time of the Year (2008 TV Movie),2.5,3.492728076426325
rw0459198,The Lord of the Rings: The Fellowship of the Ring (2001),0.5,3.4712133274474364
rw4218187,Avengers: Infinity War (2018),3.5,3.9048376534119678
rw3656094,Moonlight (I) (2016),4.0,3.234854593258272
rw2142162,Diary of a Madman (1963),4.0,3.2970605869770844
rw0282496,Goodfellas (1990),5.0,3.8156096804376975
rw3592958,Frost/Nixon (2008),5.0,3.3153100882350968
rw1373798,Arabela (1979– ),5.0,3.310077296225186
rw4513525,My Christmas Prince (2017 TV Movie),0.5,3.4579629196091846
rw0228472,Year of the Dragon (1985),5.0,3.427128600769388
rw1973210,It's a Wonderful Life (1946),5.0,3.461161224135633
rw3340403,Dudes & Dragons (2015),5.0,3.4070476898137807
rw2454799,Gallipoli (1981),3.5,3.4775629581132845
rw3877068,He Walked by Night (1948),4.0,3.360049248882448
rw4627058,If Beale Street Could Talk (2018),0.5,3.4159280335292754
rw1213597,Azumi (2003),4.0,3.3091412458624854
rw2340046,Chairman of the Board (1998),2.5,3.4717466564050063
rw3629411,Lion (2016),4.5,3.463970637093643
rw5915776,Given (2019– ),4.5,3.3832976919929876
rw3010392,The Amazing Spider-Man 2 (2014),4.0,2.5146537407969323
rw3111893,Rango (2011),1.0,3.590328132332019
rw2729153,Shira: The Vampire Samurai (2005 Video),4.0,3.546210120784718
rw5392050,Messiah (2020),5.0,3.5751216479992296
rw3078290,Mad Money (2008),3.5,3.401986954520933
rw1918024,The Dark Knight (2008),1.0,4.144469490026469
rw1634368,Baron Prásil (1962),5.0,3.389336279287332
rw1647590,Vacancy (2007),2.5,2.5964604932218376
rw5414367,Haunt (I) (2019),5.0,3.1261221205605954
rw1983713,Mumbai Meri Jaan (2008),4.5,3.335014710569387
rw2487374,Setup (I) (2011),0.5,3.1953294552010774
rw4338305,Bleach (2018),5.0,3.271731599353145
rw2388653,Dalaw (II) (2010),2.0,3.2374954184291758
rw1477311,Analyze This (1999),4.0,3.4225830674651623
rw5410389,Tanhaji: The Unsung Warrior (2020),4.0,3.740306429032643
rw5091552,Trollied (2011–2018),4.0,3.4108096330056066
rw0141555,Hester Street (1975),5.0,3.400710606588665
rw2296711,Into the Blue 2: The Reef (2009 Video),1.0,3.412318607140848
rw2169389,Tiger Bay (1959),4.5,3.3957786187515437
rw3735282,Hollywood Homicide (2003),2.0,3.1543974676434416
rw5987660,Gunjan Saxena: The Kargil Girl (2020),0.5,3.69264134053946
rw0800512,Mr. Deeds (2002),0.5,3.3222463566865543
rw5665042,The Willoughbys (2020),2.0,3.8219372851482514
rw1948298,The Sound of Music (1965),3.5,3.4539869353205495
rw4642630,The Final Wish (2018),5.0,3.3572276833296377
rw3649334,Complete Unknown (2016),3.5,3.3257774056131217
rw0201612,The Hunger (1983),4.5,3.2731935639158105
rw3737668,The Last Man on Earth (2015–2018),5.0,3.245925644595074
rw3323185,The Primary Instinct (2015),4.0,3.4899912683398866
rw4706532,Absentia (2017– ),3.5,3.109004999479539
rw0736722,Ali (2001),5.0,3.220541015642269
rw1093244,Tae Guk Gi: The Brotherhood of War (2004),4.5,3.437135042788507
rw5422680,Bad Boys for Life (2020),5.0,3.373113561931867
rw4981944,Toy Story 4 (2019),4.0,3.414796303927732
rw4545629,Cargo (2013),3.0,3.3365319007157987
rw6419059,Coolie No. 1 (2020),0.5,2.076278093207172
rw1808317,Lost in Beijing (2007),2.5,3.345864893958514
rw1896347,I Am Legend (2007),2.5,3.352255505522547
rw5378288,Messiah (2020),1.5,3.5751216479992296
rw4435031,Venom (2018),4.5,3.7019833415337087
rw1207011,Saw II (2005),4.0,3.204194591584865
rw4385472,Await Further Instructions (2018),2.0,3.124081840014676
rw2287819,Trust (1990),5.0,3.3548332213398964
rw4784266,The Killer Next Door (2018),0.5,3.140040702215317
rw6097584,Kilink: Strip and Kill (1967),3.5,3.3658514734526195
rw0084859,Dr. Devil and Mr. Hare (1964),4.0,3.4169879028544026
rw5652200,Seed of Chucky (2004),5.0,3.419330783629634
rw5382266,Fractured (I) (2019),4.0,3.5637680035787573
rw1489039,Call of Duty 2 (2005 Video Game),4.5,3.236904331792323
rw0070581,Can-Can (1960),2.5,3.36237150423891
rw0633827,Birthday Girl (2001),4.5,3.26638125423487
rw3476293,Attack the Block (2011),4.0,3.3827637699349933
rw2220296,American Radical: The Trials of Norman Finkelstein (2009),4.5,3.323099586267306
rw5416874,Grave of the Fireflies (1988),4.5,3.9244034035276454
rw4549373,The Quake (2018),2.5,3.2383024703353454
rw2413043,Return from the Ashes (1965),2.5,3.361642468818036
rw4256205,The Kissing Booth (2018),1.5,2.5831075028322923
rw2641570,Un homme qui crie (2010),3.0,3.4695937203664133
rw2381436,Blue Valentine (2010),2.0,3.238447176425256
rw1197262,Nudity Required (2003),4.0,3.260747449363088
rw2318202,Machete (2010),4.5,3.4220372585482224
rw0103004,"Live a Little, Love a Little (1968)",4.0,3.3697195061709455
rw3828313,"Just, Melvin: Just Evil (2000)",5.0,3.2204720189411153
rw5475295,The Upside (2017),4.5,3.37137435591642
rw4298757,Hereditary (2018),0.5,3.082354648368621
rw5433156,The Dead Lands (2020– ),4.5,3.451326778334105
rw5459331,NBA 2k19 (2018 Video Game),3.5,3.407751216558414
rw2146157,Defying Gravity (2009),5.0,3.3600279827617423
rw0410185,"Crna macka, beli macor (1998)",4.5,3.5235198755996215
rw6117983,Messiah (2020),5.0,3.5751216479992296
rw2359778,True Grit (2010),3.5,3.2288382080590257
rw3271590,I'm Not Racist... Am I? (2014),1.0,3.3588112143277282
rw4517007,"Le ventre, notre deuxième cerveau (2014 TV Movie)",4.0,3.413083197026289
rw3302668,Hot Pursuit (2015),1.0,3.263465198600076
rw5806550,Friday the 13th Part III (1982),3.5,3.176352985477096
rw3747195,Rocktober Blood (1984),4.0,3.2781400377311307
rw2911266,RamLeela (2013),2.5,3.3148553910098437
rw1961734,Indiana Jones and the Kingdom of the Crystal Skull (2008),1.0,3.560328965483497
rw3760115,The Children's Hour (1961),5.0,3.5701759619633004
rw1662652,Bug (2006),2.5,3.1343478094795323
rw4773926,Il venditore di morte (1971),2.5,3.381093433634958
rw1050290,Closer (I) (2004),5.0,3.322573479052121
rw2954896,Gravity (2013),4.5,2.538275213294263
rw2456434,The Devil Diamond (1937),2.5,3.5751216479992296
rw5470826,Rogue One: A Star Wars Story (2016),4.0,2.9358453879561095
rw3374164,Star Wars: Episode VII - The Force Awakens (2015),3.0,2.8241813647432736
rw0956059,The Motorcycle Diaries (2004),4.5,3.5169615121304276
rw3426263,Emelie (2015),2.5,3.5751216479992296
rw5948488,You Me Her (2016– ),4.5,3.447870045553679
rw0984398,The Rundown (2003),5.0,3.3003939768842936
rw2411638,Your Highness (2011),3.5,3.4471110544516304
rw1760264,Frostbitten (2006),2.0,3.171019500578681
rw1596571,Who's Minding the Store? (1963),5.0,3.4017101682919835
rw0539822,Stigmata (1999),5.0,3.227398625845281
rw2601540,Skeleton Man (2004 TV Movie),3.0,3.227511701351979
rw3525329,Luminarias (1999),1.5,3.5549040600378308
rw0453749,Godzilla (I) (1998),0.5,2.873183661131071
rw0123973,High Plains Drifter (1973),5.0,3.526195212464769
rw1526001,Blind Beast (1969),3.0,3.4714121239146256
rw0797684,The Good Girl (2002),5.0,3.3865615553341186
rw5929305,Cursed (2020– ),1.0,3.5499519812195466
rw1234423,Trainspotting (1996),4.5,3.293281649356398
rw1716833,Woodstock (1970),5.0,3.4709459761191477
rw2029273,The End of Poverty? (2008),5.0,3.5416785298176032
rw0272377,Listen to Me (1989),0.5,3.3954325394062637
rw0195291,My Favorite Year (1982),0.5,3.606457519102947
rw5003913,Spider-Man: Far from Home (2019),2.5,3.299738186159074
rw5735110,Beastie Boys Story (2020),4.5,3.3447665640247988
rw2995443,Andre (1994),1.0,3.323806307966825
rw2549028,Ghostbusters (1984),4.0,3.393553234419456
rw1575228,Black Christmas (2006),2.0,3.1092336475069073
rw5316010,Kedi (2016),3.5,3.246158453071003
rw5582338,The Platform (2019),4.0,3.258830851620832
rw1323352,River's Edge (1986),4.0,3.431003138207958
rw4067383,The Hunted (I) (2015),1.0,3.3046325034992305
rw4053275,My Secret Valentine (2018 TV Movie),4.0,3.4038116901784625
rw0662961,Snatch (2000),1.0,3.341480891211974
rw5513006,My Hero Academia: Heroes Rising (2019),5.0,3.295801159742184
rw1991432,The Seven Little Foys (1955),3.5,3.434746004472596
rw4781595,Black Summer (2019– ),5.0,3.5751216479992296
rw1574007,Perfume: The Story of a Murderer (2006),3.5,3.7009901752947942
rw1723854,Wrong Turn 2: Dead End (2007 Video),5.0,3.196172637398878
rw5629822,Frozen II (2019),4.0,3.970625318231132
rw1783900,The Golden Compass (2007),0.5,2.7881275555956497
rw4309444,The Kissing Booth (2018),0.5,2.8494293272034508
rw5921791,Saigon (1947),2.0,3.4257894780592575
rw0648951,Kikujiro (1999),4.0,3.5295111610798635
rw6375141,Aquaman (2018),0.5,3.1754981558220297
rw4533774,Downsizing (2017),2.0,3.2597566844033623
rw3127593,Noah (2014),4.5,3.2576379328317704
rw4574250,Let's Be Evil (2016),3.0,3.14379523114611
rw4196985,Bates Motel (2013–2017),4.0,3.160857537588036
rw0167359,The Great American Girl Robbery (1979),5.0,3.4200089715479556
rw2810814,House of Dark Shadows (1970),5.0,3.22269444780009
rw0099901,You Only Live Twice (1967),2.5,3.581689679667164
rw4188967,Veere Di Wedding (2018),5.0,3.401358383253368
rw2799251,Star Trek Into Darkness (2013),0.5,3.4207866701014362
rw4388469,Taking Earth (2017),4.0,3.2962130312177464
rw1495481,Link (1986),4.0,3.357870956016221
rw6399142,Teen Spirit (2018),0.5,3.381262825789828
rw5797322,Crocodile Dundee (1986),4.0,3.370402294058073
rw5564505,The Lady Vanishes (1979),2.5,3.4706033155383484
rw0910846,Avellaneda's Moon (2004),3.5,3.40775894055965
rw0340880,Immortal Beloved (1994),3.0,3.40712659352579
rw5093060,Murder on the Orient Express (2017),2.0,3.091382370724157
rw4629884,Purl (2018),0.5,3.6884405459120595
rw2841987,Fullmetal Alchemist: Brotherhood (2009–2012),5.0,3.4849638211463088
rw4263320,A Sniper's War (2018),0.5,3.21332241197815
rw2366922,Irresistible (2006),1.0,3.34338091774573
rw5490962,Avenging Angel (1985),3.0,3.336337191351447
rw0681568,Enemy at the Gates (2001),4.5,3.3753678595009378
rw5094070,Emelie (2015),0.5,3.546210120784718
rw5732687,Uri: The Surgical Strike (2018),5.0,3.608292097840042
rw3294325,Cinderella (I) (2015),0.5,3.4257977828390827
rw5579291,Shrek 2 (2004),3.0,3.452510545018482
rw0931357,Kill Bill: Vol. 2 (2004),4.5,3.786906431858089
rw3206285,A Million Ways to Die in the West (2014),5.0,3.4504570757192115
rw6072132,Mulan (2020),4.0,2.63502586177383
rw3713214,The Fate of the Furious (2017),3.5,3.3925360625634604
rw5625007,Freaks (2018),3.5,3.1893558591859166
rw2079099,The Many Faces of Zorro (2000 Video),5.0,3.5751216479992296
rw1355145,Indecent Proposal (1993),0.5,3.348982994063154
rw0548816,Show Me Love (1998),5.0,3.512793322106753
rw2478402,Chained for Life (1952),3.5,3.3654034333460157
rw6164666,Mr. Church (2016),5.0,3.714261401957426
rw4071776,Umberto D. (1952),4.0,3.4304089729725926
rw1529808,Going Overboard (1989),2.0,3.5445635089309344
rw3070823,Bears (I) (2014),3.0,3.5924703053135585
rw5589177,Love in the Afternoon (1957),0.5,3.514910815466031
rw4669704,Nobody's Fool (2018),4.0,3.420344509851308
rw2942816,The Bunglers (2012),5.0,3.2596668308730514
rw6042633,Love Leads the Way: A True Story (1984 TV Movie),4.5,3.2295406415938226
rw4981147,Texicanas (2019– ),5.0,3.370113653984642
rw4131414,Black Panther (2018),5.0,2.8106573661923537
rw1890039,À l'intérieur (2007),4.5,3.5645327102512647
rw1976893,Election (1999),4.0,3.416833114630598
rw1294715,Fingersmith (2005),4.5,3.546210120784718
rw5115518,Mission Over Mars (2019– ),5.0,3.8463930418507335
rw6374681,Holidate (2020),4.0,3.2098877384206634
rw5662768,For the Weekend (2020),4.0,3.3280118607051783
rw2580841,Black Magic (1992 TV Movie),4.0,3.292818508775378
rw3124852,Corpse Bride (2005),4.0,3.1333088301501375
rw0185049,First Monday in October (1981),5.0,3.4926128729924515
rw3467961,24 (I) (2016),5.0,3.2183712762181127
rw6043882,Parasite (2019),5.0,3.863817098680426
rw1300509,Dante's Peak (1997),2.5,3.7182939909329047
rw0347215,Texas Chainsaw Massacre: The Next Generation (1994),5.0,3.3745957553580683
rw6057508,Goodfellas (1990),5.0,3.8156096804376975
rw4742320,The Invisible Guest (2016),5.0,3.168498418957269
rw4479742,"Paul, Apostle of Christ (2018)",4.5,3.257602339678484
rw4776170,Black Summer (2019– ),3.5,3.5751216479992296
rw3572929,Lost Treasure (2003),2.0,3.250518029561923
rw1934516,The Hunting Party (2007),3.5,3.2288978941516704
rw1314960,Fright Night (1985),4.0,3.3398886189862775
rw1817014,The Savages (2007),4.5,3.4051877524176644
rw1143709,Charlie and the Chocolate Factory (2005),4.0,3.866542768552338
rw6248582,The Queen's Gambit (2020),4.5,3.481461807666193
rw4548524,Star Trek II: The Wrath of Khan (1982),2.0,3.4722756837650137
rw1806885,In the Woods (1999),0.5,3.2725765394095037
rw6175272,Banshee (2013–2016),5.0,3.1143573314703783
rw4576212,Red Sparrow (2018),4.0,3.4466305993590733
rw5888703,Eyes Wide Shut (1999),2.0,3.2661098774109845
rw6294627,Mud (2012),3.5,3.48285600080832
rw0267266,Bill & Ted's Excellent Adventure (1989),4.0,3.4268609732834956
rw1589765,The Texas Chainsaw Massacre: The Beginning (2006),2.5,3.0549783321405997
rw0943869,He Knows You're Alone (1980),4.5,3.3720509028466483
rw4387897,Tian sheng chang ge (2018),4.5,3.4779042177921315
rw3076084,City of Ember (2008),3.0,3.4756555904172033
rw2422167,Sapho (1917),2.5,3.388303322196514
rw2072770,Bridge to Terabithia (2007),4.0,3.432346302307129
rw4933955,Killing Eve (2018– ),4.5,3.5956511061134453
rw3532088,Pandemic (2016),2.5,3.320882715611935
rw2350263,Due Date (2010),3.0,3.325864953035915
rw4629879,The LEGO Movie 2: The Second Part (2019),5.0,3.471973231667558
rw0284412,Jetsons: The Movie (1990),5.0,3.4294935075553705
rw6385185,Braven (2018),0.5,3.4429690981437333
rw4342767,The Guardian (2001–2004),2.5,3.4822441354537856
rw2347419,Fatal (2010),4.5,3.374973691195975
rw1425336,Pandora Machine (2004 Video),3.5,3.566789868483938
rw1784072,Taare Zameen Par (2007),4.0,3.3070679556723275
rw3169395,鳥人 (2014),4.0,3.4787857715239165
rw4414753,The Super (2017),0.5,3.178173106125845
rw2098004,Ice Age: Dawn of the Dinosaurs (2009),3.0,3.5097088972289185
rw4500556,Scorched Earth (2018),2.5,3.1783809256646087
rw5810333,Dumplings (2004),4.0,3.387256714338347
rw1760658,The Stuff (1985),3.0,3.2830111810662452
rw4300482,Ex Libris: New York Public Library (2017),3.0,3.577372761128381
rw2940435,Silent But Deadly (2011),0.5,3.282346486693895
rw4071718,Shakespeare in Love (1998),2.5,3.5882978739029796
rw2620692,Running Free (1999),3.0,3.45917184645364
rw2981295,Diamonds Are Forever (1971),3.5,3.2704045985958667
rw2815261,Flame & Citron (2008),4.0,3.4544593968052912
rw0550801,Office Space (1999),4.0,3.7348873516314005
rw0623673,All About My Mother (1999),5.0,3.5124937509637224
rw4335848,Grizzly Man (2005),3.5,3.394353440314362
rw4658738,Alita: Battle Angel (2019),5.0,3.7794787530274356
rw2859193,Longmire (2012–2017),5.0,3.3215971518451335
rw4004411,Spliced (2009– ),5.0,3.4589895323809885
rw0817766,Now You Know (2002),4.5,3.3908731825859655
rw4679147,The World's Best (2019),2.0,3.462384546690139
rw4002858,Star Wars: Episode VIII - The Last Jedi (2017),4.0,3.2680199764817703
rw2631031,The Ghost Writer (2010),4.0,3.439336516294683
rw1278674,Lifeboat (1944),4.0,3.467394662647147
rw0121465,Cabaret (1972),5.0,3.358515859501986
rw5308023,Shootout at Wadala (2013),4.5,3.3401601509950685
rw5768817,Uncivilized (2020),5.0,4.034713074475483
rw5426875,The Mandalorian (2019– ),5.0,4.0608571274627465
rw5881018,Bloodshot (2020),2.5,3.617712367692587
rw2395154,The Wages of Fear (1953),4.0,3.488686014050614
rw4991270,The Lion King (2019),5.0,3.014424188590266
rw6283645,"Love, Simon (2018)",5.0,3.4703497937679586
rw5332962,The Barbarians (1987),2.5,3.4016860715082506
rw6435857,The Minimalists: Less Is Now (2021),2.5,3.310239592962718
rw4717161,Alita: Battle Angel (2019),4.5,3.7794787530274356
rw1552120,The Monroes (1966–1967),3.0,3.3935981278851015
rw1565642,Night at the Museum (2006),4.5,3.5253686825577573
rw4594099,The Beautician and the Beast (1997),5.0,3.4009505914030163
rw5497278,Ghostbusters: Answer the Call (2016),0.5,3.4239797618146817
rw4671847,First Reformed (2017),5.0,3.2415220515422396
rw5647996,Leprechaun (1993),1.5,3.355664566754128
rw2840697,Memento (2000),5.0,3.98023146656449
rw6324541,Paths of Glory (1957),5.0,3.38037405500529
rw3874906,The Good Doctor (2017– ),3.0,3.2668822790749217
rw5682683,The Chosen (2017– ),5.0,4.013146477147963
rw4753842,Us (II) (2019),1.0,3.26354197982884
rw1862023,Blood Simple (1984),4.0,3.256054437586015
rw3636340,Singam 3 (2017),5.0,3.3494088959628856
rw3263629,Strange Magic (2015),5.0,3.3913270235730657
rw4243566,High School 911 (2016),4.5,3.421786658873988
rw6012910,The Pearl of Death (1944),2.5,3.318932832104366
rw4631923,Everlasting (2016),4.5,3.2423224090808356
rw5220991,Psycho (1960),4.5,3.685783568753928
rw2616264,Film socialisme (2010),0.5,3.3656221061835945
rw5219568,Watchmen (2019),1.5,3.8139280061303906
rw0533481,The World Is Not Enough (1999),0.5,3.5086747530960394
rw3439408,Batman v Superman: Dawn of Justice (2016),3.5,3.6106144945963954
rw1805453,Is Everybody Happy? (1943),2.5,3.585938883404217
rw3352630,Oz the Great and Powerful (2013),4.0,3.263887570638366
rw0272080,Lethal Weapon 2 (1989),3.0,2.4425641320280587
rw2243253,Clash of the Titans (2010),3.0,3.1294388107391646
rw5056775,Shi ba ban wu yi (1982),4.5,3.5549040600378308
rw4428862,The Hobbit: An Unexpected Journey (2012),2.5,3.5886585932088115
rw0391442,Mojave Moon (1996),1.5,3.586215357389502
rw2514094,Simon Boccanegra (1998 TV Movie),3.0,3.540835826923513
rw2260713,Avatar (2009),4.5,3.28647371535739
rw1901422,Wanted (2008),2.5,3.22882998162409
rw5409718,Chhapaak (2020),0.5,3.545056748847619
rw5953794,Frontier(s) (2007),3.5,3.2242563270038356
rw5275655,Frozen II (2019),5.0,3.576238270154921
rw3350189,Goldfinger (1964),4.5,3.4407189259089077
rw1038165,The Ladykillers (2004),0.5,3.240368430557295
rw0851501,Anger Management (2003),0.5,3.3145553955885276
rw2772322,Ghostbusters II (1989),4.0,3.3999158377553016
rw2673839,Pure Country 2: The Gift (2010),0.5,3.401198625323499
rw1704425,Harry Potter and the Order of the Phoenix (2007),3.0,3.33426535951632
rw3313931,Mountains of the Moon (1990),5.0,3.4693860336606113
rw0023272,Blondie in Society (1941),4.5,3.3738008623063727
rw6425117,The Last Narc (2020– ),5.0,3.501904249011792
rw3268228,Incendies (2010),3.5,3.378208116657516
rw6098394,The Watermelon Woman (1996),1.5,3.298264215550186
rw0913856,"Martha, Inc.: The Story of Martha Stewart (2003 TV Movie)",4.0,3.2369917884308346
rw0116391,Duel (1971 TV Movie),4.5,3.4098550038787745
rw2727255,Terror Train (1980),4.0,3.3205443849751792
rw3776148,Jezebel (1938),3.5,3.4072218913649546
rw1671595,Love at First Bite (1979),4.0,3.334761644021223
rw0267716,Casualties of War (1989),3.5,3.4693972957555026
rw3555680,Bananas (1971),3.5,3.4347407017082507
rw5421409,Britannia (2017– ),4.0,3.3185654386614134
rw6420754,Pose (2018– ),3.0,3.012666678421694
rw2569178,Band of Outsiders (1964),4.0,3.3652382336787703
rw4303853,Margarita 2 (2018),5.0,3.3768929849077387
rw6075426,Raised by Wolves (2020– ),4.5,2.645840866182098
rw0005489,Plane Crazy (1928),4.0,3.5789300649385405
rw6129554,Once Upon a Time in Anatolia (2011),0.5,3.456306227874877
rw2345019,Prince of Players (1955),3.5,3.366378204038514
rw0027460,Saboteur (1942),3.5,3.483717758377098
rw3416859,In Absentia (2000),2.0,3.4047668693187716
rw5627837,Genius at Work (1946),5.0,3.4381729822321
rw1213389,Strange Days (1995),4.0,3.8529066652186263
rw0049502,Jeopardy (1953),4.5,3.4848729864737287
rw5853496,The Expanse (2015– ),1.0,4.009108614962951
rw4701693,Eighth Grade (2018),4.0,3.1987248400781536
rw0525454,Cruel Intentions (1999),0.5,3.478531133525632
rw4194633,Mulan (1998),4.5,3.3375670202753263
rw1569920,Six Feet Under (2001–2005),1.5,3.4843706558666256
rw1244813,Lone Wolf McQuade (1983),2.5,3.3891733452481696
rw5697073,I.Q. (1994),3.0,3.435600823454337
rw0378127,Bad Moon (1996),4.5,3.2811644236961106
rw4560411,Mary Poppins Returns (2018),4.0,3.5314116943456293
rw2531412,Hugo (2011),0.5,3.2770227667229843
rw4150058,The Stepford Wives (1975),3.5,3.197291870148424
rw3072514,Captain America: The Winter Soldier (2014),2.5,3.531819615712703
rw4786974,Van Helsing (2016– ),2.5,3.0258264380962245
rw1762679,The Protector (I) (1998),2.0,3.253649503058796
rw3545318,The Peanuts Movie (2015),4.0,3.5631897295638435
rw1587058,Rocky Balboa (2006),5.0,3.5729309470169284
rw3595406,Vegucated (2011),4.0,3.301930586941863
rw5070057,Blood and Bone (2009),5.0,3.2620688621914455
rw2148398,The Last Resort (I) (2009),0.5,3.2559404123814177
rw0957718,The Incredibles (2004),5.0,3.3182554384725527
rw4436449,Under The Wire (2018),5.0,3.2159610693912497
rw1562842,The Devil's Rejects (2005),0.5,3.7760534754611648
rw5245565,The Tick (2016–2019),5.0,3.492164693181197
rw3768628,The Witch's Curse (1962),2.5,3.2691399179619034
rw3218780,Locke (2013),2.5,3.3049766910021545
rw4197970,Lost River (2014),1.0,3.566789868483938
rw1320700,Fingersmith (2005),4.5,3.5751216479992296
rw1138931,Zombiez (2005 Video),0.5,3.219166738881059
rw4601203,Smallville (2001–2011),5.0,3.3435217963406845
rw5001343,Thru the Mirror (1936),4.5,3.579575550598208
rw2551839,Killer Elite (2011),1.0,3.099529608268107
rw2092850,Midnight Caller (1988–1991),3.5,3.349188775436507
rw0134214,Busting (1974),2.5,3.334991380868716
rw5139221,The Dead Files (2011– ),0.5,3.0684088535054546
rw3397451,The Hateful Eight (2015),4.0,2.5563790371699358
rw1045582,Thelma & Louise (1991),4.5,3.283414310474416
rw1009427,The Rocky Horror Picture Show (1975),5.0,3.5708666686923176
rw5101555,Pain and Glory (2019),3.5,3.4464850374802145
rw5129466,One Cut of the Dead (2017),4.5,3.265485111204645
rw4521705,The Olympic Champ (1942),3.0,3.5534134491630964
rw2752706,3D食人魚 (2010),3.0,3.1722047400055104
rw5257447,Lady and the Tramp (2019),4.0,3.404458239556481
rw1955853,An American Carol (2008),5.0,3.28810961871604
rw4179386,Get Shorty (2017– ),3.5,3.246195327372038
rw5739830,Crawl (I) (2019),4.5,3.369637724500729
rw6064113,Abhay (2019– ),5.0,4.115164968168376
rw6358627,A Christmas Movie Christmas (2019 TV Movie),1.0,3.3566983009995064
rw4844141,Student of the Year 2 (2019),0.5,3.1966349995872454
rw2982006,Fresh Ham (1933),2.5,3.546210120784718
rw2091543,Fun with Dick and Jane (1977),4.0,3.3935175311824315
rw1399823,Blank Check (1994),3.5,3.3693363989567597
rw6445491,Coolie No. 1 (2020),0.5,2.076278093207172
rw5995297,Gunjan Saxena: The Kargil Girl (2020),5.0,3.69264134053946
rw4240828,Delhi Belly (2011),5.0,3.2761602327069452
rw3630428,The Bucket List (2007),4.0,3.360911423563694
rw5238638,See (2019– ),1.0,3.2612245056461266
rw3527861,Panama Patrol (1939),2.0,3.3854031885751343
rw4882070,Love & Other Drugs (2010),3.5,3.452703251634066
rw0538071,Spider-Man (2002),5.0,3.6624695441113486
rw5645312,Just Mercy (2019),4.5,3.23655803441969
rw6229348,An American Pickle (2020),0.5,3.344962896395999
rw2049267,Dragonball Evolution (2009),5.0,3.558048536967889
rw5592548,The Letter for the King (2020– ),1.0,3.6578060866468407
rw6288767,Four Weddings and a Funeral (1994),5.0,3.5602949489081093
rw5810883,Peaky Blinders (2013– ),2.0,3.376005658648334
rw2564674,Certified Copy (2010),1.0,3.508041395194718
rw5063474,Hellboy (2019),3.5,3.395272409335174
rw1700571,Perfume: The Story of a Murderer (2006),4.5,3.3799288263578813
rw4807556,Avengers: Endgame (2019),5.0,3.82237274989379
rw1041004,Constantine (2005),4.0,3.2969194314472765
rw2441449,The Battle of Algiers (1966),3.5,3.433283953956913
rw4934750,Paranormal Investigation (2018),5.0,3.4118331419261243
rw5889747,Breaking Glass (1980),5.0,3.4778787053211335
rw0156403,Sturmtruppen (1976),3.0,3.2934279819406242
rw1712832,Steambath (1973 TV Movie),5.0,3.420678027308494
rw2915318,Dom Hemingway (2013),2.5,3.4047126202373628
rw2101275,Stepsisters (1974),0.5,3.2064585311115454
rw4566614,Venom (2018),2.5,4.037030725488383
rw2961762,Speed (1994),5.0,3.581978543176054
rw3820114,Quackerz (2016),2.0,3.514230858407992
rw6105405,Violation (2020),5.0,3.345570485035174
rw4980001,Thoroughbreds (2017),2.0,3.452978492572606
rw5940515,Double World (2020),3.5,3.4692263607181584
rw5610450,I Am Not an Easy Man (2018),5.0,3.454714545160251
rw4914220,Killing Ground (2016),3.5,3.221652952184409
rw1983352,Beneath the Planet of the Apes (1970),5.0,3.417497090378719
rw4286028,Erased (2012),2.0,3.0436967146743923
rw1600026,Schröders wunderbare Welt (2006),5.0,3.5549040600378308
rw3762030,"Caltiki, the Immortal Monster (1959)",4.0,3.3857494320636854
rw2975163,Ender's Game (2013),2.5,3.280680678481128
rw1505671,Broken News (2005– ),4.5,3.3421313221656668
rw5436181,Game of Thrones (2011–2019),4.0,3.3421087878711133
rw1079637,All Fall Down (1962),3.0,3.3691456841890437
rw6032084,The 100 (2014–2020),5.0,2.5664312998161067
rw2109572,Public Enemies (2009),3.0,3.1947498241678085
rw4789191,Jawbreaker (1999),4.0,3.4085160684991638
rw5971426,Child's Play (2019),0.5,2.51633165094626
rw5792095,Up the Academy (1980),1.5,3.4570385296979462
rw4598466,Zipi y Zape y el club de la canica (2013),0.5,3.376784593447331
rw5698106,Jennifer's Body (2009),4.0,3.257648841534418
rw4049946,Soul Kitchen (2009),3.5,3.339171672086495
rw5254010,The Mandalorian (2019– ),5.0,4.10219405330034
rw3347790,Winter on Fire: Ukraine's Fight for Freedom (2015),5.0,3.427530916145404
rw2251320,Pressure (1976),3.5,3.0333571176725727
rw5370070,Tokyo Vampire Hotel (2017),4.5,3.305730692475681
rw0023410,Citizen Kane (1941),5.0,3.404385057064172
rw1546061,Knight Rider 2010 (1994 TV Movie),4.0,3.257179606237875
rw4519331,Blackmail (I) (2018),5.0,3.386555280527475
rw0350557,The Stöned Age (1994),5.0,3.367491379403076
rw4207194,Film Stars Don't Die in Liverpool (2017),4.5,3.372224198208847
rw1973141,The Greatest Story Ever Told (1965),2.0,3.389728433750284
rw4708147,Senna (2010),4.0,3.39916161403785
rw4024077,"With Love, Christmas (2017 TV Movie)",2.5,3.240962185591955
rw6000053,Khuda Haafiz (2020),4.5,3.490513126059087
rw4841660,Pokémon Detective Pikachu (2019),3.5,3.8031138943675185
rw5788578,WrestleMania XIV (1998 TV Special),4.0,3.3114998392009167
rw6447601,The Hand That Rocks the Cradle (1992),5.0,3.327740768179411
rw0345388,The Phoenix and the Magic Carpet (1995),5.0,3.415096693400102
rw4943388,The Next Hit (2008),0.5,3.30968442579684
rw6064550,Bad Genius (2020),4.5,3.4618709599008057
rw2536756,Downfall (2004),5.0,3.397778152531769
rw4415083,New Amsterdam (2018– ),5.0,3.296460771109796
rw2326271,The New World (2005),3.0,3.543202942814405
rw0210718,Friday the 13th: The Final Chapter (1984),5.0,3.4152671052954164
rw6438464,History's Greatest Mysteries (2020– ),5.0,3.5499519812195466
rw3074080,Afflicted (2013),1.5,3.175782847096348
rw5789614,Snatchers (2019),5.0,3.2805727290325453
rw1881587,Space Jam (1996),4.5,3.4366361802432097
rw2556444,Titanic II (2010 Video),0.5,3.217740307638969
rw1593835,The Veteran (2006 TV Movie),3.5,3.2737945490984752
rw1716627,Communion (1976),4.5,3.293465889686206
rw1535894,A History of Violence (2005),4.5,3.417037648130137
rw4053772,Chasing the Dragon (2017),4.0,3.3693633844181727
rw2727368,Student of the Year (2012),3.0,3.2793434913130124
rw1770963,Thelma & Louise (1991),3.0,3.7153461087849617
rw2531452,The Wild Party (1929),2.0,3.364391226028281
rw5222749,Hazbin Hotel (2019– ),5.0,3.534274123404415
rw5988934,Gunjan Saxena: The Kargil Girl (2020),4.5,3.7353850004504614
rw0815072,Shaolin Soccer (2001),5.0,3.2933216350526595
rw0676424,Groove (2000),5.0,3.435895451697406
rw1262774,The Breakfast Club (1985),4.5,3.347473737522872
rw6290280,The Homesman (2014),2.0,3.4009117334506067
rw5931605,Dil Bechara (2020),5.0,4.030280186698188
rw3109444,Fury (2014),2.0,3.050832447060433
rw2076966,Slow Burn (1986 TV Movie),3.5,3.145258966879617
rw5216772,Wounds (2019),2.0,3.158457694164129
rw1704447,The Adventures of Ichabod and Mr. Toad (1949),3.5,3.4427121142478465
rw0815810,Bend It Like Beckham (2002),5.0,3.3452708325447853
rw3715643,Raw (2016),5.0,3.1634096118717987
rw3420177,Miruthan (2016),5.0,3.321863958831846
rw3349962,A Matter of WHO (1961),4.0,3.403808243078433
rw1005353,"Bertha, the Sewing Machine Girl (1926)",3.0,3.566789868483938
rw2863888,Phantasm II (1988),2.0,3.219655565041734
rw6021509,Mother's Child (2020),5.0,3.566789868483938
rw4688689,Chicago Syndicate (1955),3.0,3.450671590630662
rw6133076,Archaon: The Halloween Summoning (2020),1.0,3.31419818519414
rw4959918,Forest Man (2013),3.0,3.5264495311446122
rw4788086,The Starving Games (2013),1.0,3.352436522939999
rw3303147,Aloha (I) (2015),2.5,3.272890557278728
rw2135424,Lolita (1997),5.0,3.532609999702802
rw1433205,Monkey Business (1931),3.0,3.1777492821413853
rw5714134,Human Zoo (2020),4.0,3.0840352995969638
rw1696481,Le vélo de Ghislain Lambert (2001),2.5,3.4025116518619685
rw1171670,The Phantom of the Opera (2004),5.0,2.8789813443096612
rw2358771,The King's Speech (2010),4.5,3.49162428513531
rw1756323,Critters (1986),3.0,3.2904159389795615
rw2031037,The Line (I) (2009– ),4.0,3.386010085987876
rw1873056,Bound (1996),3.5,3.2352888543408933
rw2062405,The Passion of Ayn Rand (1999 TV Movie),3.5,3.4645166246451793
rw4471164,Smoke (2018–2019),5.0,3.6569648756952056
rw0441710,54 (1998),5.0,3.3875703860847413
rw1806726,Grease 2 (1982),1.0,3.4102936246035656
rw0681211,Wives and Daughters (1999– ),4.5,3.4499222419602136
rw1685550,Village of the Damned (1960),3.5,3.4775105222078517
rw5072944,The Lion King (2019),4.5,3.7990435329492533
rw0075873,West Side Story (1961),4.0,3.4061553409659364
rw1077545,Summer City (1977),1.5,3.4372485171648797
rw2007106,The Punisher (2004),3.5,3.5235537846995437
rw5808594,Knights of the Damned (2017),5.0,3.338573302661839
rw3066662,Guardians of the Galaxy (2014),5.0,3.6441824716052706
rw2898699,The To Do List (2013),3.0,3.252362657751209
rw2080568,Gran Torino (2008),4.0,3.121460766729556
rw2424715,Hoodwinked Too! Hood vs. Evil (2011),3.0,3.4541851136008392
rw1662192,The Tingler (1959),5.0,3.333567767290219
rw3346966,RoboCop (2014),4.5,3.607128946903513
rw6360280,Park Na-rae: Glamour Warning (2019 TV Special),4.0,3.5751216479992296
rw5526315,Steel (I) (2015),2.5,3.2883258609659753
rw2463275,Serenity (2005),3.5,3.0148018146917908
rw1411970,Eliza's Horoscope (1975),1.0,3.5549040600378308
rw4019603,Star Wars: Episode VIII - The Last Jedi (2017),4.5,3.844363546118411
rw3520930,Mad Money (2008),3.5,3.4161627770682164
rw2020743,Mildred Pierce (1945),2.5,3.4164067418243302
rw3194413,The Wedding Ringer (2015),2.0,3.127401045457751
rw1887619,A Nightmare on Elm Street (1984),4.5,3.1627502387124307
rw3065925,Infamous (2006),4.5,3.453402685319432
rw3220283,The Children's Hour (1961),4.0,3.891184511818961
rw3678125,Ghost in the Shell (2017),4.0,3.038562321204605
rw5978261,Suspect (1987),3.5,3.3601596086197043
rw4880397,A Dog's Way Home (2019),1.0,3.4335732824380276
rw0034822,My Darling Clementine (1946),5.0,3.5534686920029652
rw1421420,Pirates of the Caribbean: Dead Man's Chest (2006),3.5,2.354821245207818
rw5918445,The Exorcist (1973),5.0,3.7991803675003544
rw3431450,Manipulation (1991),2.0,3.259217320168781
rw5475052,The Way Way Back (2013),4.0,3.3587893103291937
rw2496362,50/50 (2011),4.0,3.583547241042079
rw3233539,Fear No Fruit (2015),5.0,3.380505023786978
rw4723382,Kim Possible (2019 TV Movie),5.0,3.324639782072948
rw4525873,1987: When the Day Comes (2017),5.0,3.2630513687928593
rw6450157,The Mandalorian (2019– ),5.0,4.0350676775245296
rw4074202,Discovering Bigfoot (2017 Video),3.0,3.369538213891813
rw0059998,12 Angry Men (1957),5.0,3.9549579467291704
rw1661694,Epic Movie (2007),1.0,3.404272979446347
rw2396305,Earthwork (2009),4.0,3.2974037871248916
rw3087443,The Intouchables (2011),5.0,3.22593756534301
rw4179963,La La Land (2016),2.5,3.341678437151602
rw5988319,Gunjan Saxena: The Kargil Girl (2020),4.5,3.5333200485910354
rw1106137,Eu Matei Lúcio Flávio (1979),2.0,3.3681990080653827
rw2024987,The Wrestler (2008),3.5,3.274255330207815
rw3693053,Wolves at the Door (2016),1.0,3.2124515742100623
rw1400471,X-Men (2000),5.0,3.6495806843449827
rw3726253,Guardians of the Galaxy Vol. 2 (2017),1.0,3.3355063692845586
rw1973502,Stargate: Atlantis (2004–2009),4.5,3.2630542113268843
rw4118714,Eternal Sunshine of the Spotless Mind (2004),3.5,3.696568387984283
rw0979557,Conquest of Space (1955),2.5,3.276482040906059
rw2328426,Inception (2010),5.0,3.811489123956445
rw4584687,The Conspirators (1944),3.5,3.3837762660479846
rw4441695,The Haunting of Hill House (2018),3.5,4.034332818094647
rw4980777,Mission: Impossible - Fallout (2018),3.0,3.583923319643449
rw5280979,Door in the Woods (2019),1.5,3.2483177552988227
rw6325104,Johnny English Strikes Again (2018),3.5,3.341644849789508
rw0810932,Boat Trip (2002),1.0,3.4746451824676012
rw5092145,Angel Has Fallen (2019),2.5,3.2120020966366654
rw2305023,Koyaanisqatsi (1982),5.0,3.659518067643505
rw4047143,Gangsta (2018),5.0,3.379197101286036
rw2091954,Bedtime Stories (2008),4.5,3.5510695353866053
rw0187272,Cannibal Ferox (1981),2.5,3.2360737096927195
rw1348829,Silent Hill (2006),2.5,3.8441374568360285
rw2690184,Jewel Robbery (1932),4.5,3.5216552287792857
rw4377219,The Houses October Built 2 (2017),0.5,3.2160764795985646
rw5629538,Two Against the World (1936),3.0,3.3920183919600033
rw3762896,Antboy 3 (2016),2.0,3.4849103549201237
rw4931754,X-Men: Dark Phoenix (2019),4.0,2.714901684962061
rw5279405,Vanishing on 7th Street (2010),4.5,3.460234053267002
rw0793134,I Am Sam (2001),4.0,3.3732307680900258
rw5485176,Jojo Rabbit (2019),4.5,3.846997132103972
rw1932176,Antônia (2006),4.5,3.5080341458598205
rw5492557,Forrest Gump (1994),5.0,4.076518302723985
rw2403404,Hot Fuzz (2007),4.5,3.6457105529281515
rw5478170,March for Freedom (2019),5.0,3.2725276541837784
rw4815336,Avengers: Endgame (2019),5.0,3.640476225287313
rw5909069,Breathe (2018– ),4.0,3.459573476968472
rw4818045,Avengers: Endgame (2019),3.5,3.816995759475152
rw2785590,The Hunger Games (2012),0.5,2.982146803045125
rw3705323,Ghost in the Shell (2017),4.5,3.038886649245362
rw2831502,Accidents Happen (2009),0.5,3.347832528667504
rw2745760,Vishwaroopam (2013),4.5,3.5051750851082475
rw4710100,Captain Marvel (2019),3.0,3.1261801325632215
rw1507835,The Nightmare Before Christmas (1993),4.5,3.362319988866513
rw2900868,Babylon (1980),3.5,3.3754731534814955
rw4230231,Jurassic World: Fallen Kingdom (2018),2.5,3.340943835166959
rw4513351,Aquaman (2018),5.0,2.9769133888438506
rw5650283,High Society (2017),4.5,3.430517038565446
rw2094186,Shortkut - The Con Is On (2009),2.0,3.366616989649062
rw5579642,Beach Road Chetan (2019),5.0,3.546210120784718
rw2933763,Det gælder din frihed (1946),3.5,3.4630027248171182
rw0248058,Pathfinder (1987),5.0,3.5178397226645126
rw2984732,Dr. Jekyll and Mr. Hyde (I) (1920),1.5,3.3995108282207256
rw5217549,Terminator: Dark Fate (2019),5.0,3.158131999127355
rw1425223,Midnight Run (1988),4.0,3.3561733430295693
rw3666012,Face/Off (1997),5.0,3.7083499029551508
rw3780423,Life (I) (2017),4.5,3.263208186031646
rw4661267,In Harm's Way (2017),5.0,3.492880238781477
rw4357117,I Am Not Your Negro (2016),4.5,3.421551970565082
rw2893926,The East (2013),0.5,3.073393817580857
rw2731021,Rok Sako To Rok Lo (2004),5.0,3.4031201117408596
rw3640158,"20,000 Years in Sing Sing (1932)",3.5,3.5026783671284645
rw6327165,Vulcania (2015),3.0,3.2656795885633243
rw3740507,Transformers: The Last Knight (2017),4.0,2.4041854304286168
rw3235893,Bully (2001),5.0,3.315281912681054
rw2294351,Yes Man (2008),1.5,3.363455488591766
rw1918751,The Dark Knight (2008),4.5,3.9283182753874275
rw5840152,Winterherz: Tod in einer kalten Nacht (2018 TV Movie),2.0,3.5751216479992296
rw5954960,Shakuntala Devi (2020),5.0,2.592186611869384
rw5584796,Once Upon a Time... In Hollywood (2019),5.0,3.5396238073186255
rw5688500,Money Heist (2017– ),4.0,2.960616399569818
rw4358856,College Romance (2018– ),5.0,3.7814180622739824
rw6265922,Fifty Shades of Grey (2015),5.0,3.173900569953943
rw2215059,Happy Feet (2006),1.0,3.4059465504031095
rw0896142,Dil Vil Pyar Vyar (2002),4.0,3.4829887197649163
rw2927856,Closed Circuit (2013),2.5,3.2215178712448256
rw3114784,Dawn of the Planet of the Apes (2014),4.5,3.3310253974523003
rw2985360,Divergent (2014),2.5,3.2942315135913534
rw3543195,Extraction (II) (2015),0.5,3.3583122950369324
rw6199855,Rebecca (I) (2020),2.0,3.408063693669904
rw0078220,The Longest Day (1962),4.0,3.5407781862113223
rw1398988,Zardoz (1974),0.5,3.3530531752967727
rw0901067,He Sees You When You're Sleeping (2002 TV Movie),2.5,3.245048968545045
rw5756833,Chernobyl (2019),5.0,4.164122068022947
rw4223627,Bees Make Honey (2017),3.5,3.525463869261089
rw3026998,Keep It Up Downstairs (1976),2.0,3.3922297617489856
rw2178757,西線無戰事 (1930),3.5,3.423461628854642
rw4256846,Sherlock (2010–2017),5.0,3.8015902610786205
rw1627643,太陽浩劫 (2007),1.0,3.018892148627124
rw0668721,Could Be Worse! (2000),1.0,3.3540108194334732
rw0173905,Caddyshack (1980),5.0,3.465875177743522
rw5880250,Slumdog Millionaire (2008),3.5,2.681626268818622
rw4091531,Annihilation (2018),4.5,3.6628819923536318
rw2329073,Polizischt Wäckerli (1955),5.0,3.50875460525591
rw1981733,Familiar Strangers (2008),0.5,3.319201340568547
rw4679675,The Bye Bye Man (2017),1.0,3.30088470726987
rw3397033,Shadowhunters (2016–2019),1.0,3.872953870471659
rw1408742,The Devil Wears Prada (2006),5.0,3.0639833690430898
rw4582261,The Return of Superfly (1990),2.5,3.28374473265944
rw4679891,Spider-Man: Into the Spider-Verse (2018),5.0,3.8121723561773133
rw6412444,Wonder Woman 1984 (2020),3.0,2.4994671257219236
rw0084822,Devil Doll (1964),0.5,3.279144768865617
rw2596210,Bad Ass (2012),1.5,3.400900051470411
rw0158655,Dawn of the Dead (1978),5.0,3.386581063721223
rw2784055,Iron Man Three (2013),3.5,3.411348908237883
rw3107756,Under the Skin (1997),3.5,3.461750596941683
rw1514600,Psycho II (1983),3.5,3.1722911902542603
rw5350503,維多利亞壹號 (2010),3.5,3.3149668101121303
rw1953619,Death of a Ghost Hunter (2007),3.5,3.247626155668814
rw3545754,Dark City (1998),4.5,3.837200114669525
rw4786937,White Chamber (2018),1.5,3.229130144743179
rw5759718,Money Heist (2017– ),2.0,2.9138938803751517
rw1817452,Pumpkinhead II: Blood Wings (1993 Video),3.0,3.456258541839569
rw5814376,The Secret Place (1957),3.0,3.3486222882586385
rw2204916,Inglourious Basterds (2009),2.0,3.3014298083188276
rw2676191,Slovenka (2009),0.5,3.3085425508857833
rw3467307,Batman v Superman: Dawn of Justice (2016),3.5,3.572776262618105
rw1610268,The Goddess (1958),5.0,3.32158218109979
rw1662485,Shrek the Third (2007),2.5,3.5631600357332105
rw2105683,Satan's Baby Doll (1982),3.0,3.1444268096733525
rw1017018,Sinful Deeds (2003 Video),2.0,3.2237477621386246
rw3471264,Dracula Untold (2014),4.0,2.915231811014562
rw4454529,A Man Called Ahok (2018),4.0,3.4469202592925794
rw0492658,The Cider House Rules (1999),4.5,3.375781339864464
rw4268029,Rogue One: A Star Wars Story (2016),0.5,3.6647688195211905
rw5511741,We Have Always Lived in the Castle (2018),1.0,3.1580763032082055
rw2233164,Team America: World Police (2004),4.0,2.9692801789149232
rw0946203,Another Man's Poison (1951),2.5,3.437327509383094
rw0806526,Bloom (I) (2003),0.5,3.50662744470739
rw2199601,爛兄爛弟 (2008),1.5,3.2583022084330318
rw5764598,Baptiste (2019– ),5.0,3.525414866718888
rw5247579,Poaching (2019),5.0,3.42103105040718
rw3496482,Independence Day: Resurgence (2016),1.5,3.2157551396375106
rw1960441,Mame (1974),3.5,3.367409545844157
rw0675330,A.I. Artificial Intelligence (2001),2.0,3.4592712956576426
rw1520316,The Lather Effect (2006),4.5,3.3235528752800776
rw0867551,Bruce Almighty (2003),0.5,3.7854493249166246
rw4132796,Redwood (2017),4.5,3.428070974774882
rw2074399,Driven to Kill (2009 Video),3.0,3.236281894647435
rw3178449,Seventh Son (I) (2014),2.0,3.3255374685004186
rw3016245,Nurse 3D (2013),1.5,3.3945184964502
rw3316963,The Exorcism of Emily Rose (2005),2.0,3.244547980976626
rw6403106,Wonder Woman 1984 (2020),0.5,3.0234401987675823
rw5903264,Merlin (2008–2012),4.5,3.455041425694233
rw2897378,Spookies (1986),5.0,3.3760191682346807
rw2618511,The Avengers (2012),4.0,3.776810833451294
rw2961493,Troy (2004),3.5,4.1035072126550585
rw4546842,You (2018– ),2.5,3.186913562610574
rw5784772,Life with Lucy (1986),5.0,3.3830389756471893
rw0142187,Jaws (1975),4.5,3.744187090005077
rw0345990,Pulp Fiction (1994),4.5,4.03534564321277
rw3810221,Legend (1995),4.0,3.3677793421920073
rw1423053,Funeral in Berlin (1966),3.5,3.4973355165054936
rw1389197,Azumi (2003),3.0,3.620251546729375
rw1839835,Alien³ (1992),0.5,3.636077690866722
rw6099228,Dorojka (2019),5.0,3.4061101715151785
rw6384968,Tin Star (2017–2020),2.0,3.274342864720477
rw4475541,Equals (2015),2.0,3.2620427568427797
rw2509977,The Forgiveness of Blood (2011),3.5,3.3494535103113092
rw4965286,Scanners (1981),3.5,3.2656342714475697
rw1635786,太陽浩劫 (2007),3.5,2.4749514338516856
rw0432808,Spawn (1997),2.0,3.529699406702877
rw2173610,Reckless Kelly (1993),2.5,3.3993950495793825
rw6267355,I Am Greta (2020),5.0,3.3021408126287533
rw1603228,The Covenant (2006),0.5,2.821992808294545
rw5267914,Mother! (2017),1.5,2.7949340649062155
rw1639730,Asphalt jungle (1950),4.5,3.353687952326701
rw5414732,Uncut Gems (2019),5.0,3.3003310572545943
rw1794487,The Day After (1983 TV Movie),5.0,3.243076138848279
rw2619096,Prometheus (I) (2012),0.5,3.159191271864312
rw0836041,Garcea si oltenii (2001),0.5,3.546210120784718
rw4787432,Interstellar (2014),5.0,3.6848480917251534
rw1178623,The Killing (1956),4.5,3.8281889179624984
rw2379102,Mad Men (2007–2015),0.5,3.393215413165338
rw6008016,The Darkness (I) (2016),2.0,3.203352631775254
rw2590020,Fog Island (1945),0.5,3.4308238473752852
rw1229623,The Black Cat (1934),4.0,3.568194215702477
rw4503072,2.0 (2018),4.5,2.58443568150984
rw5095376,Occupation (2018),1.0,3.3904291291935635
rw0545525,Happiness (1998),5.0,3.612937985480329
rw1097293,Bye Bye Braverman (1968),4.5,3.3616774930450006
rw3502118,Red Heat (1988),3.5,3.3108147711433014
rw3402135,Kyaa Kool Hain Hum 3 (2016),0.5,3.5490672470507834
rw4277029,Hostiles (2017),3.5,2.47185130755965
rw0716893,Harry Potter and the Sorcerer's Stone (2001),5.0,3.9970350077522077
rw3516284,The Inspector General (1949),3.5,3.517666521259077
rw4717627,Ben Is Back (2018),3.5,3.4829918960265696
rw1820267,Dead Man's Shoes (2004),0.5,3.410841770767935
rw1293692,The Boondock Saints (1999),1.0,3.7314079481194535
rw5526105,Sonic the Hedgehog (2020),3.0,3.8818041730486565
rw1173380,Shades of Gray (2005),4.5,3.5549040600378308
rw3523175,Allegiant (2016),3.5,3.222124712283007
rw0128797,The Exorcist (1973),5.0,3.7530811615687574
rw6433949,Archive (2020),3.5,3.922025972145071
rw0043251,Self Made Maids (1950),5.0,3.5751216479992296
rw2212933,The Devil's Tomb (2009),3.5,3.2372941689062307
rw2857828,Cruising (1980),5.0,3.342010863834969
rw1463878,Lurkers (1988),1.5,3.3819198950314076
rw1033301,The Last Run (1971),4.5,3.4138811283594968
rw2773081,Alice Doesn't Live Here Anymore (1974),3.5,3.5105482618299058
rw5652773,#BlackAF (2020– ),2.5,3.6209375395855616
rw0859048,A Mighty Wind (2003),3.5,3.4959908883752466
rw5465143,The Expanse (2015– ),5.0,3.2402850659961286
rw6052921,I See You (II) (2019),3.5,3.307402949638296
rw5111349,It Chapter Two (2019),3.0,2.867561777356526
rw3378882,Creed (II) (2015),3.5,3.242109265575013
rw1043824,Avanim (2004),5.0,3.4475284130293504
rw4101896,Midnight Sun (2018),3.5,3.18294991969046
rw5056934,Eerie (2018),3.5,3.229852408561809
rw0638754,"O Brother, Where Art Thou? (2000)",4.0,3.677791877188628
rw2356405,Nostalgia (1983),3.5,3.298451343498753
rw2596859,Scream 4 (2011),2.0,3.417628400293453
rw2134083,À Nos Amours (1983),4.0,3.6181936568914432
rw3735033,Iqaluit (2016),4.0,3.2957466758911043
rw3353599,Conspiracy (2001 TV Movie),3.5,3.4428215603454086
