id,movie_title,y_true,y_image_pred
rw1668379,Mission: Impossible (1966–1973),4.0,3.2889564037323
rw0704620,The Matrix Reloaded (2003),4.0,4.077378273010254
rw0481138,Star Wars: Episode I - The Phantom Menace (1999),3.0,3.3887124061584473
rw2350502,The Mask of Zorro (1998),5.0,3.45538330078125
rw5075161,Ambili (2019),5.0,4.08655309677124
rw3809975,Mother! (2017),1.0,2.9009218215942383
rw3054540,"Sinbad, the Sailor (1947)",3.5,3.8720221519470215
rw4144651,Avengers: Infinity War (2018),4.0,4.00744104385376
rw2682263,Upside Down (I) (2012),4.0,3.4269649982452393
rw1072383,Pearl Harbor (2001),1.0,1.992871642112732
rw1507820,Stormbreaker (2006),4.0,2.243464469909668
rw3441405,Sahara (I) (1943),3.5,2.750213146209717
rw3701319,The Beast of Hollow Mountain (1956),3.0,3.7723865509033203
rw4235288,Star Trek: Voyager (1995–2001),4.5,3.4897351264953613
rw1778781,White Dog (1982),3.5,4.016011714935303
rw4285422,Their Purple Moment (1928),3.0,3.6682374477386475
rw2486516,Fright Night (2011),4.0,3.316223621368408
rw2452468,Contract Killers (2008),4.0,3.4474611282348633
rw0510926,The Matrix (1999),4.0,4.020014762878418
rw3595309,Vertigo (1958),4.0,3.8977444171905518
rw5424977,Cats (2019),0.5,3.6089560985565186
rw4431432,Snoopy Come Home (1972),4.0,3.5135529041290283
rw5610960,Incendies (2010),2.0,2.9536163806915283
rw6192864,Tremors: Shrieker Island (2020 Video),3.0,3.645209550857544
rw4906305,The Man in the Iron Mask (1939),1.5,2.7790656089782715
rw3827518,Jay and Silent Bob Strike Back (2001),5.0,2.912473440170288
rw1940123,An American Crime (2007),3.0,2.977027654647827
rw4458032,Person of Interest (2011–2016),4.0,3.4620602130889893
rw4576899,The Falling (2014),3.0,3.5772533416748047
rw1552238,Joseph and the Amazing Technicolor Dreamcoat (1999 Video),3.5,3.0361247062683105
rw2953735,The Counselor (2013),0.5,3.990361452102661
rw2434791,Surveillance (I) (2008),1.5,3.2070810794830322
rw5064992,Crawl (I) (2019),3.5,3.6541483402252197
rw0989173,Funeral Home (1980),2.0,3.7866272926330566
rw5932054,Warpath (2020),1.5,3.022709369659424
rw1989291,Hancock (2008),0.5,2.7816390991210938
rw2389529,Cousin cousine (1975),2.0,4.3926873207092285
rw0001585,The Heart of Texas Ryan (1917),5.0,3.9560415744781494
rw0034701,Lonesome Lenny (1946),5.0,3.733041763305664
rw2787063,Thor (2011),4.0,2.177804470062256
rw1141336,Stranger Than Paradise (1984),0.5,4.385247230529785
rw5707404,Mrs. Serial Killer (2020),4.0,3.933631420135498
rw3209061,Western Mail (1942),4.5,3.70206356048584
rw5702779,Ex Machina (2014),4.0,3.4823246002197266
rw3733461,American Flyers (1985),3.5,3.5980286598205566
rw6007269,Promised (2019),5.0,2.8031387329101562
rw4881364,Nonsense (2018),4.5,3.0711798667907715
rw0577133,Ghost Dog: The Way of the Samurai (1999),3.5,4.22261905670166
rw2331408,Robin Hood (2010),2.5,2.4165987968444824
rw5597159,The Drone (2019),1.5,3.3338444232940674
rw3823038,The Bad Batch (2016),2.0,3.7166786193847656
rw1234514,"The Chronicles of Narnia: The Lion, the Witch and the Wardrobe (2005)",5.0,3.778618574142456
rw3149615,American Guinea Pig: Bouquet of Guts and Gore (2014),5.0,3.7731916904449463
rw5483444,Band of the Hand (1986),2.5,3.587939977645874
rw3734261,Beauty and the Beast (I) (2017),5.0,4.409590721130371
rw6109568,The Scapegoat (1959),2.5,3.2031328678131104
rw5680677,Spirited Away (2001),3.0,3.660027503967285
rw2586273,The Thomas Crown Affair (1999),3.5,3.134695053100586
rw3683843,Quo vado? (2016),3.5,3.4162628650665283
rw3313449,War Room (2015),5.0,3.560515880584717
rw1846318,Play Dead (1983),1.0,2.675808906555176
rw5710334,Love & Mercy (2014),2.5,2.828465223312378
rw1792133,Life as a House (2001),4.0,3.1716086864471436
rw5743435,Forbidden Planet (1956),3.5,3.535224676132202
rw3877042,Eye See You (2002),1.5,3.044330358505249
rw6018527,Greyhound (2020),3.0,3.472844362258911
rw5266596,Hollywood Vice Squad (1986),3.5,3.3916454315185547
rw4990199,Aziz Ansari: Right Now (2019 TV Special),3.5,3.7054245471954346
rw6450596,Alice in Wonderland (1966 TV Movie),4.0,3.141618013381958
rw3324500,Standing on the Shoulders of Kubrick: The Legacy of 2001 (2007 Video),2.0,4.059750080108643
rw4666236,Alita: Battle Angel (2019),4.5,3.0512681007385254
rw6201224,Batman: Mask of the Phantasm (1993),4.0,4.171606540679932
rw6357668,Underworld: Blood Wars (2016),0.5,3.948333740234375
rw4351444,College Romance (2018– ),5.0,4.536023139953613
rw5883263,Hold the Dark (2018),0.5,3.948707103729248
rw1424814,Lady in the Water (2006),4.0,3.5121021270751953
rw4794492,The Village (2004),4.0,3.641731023788452
rw3775567,The Guest Book (2017–2018),5.0,3.355334997177124
rw1251957,Nobody Knows (2004),2.5,3.534162759780884
rw4577912,The Accidental Prime Minister (2019),5.0,3.56673264503479
rw3494730,Dying of the Light (2014),2.0,2.858503580093384
rw1346430,La niña de la mochila azul (1979),3.5,3.50523042678833
rw2867447,This Is the End (2013),0.5,2.712373733520508
rw0030514,Henry V (1944),4.0,3.0864479541778564
rw0058555,The Man Who Knew Too Much (1956),3.0,3.224855422973633
rw1751803,The Shadow (1940),3.0,3.0943682193756104
rw0450534,Enemy of the State (1998),5.0,4.2593994140625
rw1552439,The Pursuit of Happyness (2006),5.0,3.314291477203369
rw6139005,The Mentalist (2008–2015),5.0,3.337731122970581
rw2577648,Paan Singh Tomar (2012),5.0,3.577000856399536
rw4278264,Interstellar (2014),5.0,3.784576892852783
rw6107628,Witness for the Prosecution (1982 TV Movie),3.5,3.5504651069641113
rw0627489,The Blair Witch Project (1999),4.0,2.694675922393799
rw2478675,Assassin's Creed (2007 Video Game),5.0,2.921929121017456
rw6377744,Fishtales (2007),1.5,3.4295034408569336
rw5811617,Fifty Shades of Grey (2015),5.0,3.663738489151001
rw0960897,Kung Pow: Enter the Fist (2002),5.0,2.909205436706543
rw5317571,Tall Girl (2019),0.5,3.8126347064971924
rw4727414,Badla (2019),1.5,2.7212209701538086
rw4877476,Baby (I) (2015),4.5,3.9524734020233154
rw5780311,The Last Dance (2020),4.0,3.4550271034240723
rw5598316,Dia (2020),4.5,2.901883602142334
rw5175387,The Other End of the Line (2008),4.5,2.4991981983184814
rw4574764,Do You Trust This Computer? (2018),5.0,2.937406063079834
rw6222270,Leaving D.C. (2012),3.0,2.75207257270813
rw0668451,Ginger Snaps (2000),4.0,2.860813617706299
rw0789924,Crossroads (I) (2002),4.0,3.364706516265869
rw3748276,Snowfall (2017– ),4.0,2.8212122917175293
rw1551006,Holiday (1938),4.5,3.272097587585449
rw4339744,Bleach (2018),4.0,3.0653772354125977
rw2556535,Take Shelter (2011),4.0,3.5870187282562256
rw6444544,Good Time (2017),4.5,2.878112554550171
rw3543005,Night in Paradise (1946),3.5,3.8095409870147705
rw0325642,Much Ado About Nothing (1993),5.0,3.5291764736175537
rw4005228,Equity (I) (2016),3.0,3.4724769592285156
rw6245111,The Shack (I) (2017),5.0,3.077345848083496
rw4939993,For The People (2018–2019),1.5,4.190676689147949
rw0495577,Shrek (2001),4.5,4.051596164703369
rw5184959,The Art of Self-Defense (2019),3.5,3.4718048572540283
rw1884218,Arroseur et arrosé (1896),3.0,4.115719318389893
rw0983249,Basic (2003),1.0,2.818864345550537
rw4863663,Ride (III) (2018),2.0,4.030965805053711
rw2350425,Louis Sullivan: the Struggle for American Architecture (2010),5.0,3.6066718101501465
rw2575921,Watch on the Rhine (1943),3.5,3.640500783920288
rw4714701,The Order (2019–2020),5.0,3.6066718101501465
rw3506419,Boot Camp (2008),2.0,3.042999267578125
rw4548380,Insidious: The Last Key (2018),3.5,2.5048859119415283
rw4273335,The Room (2003),5.0,3.9068214893341064
rw5170345,Baba Yaga (1973),1.0,3.3010189533233643
rw1827367,Annabelle's Affairs (1931),4.0,3.8004801273345947
rw2147318,Infestation (2009),3.0,3.157762050628662
rw2491614,Sanctum (2011),0.5,2.902317523956299
rw1876194,The Forbidden Kingdom (2008),4.5,3.513280153274536
rw2245208,Stepping Out (1991),1.5,3.7635297775268555
rw3799369,King Arthur: Legend of the Sword (2017),3.5,2.8791186809539795
rw0229518,Aliens (1986),4.0,3.2437238693237305
rw3001610,The Skeleton Key (2005),4.5,3.7515242099761963
rw3559176,Lights Out (II) (2016),4.0,2.9556522369384766
rw0980290,The Perfect Pitch (2002 TV Short),5.0,2.9772226810455322
rw5125739,Mission Over Mars (2019– ),5.0,3.9542202949523926
rw2601383,Wolf (1994),3.0,3.664738655090332
rw2542040,A Gifted Man (2011–2012),5.0,2.208404064178467
rw1854242,Conversations with Other Women (2005),3.5,2.5802035331726074
rw2425778,Tere Bin Laden (2010),3.0,3.6154820919036865
rw5521089,Ford v Ferrari (2019),3.5,2.6362576484680176
rw0853625,Cradle 2 the Grave (2003),0.5,2.9445765018463135
rw2850332,The Fosters (2013–2018),4.0,3.5662782192230225
rw4618317,The 5th Wave (2016),2.0,3.0473616123199463
rw3127142,Love Is Strange (2014),3.5,3.8182384967803955
rw3361158,Dick Tracy (1990),4.0,3.3245856761932373
rw2965291,Rock 'n' Roll High School (1979),3.0,3.4388065338134766
rw3557817,Turkey Shoot (1982),3.0,3.6085145473480225
rw4341450,The Red Pill (2016),3.5,3.1871984004974365
rw0828919,The Rules of Attraction (2002),3.5,4.77186918258667
rw2123484,A Double Life (1947),4.5,3.1288673877716064
rw2376444,Akira (1988),5.0,3.795633554458618
rw3234271,Avengers: Age of Ultron (2015),4.0,3.3676724433898926
rw6289910,Merry In-Laws (2012 TV Movie),4.0,3.949166774749756
rw2255505,Reality Bites (1994),1.0,3.4379794597625732
rw5978361,Little Voice (2020– ),4.5,4.034898281097412
rw2002203,American Gangster (2007),4.0,3.6984851360321045
rw2429807,As Tears Go By (1988),4.0,3.180368185043335
rw4573648,Roma (2018),4.0,3.6573281288146973
rw5931696,Dil Bechara (2020),5.0,4.256939888000488
rw5037750,We Belong Together (2018),0.5,3.1326210498809814
rw4164600,The Man from U.N.C.L.E. (2015),3.0,3.0786991119384766
rw5889832,Escape from New York (1981),3.5,3.4008049964904785
rw4837924,Chernobyl (2019),5.0,4.216182231903076
rw1899749,Limbo (II) (2004),5.0,3.0686192512512207
rw2522633,North by Northwest (1959),4.0,4.152583122253418
rw5754736,Alien (1979),5.0,2.798750877380371
rw0504469,Dinosaur (2000),3.5,3.513535976409912
rw1395413,Mozart and the Whale (2005),1.0,3.0300920009613037
rw5415810,Raatchasan (2018),5.0,3.5853936672210693
rw3631486,Woman of Straw (1964),3.5,3.2403106689453125
rw3417071,Eddie the Eagle (2015),5.0,4.578879356384277
rw0184808,Excalibur (1981),4.5,3.2272233963012695
rw1129747,Dinner Rush (2000),4.5,2.514381170272827
rw2558860,Apocalypse (2011),3.5,3.444821834564209
rw0183619,Conan the Barbarian (1982),4.5,3.0951895713806152
rw4774034,Serpent (2017),1.5,4.50725793838501
rw3282112,Terminator Genisys (2015),3.5,3.2802093029022217
rw4186510,The Place (2017),2.0,3.3285317420959473
rw0467787,Pushing Tin (1999),2.5,3.0309391021728516
rw2715665,Memorial Day (2012),5.0,2.649611234664917
rw3536038,Badlapur (2015),3.0,2.9851975440979004
rw2220798,Butterfly on a Wheel (2007),3.5,2.9640681743621826
rw0479393,Fantasia 2000 (1999),5.0,3.7278788089752197
rw1053190,Shadow of the Thin Man (1941),3.5,3.618060827255249
rw5754587,Rim of the World (2019),4.5,3.2733752727508545
rw1302445,Dogville (2003),5.0,3.8198916912078857
rw2108866,The Awful Truth (1937),1.5,3.1597683429718018
rw3335668,The Ouija Exorcism (2015),1.0,2.9666950702667236
rw6261562,Ludo (2020),0.5,3.241861581802368
rw2967922,Zoolander (2001),1.5,3.797152042388916
rw2058126,Unstable (2009 TV Movie),4.0,3.044180393218994
rw1940366,Nim's Island (2008),3.5,3.921447992324829
rw3632104,Show Girl in Hollywood (1930),3.0,2.4911484718322754
rw6161156,I Still See You (2018),3.0,3.401951313018799
rw3543917,Anthropoid (2016),4.0,3.820570468902588
rw4104300,Verónica (I) (2017),0.5,3.2293248176574707
rw2567496,Grimm (2011–2017),2.0,3.0581912994384766
rw6135388,Unknown Origins (2020),3.0,3.261726140975952
rw2746318,Annie Oakley (1894),3.5,2.425950288772583
rw5313390,鋒迴路轉 (2019),1.5,3.1332790851593018
rw5062610,When They See Us (2019),1.5,3.4768059253692627
rw1086579,Star Wars: Episode III - Revenge of the Sith (2005),5.0,3.8809971809387207
rw0655407,Sexy Beast (2000),4.0,2.8824734687805176
rw4318272,Jack Ryan (2018– ),4.5,2.7099509239196777
rw4027939,Modern Family (2009–2020),5.0,3.521116018295288
rw1041150,Heaven Can Wait (1943),4.0,3.7366812229156494
rw4542762,Amityville: The Awakening (2017),4.5,3.0658233165740967
rw1815864,All the King's Men (1949),5.0,2.975233554840088
rw3540622,Your Name. (2016),5.0,3.56199312210083
rw4186664,Game of Thrones (2011–2019),4.5,3.211780309677124
rw1790911,Sweeney Todd: The Demon Barber of Fleet Street (2007),4.0,3.0859477519989014
rw2844831,Michael Clayton (2007),5.0,2.587989330291748
rw5896733,Greyhound (2020),4.0,3.1528656482696533
rw2455131,Rubber (2010),0.5,2.9196810722351074
rw2853993,United (I) (2011),2.5,2.1808059215545654
rw3115116,Reign (2013–2017),3.5,3.327860116958618
rw5344354,Togo (2019),4.5,3.3091824054718018
rw3497582,Tremors (1990),5.0,4.0037150382995605
rw5601145,Matrimony's Speed Limit (1913),3.5,4.830066680908203
rw6112280,One Night in Bangkok (2020),0.5,3.426640510559082
rw5397200,Death in Paradise (2011– ),4.0,3.3472838401794434
rw4960103,Dark (2017–2020),4.0,3.451497793197632
rw0587758,The Sixth Sense (1999),5.0,4.377946853637695
rw1858991,Tara Road (2005),3.0,3.253943681716919
rw5848724,Underwater (2020),2.0,3.5263166427612305
rw5729788,Person of Interest (2011–2016),5.0,3.3707761764526367
rw2263562,Splice (2009),1.5,3.2864179611206055
rw0589629,Pirates of Silicon Valley (1999 TV Movie),4.0,3.4754152297973633
rw5053294,Magnum P.I. (2018– ),4.0,2.9710044860839844
rw2236237,Ronin (1998),5.0,3.1012189388275146
rw1530789,Bloodsport III (1996 Video),3.5,3.1735751628875732
rw0712788,Mimic 2 (2001 Video),3.5,3.432612657546997
rw0366113,Last of the Dogmen (1995),4.5,3.138967990875244
rw5711310,The Manxman (1929),3.0,3.1880643367767334
rw1636805,Nobi (1959),5.0,3.9506218433380127
rw1687901,Zoom (2006),2.0,4.249114990234375
rw5797805,The Expanse (2015– ),5.0,2.945160388946533
rw3610796,The Girl with All the Gifts (2016),4.5,2.972100019454956
rw2718501,異形奇花 (1986),4.0,3.4323134422302246
rw4425085,Werewolf in a Girls' Dormitory (1961),2.0,3.066068410873413
rw3677852,Unleashed (I) (2016),5.0,3.3898093700408936
rw2197046,六壯士 (1961),4.0,3.408355474472046
rw0295623,JFK (1991),5.0,3.6365230083465576
rw0416124,The Fifth Element (1997),5.0,3.853827953338623
rw2194764,阿凡達 (2009),5.0,3.2223432064056396
rw4067235,Hell House LLC (2015),5.0,3.5666301250457764
rw2164683,2012 (I) (2009),0.5,3.188937187194824
rw5327815,Wendigo (2001),2.0,3.621352195739746
rw1044103,Hero (2002),4.5,2.402693033218384
rw2802957,Max Payne (2001 Video Game),5.0,3.6573312282562256
rw1038380,Murder in the First (1995),5.0,3.3857648372650146
rw1913757,The Dark Knight (2008),5.0,3.8621203899383545
rw4083944,Oculus (2013),3.5,3.1576597690582275
rw0724113,Wit (2001 TV Movie),5.0,3.938406229019165
rw5089440,The Lonely Guy (1984),1.0,2.6211719512939453
rw3395561,Peter Pan (1953),4.0,3.685572862625122
rw3737703,Pinched (2010),4.5,3.3649730682373047
rw5193385,口是心非 (2009),3.5,3.098154067993164
rw6012145,Unfriended: Dark Web (2018),3.0,2.9955883026123047
rw5302882,The Christmas Club (2019 TV Movie),4.0,2.777782440185547
rw4275220,Mission: Impossible - Fallout (2018),4.0,3.2889564037323
rw2928977,The Wolf of Wall Street (2013),5.0,4.007774353027344
rw1105961,One Flew Over the Cuckoo's Nest (1975),5.0,3.954268217086792
rw6411020,The Man Who Invented Christmas (2017),2.0,2.921846628189087
rw3463623,Beat the Clock (1950–1961),5.0,3.70206356048584
rw2326716,Role Models (2008),4.5,2.9840753078460693
rw0664660,Fourplay (2001),5.0,3.761765718460083
rw3289764,Drishyam (2015),5.0,3.2626078128814697
rw5631317,Wes Craven's New Nightmare (1994),4.0,3.307783365249634
rw4930578,Vice (2013– ),1.0,4.413780212402344
rw4779999,The Silence (II) (2019),0.5,3.568760871887207
rw5986017,Gunjan Saxena: The Kargil Girl (2020),5.0,3.4973015785217285
rw1692452,Gosford Park (2001),5.0,3.860403537750244
rw1666409,Eko eko azaraku III (1998),3.0,3.4678685665130615
rw5289836,Zombie with a Shotgun (2019),5.0,3.7866272926330566
rw0212498,The Lift (1983),3.0,2.6940462589263916
rw0027598,The Talk of the Town (1942),5.0,3.3377339839935303
rw4907699,Pulp Fiction (1994),3.5,4.4283342361450195
rw1571977,The Producers (2005),4.0,3.133530855178833
rw0086068,Mary Poppins (1964),5.0,3.472362518310547
rw2875181,Vikingdom (2013),5.0,3.5768964290618896
rw6326350,Weekend at Dunkirk (1964),3.5,3.566037893295288
rw6272543,Twilight (I) (2008),3.0,3.4002411365509033
rw2024010,The Curious Case of Benjamin Button (2008),1.5,3.482949733734131
rw1684226,The Departed (2006),2.0,3.486788034439087
rw2251692,Pan's Labyrinth (2006),5.0,2.8681178092956543
rw2365597,Exam (2009),4.0,3.7801012992858887
rw6146878,Spider-Man 2 (2004),3.5,3.5653905868530273
rw2625269,Hangman's Knot (1952),3.5,3.1250433921813965
rw5290110,冰雪奇緣2 (2019),5.0,3.8963449001312256
rw2775589,The Call (II) (2013),2.0,3.496992349624634
rw1429843,The Bong Connection (2006),5.0,2.8341662883758545
rw5075296,#Followme (2019),1.0,3.576399803161621
rw2432258,The Human Experience (2008),5.0,3.1507296562194824
rw3511217,The World's End (2013),5.0,2.782857894897461
rw4897724,Wine Country (2019),1.0,3.9482715129852295
rw0529442,Surrender Dorothy (1998),5.0,3.1831696033477783
rw1051109,Feardotcom (2002),0.5,2.876455783843994
rw5576547,The Letter for the King (2020– ),4.0,2.7006280422210693
rw5664860,Terminator Salvation (2009),4.0,3.410731077194214
rw1729754,3:10 to Yuma (2007),2.0,3.8633968830108643
rw1514347,The Odyssey (1997),2.5,2.914762496948242
rw2917667,Murder by Numbers (2002),3.5,3.9562840461730957
rw6040816,Tokyo Ghoul (2014),5.0,2.5545132160186768
rw2370333,P.S. I Love You (2007),3.0,2.937918186187744
rw6156583,Deadly Switch (2019),2.5,2.631476640701294
rw0737969,Billy Elliot (2000),4.5,3.063628911972046
rw6276965,The Traitor (2019),5.0,3.602605104446411
rw6057425,Mirzapur (2018– ),4.5,3.534162759780884
rw1286245,Kuffs (1992),0.5,3.468317985534668
rw5858787,The Predator (2018),2.5,2.3572769165039062
rw3263566,The Wiz (1978),3.5,3.3908116817474365
rw5198104,功夫熊貓2 (2011),2.5,3.6229028701782227
rw3209867,Pinocchio (1940),4.0,3.712646484375
rw5515674,The Whistlers (2019),5.0,2.9799182415008545
rw5403977,Red Room (2017),0.5,3.139301061630249
rw5123002,Saaho (2019),2.0,3.8263065814971924
rw5603705,Yol (1982),3.5,4.221935749053955
rw4122127,Elements of Matter (2018),0.5,3.362168073654175
rw2983047,Alpha and Omega 2: A Howl-iday Adventure (2013 Video),2.0,3.779395818710327
rw1593367,Old Joy (2006),1.5,3.5198514461517334
rw1163772,Army of Darkness (1992),0.5,3.3315536975860596
rw1414760,Barney's Great Adventure (1998),4.0,3.5665886402130127
rw2228635,Final Solution (2004),5.0,3.313664674758911
rw3849882,No Man of Her Own (1950),5.0,3.6293036937713623
rw4366097,Chekka Chivantha Vaanam (2018),0.5,3.3448755741119385
rw2364934,Sullivan's Travels (1941),4.0,2.3767101764678955
rw1625787,Turistas (2006),4.0,4.984329700469971
rw5347148,Cash on Demand (1961),2.5,2.896531105041504
rw4616516,Bright (I) (2017),3.0,2.136979818344116
rw5910162,Rogue One: A Star Wars Story (2016),4.5,3.8035309314727783
rw4538491,Bird Box (2018),3.0,2.634289264678955
rw3373087,Barbara (I) (2012),3.5,2.6002590656280518
rw2164952,Ghoulies II (1987),2.5,3.4444148540496826
rw0295679,JFK (1991),4.0,3.445647716522217
rw2237225,The Life and Death of Peter Sellers (2004),5.0,3.051908016204834
rw2481722,The Yin and the Yang of Mr. Go (1970),4.0,2.709254264831543
rw4525363,Andhadhun (2018),5.0,4.232304573059082
rw3414819,Pride and Prejudice and Zombies (2016),4.5,4.307118892669678
rw4986115,Elmo Saves Christmas (1996 Video),0.5,3.859719753265381
rw4966350,Child's Play (2019),0.5,2.2589504718780518
rw2110655,Nos jours heureux (2006),3.5,3.1978349685668945
rw0846799,Old School (2003),5.0,2.783547878265381
rw0570877,American Pie (1999),4.5,4.793206214904785
rw2145415,Edmond (2005),3.0,3.4990460872650146
rw1500229,Marie-Martine (1943),4.0,3.7866272926330566
rw5690362,The Little Prince (1974),4.0,3.1562390327453613
rw3381495,The Revenant (2015),5.0,3.044361114501953
rw2982668,Dallas Buyers Club (2013),5.0,3.5912363529205322
rw1876911,Clearing the Range (1931),3.0,3.354609966278076
rw0894507,Troy (2004),3.0,3.8535101413726807
rw4448571,Daredevil (2015–2018),5.0,2.3486673831939697
rw5258475,Toto le héros (1991),5.0,3.8730058670043945
rw5909710,"Standing Up, Falling Down (2019)",3.5,4.35126256942749
rw2952456,Cloud Atlas (2012),5.0,2.0542256832122803
rw2884332,Oszukane (2013),3.0,4.087553977966309
rw1070565,Calamity Jane (1953),5.0,3.759751319885254
rw1697614,Leopard Fist Ninja (1982),2.5,3.4734902381896973
rw1059116,Holy Smoke (1999),2.0,3.5649168491363525
rw1200996,Akira (1988),5.0,3.8294050693511963
rw1269228,Swept Away (2002),3.5,3.5377464294433594
rw2927046,American Pie (1972),3.5,3.120116710662842
rw0237252,Ruthless People (1986),3.5,3.3546693325042725
rw2649818,Roadracers (1994 TV Movie),4.5,3.358964681625366
rw4751097,Scarface (1983),4.0,2.129653215408325
rw5956736,Eden Lake (2008),1.5,3.3362748622894287
rw0913136,Fei teng de qun shan (1976),5.0,2.3734705448150635
rw1242058,David & Layla (2005),5.0,3.6266090869903564
rw2975787,Soccer Mom (I) (2008),3.0,3.551370143890381
rw0113192,Scrooge (1970),5.0,4.554654598236084
rw3272626,Pitch Perfect 2 (2015),4.0,2.789146661758423
rw4117289,Legion (2017–2019),2.5,4.1325297355651855
rw4826216,Avengers: Endgame (2019),3.5,4.081700325012207
rw6300821,Network (1976),4.5,3.8642826080322266
rw5668846,Albion: The Enchanted Stallion (2016),3.5,3.3739991188049316
rw2351801,Ichiban utsukushiku (1944),5.0,4.237189292907715
rw2512855,Friday the 13th Part VII: The New Blood (1988),3.5,3.435255765914917
rw1309462,La Terra Trema (1948),2.5,3.6224710941314697
rw1203689,Garden State (2004),4.0,3.1967713832855225
rw4918218,Pokémon Detective Pikachu (2019),4.5,3.6016697883605957
rw1693691,Strike the Tent (2005),2.5,3.5662782192230225
rw6364878,Upload (2020– ),5.0,4.38786506652832
rw4902265,"Love, Romance, & Chocolate (2019 TV Movie)",3.0,2.306236505508423
rw0358145,Casino (1995),4.5,3.1141979694366455
rw5486287,Love Aaj Kal (2020),0.5,2.7112298011779785
rw5691315,Journey of a Woman (2007),2.5,3.0439741611480713
rw1693328,The Four Horsemen of the Apocalypse (1962),2.5,2.8111276626586914
rw4573620,The Shape of Water (2017),3.0,3.637726306915283
rw1104677,My Blind Brother (2003),4.5,2.8045125007629395
rw3874065,Dark (2017–2020),2.5,4.081940650939941
rw0183686,Conan the Barbarian (1982),5.0,3.38299560546875
rw3798548,Slaughter Daughter (2012),5.0,3.534162759780884
rw1272875,The Circle (2002),5.0,3.1754114627838135
rw3295000,Snoopy's Reunion (1991 TV Short),4.0,3.803269624710083
rw6318411,Happiest Season (2020),5.0,3.7271170616149902
rw5513084,The Man Who Knew Too Much (1934),3.5,3.564004421234131
rw4600960,Dragon Ball Super: Broly (2018),5.0,2.346261978149414
rw3800060,Happy-Go-Nutty (1944),4.5,3.579761028289795
rw1941478,A Woman Under the Influence (1974),2.0,3.481951951980591
rw1704334,Comet in Moominland (1992),4.0,4.253927230834961
rw0630096,Silicon Towers (1999),0.5,3.336992025375366
rw2075561,The Prophecy (1995),2.0,3.184810161590576
rw0544512,High Fidelity (2000),3.0,3.639464855194092
rw4343242,Mandy (I) (2018),4.0,3.4052515029907227
rw5489892,War Machine (2017),1.5,3.8779566287994385
rw5316573,Mnemophrenia (2019),4.5,3.1802961826324463
rw2145942,Ecstasy (1933),4.5,4.041684627532959
rw0894002,Troy (2004),4.5,3.0418097972869873
rw3664393,The Great Wall (I) (2016),2.0,3.590895175933838
rw4359160,Memento (2000),4.0,3.8715925216674805
rw2683627,The Only Way (1970),4.0,3.853372097015381
rw2624876,Y Tu Mamá También (2001),5.0,2.7832627296447754
rw1844719,Incubus (2006),1.5,4.044289588928223
rw2897195,500 Days of Summer (2009),4.0,4.266106128692627
rw3248742,My Haunted House (2013– ),0.5,3.4515533447265625
rw1935282,Hamlet 2 (2008),5.0,3.3281192779541016
rw0136448,The Lords of Flatbush (1974),2.5,3.0130391120910645
rw5796674,Inception (2010),5.0,3.3806850910186768
rw0568947,Hanging Up (2000),3.0,2.3212554454803467
rw5256323,Vaxxed II: The People's Truth (2019),0.5,3.062443733215332
rw0693752,Pay It Forward (2000),3.5,4.403627395629883
rw3296423,Se diu ying hung: Dung sing sai jau (1993),5.0,3.2363808155059814
rw4462519,Climax (I) (2018),2.5,4.415059566497803
rw3191120,The Imitation Game (2014),4.5,2.9524810314178467
rw5941860,Dil Bechara (2020),0.5,4.408793926239014
rw2376995,This Earth Is Mine (1959),2.0,3.4874236583709717
rw2149620,The Magnificent Seven (1960),3.0,3.7575371265411377
rw0150419,Taxi Driver (1976),5.0,4.0970611572265625
rw2159253,Adoration (2008),3.5,3.8299756050109863
rw4718562,The Bra (2018),3.0,3.646575450897217
rw4192443,The Sea Wolf (1941),4.0,3.0227277278900146
rw5186892,Fractured (I) (2019),3.5,2.9648406505584717
rw0245387,Hope and Glory (1987),4.5,3.117699384689331
rw4796544,Captain Marvel (2019),2.0,3.6728575229644775
rw3218347,Robot Revolution (2015),0.5,3.682835340499878
rw3335782,Tomorrowland (2015),0.5,4.426586627960205
rw4098093,"Re: Zero, Starting Life in Another World (2016– )",5.0,3.480717182159424
rw0406227,In the Mood for Love (2000),5.0,4.778082370758057
rw2125183,The Eagle Has Landed (1976),5.0,2.6595888137817383
rw2079966,Barton Fink (1991),4.0,4.0969672203063965
rw5029107,Aranyélet (2015–2018),5.0,3.175420045852661
rw2947258,Desert Sands (1955),4.0,3.392993450164795
rw3319674,Total Recall (I) (2012),3.0,3.1723997592926025
rw5931011,Dil Bechara (2020),5.0,4.256939888000488
rw2535268,Life's Too Short (2011–2013),3.5,3.3912179470062256
rw3222793,Mountain Monsters (2013– ),5.0,3.605297565460205
rw5457464,Altered Carbon (2018–2020),5.0,3.7231404781341553
rw1321110,The Brain That Wouldn't Die (1962),1.5,3.5992515087127686
rw2742405,U.F.O. (2012),2.0,2.992601156234741
rw5188653,My Haunted House (2013– ),5.0,2.9593918323516846
rw1781992,Alvin and the Chipmunks (2007),3.5,3.880345106124878
rw1791162,Planet of the Apes (1968),5.0,3.208813428878784
rw1617125,The U.S. vs. John Lennon (2006),3.5,3.975261688232422
rw0598976,Gladiator (2000),5.0,3.927375316619873
rw5700062,Mrs. Serial Killer (2020),0.5,4.372048854827881
rw4274691,Mulk (I) (2018),0.5,2.512629508972168
rw3149523,魔法黑森林 (2014),0.5,3.500736951828003
rw5058749,The Great Hack (2019),5.0,3.3133552074432373
rw1277296,Brokeback Mountain (2005),4.5,3.5752642154693604
rw2985715,The Picture of Dorian Gray (1945),3.5,3.1007049083709717
rw4658013,The Gunman (2015),1.5,3.447554111480713
rw4145170,Avengers: Infinity War (2018),4.0,4.379500389099121
rw6251108,Laxmii (2020),0.5,3.1897401809692383
rw1618116,Chimera (1991– ),3.5,2.6130495071411133
rw2827962,A Prophet (2009),5.0,3.2572267055511475
rw1485502,The Last Kiss (2006),2.5,2.8607375621795654
rw3760794,Jack Reacher: Never Go Back (2016),0.5,3.1901209354400635
rw5839909,Becky (II) (2020),4.0,3.0914828777313232
rw2810899,A Way Back Home (2013 TV Movie),3.5,3.5227761268615723
rw1259238,Let's Do It Again (1975),2.5,3.619277238845825
rw0560284,Croupier (1998),3.5,3.1845366954803467
rw2328698,The Disembodied (1957),1.0,3.860398530960083
rw6125399,Utopia (2020),5.0,3.569047212600708
rw1553224,Marie Antoinette (2006),0.5,3.81013822555542
rw2059053,Summoner (2000 Video Game),2.0,3.712202787399292
rw5525699,The Verdict (1982),2.5,3.6749136447906494
rw4874021,Cool Cat Kids Superhero (2018),5.0,3.333926200866699
rw1887873,The Adventures of Sharkboy and Lavagirl 3-D (2005),2.5,2.9795567989349365
rw2863466,Rush (I) (2013),3.5,2.959930181503296
rw2331952,Up (2009),4.5,3.701324224472046
rw6333967,Freaky (2020),2.5,2.7540547847747803
rw1212175,Little Big League (1994),3.5,3.283771276473999
rw1570262,Canvas (2006),4.0,3.2551310062408447
rw2201807,House of 9 (2005),1.5,3.0514132976531982
rw0788078,24 Hour Party People (2002),4.0,2.909153461456299
rw3773955,When Strangers Marry (1944),4.0,3.06832218170166
rw4056057,The Shawshank Redemption (1994),5.0,4.71425724029541
rw3371377,Into the Badlands (2015–2019),3.5,3.1937947273254395
rw3039728,Snow White and the Seven Dwarfs (1937),5.0,3.3672211170196533
rw2537727,Ten Days in Paris (1940),2.5,3.0617740154266357
rw4554102,The Gallows (2015),2.5,2.86443829536438
rw4816360,Mulholland Dr. (2001),2.0,2.931579351425171
rw5228120,Angel of Mine (2019),2.0,4.092688083648682
rw6162031,28 Days Later... (2002),1.0,3.5531837940216064
rw0632814,Anatomy (2000),5.0,4.111004829406738
rw6136981,The Old Guard (2020),4.5,3.7357351779937744
rw1610258,Timeline (2003),3.0,3.0503928661346436
rw2573161,Top Hat (1935),4.5,3.575171709060669
rw1358885,The Silence of the Lambs (1991),4.0,2.981288194656372
rw1381176,Big Fish (2003),5.0,3.0251505374908447
rw2368195,Quantum of Solace (2008),3.0,3.2335071563720703
rw2377939,One Fine Day (1996),3.5,3.711695909500122
rw5515262,The Face of Another (1966),4.0,3.261791944503784
rw5988374,Gunjan Saxena: The Kargil Girl (2020),4.5,3.4973015785217285
rw4931447,The Beach Bum (2019),1.0,3.8781683444976807
rw5922294,X-Men: Dark Phoenix (2019),2.0,3.3649966716766357
rw6415544,Devil's Bait (1959),4.5,3.338780164718628
rw2937722,You're Next (2011),3.0,3.4347589015960693
rw3658530,Inception (2010),5.0,3.8482272624969482
rw1349560,Silent Hill (2006),5.0,3.8864705562591553
rw3675182,Kong: Skull Island (2017),3.0,4.538333892822266
rw3522874,Die Pilgerin (2014– ),2.0,2.93151593208313
rw3715175,Attack on Titan Part 2 (2015),2.0,3.530191421508789
rw5958387,Black Is King (2020),5.0,3.925842046737671
rw1595993,Derailed (2002),1.0,2.5686731338500977
rw1433878,My Super Ex-Girlfriend (2006),4.5,3.020758867263794
rw0382408,DragonHeart (1996),2.0,3.6796791553497314
rw5561630,Derry Girls (2018– ),5.0,2.9448115825653076
rw3843054,The Void (I) (2016),4.0,3.0300278663635254
rw1553905,A Christmas Story (1983),4.0,3.6812710762023926
rw0469645,Saving Private Ryan (1998),2.0,2.6733388900756836
rw2546677,Justice League of America (1997 TV Movie),2.0,3.2424962520599365
rw5500098,Parasite (2019),3.5,3.620262384414673
rw1304178,Gung Ho (1986),3.0,2.8381752967834473
rw1893114,Vacancy (2007),0.5,3.6020734310150146
rw2731844,Fly Away Baby (1937),2.5,2.919565439224243
rw5101549,Unforgettable (II) (2017),2.0,3.2354118824005127
rw3745441,Snow Angels (I) (2007),4.0,3.0721487998962402
rw2597516,The Vampire Diaries (2009–2017),5.0,3.1968281269073486
rw5561245,Jumanji: The Next Level (2019),4.0,5.0
rw0186905,Killjoy (1981 TV Movie),4.5,2.9728777408599854
rw4834043,Meteorites! (1998 TV Movie),1.0,3.1604747772216797
rw6093390,Heroes Reborn (2015–2016),1.0,2.8400135040283203
rw5842239,The Green Mile (1999),4.5,3.481064558029175
rw2282130,Inception (2010),5.0,3.8482272624969482
rw6336675,The Fury (1978),3.5,3.07517409324646
rw3758236,What the Health (2017),5.0,4.612481594085693
rw0806448,Tuck Everlasting (2002),4.5,3.0015993118286133
rw1688436,Samouraïs (2002),2.5,2.1763877868652344
rw5181254,A Talent for Murder (1984 TV Movie),1.0,2.9071085453033447
rw2523148,Teenage Caveman (2002 TV Movie),1.5,3.868095874786377
rw5146245,Little Baby (2019),5.0,2.4838831424713135
rw5164667,小丑 (2019),5.0,3.780360221862793
rw1662768,Pirates of the Caribbean: At World's End (2007),4.5,3.31170916557312
rw0801217,Final Stab (2001 Video),2.0,3.182622194290161
rw1952258,Bang Bang Kid (1967),1.0,2.292207956314087
rw0582546,The Lord of the Rings: The Return of the King (2003),5.0,3.711815595626831
rw1794031,There Will Be Blood (2007),5.0,3.8755075931549072
rw1341921,Till Human Voices Wake Us (2002),5.0,3.6046879291534424
rw2392202,Classroom 216 (2011),5.0,3.534162759780884
rw6315163,12 Pups of Christmas (2019),1.0,5.0
rw1932506,Batman Returns (1992),2.5,3.0696346759796143
rw4197043,Forever My Girl (2018),1.0,3.470339059829712
rw1157300,Creep (I) (2004),3.5,3.174787759780884
rw5704236,Planet of the Humans (2019),5.0,2.8699240684509277
rw2962407,The Dark Knight (2008),5.0,4.022149562835693
rw5907107,Archive (2020),4.5,3.360353708267212
rw5167554,The K2 (2016),1.0,3.1219494342803955
rw0593399,American Beauty (1999),1.5,4.134942531585693
rw4087322,Nikita (2010–2013),4.0,3.3557450771331787
rw0300300,Terminator 2: Judgment Day (1991),4.5,4.095259666442871
rw3354802,Bloodsucking Freaks (1976),1.0,3.78226375579834
rw4843550,Spare Parts (I) (2015),5.0,4.008443832397461
rw1158903,Trancado por Dentro (1989),5.0,2.8771615028381348
rw1444659,Raw Deal: A Question of Consent (2001),3.5,2.9366748332977295
rw3277155,From Dusk Till Dawn (1996),2.5,2.531162738800049
rw2633910,西雅圖夜未眠 (1993),5.0,3.0539498329162598
rw3747448,Agonie (I) (2016),2.0,3.2152862548828125
rw5641053,Funny Games (2007),5.0,3.575803518295288
rw1930428,Kibakichi: Bakko-yokaiden (2004),0.5,2.9425716400146484
rw0992431,Bridget Jones: The Edge of Reason (2004),1.0,3.277831554412842
rw1192732,Fight Club (1999),5.0,2.863341808319092
rw2548060,Bicycle Thieves (1948),5.0,4.000767707824707
rw0300290,Terminator 2: Judgment Day (1991),4.5,4.566312313079834
rw6020670,Flesh (2020),5.0,3.474893093109131
rw4984002,Article 15 (2019),4.5,3.5883514881134033
rw3016214,The Frightened Man (1952),3.0,4.865903854370117
rw5190636,Artifice (I) (2019),4.5,3.287062883377075
rw4636484,Nautanki Saala! (2013),4.5,3.345534563064575
rw0669099,The Weight of Water (2000),2.5,3.390263319015503
rw1286133,Something New (I) (2006),5.0,3.6749157905578613
rw2523585,Greenberg (2010),4.0,3.031390905380249
rw5870645,Vice (I) (2018),3.0,3.907341241836548
rw1725919,Superman II: The Richard Donner Cut (1980 Video),4.0,3.896399736404419
rw1598007,Berlin - Ecke Schönhauser (1957),3.0,3.4530563354492188
rw0791318,Lilo & Stitch (2002),3.0,4.150353908538818
rw1365934,Misery (1990),4.5,3.0712292194366455
rw1744838,An Inconvenient Truth (2006),0.5,2.7533602714538574
rw2519351,My Sassy Girl (2008– ),5.0,2.8675036430358887
rw1533816,Beethoven's 4th (2001 Video),1.5,4.0406646728515625
rw3708071,Snatched (2017),3.0,4.129120349884033
rw2174150,Hakuôki (1959),4.0,3.0152595043182373
rw2547798,Men in Black II (2002),3.0,3.395314931869507
rw2716247,Khiladi 786 (2012),1.0,3.418182134628296
rw6453516,Mosaic (2007 Video),4.0,3.835439920425415
rw1376156,The Island (2005),2.0,3.2567782402038574
rw4205051,Upgrade (2018),4.0,2.9419867992401123
rw4323560,Chicken Girls (2017– ),5.0,3.5558109283447266
rw1930985,Crazy (II) (2008),4.5,2.7439773082733154
rw0834029,xXx (2002),2.0,4.573983192443848
rw2362275,"Naval Cadets, Charge! (1988– )",5.0,3.4019715785980225
rw1275463,The Graduate (1967),4.0,3.9383621215820312
rw2049971,Ken Park (2002),1.0,3.166342258453369
rw6117355,Better Man (2013),0.5,3.2949209213256836
rw0910927,The Cat Returns (2002),2.0,4.000550270080566
rw2378377,Ju-on: The Curse (2000 Video),5.0,2.8314545154571533
rw1790266,Jesus Camp (2006),0.5,3.696904182434082
rw1908567,Rambo (2008),5.0,2.6204254627227783
rw4344192,All This Mayhem (2014),4.5,3.432175874710083
rw3355685,All the Time in the World (2014),5.0,3.5654187202453613
rw4528385,Sabrina (2018),0.5,2.314044952392578
rw2604918,The Avengers (2012),4.5,3.742602586746216
rw3606318,Apollo 13 (I) (1995),4.5,4.946234703063965
rw3284333,Younger (2015– ),4.5,3.503530979156494
rw4623474,Lethal Weapon (2016–2019),0.5,3.4733357429504395
rw3400263,Bolishopping (2013),4.0,3.6066718101501465
rw1941531,Firing Line (1966–2020),3.5,2.974513530731201
rw4015205,Scenes from the Class Struggle in Beverly Hills (1989),1.5,2.4578933715820312
rw4800661,Book Club (I) (2018),0.5,3.866939067840576
rw5663451,Gang of Roses (2003),1.5,3.556769609451294
rw6370939,Wonder Woman 1984 (2020),5.0,3.167285680770874
rw1312484,Goodfellas (1990),5.0,3.499267101287842
rw2144086,"I Love You, Man (2009)",4.5,2.238746404647827
rw6286910,The Corporation (2003),3.5,3.9433882236480713
rw4989250,Documental (2016– ),5.0,3.70206356048584
rw0704443,The Matrix Reloaded (2003),4.0,4.077378273010254
rw2332895,Saw 3D (2010),4.0,2.9760608673095703
rw5436129,Time Lapse (2014),2.5,3.057429552078247
rw6407166,Wonder Woman 1984 (2020),0.5,2.7963149547576904
rw2064003,"Same Time, Next Year (1978)",5.0,3.90139102935791
rw1609417,十月的天空 (1999),4.5,2.791574239730835
rw6386884,Unlocking Christmas (2020 TV Movie),5.0,3.734483480453491
rw1073584,The Best Years of Our Lives (1946),5.0,3.598149538040161
rw4535782,Master Z: The Ip Man Legacy (2018),4.0,2.991899251937866
rw3049370,Reykjavík-Rotterdam (2008),2.5,2.6764252185821533
rw5434780,Vis a vis (2015–2019),5.0,3.534162759780884
rw1977547,Mother of Tears (2007),4.0,2.419168710708618
rw3466195,London Has Fallen (2016),4.0,2.7950592041015625
rw0734712,In the Bedroom (2001),4.5,3.2071280479431152
rw2259893,I Love You Phillip Morris (2009),0.5,3.931673765182495
rw4674943,The Autopsy of Jane Doe (2016),3.5,3.8078386783599854
rw4425110,Tomb Raider (2018),4.5,3.99432373046875
rw1955386,Beauty and the Beast (1987–1990),5.0,3.394031047821045
rw2958792,La Jetée (1962),5.0,4.459851264953613
rw4440954,The Resident (2018– ),5.0,2.475641965866089
rw2141324,Play It to the Bone (1999),3.5,3.2617783546447754
rw0676312,Citizen Toxie: The Toxic Avenger IV (2000),5.0,3.182809591293335
rw5531479,Anna (II) (2019),2.5,4.240655899047852
rw4244305,The Girl Next Door (2007),1.5,2.552274227142334
rw5102198,It Chapter Two (2019),3.5,3.4409260749816895
rw3677125,The Accountant (2016),3.5,3.144630193710327
rw4268703,Father of the Year (2018),2.0,3.641260862350464
rw4319256,The Con is On (2018),5.0,2.532292366027832
rw4233478,Guest in the House (1944),3.0,2.5921552181243896
rw2233513,Harmony Trail (1944),3.5,4.0476789474487305
rw2867762,The Case for a Creator (2006 TV Movie),5.0,3.534162759780884
rw2304815,Heavy Metal in Baghdad (2007),4.0,3.7442328929901123
rw1295887,A History of Violence (2005),1.0,3.0381758213043213
rw4619267,Miss Bala (2019),4.0,2.878885269165039
rw0121166,Bad Company (1972),3.5,3.8779094219207764
rw6107480,L'ultimo guerriero (1984),2.0,3.2073023319244385
rw1743440,Moonlight (2007–2008),4.5,3.5079243183135986
rw2291075,Inception (2010),3.5,3.8482272624969482
rw4113216,Your Name. (2016),3.5,3.5286333560943604
rw1710448,Panic in Year Zero (1962),1.5,2.8986403942108154
rw5861764,Batman (1989),4.0,4.403162479400635
rw4706078,Captain Marvel (2019),2.5,3.677403688430786
rw3745079,Guardians of the Galaxy (2014),4.0,3.3618040084838867
rw4753266,The Highwaymen (2019),4.0,3.6353657245635986
rw5729051,Midnight Special (2016),4.0,3.38275146484375
rw3296707,Shaun the Sheep Movie (2015),4.0,3.2590925693511963
rw5875683,Kaali (2020– ),5.0,3.2211947441101074
rw2706887,迷魂記 (1958),5.0,3.609389066696167
rw5374241,Avane Srimannarayana (2019),4.0,2.7660574913024902
rw4091839,Mayumi (1990),4.5,3.6066718101501465
rw4096546,The Shawshank Redemption (1994),5.0,4.743364334106445
rw1554226,When a Stranger Calls (2006),1.5,3.4990885257720947
rw2831832,Me and You and Everyone We Know (2005),0.5,2.578829765319824
rw0299493,The Silence of the Lambs (1991),0.5,3.33126163482666
rw3843687,Bokeh (I) (2017),0.5,3.00543212890625
rw4966327,Kabir Singh (2019),0.5,3.5464158058166504
rw6387972,The Hound of the Baskervilles (1939),3.5,2.3829829692840576
rw5260840,Angel Has Fallen (2019),2.0,3.042393684387207
rw2877423,Xi Yang Yang Yu Hui Tai Lang Zhi Niu Qi Chong Tian (2009),0.5,3.5662782192230225
rw3866303,Billy Lynn's Long Halftime Walk (2016),3.0,3.6324446201324463
rw4523940,The Wolf of Wall Street (2013),3.5,4.007774353027344
rw4557288,Aquaman (2018),2.0,2.7713980674743652
rw3170860,The Dead of Night (2010 Video),1.5,3.313734769821167
rw1725132,Death Sentence (2007),0.5,3.144469738006592
rw3097641,The Giver (2014),0.5,2.800901174545288
rw2912344,The Hunger Games: Catching Fire (2013),3.0,2.3649048805236816
rw0764247,Men with Brooms (2002),1.0,3.2795016765594482
rw5261451,Dickinson (2019– ),4.0,3.062391996383667
rw3039265,Batman Returns (1992),5.0,2.6699378490448
rw3518544,Good Will Hunting (1997),5.0,3.3383944034576416
rw4745590,Deadly Class (2018–2019),5.0,2.84222149848938
rw3001960,The Bag Man (I) (2014),4.0,3.215808153152466
rw1184083,Serenity (2005),2.0,3.325491428375244
rw2009113,Shakespeare in Love (1998),2.5,3.633735418319702
rw3014480,Heat (1995),3.0,2.8408126831054688
rw1708828,Transformers (2007),2.0,3.5573604106903076
rw5783947,Uncivilized (2020),5.0,4.153290748596191
rw4360434,Footsteps in the Night (1957),2.5,3.5070931911468506
rw6112537,Chernobyl (2019),5.0,4.314199447631836
rw5729089,Janara (2015),1.5,3.5509965419769287
rw1943793,Baby Mama (2008),2.0,3.1851847171783447
rw5391109,A Star Is Born (2018),2.0,2.9711315631866455
rw4975094,Julie (1956),3.0,3.180518865585327
rw2607027,Schlafkrankheit (2011),4.0,3.6296963691711426
rw0995892,Two Lords (2002),5.0,4.135746002197266
rw4608273,Somewhere Between (2017),4.0,3.0211074352264404
rw2288016,Dinner for Schmucks (2010),4.5,3.1708343029022217
rw5377755,In the Shadow of the Moon (2019),4.0,2.7830395698547363
rw3629746,Life (I) (2015),3.0,2.851091146469116
rw0523756,Intolerable Cruelty (2003),1.5,3.5895469188690186
rw5743778,Home Education (2016),3.0,1.8077247142791748
rw3686783,Terminator Genisys (2015),3.5,3.2802093029022217
rw1768375,American Gangster (2007),2.5,3.6984851360321045
rw2428396,Man on the Moon (1999),3.5,3.4788129329681396
rw1332244,Hung (2005),4.0,3.379897117614746
rw3361619,The Smurfs: A Christmas Carol (2011),3.0,3.15283465385437
rw5703584,The Godfather (1972),4.5,3.7145490646362305
rw3428335,All This and Rabbit Stew (1941),1.5,3.7469918727874756
rw1691397,Mortal Kombat: Annihilation (1997),1.5,3.589021682739258
rw2363706,Rage (I) (2009),3.0,3.1309988498687744
rw5671375,The Corpse of Anna Fritz (2015),3.5,3.3362460136413574
rw6354648,Left Behind (I) (2014),1.0,3.819573163986206
rw6097110,3 Idiots (2009),5.0,3.281050205230713
rw6351659,Case 39 (2009),5.0,2.664459466934204
rw5327704,Don't Let Him In (2011),0.5,2.6477251052856445
rw2880892,Gravity (2013),1.0,3.703045129776001
rw4628114,The Captain (2017),3.5,3.2145211696624756
rw1552205,Home Alone 2: Lost in New York (1992),4.5,3.066737174987793
rw5794260,Sexy Beast (2000),1.0,2.8824734687805176
rw2032051,Watchmen (2009),4.0,3.475661516189575
rw1788951,Blue Velvet (1986),5.0,2.7188706398010254
rw4757003,Traitors (2019– ),4.0,3.884425640106201
rw0948664,Team America: World Police (2004),0.5,2.905877113342285
rw0719001,Exit Wounds (2001),4.0,2.7839832305908203
rw4094444,Poltergeist (1982),5.0,3.147895574569702
rw6164945,Running with Beto (2019),5.0,2.869584321975708
rw2318773,Queen of the Damned (2002),3.0,2.9619622230529785
rw0113639,The Touch of Satan (1971),0.5,3.9231455326080322
rw4732710,Strike Back (2010–2020),5.0,3.192178964614868
rw0479364,Fantasia 2000 (1999),5.0,3.8032357692718506
rw4338501,Get the Gringo (2012),4.5,3.6383848190307617
rw2780076,There Will Be Blood (2007),3.0,3.8116092681884766
rw0148770,Murder by Death (1976),4.5,3.5645432472229004
rw4248632,The Hurricane Heist (2018),0.5,2.680870532989502
rw1256069,Wagon Master (1950),5.0,3.104614734649658
rw6208230,Ad Astra (2019),1.0,3.5631113052368164
rw6032788,Flesh (2020),0.5,3.474893093109131
rw4568708,When Angels Sleep (2018),0.5,3.5806024074554443
rw2689913,普羅米修斯 (I) (2012),0.5,3.5268099308013916
rw1283828,Harry Potter and the Prisoner of Azkaban (2004),5.0,2.782113790512085
rw4181792,The Delta Force (1986),2.5,2.1547141075134277
rw1882040,Runaway Bride (1999),5.0,3.243985891342163
rw1260765,The Opposite Sex (1956),5.0,4.057120323181152
rw1616871,"Lex, the Wonder Dog (1973)",3.5,3.7866272926330566
rw2969175,The Missing Scarf (2013),3.5,3.4852051734924316
rw5493259,Birds of Prey (2020),5.0,3.513479471206665
rw2791453,Brazil (1985),5.0,3.8807971477508545
rw3492606,Sunday Bloody Sunday (1971),4.0,3.5245983600616455
rw6165682,Dolly Kitty and Those Twinkling Stars (2019),5.0,3.10780668258667
rw0657345,The Iceman Cometh (1960 TV Movie),5.0,2.482708692550659
rw4308916,Hereditary (2018),0.5,2.325976848602295
rw5859231,Mrs. Serial Killer (2020),4.0,3.933631420135498
rw1532454,The Silencers (1966),3.5,3.59586763381958
rw3117528,Tammy (2014),2.0,2.779611825942993
rw4338848,Summer of 84 (2018),0.5,3.56194806098938
rw2327078,Night of the Demons (2009),4.0,3.1379194259643555
rw6424890,Soul (2020),4.5,3.1394779682159424
rw1680959,Blood and Chocolate (2007),3.5,3.067784547805786
rw1248492,Animal Farm (1954),4.5,3.707911252975464
rw1880078,Choose Me (1984),0.5,2.9612033367156982
rw4683746,Spider-Man: Into the Spider-Verse (2018),4.0,3.2513935565948486
rw0053435,Seven Samurai (1954),4.5,3.655815362930298
rw2424129,Abbott and Costello Go to Mars (1953),2.5,3.0020856857299805
rw5639828,Tiger King (2020),2.5,3.340372323989868
rw6213412,The Fast and the Furious: Tokyo Drift (2006),2.5,2.4968106746673584
rw4603413,Downrange (2017),4.0,3.987239360809326
rw2000105,The Passion of the Christ (2004),1.0,3.8601698875427246
rw6141107,Khaali Peeli (2020),1.0,2.7874841690063477
rw5427792,Kingsman: The Golden Circle (2017),5.0,3.592621326446533
rw3874835,Chronesthesia (2016),5.0,3.6066718101501465
rw3365146,Spectre (I) (2015),5.0,3.556096315383911
rw3079700,Dawn of the Planet of the Apes (2014),2.0,3.937683343887329
rw4582492,The Waltons (1972–1981),5.0,3.8819985389709473
rw5405881,Chernobyl Diaries (2012),2.5,3.324195146560669
rw6355992,We Are Who We Are (2020),3.5,3.874464273452759
rw2605710,Zodiac (2007),3.0,3.036693572998047
rw0762402,Empire (2002),1.5,2.7709834575653076
rw1820179,The Way of All Flesh (1940),4.5,4.5201239585876465
rw4110987,The Outsider (I) (2018),5.0,3.281431198120117
rw1001374,Billy Elliot (2000),3.0,3.274850606918335
rw3127135,The Fountain (2006),5.0,4.044858932495117
rw2152522,Taken (I) (2008),3.0,3.056682586669922
rw4938598,Jinn (2019– ),0.5,3.2085766792297363
rw4215177,Climax (I) (2018),4.5,3.6630945205688477
rw3280074,Terminator Genisys (2015),3.0,3.526712656021118
rw0878283,La fleur du mal (2003),1.5,3.360241174697876
rw3117438,Forrest Gump (1994),4.0,4.4040846824646
rw5733010,The Prestige (2006),5.0,2.655595302581787
rw1650724,Deja Vu (2006),5.0,3.2206101417541504
rw4297743,Grown Ups (I) (2010),3.0,3.0162549018859863
rw1503113,The People Under the Stairs (1991),3.0,3.27201247215271
rw5585668,Licence to Kill (1989),2.5,3.551877975463867
rw1530815,Devon's Ghost: Legend of the Bloody Boy (2005 Video),0.5,2.809774160385132
rw2427815,Dracula (1931),4.0,3.832491636276245
rw0159019,Death Dimension (1978),3.0,2.9626710414886475
rw5441815,Tall Girl (2019),1.5,3.5125067234039307
rw3726111,Before the Flood (2016),3.5,2.310288429260254
rw5889500,Suzi Q (2019),5.0,3.8109047412872314
rw1931287,The Deer Hunter (1978),5.0,3.3636114597320557
rw1712805,Hannah Montana (2006–2011),5.0,3.141733169555664
rw0468191,Resident Evil (2002),4.5,3.988323211669922
rw2967288,Gunday (2014),3.5,4.325915336608887
rw3673186,Altered Hours (2016),4.5,3.3681745529174805
rw0124323,Junior Bonner (1972),5.0,3.1565465927124023
rw4438781,Andhadhun (2018),5.0,4.293187618255615
rw5291873,玩命關頭 (2001),1.5,3.8032987117767334
rw2985123,Pirates of the Caribbean: Dead Man's Chest (2006),1.0,3.2717337608337402
rw3540665,Kill Bill: Vol. 1 (2003),4.5,3.325188398361206
rw6306432,Oldboy (2013),0.5,3.955979824066162
rw4011869,Bright (I) (2017),4.0,2.136979818344116
rw5270712,Humans (2015–2018),2.0,3.5662782192230225
rw2026303,Identity Theft (2004 TV Movie),2.0,3.339029550552368
rw4600760,Glass (2019),3.0,4.036782741546631
rw4962659,Breath (I) (2017),2.5,4.84071159362793
rw6331816,"Sacred Cow: The Nutritional, Environmental and Ethical Case for Better Meat (2020)",5.0,3.1198742389678955
rw1541783,Robinson Crusoe (1997),1.5,3.0525271892547607
rw4198554,The Great Train Robbery (1978),3.0,3.9247331619262695
rw0334597,Anjaam (1994),5.0,3.3127729892730713
rw1781026,Little Man Tate (1991),4.0,2.767646074295044
rw5354276,2036 Origin Unknown (2018),0.5,2.7626211643218994
rw1213790,Deewaar (1975),4.5,3.454293727874756
rw2258169,District 9 (2009),4.5,2.997084379196167
rw1541015,Bobby (I) (2006),2.5,3.8962104320526123
rw4508167,Aquaman (2018),0.5,2.8030219078063965
rw3668871,Your Name. (2016),4.5,3.1770265102386475
rw4710042,Captain Marvel (2019),5.0,3.4782962799072266
rw6415089,The Midnight Sky (2020),1.5,2.9147214889526367
rw2845948,The Purge (I) (2013),3.0,2.902316093444824
rw2001413,Secret Honor (1984),4.0,3.720533847808838
rw5663357,The Quatermass Xperiment (1955),4.0,2.6581013202667236
rw0906097,Mix (I) (2004),3.5,3.448026418685913
rw5457485,A Twelve-Year Night (2018),3.0,2.8969476222991943
rw0193015,The Evil Dead (1981),5.0,2.5477375984191895
rw5926139,Fairy Tail (2009–2019),4.5,3.6515309810638428
rw5787738,Mrs. Serial Killer (2020),5.0,3.9753785133361816
rw3310198,Les témoins (2014– ),3.5,3.135314702987671
rw0321790,The Fugitive (1993),5.0,2.274308681488037
rw2462832,200 Cigarettes (1999),4.5,2.851938486099243
rw5263571,Mutant (1984),3.5,2.9250714778900146
rw0910170,Sky Captain and the World of Tomorrow (2004),5.0,2.511056423187256
rw3827191,Joseph Smith: Prophet of the Restoration (2005),2.5,3.2048556804656982
rw4947113,Murder Mystery (2019),3.0,3.5364131927490234
rw3271012,Maggie (I) (2015),5.0,3.4986915588378906
rw2412263,Pie in the Sky (1994–1997),4.0,3.3583476543426514
rw5121357,It Chapter Two (2019),3.5,2.978869915008545
rw4290761,Deadpool 2 (2018),3.5,3.2633352279663086
rw5023376,The Blue Elephant 2 (2019),5.0,3.378570079803467
rw5197464,Emergence (2019–2020),4.0,3.305969476699829
rw4730000,Triple Frontier (2019),2.5,3.8634397983551025
rw4881096,Lucifer (2016– ),5.0,3.6066718101501465
rw5502180,Sweethearts (2019),1.0,3.7011804580688477
rw5557691,The Pale Horse (2020),1.5,2.8759326934814453
rw0838554,Shrek 2 (2004),3.5,3.4287631511688232
rw0789508,Stranded (2002 Video),1.0,3.3943774700164795
rw5125536,Carrie (1976),4.5,3.084808588027954
rw1943102,Battlestar Galactica (2004–2009),5.0,3.102158784866333
rw4049065,Vodka Diaries (2018),5.0,3.561160087585449
rw5508452,The House of Exorcism (1975),1.0,3.5634827613830566
rw4282505,Dog Days (I) (2018),5.0,3.4474146366119385
rw3448028,The Wild Wild West (1965–1969),0.5,2.861815929412842
rw1241417,King Kong (2005),0.5,3.0889880657196045
rw4455237,Hanum & Rangga: Faith & The City (2018),0.5,3.66593861579895
rw0840614,In America (2002),5.0,2.809976816177368
rw5133125,Last Knights (2015),5.0,2.954073190689087
rw4433401,Crime Boss (1972),1.5,3.49088978767395
rw4183517,The Raid: Redemption (2011),3.0,3.7364680767059326
rw3123722,The Last Ship (2014–2018),5.0,3.70206356048584
rw4331759,'The Day of the Purple Sun': Part I (2017),5.0,2.3503096103668213
rw5954319,Tribal Get Out Alive (2020),3.5,3.525080442428589
rw1291050,Daniel the Wizard (2004),0.5,3.4294166564941406
rw5819192,First Kill (2017),5.0,3.360971689224243
rw2058378,Night on Earth (1991),4.5,3.16925311088562
rw2804759,Djúpið (2012),3.0,4.099838733673096
rw4983898,Midsommar (2019),4.0,2.738805055618286
rw5396407,Blade: Trinity (2004),4.0,4.159178256988525
rw3777986,Salvation (2017–2018),3.5,3.2336971759796143
rw5337503,華爾街之狼 (2013),4.5,3.729926347732544
rw4392359,De ollas y sueños (2009),3.5,3.6066718101501465
rw5416008,Forrest Gump (1994),5.0,4.108349323272705
rw2249332,Please Give (2010),4.5,3.474262237548828
rw3182802,The Golden Fish (1959),5.0,3.010104179382324
rw2306562,2:22 (2008),0.5,3.120979070663452
rw2097357,The Private Lives of Pippa Lee (2009),4.0,3.0009477138519287
rw1725327,This Is England (2006),4.5,3.3356308937072754
rw2752010,Unforgiven (2009),3.5,4.058420181274414
rw2105262,The Towering Inferno (1974),4.0,2.8389244079589844
rw0633388,Doug's 1st Movie (1999),5.0,3.6345441341400146
rw4766927,Shazam! (2019),4.5,3.1794722080230713
rw5031291,The Children Act (2017),3.5,3.29532527923584
rw4552348,The Equalizer 2 (2018),3.0,2.962139368057251
rw3152723,"Location, Location, Location (2000– )",4.0,3.539919137954712
rw0271449,Indiana Jones and the Last Crusade (1989),4.0,3.08876895904541
rw5107569,Chhichhore (2019),4.5,4.153290748596191
rw3511896,Stranger Things (2016– ),3.5,3.70206356048584
rw1062810,The Amityville Horror (2005),3.5,3.323129892349243
rw1853282,Tomorrow (1972),2.5,3.32261061668396
rw5757140,Jarhead: Law of Return (2019 Video),0.5,4.536876201629639
rw0174681,The Dogs of War (1980),3.5,2.831721067428589
rw6201879,SOS Kolkata (2020),5.0,2.8789381980895996
rw1106006,Blue Car (2002),3.5,3.1299049854278564
rw2535340,The Girl Who Played with Fire (2009),4.0,4.506608963012695
rw0963767,Voor een verloren soldaat (1992),5.0,3.1918156147003174
rw2735989,Jesus Henry Christ (2011),5.0,3.137362480163574
rw4581960,Sex Education (2019– ),4.5,2.728860855102539
rw6172894,David Attenborough: A Life on Our Planet (2020),5.0,3.1413261890411377
rw5280074,Joker (2019),5.0,3.6341800689697266
rw1991062,The Strangers (2008),0.5,3.0249454975128174
rw3502839,Candyman (1992),3.5,2.7126405239105225
rw4235658,Arif V 216 (2018),4.0,3.323389768600464
rw4643749,Satan's Blade (1984),0.5,2.9929568767547607
rw4774399,Gloria Bell (2018),3.5,2.9806249141693115
rw0388105,Jake's Women (1996 TV Movie),5.0,2.5011816024780273
rw3717064,Temple Grandin (2010 TV Movie),4.5,3.215813398361206
rw4195289,Horror House on Highway Five (1985),3.0,3.6304991245269775
rw4137646,Super Troopers 2 (2018),3.0,3.706731081008911
rw0698180,Bartleby (2001),3.0,3.578446388244629
rw4786698,How to Train Your Dragon 2 (2014),4.5,3.7353403568267822
rw1842028,The Bank Job (2008),4.0,4.794177532196045
rw5220296,Mr. Right (I) (2015),3.5,3.2464077472686768
rw1363799,Unfaithful (2002),2.5,3.8037757873535156
rw3173631,Legion (2010),4.0,3.001577615737915
rw4329594,The Children Act (2017),4.0,3.29532527923584
rw4109593,Dave Chappelle: Equanimity (2017 TV Special),3.5,3.237830877304077
rw2073120,Where I Stand: The Hank Greenspun Story (2008),5.0,3.5662782192230225
rw2864081,Confessions (2010),3.5,4.298945426940918
rw6184067,The Three Deaths of Marisela Escobedo (2020),5.0,2.9309096336364746
rw5947640,Cursed (2020– ),1.0,3.5662782192230225
rw0461290,The Lord of the Rings: The Fellowship of the Ring (2001),5.0,3.6816694736480713
rw1354388,Casual Sex? (1988),3.0,3.22039532661438
rw4222030,The Needle Drop (2009– ),3.5,3.558671236038208
rw5610581,X2: X-Men United (2003),4.5,4.510520935058594
rw0408965,Life Is Beautiful (1997),4.5,4.160231113433838
rw2334338,Gods and Generals (2003),0.5,2.961045026779175
rw4030122,Mary and the Witch's Flower (2017),4.0,4.157962799072266
rw0242832,Dirty Dancing (1987),3.5,3.551290273666382
rw5707089,Mrs. Serial Killer (2020),5.0,4.372048854827881
rw1879853,Lions for Lambs (2007),0.5,3.7311835289001465
rw5705631,Hollywood (2020),5.0,3.3321502208709717
rw4387144,Beyond the Edge (2018),4.0,3.1637964248657227
rw2645090,The Killing of a Chinese Bookie (1976),3.5,3.1259403228759766
rw2822938,Planet of the Apes (2001),1.5,2.1256518363952637
rw1742246,Face/Off (1997),4.5,3.4709372520446777
rw3704586,Moonlight (I) (2016),1.0,4.100931167602539
rw3709816,Manhattan Tower (1932),3.0,3.3799314498901367
rw3563827,Bad Boys (1995),5.0,2.644967794418335
rw6066314,JL50 (2020– ),5.0,3.534162759780884
rw4394216,Somewhere (2010),3.0,2.9828720092773438
rw3799341,The Fox and the Hound (1981),4.0,3.356491804122925
rw4990196,Broken Ghost (2017),1.0,3.525151491165161
rw2698942,The Legend of Hell House (1973),4.0,3.393364906311035
rw3099960,Hannibal (2013–2015),5.0,3.614370822906494
rw5123724,500 Days of Summer (2009),5.0,4.321380138397217
rw5689323,One Night Stand (I) (2016),0.5,3.176316976547241
rw2400064,Bir Avuç Deniz (2011),2.0,2.886260509490967
rw2225201,The International (I) (2009),3.0,2.76106858253479
rw4100708,We Love Paleo (2016),1.0,3.5662782192230225
rw6436850,See No Evil (2014– ),3.0,3.3912060260772705
rw5936270,Dil Bechara (2020),5.0,4.408793926239014
rw6163300,The Lie (2018),2.0,1.4599473476409912
rw2261075,Ginger Snaps III: The Beginning (2004),1.5,3.3147945404052734
rw1078248,David's Mother (1994 TV Movie),4.5,3.156728982925415
rw5712275,Mother (2009),3.5,3.069563150405884
rw2603789,Phenomena (1985),5.0,3.7972562313079834
rw4565146,Thugs of Hindostan (2018),4.0,3.42685604095459
rw1930602,Lake Placid 2 (2007 TV Movie),3.5,2.8644890785217285
rw4636178,Mortal Engines (2018),3.0,2.399446725845337
rw3085907,"As Above, So Below (2014)",1.0,3.218600273132324
rw1135628,War of the Worlds (2005),4.0,3.797222137451172
rw0639376,Pokémon: The First Movie - Mewtwo Strikes Back (1998),4.5,4.029837608337402
rw4043402,Arjun Reddy (2017),1.5,2.855252981185913
rw3388024,Star Wars: Episode VII - The Force Awakens (2015),0.5,2.8477632999420166
rw5764735,The Wave (2019),3.0,3.7456374168395996
rw6424526,Death to 2020 (2020 TV Special),0.5,2.48463773727417
rw1946400,Righteous Kill (2008),2.0,2.332270622253418
rw3397174,The Transporter Refueled (2015),3.5,3.4686031341552734
rw4841762,Don Juan DeMarco (1994),2.5,3.0051486492156982
rw6162240,Abhay (2019– ),5.0,3.5942771434783936
rw3049954,Maleficent (2014),0.5,3.1293630599975586
rw2359491,Spike (2008),0.5,3.0919926166534424
rw1639672,The Browning Version (1951),3.5,2.8648998737335205
rw1800020,Sunshine (2007),1.5,3.692265748977661
rw0621224,A Knight's Tale (2001),1.0,3.2848615646362305
rw2553629,Ace Ventura: Pet Detective Jr. (2009 TV Movie),0.5,3.4776482582092285
rw5286768,Solver (2017),2.5,3.392408847808838
rw0223573,Lifeforce (1985),3.5,3.1444482803344727
rw3048904,Transformers (2007),4.5,3.261810064315796
rw6059782,Daddy (III) (2017),5.0,2.999298572540283
rw0480190,Titan A.E. (2000),3.0,3.8324027061462402
rw2544070,New Kids Nitro (2011),1.5,4.134641647338867
rw1559212,Pan's Labyrinth (2006),4.0,3.631849527359009
rw0225151,Pray for Death (1985),1.0,3.007140874862671
rw4851663,Flip (2019– ),5.0,3.534162759780884
rw3073194,Ringer (2011–2012),2.0,2.485593795776367
rw4271737,The Artist (I) (2011),3.5,3.6715495586395264
rw0460861,The Lord of the Rings: The Fellowship of the Ring (2001),4.5,3.6816694736480713
rw2661990,普羅米修斯 (I) (2012),3.0,2.8552536964416504
rw0603017,Scary Movie (2000),3.5,3.0152015686035156
rw4111182,Ready Player One (2018),3.0,3.502978563308716
rw0342288,The Lion King (1994),5.0,3.8496599197387695
rw1209553,Birth (2004),1.0,2.62929105758667
rw0023274,Blood and Sand (1941),5.0,3.6342263221740723
rw5018039,Another Life (2019– ),0.5,2.767686367034912
rw4424845,The Christmas Card (2006 TV Movie),5.0,3.3407325744628906
rw2205569,Fix (I) (2008),4.0,3.3487918376922607
rw0214994,Sheena (1984),2.0,3.242548942565918
rw1760924,Lions for Lambs (2007),4.0,3.5895211696624756
rw5542940,The Lord of the Rings: The Fellowship of the Ring (2001),5.0,3.6816694736480713
rw4559779,Father Figures (2017),1.0,3.0756516456604004
rw3194031,Badlapur (2015),5.0,2.6465933322906494
rw4267370,Attack of the Killer Tomatoes! (1978),5.0,3.428797721862793
rw4332018,Solo: A Star Wars Story (2018),2.5,3.810577869415283
rw2278429,Wild Target (2010),3.0,3.07236385345459
rw5940703,Legacy (IV) (2020),0.5,3.6757102012634277
rw0966904,Cube²: Hypercube (2002),1.5,2.658552408218384
rw4196939,El Camino Christmas (2017),3.5,4.12489128112793
rw4160470,Sleepers (1996),4.5,4.128397464752197
rw2900845,Jersey Shore (2009–2012),5.0,3.3378522396087646
rw4165774,Clash of the Titans (2010),2.5,4.213761329650879
rw1986195,Milk (I) (2008),3.5,3.269166946411133
rw2916958,Dialogues with Madwomen (1994),3.5,3.7866272926330566
rw1228792,Harry Potter and the Goblet of Fire (2005),3.0,4.2050957679748535
rw1198205,Brokedown Palace (1999),0.5,3.020318031311035
rw4227619,The Land Before Time (1988),5.0,2.897723913192749
rw2791487,Unconditional (IV) (2012),3.0,3.697098970413208
rw4838109,Lucifer (2016– ),4.5,3.7866272926330566
rw0946510,One Missed Call (2003),3.5,3.483065128326416
rw2350909,13 (I) (2010),5.0,2.913503885269165
rw4582928,Logan (2017),4.5,2.4521844387054443
rw2540177,Doli Saja Ke Rakhna (1998),3.5,2.3578896522521973
rw6395817,The Boy and the World (2013),2.0,3.6474246978759766
rw6439404,This Woman Is Mine (1941),3.0,2.979518413543701
rw1724631,A Lot Like Love (2005),5.0,3.9065070152282715
rw4274219,Blackmark (2018),1.0,2.45037579536438
rw2455837,Battle Los Angeles (2011),1.5,3.2193033695220947
rw3150349,The Guilt Trip (2012),3.0,3.49033522605896
rw4995429,Keeper of the Flame (1942),4.5,3.4318010807037354
rw6178652,The Thing About Harry (2020 TV Movie),3.5,3.6616060733795166
rw5703335,Hollywood (2020),3.0,3.3321502208709717
rw5348704,獵魔士 (2019– ),4.0,4.040031433105469
rw1972611,King of Hearts (1966),5.0,3.0581977367401123
rw4503886,Gold Diggers of 1933 (1933),4.5,3.9395596981048584
rw4976170,Toy Story 4 (2019),3.0,3.7384183406829834
rw0344212,Natural Born Killers (1994),3.5,3.810633659362793
rw1345640,The Wild (2006),3.5,3.3283286094665527
rw0203047,National Lampoon's Vacation (1983),3.0,3.637263774871826
rw0014058,Phantom Ship (1935),2.5,3.9177942276000977
rw5394047,Klaus (2019),5.0,3.2916817665100098
rw3506502,Glitter (2001),1.0,4.807129859924316
rw1350824,Silent Hill (2006),3.5,4.106889724731445
rw3609956,V/H/S/2 (2013),1.0,4.05924129486084
rw2904498,Cape Fear (1991),4.0,2.3523342609405518
rw1656782,No Country for Old Men (2007),5.0,3.3799901008605957
rw2352978,Rabbit Hole (2010),5.0,4.347327709197998
rw3447582,Dredd (2012),3.5,3.264150619506836
rw2530170,Sombrero (1953),3.5,3.666567802429199
rw6002137,Peppa Pig (2004– ),3.5,3.2699196338653564
rw5325503,War (2019),1.0,4.007263660430908
rw2265749,Rampage (2009),3.5,3.0554277896881104
rw4864055,Send Me No Flowers (1964),4.0,3.5571341514587402
rw5915503,American Sniper (2014),2.5,3.885564088821411
rw4106302,The Fool (II) (2014),4.0,3.1122868061065674
rw0117189,Harold and Maude (1971),4.5,3.166271448135376
rw2703395,Apollo 18 (2011),1.0,3.6873838901519775
rw3765970,Valerian and the City of a Thousand Planets (2017),4.0,3.0462677478790283
rw1749880,The Invasion (I) (2007),3.5,3.843766689300537
rw4114137,All American (1953),3.5,3.5308659076690674
rw4270753,The Wrestler (2008),3.0,4.108824729919434
rw3873468,Bordertown (2016–2020),4.5,2.7982568740844727
rw2434921,Cross (2011 Video),2.5,3.3741469383239746
rw1735592,3:10 to Yuma (2007),3.5,4.003178119659424
rw0132216,Tongue (1976),4.0,3.1393308639526367
rw5196187,凶兆 (I) (2012),4.5,2.2107131481170654
rw5489593,Parasite (2019),2.5,3.725984573364258
rw1186102,Lord of War (2005),4.0,2.998936891555786
rw2326231,Shivers (1975),3.5,3.311427116394043
rw3457732,Across to Singapore (1928),2.5,3.081629514694214
rw4599934,Bohemian Rhapsody (2018),5.0,4.0677313804626465
rw4556226,Foodfight! (2011),0.5,2.814307928085327
rw6250947,Laxmii (2020),0.5,2.8197031021118164
rw6008057,Most Wanted (I) (2020),2.5,3.5152108669281006
rw5005446,The Curse of La Llorona (2019),0.5,4.0567827224731445
rw1036011,Robots (2005),5.0,3.263974189758301
rw0395901,Sling Blade (1996),5.0,3.6050527095794678
rw1324718,Napoleon Dynamite (2004),3.5,3.8712728023529053
rw5914239,Mafia (2020– ),5.0,2.5841338634490967
rw3434099,Fracture (2007),1.0,2.5584194660186768
rw4983617,Titanic (1997),0.5,4.133412837982178
rw1309335,16 Blocks (2006),4.0,2.9217607975006104
rw2853386,Lovelace (2013),3.0,3.314479112625122
rw0007508,City Lights (1931),5.0,3.097458839416504
rw2293283,Winds of the Wasteland (1936),3.5,3.3536860942840576
rw0654694,Moulin Rouge! (2001),2.5,3.133615016937256
rw1502693,N (Io e Napoleone) (2006),4.5,2.9048714637756348
rw5008623,A Star Is Born (2018),4.0,2.892192840576172
rw5406488,Tanhaji: The Unsung Warrior (2020),5.0,2.9138269424438477
rw0028891,Lady of Burlesque (1943),4.0,3.0388436317443848
rw2229986,Der Barbier von Sevilla (1959 TV Movie),5.0,3.304147958755493
rw4526581,Educating Rita (1983),5.0,3.1173171997070312
rw0371914,Strange Days (1995),5.0,3.186450242996216
rw1496169,Return of the Living Dead II (1988),4.0,2.514385938644409
rw5799272,Brenda (2015),5.0,3.5662782192230225
rw4282758,Get Out (I) (2017),3.0,4.0232744216918945
rw1993819,Planet Terror (2007),3.5,2.732991933822632
rw1144723,Charlie and the Chocolate Factory (2005),4.5,3.5584168434143066
rw4672590,The Darkest Minds (2018),3.5,2.9921717643737793
rw4036622,The Great Gabbo (1929),2.5,3.977098226547241
rw3858410,The Square (2017),3.5,4.313724517822266
rw3758411,King Arthur: Excalibur Rising (2017),1.0,3.191762685775757
rw0482526,Star Wars: Episode I - The Phantom Menace (1999),5.0,2.8589680194854736
rw1918649,"Runaway, Runaway (1972)",5.0,3.3977601528167725
rw0247353,The Monster Squad (1987),5.0,2.8364782333374023
rw6183570,The Unicorn (2019– ),5.0,4.064548015594482
rw4413011,Bad Times at the El Royale (2018),5.0,2.6902780532836914
rw0529707,American Reel (2003),4.0,3.2248711585998535
rw6455986,Taxi Driver (1976),2.5,4.068874835968018
rw1599940,Inferno (1980),5.0,3.1582233905792236
rw0241868,Bloodsport (1988),5.0,3.5006563663482666
rw5003916,Ambuli (2012),3.5,3.9378445148468018
rw0138032,Sweet Movie (1974),4.5,2.724886178970337
rw1253583,"The Chronicles of Narnia: The Lion, the Witch and the Wardrobe (2005)",5.0,4.051988124847412
rw1961476,Argo (2004),0.5,2.676595449447632
rw5376946,Spinning Out (2020),0.5,3.198768377304077
rw0744736,Beeper (2002),3.5,2.693286657333374
rw3681098,Fathom (1967),2.5,3.2541756629943848
rw2433458,American Beauty (1999),0.5,3.223663091659546
rw2290202,Grandma's Boy (2006),3.5,3.1450231075286865
rw2420986,House on Haunted Hill (1959),4.0,2.8590240478515625
rw5280315,Whisper of the Heart (1995),5.0,3.078038454055786
rw0414232,Eve's Bayou (1997),0.5,2.7626490592956543
rw4741456,Triple Threat (2019),2.0,3.927990198135376
rw2217887,Taken (I) (2008),3.5,3.226599931716919
rw6259296,What Happens Next (I) (2011),1.5,2.7260489463806152
rw2870821,Derek Zoolander: Male Model (1996 TV Short),2.0,2.6571013927459717
rw4108866,Cars 3 (2017),4.0,3.4427037239074707
rw3232267,The Wolfman (2010),3.5,3.8184211254119873
rw2237380,Idiocracy (2006),5.0,3.6072897911071777
rw5418956,The Heist of the Century (2020),4.0,3.5073647499084473
rw4638003,Dynasty (2017– ),4.0,3.5869719982147217
rw1703129,You Kill Me (2007),4.0,3.553736925125122
rw5485614,Love Aaj Kal (2020),5.0,2.7112298011779785
rw4603144,M.S. Dhoni: The Untold Story (2016),5.0,2.5662848949432373
rw0312505,Romper Stomper (1992),2.5,3.4222233295440674
rw1185276,Four Brothers (2005),4.0,3.4010539054870605
rw3503803,The Maze Runner (2014),3.0,2.6629559993743896
rw6039337,Bulbbul (2020),5.0,2.985051155090332
rw1468714,Madagascar (2005),4.5,3.3081891536712646
rw3849874,Outside the Law (1930),3.5,3.8793461322784424
rw2124162,Close Encounters of the Third Kind (1977),5.0,2.9136011600494385
rw2237754,Creature of Darkness (2009),3.5,2.625612735748291
rw5437088,The Mandalorian (2019– ),4.5,4.100306987762451
rw4782229,Indiscreet (1958),0.5,3.8423657417297363
rw3242722,Fat Slags (2004),2.5,4.137037754058838
rw0867738,Bruce Almighty (2003),3.5,2.4100632667541504
rw4397864,12 Kilometers (2016),5.0,3.50934100151062
rw2363338,Sid and Nancy (1986),4.0,3.7713470458984375
rw2057355,Sure Fire (1990),4.5,3.7866272926330566
rw4908361,Fleabag (2016–2019),5.0,3.994264841079712
rw3157870,Gummo (1997),0.5,3.925983190536499
rw4324003,Pyewacket (2017),3.0,3.0389580726623535
rw5646437,Manifest (2018– ),0.5,3.1820685863494873
rw4712014,Bohemian Rhapsody (2018),5.0,4.0677313804626465
rw6424908,Bridgerton (2020– ),0.5,3.7866272926330566
rw3480060,Avengers: Age of Ultron (2015),3.5,2.838287353515625
rw1019162,Darr (1993),5.0,2.496464490890503
rw0791485,Lilo & Stitch (2002),5.0,4.0382280349731445
rw6138689,Conspiracy Theory (1997),2.5,3.6521236896514893
rw5284358,A Time to Kill (1996),0.5,3.3820254802703857
rw3091858,The Mist (2007),0.5,3.3725366592407227
rw3382602,Carol (2015),2.0,3.8787295818328857
rw0869956,Spider-Man 2 (2004),4.0,3.903062105178833
rw0683859,Gangs of New York (2002),2.0,3.103900909423828
rw4879925,It (I) (2017),4.5,3.757415533065796
rw2854617,Chinatown (1974),4.5,3.7762508392333984
rw6070570,Love Fraud (2020),0.5,3.8580613136291504
rw3719314,Wonder Woman (2017),1.0,3.5560786724090576
rw4952775,Blazing Saddles (1974),1.5,4.042768478393555
rw5908703,Rosemary's Baby (1968),5.0,3.834709405899048
rw4146665,Avengers: Infinity War (2018),4.5,3.8499937057495117
rw2873847,Jobs (2013),3.5,3.3755452632904053
rw2393550,Gojira (1954),2.5,2.9397857189178467
rw5322837,In Harm's Way (1965),5.0,3.4477450847625732
rw2695807,Chasing Mavericks (2012),5.0,3.2001070976257324
rw6102788,Dave (1993),3.5,3.4303929805755615
rw4444103,Sausage Party (2016),4.5,3.0147054195404053
rw1643260,Das Leben der Anderen (2006),4.0,3.5580546855926514
rw5955678,Hostile (I) (2017),0.5,3.266954183578491
rw1967933,The Mentalist (2008–2015),4.0,3.093196392059326
rw2580154,Special (2006),2.5,2.6268999576568604
rw5014697,The Babysitter (1995),1.0,3.640289306640625
rw3264839,The Adventures of Sharkboy and Lavagirl 3-D (2005),0.5,2.795827865600586
rw5778164,Ouija Shark (2020),2.5,3.6169090270996094
rw3026099,Vampires Suck (2010),4.5,2.3636410236358643
rw0355685,Babe (1995),5.0,3.840531587600708
rw0340318,Heavyweights (1995),1.0,3.927191972732544
rw3857545,School Life (2016),4.0,2.846752166748047
rw6324716,Saved by the Bell (2020– ),0.5,4.8282060623168945
rw4527271,Bird Box (2018),3.0,2.4821677207946777
rw3219220,Danny Collins (2015),4.5,2.9194064140319824
rw2529369,Puss in Boots (2011),3.5,2.924098014831543
rw6435395,Muck (I) (2015),3.5,2.5452868938446045
rw2846712,A Good Day to Die Hard (2013),0.5,3.2410390377044678
rw5702914,After Life (2019– ),5.0,2.901850461959839
rw4214570,The Wizard of Lies (2017 TV Movie),4.0,3.7212154865264893
rw0272884,Meet the Feebles (1989),5.0,3.8015072345733643
rw0982004,Garden State (2004),4.5,3.3467330932617188
rw5243505,Doctor Sleep (2019),5.0,4.0788798332214355
rw1711356,The Steel Trap (1952),4.0,3.3848583698272705
rw4568769,The Shawshank Redemption (1994),4.5,4.743364334106445
rw5584366,Mad Max: Fury Road (2015),2.0,3.165926933288574
rw4094304,I Can Only Imagine (2018),5.0,3.550374746322632
rw2413378,An Invisible Sign (2010),4.0,2.8873047828674316
rw5020687,Midsommar (2019),0.5,2.738805055618286
rw5735750,Wanted (2016– ),3.0,3.76694655418396
rw4883953,The Poison Rose (2019),1.5,2.8983912467956543
rw2090814,Blood Feast (1963),3.5,2.5122411251068115
rw4914139,Nervous Translation (2017),4.0,2.980912685394287
rw1857056,Cast Away (2000),5.0,3.3123106956481934
rw6164376,Castle Freak (1995 Video),4.0,2.83335018157959
rw5224053,Solo: A Star Wars Story (2018),4.5,3.2291271686553955
rw3811286,Breaking Bad (2008–2013),5.0,3.5886900424957275
rw2794566,Jack Reacher (2012),4.0,3.3580269813537598
rw3346467,Terminator Genisys (2015),3.0,3.899035692214966
rw1790833,National Treasure: Book of Secrets (2007),2.5,2.991032123565674
rw2676887,Mother's Day (I) (2010),2.5,2.2656421661376953
rw1958049,Appaloosa (2008),4.0,3.3583102226257324
rw3027144,Fantastic 4: Rise of the Silver Surfer (2007),2.5,3.3637712001800537
rw4742033,Us (II) (2019),4.0,3.649770975112915
rw3129498,Eight O'Clock Walk (1954),2.5,3.452052116394043
rw3181112,Suspiria (1977),3.0,5.0
rw2233633,Brother Orchid (1940),3.5,3.2892658710479736
rw5920486,Hearts and Flowers (1930),1.5,3.3588736057281494
rw2237565,Repo Men (2010),3.0,2.9186973571777344
rw4722710,Captain Marvel (2019),2.5,3.677403688430786
rw2587888,The Hunger Games (2012),1.5,3.379897117614746
rw1523812,Plymouth Adventure (1952),3.5,2.5138938426971436
rw1970221,The Strangers (2008),1.5,3.0249454975128174
rw1810596,Firefly (2002–2003),5.0,3.5176708698272705
rw0767970,Black Hawk Down (2001),0.5,3.73998761177063
rw1433255,The Dukes of Hazzard (2005),0.5,4.556556701660156
rw5862219,Andes Mágicos (2019– ),2.0,2.780052661895752
rw3219290,Go Naked in the World (1961),4.0,3.1132616996765137
rw2761246,Django Unchained (2012),4.5,3.252991199493408
rw2082849,The Mummy: Tomb of the Dragon Emperor (2008),1.5,2.891005754470825
rw5693961,A Secret Love (2020),4.5,4.450163841247559
rw0625544,Little Nicky (2000),5.0,3.984745740890503
rw6304035,The Witches (2020),0.5,3.8082425594329834
rw1955772,Nights in Rodanthe (2008),4.0,3.0214054584503174
rw4165273,Parasites (I) (2016),4.0,3.039860725402832
rw0450819,Eye of the Beholder (1999),5.0,3.973299026489258
rw3324656,Gotham (2014–2019),0.5,3.2893526554107666
rw1149670,Catwoman (2004),0.5,2.301786422729492
rw3823333,Session 9 (2001),3.5,2.722048759460449
rw2511850,Paranormal Activity 3 (2011),0.5,3.6973204612731934
rw2105896,The Cell (2000),2.5,3.117055892944336
rw1097087,Five Star Final (1931),4.5,4.1675920486450195
rw0031978,Brief Encounter (1945),5.0,3.4968295097351074
rw2566578,The Experiment (2010),2.5,3.4948933124542236
rw5540197,21 Bridges (2019),5.0,3.8167433738708496
rw4126719,The Crown (2016– ),4.0,3.405768632888794
rw6352457,The Turin Horse (2011),5.0,3.2723023891448975
rw5964364,Deadpool (2013 Video Game),4.5,4.312798976898193
rw0842143,Chicago (2002),1.5,2.786447763442993
rw1609174,Tajja (2006),4.0,2.7938780784606934
rw5791475,Alice in Wonderland (I) (2010),3.5,3.6437835693359375
rw5329412,李察朱威爾事件 (2019),5.0,3.1463139057159424
rw5411181,Blue Mountain State (2010–2011),5.0,2.6152217388153076
rw1497844,Judge Dredd (1995),4.0,3.3467652797698975
rw4812121,Iron Man (2008),3.0,3.2891528606414795
rw5437533,The Specials (2019),4.0,3.3598954677581787
rw5382589,Uncut Gems (2019),5.0,3.147536039352417
rw2292589,Road Train (2010),0.5,3.403412103652954
rw6142109,Enola Holmes (2020),3.5,3.8911635875701904
rw0469652,Saving Private Ryan (1998),2.5,2.7132349014282227
rw2053281,Black Christmas (2006),2.5,3.2440788745880127
rw4878701,My Way (2011),4.5,3.6133573055267334
rw1555419,Santa Claws (1996),3.0,2.618347406387329
rw4967027,Star Wars: Episode VIII - The Last Jedi (2017),1.5,2.8262734413146973
rw4298536,9-1-1 (2018– ),0.5,2.8698298931121826
rw3316810,The Rawhide Years (1956),3.0,3.0366697311401367
rw0527035,Message in a Bottle (1999),1.5,2.8731915950775146
rw4374865,Terror on Tour (1980),1.5,3.756671190261841
rw0510344,The Matrix (1999),4.5,4.020014762878418
rw2109616,Funny People (2009),1.0,3.3650288581848145
rw1050604,Star Wars: Episode II - Attack of the Clones (2002),3.0,2.906860828399658
rw5777517,Tajkun (2020– ),4.5,2.859508752822876
rw6452902,Uncle Buck (1989),3.0,3.795860528945923
rw2778668,Olympus Has Fallen (2013),2.0,3.7034459114074707
rw4465859,Mirzapur (2018– ),3.5,3.70206356048584
rw6208963,Spell (I) (2018),5.0,3.7144787311553955
rw3833864,Chris Brown: Welcome To My Life (2017),3.0,3.307013511657715
rw0027130,Mystery of Marie Roget (1942),3.0,2.854860305786133
rw3609902,The Search (III) (2014),3.5,2.6324830055236816
rw3449982,Deadpool (2016),5.0,3.7938804626464844
rw5042352,Assimilate (I) (2019),3.0,2.889012098312378
rw3713237,Arrival (II) (2016),4.5,2.659850835800171
rw3085754,The Babadook (2014),4.0,3.6237828731536865
rw2510672,Dweebs (1995),4.0,3.460972785949707
rw4693676,Mine Games (2012),1.0,3.3580806255340576
rw1122432,Chopping Mall (1986),5.0,3.342352867126465
rw5219478,Bigil (2019),5.0,2.6447932720184326
rw0594031,Neon Genesis Evangelion: The End of Evangelion (1997),5.0,2.798664093017578
rw6101173,Mulan (2020),0.5,3.211350202560425
rw1109687,The Mummy Returns (2001),2.5,2.3991928100585938
rw1806016,Young Guns (1988),2.5,3.0162508487701416
rw5676229,Manifest (2018– ),3.0,2.242948055267334
rw1361347,Doctor Zhivago (1965),3.5,2.58319091796875
rw5133193,The Girl in the Fog (2017),2.0,2.569718360900879
rw2993781,The Carpenters (1941),3.0,3.6285533905029297
rw4243836,Baywatch (2017),4.5,4.545149803161621
rw1416440,The Devil Wears Prada (2006),2.5,3.407930374145508
rw5244537,She Walks the Woods (2019),4.0,3.301931142807007
rw3156656,The Devil's Violinist (2013),4.5,3.7056074142456055
rw3769686,Alien: Covenant (2017),1.0,3.471433401107788
rw1752788,We Own the Night (2007),3.5,3.9219319820404053
rw2233057,Lost and Delirious (2001),5.0,3.1497244834899902
rw3626829,Arrival (II) (2016),0.5,3.6982662677764893
rw1371270,Grandma's Boy (2006),2.0,3.0617997646331787
rw1239363,The 40-Year-Old Virgin (2005),4.5,3.118142604827881
rw5412752,Star Wars: The Rise Of Skywalker (2019),1.0,2.63049054145813
rw2767164,Some Like It Hot (1959),4.5,3.702545642852783
rw4184504,Lucifer (2016– ),5.0,3.6066718101501465
rw1018538,Before Sunset (2004),5.0,3.7311556339263916
rw3735935,Power Rangers (2017),1.5,3.8039658069610596
rw2443025,Haunted Collector (2011– ),0.5,3.70206356048584
rw5009534,Super 30 (2019),4.0,3.409285068511963
rw4543643,Titans (I) (2018– ),4.0,3.0271666049957275
rw0409362,Life Is Beautiful (1997),4.5,4.544434070587158
rw6383874,We Are the Champions (2020– ),5.0,2.7559525966644287
rw3634828,The Defiant Ones (1958),4.5,3.161616563796997
rw3114568,Nightcrawler (2014),4.0,2.7405600547790527
rw2404103,Sucker Punch (2011),3.0,4.091521739959717
rw3369828,The Sissy Duckling (1999 TV Movie),3.0,3.562453508377075
rw0842504,Gigli (2003),0.5,2.518768787384033
rw0161892,The Last Waltz (1978),5.0,3.8288402557373047
rw1383873,Madonna: Truth or Dare (1991),5.0,3.2756292819976807
rw6218269,Joker (2019),5.0,3.9221582412719727
rw6334691,The Stalker (III) (2020),1.0,2.5035593509674072
rw3061403,The Catechism Cataclysm (2011),0.5,2.856034994125366
rw5429734,The Capture (2019– ),3.0,4.927452564239502
rw3402079,When Calls the Heart (2014– ),5.0,3.117661952972412
rw1505773,Almost Famous (2000),5.0,3.4715609550476074
rw3058568,Hot Moves (1984),2.5,3.4639713764190674
rw2642626,Köprü (1975),2.0,3.8855865001678467
rw5397799,Last Christmas (2019),4.5,4.003087043762207
rw3031035,Mr. Fraud (2014),0.5,2.7977726459503174
rw0142855,It Can't Be! (1975),5.0,3.2410597801208496
rw6070985,Upside-Down Magic (2020 TV Movie),0.5,3.3218719959259033
rw3253574,Pyaar Ke Side Effects (2006),3.0,4.2870564460754395
rw6161360,Creepozoids (1987),1.5,3.6829540729522705
rw3372018,Terminator Genisys (2015),1.5,3.526712656021118
rw2120352,The Maid (2009),4.0,3.314549684524536
rw2032436,Æon Flux (2005),4.0,4.035304546356201
rw4911268,Burning (2018),4.0,3.2635669708251953
rw1346245,12 Monkeys (1995),5.0,3.4003725051879883
rw5812379,Top Gun (1986),5.0,5.0
rw2533749,Tin sang yat dui (2006),4.5,3.5816965103149414
rw2957257,Inequality for All (2013),5.0,2.976632833480835
rw3694718,Furious 6 (2013),4.0,3.1797866821289062
rw3175045,An Unexpected Love (2003 TV Movie),1.5,3.0896449089050293
rw4806278,Psycho (1960),4.5,3.9786393642425537
rw3772713,Valerian and the City of a Thousand Planets (2017),3.0,3.0462677478790283
rw3603095,The Affair (2014–2019),4.0,3.70206356048584
rw0039803,Beyond the Forest (1949),2.0,4.891611099243164
rw4666181,The Favourite (2018),2.0,3.070608615875244
rw5491526,The Phantom of Crestwood (1932),2.5,3.722158670425415
rw4532980,Transformers: The Last Knight (2017),0.5,3.116786241531372
rw5400353,Treadstone (2019),1.5,3.70206356048584
rw3873999,She's Gotta Have It (2017–2019),1.5,3.70153546333313
rw3044794,The 100 (2014–2020),0.5,3.1759462356567383
rw3649086,A Cure for Wellness (2016),4.5,4.204343318939209
rw3377342,Star Wars: Episode VII - The Force Awakens (2015),3.5,3.0606930255889893
rw4277877,Deadpool 2 (2018),0.5,4.114750862121582
rw4928376,The Chef Show (2019– ),4.0,3.3657419681549072
rw0972252,Rudolph the Red-Nosed Reindeer (1964 TV Movie),1.0,3.6558449268341064
rw4559815,The Bridge on the River Kwai (1957),5.0,3.450272798538208
rw1962823,Village of the Damned (1960),4.0,3.270554780960083
rw5614717,Panchayat (2020– ),3.5,2.323854923248291
rw4118782,The Last Movie Star (I) (2017),5.0,2.8683786392211914
rw5101984,Chal Mera Putt (2019),4.0,2.862128734588623
rw3611311,A Billion Lives (2016),5.0,3.3170409202575684
rw1111398,King of the Corner (2004),5.0,2.817871570587158
rw5747617,Eden Lake (2008),4.0,2.843820810317993
rw4260485,The Proposal (I) (2009),3.0,3.3751766681671143
rw5414157,Code M (2020– ),4.5,2.9034245014190674
rw1871845,Before the Devil Knows You're Dead (2007),0.5,3.1394102573394775
rw0915829,Belly of the Beast (2003 Video),0.5,3.256978988647461
rw2769316,Cloud Atlas (2012),0.5,2.138660430908203
rw4012029,Justice League (2017),1.5,3.693457841873169
rw6266711,Soorarai Pottru (2020),4.5,4.314866542816162
rw4119452,Day of the Dead: Bloodline (2017),0.5,3.5582802295684814
rw0222922,Police Story (1985),1.5,2.8005125522613525
rw4381440,Long Lost Daughter (2018 TV Movie),1.0,3.9947032928466797
rw1194630,Out of Season (2004),2.5,3.2178475856781006
rw2167499,Honeymoon of Horror (1964),1.5,3.4466726779937744
rw3467053,It (1990),4.5,2.8140742778778076
rw4544960,Cherokee Creek (2018),5.0,3.2110519409179688
rw0850225,Kermit's Swamp Years (2002 TV Movie),1.0,3.855072259902954
rw2534229,Hugo (2011),1.5,2.0797014236450195
rw4128395,Superjail! (2007–2014),3.0,3.5089006423950195
rw0725026,Swordfish (2001),0.5,4.222433567047119
rw5044809,Thackeray (2019),4.0,2.733651876449585
rw5800136,Space Force (2020– ),4.0,3.278489828109741
rw2614124,Cargo (2009),1.0,3.895434856414795
rw2342375,The Black Cat (1934),4.0,4.260817527770996
rw0126293,Super Fly (1972),4.0,4.250349998474121
rw0085026,Father Goose (1964),3.5,2.8384838104248047
rw0480245,Titan A.E. (2000),5.0,2.9890668392181396
rw5495112,A Long Way Down (2014),4.0,2.840432643890381
rw3331064,The Hunger Games: Mockingjay - Part 1 (2014),3.0,3.8751237392425537
rw4271111,Hot Fuzz (2007),5.0,2.8517515659332275
rw1132702,The Notebook (2004),5.0,3.5560903549194336
rw4988594,The Edge of Democracy (2019),5.0,3.6628470420837402
rw5164965,小丑 (2019),5.0,3.6341800689697266
rw0142011,Jaws (1975),5.0,2.7788612842559814
rw4198754,Before Midnight (2013),1.5,3.5344159603118896
rw4289318,Riverdale (2017– ),2.5,3.0269830226898193
rw2951811,An Affair to Remember (1957),3.5,2.8089356422424316
rw0633219,Blade II (2002),5.0,2.9245965480804443
rw4789228,Thor: Ragnarok (2017),5.0,3.019982099533081
rw1012881,Gods and Generals (2003),0.5,3.389530897140503
rw3009926,Green Lantern (2011),1.5,2.809717893600464
rw2107575,Slumber Party Massacre II (1987),3.0,3.389462471008301
rw4547376,Your Name. (2016),4.5,3.1770265102386475
rw1155446,Supercross (2005),2.0,2.4398715496063232
rw5621012,The Chosen (2017– ),5.0,4.90522575378418
rw5232206,Superstore (2015– ),5.0,4.594066143035889
rw0360014,The Demolitionist (1995),0.5,4.048628807067871
rw6166540,The King of Staten Island (2020),5.0,3.1881110668182373
rw5427353,The Americans (2013–2018),4.5,3.7866272926330566
rw5076957,Game Over (I) (2019),5.0,2.1662402153015137
rw4823777,Playdate (2012 TV Movie),1.5,3.4969379901885986
rw1902942,Hot Rod (2007),5.0,3.3382155895233154
rw1113951,Zabriskie Point (1970),3.0,3.052983522415161
rw1422536,Dead Man's Shoes (2004),5.0,4.031799793243408
rw2840192,Wild Strawberries (1957),5.0,4.208427429199219
rw6345474,Padmaavat (2018),5.0,3.4810726642608643
rw5161710,3 from Hell (2019),3.5,3.289992094039917
rw5115927,State of the Union (2019– ),0.5,3.438739061355591
rw1293244,Raging Bull (1980),5.0,3.116051435470581
rw5650741,Hasmukh (2020– ),1.5,2.9033310413360596
rw4500902,Thunderball (1965),3.5,3.3378653526306152
rw4311509,Cool Air (1999),5.0,3.332904577255249
rw3080044,Guardians of the Galaxy (2014),4.5,3.3618040084838867
rw5519012,Star Wars: The Rise Of Skywalker (2019),1.0,2.416062593460083
rw5261222,Last Christmas (2019),5.0,3.4285025596618652
rw5267473,Pulp Fiction (1994),5.0,3.9417481422424316
rw5369128,Cliffhanger (1993),5.0,4.130892753601074
rw0879597,Out for a Kill (2003 Video),1.0,3.5538952350616455
rw0828086,The Lost World: Jurassic Park (I) (1997 Video Game),4.0,4.581354141235352
rw3797414,XX (2017),0.5,3.617253541946411
rw1435993,The High Crusade (1994),4.0,4.162631988525391
rw5425946,The Butterfly Effect (2004),5.0,3.5418028831481934
rw1682919,Transformers (2007),3.5,3.261810064315796
rw4768313,Us (II) (2019),0.5,3.649770975112915
rw3372652,I'll Be Home for Christmas (1998),1.5,3.8984715938568115
rw4080012,Black Panther (2018),0.5,3.194105386734009
rw0289718,Dreams (1990),5.0,3.3689119815826416
rw2288579,The Rock (1996),5.0,3.7941267490386963
rw4120760,Churchill (2017),3.0,3.0942909717559814
rw3796316,Bug Crawls (2008),3.0,3.7191214561462402
rw5047086,Egg (I) (2018),4.5,3.6001737117767334
rw1067195,Troy (2004),5.0,3.0418097972869873
rw5720077,Shirkers (2018),5.0,4.628053188323975
rw1318785,V for Vendetta (2005),5.0,3.4729316234588623
rw6271226,Disappearance at Clifton Hill (2019),2.0,3.5853607654571533
rw4455674,The God Inside My Ear (2017),5.0,3.982898473739624
rw2392743,Nosso Lar (2010),5.0,2.67217755317688
rw0459828,The Lord of the Rings: The Fellowship of the Ring (2001),0.5,3.648484706878662
rw3369135,Soaked in Bleach (2015),4.5,2.87226939201355
rw1506609,Murders in the Rue Morgue (1932),1.5,2.618151903152466
rw1662359,Pirates of the Caribbean: At World's End (2007),3.0,2.972240924835205
rw3704218,Cable Girls (2017–2020),5.0,2.433258295059204
rw4287707,Slender Man (2018),4.5,2.860319137573242
rw5115824,Deep Freeze (2002),0.5,3.448873281478882
rw0465589,The Opposite of Sex (1997),2.0,3.9302873611450195
rw5898452,Archive (2020),5.0,3.1841647624969482
rw3320860,Cooties (2014),4.0,2.888443946838379
rw0049412,Invaders from Mars (1953),4.0,3.1357035636901855
rw4371939,Jumanji: Welcome to the Jungle (2017),3.5,3.313432455062866
rw2538326,War Horse (2011),4.5,2.972097873687744
rw3243337,Final Destination (2000),2.0,3.364838123321533
rw2378548,The Boondock Saints II: All Saints Day (2009),3.5,4.800950050354004
rw5914093,Unsolved Mysteries (2020– ),1.5,3.534162759780884
rw0075677,Two Rode Together (1961),4.0,2.687588930130005
rw2319943,Song of Texas (1943),2.5,3.566847801208496
rw2947336,A Perfect Man (2013),1.5,3.1621146202087402
rw0107877,The Madwoman of Chaillot (1969),2.5,3.5858657360076904
rw5189319,In the Tall Grass (2019),0.5,3.1266303062438965
rw1040908,Godzilla 1985 (1985),5.0,3.2194793224334717
rw5781831,Flight (I) (2012),2.5,4.2144575119018555
rw5773403,Man of Steel (2013),5.0,3.7023613452911377
rw5241393,"Love, Life and Laughter (1923)",4.0,2.9826812744140625
rw3000032,Devil's Due (2014),5.0,3.469993829727173
rw4340468,Death Note (I) (2017),2.5,2.998885154724121
rw1494943,Freedomland (2006),2.5,3.124117136001587
rw5934540,Dil Bechara (2020),5.0,4.256939888000488
rw1427781,Pieces of April (2003),3.5,3.1530802249908447
rw1139304,What the #$*! Do We (K)now!? (2004),0.5,3.241339683532715
rw3206191,Alice in Wonderland (I) (2010),3.5,3.9953982830047607
rw2376329,American Beauty (1999),5.0,3.5057260990142822
rw3444078,Aliens vs. Predator: Requiem (2007),2.5,3.0468385219573975
rw3584258,Boxcar Bertha (1972),1.5,2.9906728267669678
rw2592118,Joey (1997),3.5,2.525057315826416
rw5003544,The Wrong Boy Next Door (2019 TV Movie),3.5,3.3757197856903076
rw3398216,Panic Button (2011),2.0,2.2114884853363037
rw2371561,Covert Affairs (2010–2014),3.0,4.137401103973389
rw3222197,State of Grace (1990),3.5,3.082805871963501
rw2131822,Valkyrie (2008),4.0,3.0529229640960693
rw6200934,House on Haunted Hill (1959),2.0,3.5235955715179443
rw6290812,Supernatural (2005–2020),5.0,3.5662782192230225
rw0750188,Baby Boy (2001),5.0,3.3754446506500244
rw4247822,Cloak & Dagger (2018–2019),3.0,3.913175344467163
rw3423832,Becoming Mike Nichols (2016),3.5,2.8442132472991943
rw2099834,Amos & Andrew (1993),4.0,3.397892475128174
rw2955062,Captain Phillips (2013),2.5,3.9539809226989746
rw1818058,Boot Hill (1969),1.5,4.185912609100342
rw1440468,Pulp Fiction (1994),5.0,4.425174236297607
rw0984100,The Phantom of the Opera (2004),5.0,2.6740682125091553
rw1435744,The War at Home (2005–2007),5.0,3.213926315307617
rw3365998,The Walking Dead (2010– ),0.5,3.6918773651123047
rw6088599,The Horseman on the Roof (1995),3.5,3.1231167316436768
rw5066233,Blood & Treasure (2019– ),3.5,3.519364356994629
rw4417181,Vada Chennai (2018),4.0,3.7636306285858154
rw4505508,Rudolph and Frosty's Christmas in July (1979 TV Movie),4.0,3.790452241897583
rw2855332,Blackfish (2013),4.5,3.498047351837158
rw0903994,Stuck on You (2003),4.0,3.4303646087646484
rw2779094,Curfew (1989),0.5,2.6050267219543457
rw2908362,Dracula (2013–2014),4.0,3.0749807357788086
rw4030188,Free Eats (1932),3.5,3.102640151977539
rw1529961,Borat: Cultural Learnings of America for Make Benefit Glorious Nation of Kazakhstan (2006),1.0,2.811349868774414
rw4554542,We'll Meet Again (2018– ),5.0,3.0569169521331787
rw2826685,The Parent Trap (1998),3.0,2.737342119216919
rw0078617,Moon Pilot (1962),5.0,2.645284414291382
rw1149101,Junebug (2005),3.5,3.098008155822754
rw1248309,King Kong (2005),3.5,3.0134122371673584
rw6436086,Once Upon a Main Street (2020 TV Movie),2.5,3.3405563831329346
rw3339847,The Oath (2010),3.5,3.027475595474243
rw3048753,Godzilla (I) (1998),1.5,2.7994091510772705
rw3309362,The Silence of the Lambs (1991),5.0,3.33126163482666
rw3259515,Madagascar 3: Europe's Most Wanted (2012),2.5,4.037230491638184
rw0856704,Revolution OS (2001),5.0,2.9457836151123047
rw5340268,Rangbaaz (2018– ),5.0,3.7866272926330566
rw4523838,StartUp (2016–2018),4.5,3.5594701766967773
rw0749224,The Piano Teacher (2001),4.0,3.8286256790161133
rw1169679,Sky High (2005),4.0,3.0515191555023193
rw3531225,The Thing (I) (2011),5.0,3.3249051570892334
rw1232361,Cinderella Man (2005),0.5,3.0550405979156494
rw1866128,Return to Zork (1993 Video Game),1.5,3.3731799125671387
rw5826347,Back to the Future (1985),4.5,3.6516993045806885
rw6320590,Andhaghaaram (2020),5.0,3.741806983947754
rw5231182,In the Shadow of the Moon (2019),2.5,2.7830395698547363
rw2598815,The Color of Money (1986),4.5,3.1097633838653564
rw3636612,In the Heat of the Night (1967),4.5,2.6828951835632324
rw5080383,Medium (2005–2011),4.0,3.5662782192230225
rw5759731,Inheritance (I) (2020),4.0,3.3787453174591064
rw2621884,Snow White and the Huntsman (2012),3.5,3.254565715789795
rw4499373,Intensive Care (II) (2018),2.0,2.7185864448547363
rw6210186,Blues Brothers 2000 (1998),1.0,3.230818033218384
rw3831423,American Gothic (2017),2.0,3.9302947521209717
rw2507051,My Babysitter's a Vampire (2011–2012),0.5,4.023991107940674
rw6130078,The Chosen (2017– ),5.0,3.6957459449768066
rw2944022,My Soul to Take (2010),1.5,2.7417495250701904
rw2764545,Oz the Great and Powerful (2013),5.0,2.867992639541626
rw2125697,Van Helsing (2004),2.5,3.999950647354126
rw4424381,Lucky (VI) (2016),4.0,3.523178815841675
rw6415394,Monster Hunter (I) (2020),3.5,3.149327039718628
rw3237596,Maggie (I) (2015),5.0,2.9691717624664307
rw2766979,The Last Exorcism 2 (2013),1.0,4.081847667694092
rw3611196,The OA (2016–2019),5.0,2.4449052810668945
rw2769269,Django Unchained (2012),1.0,3.824070692062378
rw6149835,Batman (1966–1968),3.5,3.84614634513855
rw1954021,Call of Duty 4: Modern Warfare (2007 Video Game),5.0,3.70206356048584
rw4577613,The Truth About Killer Robots (2018),3.5,2.988144874572754
rw6414591,Ready to Wear (1994),1.5,3.47836971282959
rw5183263,The Gulf (2019– ),4.5,3.610687494277954
rw2072070,Terminator Salvation (2009),4.0,3.154019594192505
rw6361963,Your Honor (II) (2020– ),5.0,3.008634090423584
rw2784056,The Trespassers (2012),4.0,3.5662782192230225
rw1692239,The Last Mimzy (2007),4.5,3.4499666690826416
rw6243673,The Slumber Party Massacre (1982),1.0,3.1224589347839355
rw1978462,Airplane! (1980),3.5,4.42417049407959
rw0685196,Unbreakable (2000),2.0,4.128113269805908
rw5030929,Kimi no na wa. (2016),2.0,3.1770265102386475
rw1024679,Tomb of the Werewolf (2004 Video),2.5,3.88893985748291
rw5440876,Escape (1940),3.5,3.2992568016052246
rw4262563,Leverage (2008–2012),4.5,4.866482734680176
rw1348984,Scary Movie 4 (2006),3.5,2.798797369003296
rw1419271,The Lake House (2006),1.5,3.245069742202759
rw0484674,Star Wars: Episode II - Attack of the Clones (2002),2.0,3.733534574508667
rw2667277,Brutal (II) (2012),5.0,3.0073516368865967
rw5584226,Kim (1950),4.0,3.4456369876861572
rw4997488,Montparnasse Bienvenüe (2017),4.0,2.7496557235717773
rw1282195,Strictly Ballroom (1992),5.0,2.8852105140686035
rw6311976,"Sacred Cow: The Nutritional, Environmental and Ethical Case for Better Meat (2020)",5.0,3.1198742389678955
rw2345590,The Judas Project (1990),3.5,3.166588544845581
rw1438881,Talladega Nights: The Ballad of Ricky Bobby (2006),4.0,3.375574827194214
rw3456373,Invasion from Inner Earth (1974),1.5,3.362055540084839
rw6334790,Estômago (2007),5.0,4.082096099853516
rw6272852,Chhalaang (2020),2.5,2.6297366619110107
rw1889552,Reality Bites (1994),5.0,3.0554590225219727
rw0568430,Trixie (2000),3.5,3.070533514022827
rw1194656,*batteries not included (1987),2.0,3.0358712673187256
rw2261857,And Then Came Lola (2009),0.5,4.009583473205566
rw5416915,Code M (2020– ),5.0,3.053058624267578
rw4982811,Spider-Man: Far from Home (2019),3.0,3.3122918605804443
rw2293702,American Psycho (2000),3.5,3.571861505508423
rw1286043,The Coroner (1999),0.5,2.3715391159057617
rw0398495,Twister (I) (1996),2.5,4.112168312072754
rw5711759,Into the Night (II) (2020– ),5.0,3.165909767150879
rw2621766,Bram Stoker's Dracula (1992),0.5,2.83817458152771
rw1703783,Yo (2007),4.0,3.8626396656036377
rw0122504,Everything You Always Wanted to Know About Sex * But Were Afraid to Ask (1972),3.0,3.22594952583313
rw4242491,Ant-Man and the Wasp (2018),4.5,2.870651960372925
rw6442332,Paurashpur (2020– ),5.0,3.5662782192230225
rw5446580,National Treasure (2004),3.0,3.7229034900665283
rw3296748,Alien Species (1996),4.0,4.15224027633667
rw4136010,Gun Shy (2017),1.0,3.092963457107544
rw5638087,The Final Conflict (1981),3.5,3.2631471157073975
rw5333867,STAR WARS：原力覺醒 (2015),0.5,3.049862861633301
rw5025456,Another Life (2019– ),5.0,2.767686367034912
rw0509007,The Matrix (1999),0.5,4.020014762878418
rw5799183,Ponmagal Vandhal (2020),5.0,3.285132646560669
rw0634130,Godzilla 2000 (1999),5.0,3.5736536979675293
rw0334449,Alma's Rainbow (1994),4.5,3.657569169998169
rw3282529,Night of the Wilding (1990 Video),3.5,3.7511041164398193
rw3667482,Beauty and the Beast (I) (2017),5.0,4.409590721130371
rw5264804,The Mandalorian (2019– ),4.5,4.100306987762451
rw2858178,Star Trek Into Darkness (2013),3.5,2.707125186920166
rw4203056,Frankie and Johnny (1966),2.0,4.339452266693115
rw3256542,Home (II) (2015),0.5,3.2553865909576416
rw5141355,About Last Night... (1986),4.0,3.1256208419799805
rw4925342,Rufus (2016 TV Short),4.0,2.5551278591156006
rw2682785,Chernobyl Diaries (2012),4.0,2.9883646965026855
rw5422615,Basket Case (1982),5.0,2.83882737159729
rw4904816,Domino (I) (2019),0.5,2.5785558223724365
rw1923674,La zona (2007),3.5,4.313294410705566
rw4800504,Shazam! (2019),5.0,3.4030230045318604
rw5842526,Mrs. Serial Killer (2020),5.0,3.920290231704712
rw6150473,Ali (2001),2.5,3.881411552429199
rw5877006,The Disaster Artist (2017),0.5,3.611330986022949
rw2215531,Fringe (2008–2013),1.0,3.927072525024414
rw2803572,Vertigo (1958),5.0,3.7038204669952393
rw3307135,Absolute Power (1997),2.5,2.922816276550293
rw4307225,Lad: A Yorkshire Story (2013),5.0,2.5693650245666504
rw5370166,Bridge of Spies (2015),4.0,2.3535420894622803
rw3756487,5150 (I) (2016),4.0,3.666118621826172
rw1417668,*batteries not included (1987),4.5,2.782313346862793
rw5595066,Straight Outta Compton (2015),4.0,3.0844902992248535
rw6022701,Tenet (2020),5.0,3.441509962081909
rw3584302,Into the Forest (2015),2.5,3.4296693801879883
rw0668842,Pokémon the Movie 2000 (1999),0.5,3.294196844100952
rw5935938,Dil Bechara (2020),5.0,4.184024333953857
rw3031992,Giant (1956),4.0,2.7280211448669434
rw1327089,Mortuary (I) (2005),4.0,3.1748666763305664
rw3404719,South Pacific (1958),3.0,3.0405571460723877
rw3346068,Fei lung mang jeung (1988),1.0,2.8771448135375977
rw5416119,Forbidden Cargo (1954),3.0,2.601297378540039
rw2621566,John Carter (2012),4.5,3.3162999153137207
rw4471186,Kojak: Fatal Flaw (1989 TV Movie),2.5,4.006441116333008
rw0835606,The Chronicles of Riddick (2004),4.0,2.855872869491577
rw2900291,Halloween III: Season of the Witch (1982),3.0,4.224859237670898
rw6429470,Wasted Talent (2018),1.0,3.70206356048584
rw5488241,Joker (2019),2.5,4.161487102508545
rw3485666,The Good Dinosaur (2015),1.0,3.4017369747161865
rw2175524,The Messengers (2007),1.0,2.9843640327453613
rw4017722,Life Boat (2017),4.5,3.3402159214019775
rw2064332,Superman III (1983),3.0,3.5424411296844482
rw5550914,Military Wives (2019),3.0,2.8974459171295166
rw5727941,Upload (2020– ),3.0,4.38786506652832
rw3269237,Night Falls on Manhattan (1996),5.0,2.9516797065734863
rw2409668,The Sea Hawk (1924),4.5,3.3780150413513184
rw2081968,Taking Chance (2009 TV Movie),0.5,2.9613821506500244
rw2745292,愛．慕 (2012),0.5,3.202422857284546
rw1466987,Pay It Forward (2000),5.0,4.05067253112793
rw0363106,La Haine (1995),5.0,4.039918422698975
rw4628844,Nightflyers (2018),1.0,2.828730344772339
rw3091871,Chronicle (2012),3.5,2.803786039352417
rw5533102,Impractical Jokers: The Movie (2020),3.5,3.741379737854004
rw3706054,Alien: Covenant (2017),3.5,2.730700731277466
rw2940605,Avatar (2009),1.0,3.574374198913574
rw3490928,The Island (2005),3.5,2.9420132637023926
rw4385171,Seven Samurai (1954),4.0,3.8559772968292236
rw2328422,Stone (2010),5.0,3.7055253982543945
rw1424690,Sole Survivor (1984),2.5,2.9580986499786377
rw5336091,獵魔士 (2019– ),5.0,4.040031433105469
rw1712329,Pet Sematary II (1992),3.5,3.361262559890747
rw4728735,After Life (2019– ),5.0,2.287553548812866
rw0773694,Finding Nemo (2003),5.0,2.9142913818359375
rw2802932,Crash (1996),1.0,3.605149984359741
rw5747335,Dead to Me (2019– ),3.5,3.310528516769409
rw4568623,Holiday High School Reunion (2012 TV Movie),3.0,4.037168502807617
rw3598020,Serenity (2005),3.0,3.5856988430023193
rw4174621,OK Kanmani (2015),3.0,2.933953046798706
rw3434043,Steamboat Willie (1928),4.0,3.3638980388641357
rw4409616,Apostle (2018),1.5,3.1546826362609863
rw1598916,歌劇魅影 (2004),0.5,3.447387933731079
rw1278720,Nanny McPhee (2005),5.0,3.6138899326324463
rw6079447,Mulan (2020),1.5,2.577557325363159
rw2460812,Hall Pass (2011),0.5,3.035865306854248
rw2786711,Invasion of the Body Snatchers (1978),4.0,3.4376540184020996
rw5478913,Game Night (I) (2018),3.0,3.292505979537964
rw4457148,Rush (I) (2013),5.0,2.8568663597106934
rw3363623,A Long Way Down (2014),4.5,2.9810402393341064
rw2034105,Watchmen (2009),0.5,4.122389793395996
rw3670619,Eye for an Eye (1996),0.5,3.2726900577545166
rw4537914,The Shallows (2016),3.0,2.6962172985076904
rw0056700,The Trouble with Harry (1955),5.0,3.7860941886901855
rw3533594,No Touching at All (2014),5.0,3.1719934940338135
rw0672080,Amélie (2001),5.0,3.4522922039031982
rw4478825,Medias Res (2017),4.0,3.358959913253784
rw6130346,A Patch of Fog (2015),4.5,3.5289862155914307
rw0459208,The Lord of the Rings: The Fellowship of the Ring (2001),4.5,3.1339714527130127
rw2802198,Furious 6 (2013),5.0,3.108360528945923
rw4157707,Vanilla Sky (2001),3.5,3.422215700149536
rw1444133,The Lord of the Rings: The Return of the King (2003),4.5,3.5686352252960205
rw1978242,Tunes of Glory (1960),4.0,3.2216014862060547
rw0894098,Troy (2004),1.5,3.8535101413726807
rw3731382,Slap Happy Pappy (1940),3.5,3.788496732711792
rw5517701,Thappad (I) (2020),4.5,3.1839866638183594
rw1804238,Cloverfield (2008),4.5,2.253391981124878
rw2752539,Blue Bloods (2010– ),4.0,3.7002599239349365
rw2437089,Red River (2011),1.5,2.6802303791046143
rw5549674,Spenser Confidential (2020),5.0,2.5000174045562744
rw3270154,Terminator Genisys (2015),4.5,3.2802093029022217
rw6123701,Hereditary (2018),2.5,1.7094078063964844
rw1891083,Prom Night (I) (2008),0.5,3.1473758220672607
rw4244701,Brad's Status (2017),5.0,2.9832427501678467
rw2096648,Harry Potter and the Half-Blood Prince (2009),5.0,2.8554935455322266
rw3452289,End of the World (1977),3.0,3.145735740661621
rw3790406,Checkmate (I) (2015),0.5,2.8191397190093994
rw1299646,Dark Days (2000),5.0,3.472090244293213
rw5430848,Jojo Rabbit (2019),4.5,3.4511263370513916
rw5018200,Another Life (2019– ),4.0,2.2842869758605957
rw4485810,Iron Jawed Angels (2004 TV Movie),1.0,3.1942107677459717
rw4824216,Dark by Noon (2013),0.5,2.7624471187591553
rw4216244,Total Siyapaa (2014),2.5,3.134766101837158
rw2707841,7 Seconds (2005 Video),0.5,2.9929795265197754
rw3098222,Rollerball (1975),5.0,2.9100964069366455
rw5932841,Dil Bechara (2020),5.0,4.256939888000488
rw0302630,92 Legendary La Rose Noire (1992),5.0,3.918667793273926
rw5654607,"Marines, Let's Go (1961)",3.5,4.855856418609619
rw5280067,The Hunt for Red October (1990),4.0,3.6811068058013916
rw3139764,Bitten (2014–2016),4.5,3.70206356048584
rw5061789,White Palace (1990),5.0,3.740964412689209
rw4158418,The Fighter (I) (2010),5.0,3.033653974533081
rw3510302,Wild Tales (2014),4.5,2.8725006580352783
rw5181671,Fixerr (2019– ),5.0,2.97155499458313
rw2368925,The Last Exorcism (2010),2.5,3.932222366333008
rw5417036,Code M (2020– ),5.0,3.081231117248535
rw4462725,Bohemian Rhapsody (2018),5.0,4.8851237297058105
rw1371473,Thank You for Smoking (2005),4.0,2.845942258834839
rw1139993,Stealth (2005),0.5,5.0
rw5196768,Fractured (I) (2019),2.5,2.9648406505584717
rw3780442,Pandora (2016),5.0,3.965878486633301
rw5052561,The Imitation Game (2014),2.0,3.7677791118621826
rw5422075,Doctor Who (2005– ),0.5,2.476109027862549
rw4661893,Rip Tide (2017),1.0,3.499098539352417
rw6167682,Spontaneous (II) (2020),3.5,3.669234037399292
rw3747339,Svarta Madam (2017),3.0,2.733983278274536
rw5787201,Mrs. Serial Killer (2020),5.0,3.920290231704712
rw2882620,Warm Bodies (2013),3.5,2.6769208908081055
rw0708514,The Tailor of Panama (2001),0.5,3.8249318599700928
rw1857094,Valley Girl (1983),5.0,2.4911088943481445
rw1084392,Star Wars: Episode III - Revenge of the Sith (2005),4.0,3.6774728298187256
rw3217804,Panic Room (2002),4.5,2.5613365173339844
rw5586621,Uncorked (I) (2020),0.5,2.7479426860809326
rw3306508,San Andreas (2015),1.0,2.086237668991089
rw6355969,Terminator Salvation (2009),3.0,3.6288483142852783
rw4969344,Point Blank (1967),0.5,3.502596378326416
rw1385720,Breakfast on Pluto (2005),4.5,3.181797981262207
rw4849592,The Meyerowitz Stories (2017),2.0,4.091859817504883
rw3740547,Alien: Covenant (2017),4.5,2.730700731277466
rw4411379,Train to Busan (2016),4.0,3.3454790115356445
rw1811324,The Lord of the Rings: The Fellowship of the Ring (2001),4.5,3.1339714527130127
rw1540355,Dead Man's Curve (1998),3.0,3.663180112838745
rw4989851,Love Island (2015– ),0.5,3.820465564727783
rw0870452,Spider-Man 2 (2004),5.0,3.889864206314087
rw1238169,Final Fantasy VII (1997 Video Game),5.0,2.8482277393341064
rw4457800,Smoke (2018–2019),4.0,3.1188266277313232
rw1199984,North Country (2005),3.0,3.193164110183716
rw1991661,Dragon Wars: D-War (2007),0.5,3.223640203475952
rw1878389,The Raven (1963),3.5,2.72006893157959
rw1253551,Escape Under Pressure (2000),3.0,2.9440295696258545
rw4294515,Mission: Impossible - Fallout (2018),1.0,4.0810675621032715
rw5976183,Upgrade (2018),4.5,3.162733554840088
rw1543828,The Devil Wears Prada (2006),3.0,3.2712528705596924
rw2061942,X-Men Origins: Wolverine (2009),4.0,2.8482279777526855
rw3169317,魔法黑森林 (2014),3.5,3.283068895339966
rw2327679,Graffiti meissä (2006 Video),3.5,3.6341588497161865
rw6434378,The Tale of The Princess Kaguya (2013),3.5,3.810710906982422
rw3104328,The Lion King (1994),5.0,3.7349066734313965
rw0187820,Neighbors (1981),5.0,3.522250175476074
rw0003574,Battleship Potemkin (1925),4.5,3.1086747646331787
rw4920564,Steve Martin and Martin Short: An Evening You Will Forget for the Rest of Your Life (2018 TV Special),4.0,3.4664769172668457
rw4713091,Captain Marvel (2019),4.5,3.4782962799072266
rw2528985,Saw (2009 Video Game),3.5,3.5273895263671875
rw1925019,The Dark Knight (2008),5.0,3.7652313709259033
rw2416886,Buried (2010),5.0,3.0514426231384277
rw1033395,A Home at the End of the World (2004),5.0,3.785737991333008
rw5856707,Eurovision Song Contest: The Story of Fire Saga (2020),3.0,2.898622751235962
rw2375619,Casino (1995),4.0,3.0833022594451904
rw4130717,The Shape of Water (2017),1.5,3.8381154537200928
rw5103114,Strange But True (2019),5.0,3.1884429454803467
rw4301693,Ocean's Eight (2018),0.5,2.476299285888672
rw0378428,Beautiful Thing (1996),5.0,3.7065632343292236
rw0052666,Rear Window (1954),5.0,3.5555379390716553
rw4325602,Office Uprising (2018),0.5,3.2052321434020996
rw4780237,Too Late to Die Young (2018),4.0,2.6149227619171143
rw0635474,Shadow of the Vampire (2000),3.5,3.791163921356201
rw4421896,Shaun of the Dead (2004),3.0,4.035781383514404
rw2292669,Mrs. Miniver (1942),4.5,3.0313398838043213
rw1207452,Lumber Jerks (1955),1.5,3.62412428855896
rw0994754,EuroTrip (2004),3.0,3.495708703994751
rw0467357,Practical Magic (1998),2.0,3.1958656311035156
rw0874341,Big Fish (2003),1.5,3.0251505374908447
rw6091179,The Social Dilemma (2020),0.5,3.865097999572754
rw5651215,Beastars (2019– ),4.5,3.4396984577178955
rw0081201,Dr. Strangelove or: How I Learned to Stop Worrying and Love the Bomb (1964),5.0,2.5345821380615234
rw1907693,Confessions from the David Galaxy Affair (1979),0.5,3.4107279777526855
rw5356690,CATS貓 (2019),4.0,3.0821077823638916
rw6116669,The Boys (2019– ),5.0,3.511988401412964
rw5334303,Gotti (2018),0.5,3.538662910461426
rw5778311,Piranhas (2019),2.0,3.1322247982025146
rw6344652,American Murder: The Family Next Door (2020),4.0,3.1815550327301025
rw1708661,The Aryan Couple (2004),5.0,3.4044406414031982
rw5473182,The Kingdom (2007),3.0,2.542836904525757
rw4890232,Brendan Schaub: You'd Be Surprised (2019 TV Special),0.5,2.6129860877990723
rw5813819,Jack the Giant Slayer (2013),3.5,3.7189791202545166
rw5580036,Girls with Balls (2018),2.5,3.7522807121276855
rw4345024,Incident in a Ghostland (2018),0.5,3.734804391860962
rw2672276,Premium Rush (2012),3.5,3.10703182220459
rw4960531,Flood (2007),0.5,3.3313117027282715
rw5757643,Anne with an E (2017–2019),5.0,3.9756863117218018
rw2393677,Showgirls (1995),3.0,3.8158223628997803
rw1034932,Timeline (2003),4.0,2.5035037994384766
rw1978803,The Life and Times of Judge Roy Bean (1972),5.0,3.215630054473877
rw1428866,B.T.K. Killer (2005 Video),1.0,2.6527044773101807
rw1975795,Saw V (2008),5.0,3.064497470855713
rw2728677,Mammas pojkar (2012),2.5,3.2020680904388428
rw2740453,Pearlie (2008–2011),4.0,3.1190927028656006
rw4948757,"Asylum, the Lost Footage (2013)",3.5,2.8190479278564453
rw2973226,Run (1991),4.5,2.7891619205474854
rw2120375,Creator (1985),5.0,2.3798580169677734
rw0893979,Troy (2004),5.0,3.0418097972869873
rw2702426,The Brain from Planet Arous (1957),1.5,3.600613832473755
rw3125219,La révolution française (1989),4.0,3.4218943119049072
rw3277853,Ascension (2014),0.5,2.1156933307647705
rw3701837,Handsome: A Netflix Mystery Movie (2017),3.0,3.603477954864502
rw3522068,Super Size Me (2004),2.0,4.112101078033447
rw1903381,The Thing with Two Heads (1972),3.5,2.7430455684661865
rw2113356,The Boondocks (2005–2014),5.0,2.8418891429901123
rw4502248,Thor (2011),2.0,2.2332663536071777
rw0648125,Noll tolerans (1999),3.0,3.827566623687744
rw4770563,Shazam! (2019),4.5,3.2899022102355957
rw4525297,Second Act (2018),3.0,2.7917234897613525
rw5668093,Community (2009–2015),4.5,4.121276378631592
rw1789605,Aliens vs. Predator: Requiem (2007),4.0,3.0468385219573975
rw4216753,Craig of the Creek (2018– ),5.0,4.751644134521484
rw3549685,Solaris (1972),3.5,2.895314931869507
rw6021231,A Little Chaos (2014),4.5,3.5621466636657715
rw2248945,Hellbinders (2009),4.5,2.4246957302093506
rw6336255,Hillbilly Elegy (2020),3.5,3.3858208656311035
rw0229561,Aliens (1986),4.5,3.116910219192505
rw0671353,Vengo (2000),3.5,2.872253656387329
rw0515616,The Talented Mr. Ripley (1999),0.5,3.084820508956909
rw3857578,Disjointed (2017–2018),4.0,2.998962879180908
rw5245431,And Then We Danced (2019),5.0,2.95037841796875
rw3022620,Leaving Home (2013),1.5,4.107639312744141
rw4811303,Fury (2014),3.5,2.9590654373168945
rw5432311,Tokyo Tribe (2014),4.5,3.543112277984619
rw0392518,Palookaville (1995),4.5,3.3638575077056885
rw6272755,The To Do List (2013),4.5,3.281181573867798
rw3516310,Heart of Glass (1976),2.0,3.763592004776001
rw1858250,La sconosciuta (2006),5.0,3.940861940383911
rw5389744,Groupers (2019),4.5,3.6506481170654297
rw5365361,Lucy in the Sky (2019),3.5,3.94707989692688
rw1708476,Sin sostén (1998),4.0,3.344147205352783
rw3253663,She's Funny That Way (2014),4.0,4.3886823654174805
rw2859773,The Amazing Spider-Man (2012),0.5,2.298187494277954
rw2015534,Shredded (2000 Video),3.0,2.3325376510620117
rw4311582,The Boss (2016),5.0,4.620753288269043
rw1832972,The Warlords (2007),4.5,3.3995492458343506
rw3772972,The Dark Tower (2017),4.5,3.221287488937378
rw4637021,Hunter Killer (2018),3.5,2.704164743423462
rw1037783,Once Upon a Time in the West (1968),5.0,2.6932528018951416
rw4905049,Gremlins (1984),3.5,3.19582200050354
rw4738075,Guest in the House (1944),4.0,2.6733813285827637
rw0441915,American History X (1998),5.0,3.5750181674957275
rw0676604,Hannibal (2001),4.5,3.763871908187866
rw3315865,Huevos: Little Rooster's Egg-cellent Adventure (2015),2.0,3.4245896339416504
rw3741149,Damaged (2014 TV Movie),1.0,3.822558641433716
rw4370991,The Godfather (1972),5.0,3.83776593208313
rw6158451,Dead Still (2020– ),4.5,3.3994245529174805
rw3828725,The Dark Tower (2017),3.5,3.549182415008545
rw5124915,The Frightened Man (1952),3.5,4.937999725341797
rw5770639,Dilwale (2015),5.0,2.4528653621673584
rw2890837,Ninja Death (1987),4.5,3.70206356048584
rw5610585,Kill Bill: Vol. 1 (2003),2.0,3.325188398361206
rw2791466,Argo (2012),5.0,3.2008845806121826
rw0481674,Star Wars: Episode I - The Phantom Menace (1999),5.0,2.8589680194854736
rw2027931,Lost (2004–2010),5.0,2.898982048034668
rw1689917,The Butterfly Effect (2004),3.0,3.3348548412323
rw5574251,Masameer the Movie (2020),0.5,3.7235472202301025
rw2586653,Wuthering Heights (2011),0.5,3.2219932079315186
rw4463384,Seema Raja (2018),2.0,3.1961731910705566
rw3812466,Victoria & Abdul (2017),4.5,3.382341146469116
rw0387478,Independence Day (1996),3.5,4.035020351409912
rw4525466,Titan A.E. (2000),3.0,3.8324027061462402
rw6038140,Memento (2000),5.0,3.7087795734405518
rw4577673,A Perfect World (1993),3.5,2.6877481937408447
rw0192583,E.T. the Extra-Terrestrial (1982),4.5,4.173187732696533
rw2952975,Aashiqui 2 (2013),3.0,3.035759687423706
rw2359939,Elle s'appelait Sarah (2010),4.0,2.6403770446777344
rw2505399,Red State (2011),5.0,3.179762840270996
rw1119632,À la folie... pas du tout (2002),2.0,3.6111953258514404
rw5913350,Mafia (2020– ),2.0,2.5841338634490967
rw5301289,Bad Day for the Cut (2017),3.5,2.894033193588257
rw2106548,Come and See (1985),5.0,3.53149151802063
rw3732777,Bank Chor (2017),3.5,2.7029881477355957
rw4659881,Escape Room (I) (2019),3.5,3.748736619949341
rw1134766,A Very Long Engagement (2004),4.0,3.4964840412139893
rw3315910,Tenacious D in the Pick of Destiny (2006),4.0,2.3448827266693115
rw2441687,The Long and Short of It (2003),3.5,4.388092517852783
rw4345983,Disenchantment (2018– ),2.0,3.2539074420928955
rw1223115,Walk the Line (2005),3.5,3.117175817489624
rw4325414,Penguins of Madagascar (2014),2.0,3.630678415298462
rw5757711,The Last Kingdom (2015– ),5.0,2.9766905307769775
rw0268313,Cyborg (1989),1.5,3.5433108806610107
rw4484651,Shadow of a Doubt (1943),4.5,3.3171632289886475
rw6383053,Titanic (1997),5.0,3.357673168182373
rw4366882,Little Women (2018),4.5,3.2551023960113525
rw0527047,Message in a Bottle (1999),4.0,3.0634002685546875
rw3452641,Eddie the Eagle (2015),5.0,4.730165004730225
rw5415141,Instinct (2018–2019),4.5,2.8716397285461426
rw0778197,Adaptation. (2002),5.0,4.291460037231445
rw4403137,A Star Is Born (2018),4.0,2.8771450519561768
rw4843837,John Wick: Chapter 2 (2017),4.0,3.616145133972168
rw4559609,The First (2018),4.0,3.1917307376861572
rw1835020,Swing Kids (1993),4.0,3.4199588298797607
rw2218867,Confession (I) (2005),5.0,3.6329801082611084
rw4843500,Fleabag (2016–2019),5.0,3.628095865249634
rw5842584,You Should Have Left (2020),2.5,2.7935938835144043
rw5956124,Shakuntala Devi (2020),0.5,3.279031276702881
rw1505565,Troll 2 (1990),0.5,3.841545581817627
rw6002369,2010: Moby Dick (2010 Video),0.5,4.363348960876465
rw1466744,Two Bits (1995),4.0,4.725683212280273
rw1672640,United 93 (2006),0.5,3.0834474563598633
rw4211998,Hannah Gadsby: Nanette (2018 TV Special),5.0,3.5544488430023193
rw2198570,阿凡達 (2009),2.5,3.2223432064056396
rw1912722,The Dark Knight (2008),5.0,3.7652313709259033
rw4231616,The Odyssey (1997),3.0,2.4460513591766357
rw3771429,Toxic Shark (2017 TV Movie),4.5,3.0132076740264893
rw2872204,Hendrix on Hendrix (2013),5.0,3.6066718101501465
rw3637948,David Brent: Life on the Road (2016),2.5,3.164013385772705
rw1847200,The Flirt (1917),3.0,5.0
rw3739165,Nobody Speak: Trials of the Free Press (2017),4.0,3.367055654525757
rw3189939,Monkey Shines (1988),3.0,2.7325844764709473
rw0441317,Celebrity (1998),3.5,3.7708637714385986
rw1805467,Sakuran (2006),4.0,3.4010541439056396
rw3604980,How Sarah Got Her Wings (2015),3.5,3.103516101837158
rw3673139,Bokeh (I) (2017),3.0,3.00543212890625
rw5173479,Kuzgun (2019),5.0,3.357901096343994
rw4515618,Insidious (I) (2010),3.0,3.3728458881378174
rw2066624,Beehive (2008– ),3.0,3.6066718101501465
rw0572770,City of Ghosts (2002),4.0,3.1226720809936523
rw4974728,Bob Lazar: Area 51 & Flying Saucers (2018),4.0,3.109832286834717
rw3083177,Mr. Majestyk (1974),3.5,4.066127300262451
rw5623947,Intersection (1994),3.5,3.0777711868286133
rw0552492,The Thomas Crown Affair (1999),3.5,2.8446645736694336
rw0995553,Shogun (1980),5.0,3.9398610591888428
rw0969603,Being Julia (2004),4.5,3.0646321773529053
rw2624983,Paranoid Activity 2 (2011),4.0,3.534162759780884
rw3783673,NOTFILM (2015),0.5,3.40397047996521
rw2808738,Star Trek Into Darkness (2013),4.0,3.1431686878204346
rw0116085,Diamonds Are Forever (1971),4.0,2.6879758834838867
rw5070157,The Staircase (2004–2018),0.5,3.492964744567871
rw4489109,2.0 (2018),0.5,3.3944571018218994
rw3489642,Warcraft (2016),5.0,2.542442560195923
rw4280981,Flight (I) (2012),5.0,3.601588249206543
rw3309101,The Lazarus Effect (2015),3.5,3.8816840648651123
rw5522338,Mr Inbetween (2018– ),4.5,2.3443336486816406
rw3270119,Terminator Genisys (2015),4.0,3.2448573112487793
rw3692065,Dead & Buried (1981),3.5,3.2206504344940186
rw0343304,Major Payne (1995),3.0,3.1818392276763916
rw4835582,Ballon (2018),4.0,3.317225217819214
rw3766398,Lionhearted (2012),4.0,2.9562649726867676
rw5490870,Starship Troopers (1997),3.5,3.192574977874756
rw1597792,無間道 (2002),4.5,3.101234197616577
rw3046697,The Adventures of Sherlock Holmes (1939),5.0,4.389845848083496
rw1212453,Gettin' Square (2003),4.5,3.107226610183716
rw2080268,Hilda Crane (1956),2.5,2.822138786315918
rw1043672,The Jacket (2005),1.5,2.7699239253997803
rw1550410,Rocky Balboa (2006),3.5,4.246432304382324
rw3522302,Il padre di famiglia (1967),2.5,4.603557586669922
rw0776083,Spy Game (2001),4.0,2.732603073120117
rw0065205,The Old Man and the Sea (1958),4.5,3.1198081970214844
rw3628450,Underworld: Blood Wars (2016),4.0,3.4445078372955322
rw5237128,Ride with the Devil (I) (1999),4.5,3.4417810440063477
rw1944980,Hell Ride (2008),1.0,3.3292691707611084
rw4362930,The Predator (2018),0.5,2.903891086578369
rw5514901,Thappad (I) (2020),5.0,3.021674633026123
rw5855080,No Escape (I) (2015),3.5,3.773144006729126
rw5283073,Diary of a Wimpy Kid: The Long Haul (2017),0.5,4.375887870788574
rw0473959,The Thin Red Line (1998),5.0,3.1933467388153076
rw3702941,Wasp (2015),3.0,3.296590805053711
rw1407675,Superman Returns (2006),1.5,3.2731223106384277
rw5413505,La rivolta degli schiavi (1960),3.5,3.566092014312744
rw0563569,The Story of Us (1999),4.5,3.9133615493774414
rw3050869,Falang: Behind Bangkok's Smile (2005),4.0,2.881455659866333
rw5256554,Disaster Movie (2008),0.5,3.43998122215271
rw5960659,Avengers: Endgame (2019),5.0,4.081700325012207
rw5931203,Dil Bechara (2020),5.0,4.408793926239014
rw3212495,The Umbrellas of Cherbourg (1964),3.0,3.428816556930542
rw6198383,Inside (I) (2016),0.5,3.73922061920166
rw2857515,Madras Cafe (2013),5.0,2.4670372009277344
rw6251238,Continuum (I) (2012–2015),0.5,3.290701150894165
rw5356468,CATS貓 (2019),0.5,3.6234447956085205
rw6095958,Away (2020),1.5,2.9378840923309326
rw2947673,Art School Confidential (2006),3.5,3.0516233444213867
rw3725799,Alien: Covenant (2017),2.5,3.471433401107788
rw3714584,Blame! (2017),4.0,3.0316147804260254
rw3591876,The Hound of the Baskervilles (1959),3.5,3.9397664070129395
rw3828084,Blade Runner 2049 (2017),1.0,3.9769670963287354
rw5180071,Amy Schumer: The Leather Special (2017 TV Special),0.5,3.3804709911346436
rw5665252,Chappaquiddick (2017),3.0,3.874459981918335
rw3846590,Hocus Pocus (1993),5.0,3.604419231414795
rw5810287,Entourage (2015),4.5,3.0693583488464355
rw5059276,El Hijo (2019),0.5,3.2443206310272217
rw0236448,Platoon (1986),3.5,2.4816179275512695
rw2855240,King Priam (1985 TV Movie),5.0,4.357657432556152
rw0774585,Kill Bill: Vol. 1 (2003),5.0,3.2242960929870605
rw0406470,Beverly Hills Ninja (1997),5.0,3.436875581741333
rw4705933,King Arthur: Legend of the Sword (2017),3.0,2.8791186809539795
rw1650883,Boxcar Bertha (1972),3.5,3.23962140083313
rw4453400,Salomé (1922),5.0,3.483797073364258
rw4217643,Won't You Be My Neighbor? (2018),5.0,2.408505439758301
rw5526284,Two Weeks Notice (2002),5.0,3.7241783142089844
rw5161197,Ratsasan (2018),5.0,3.8890271186828613
rw5718107,The Lady Vanishes (1938),4.0,4.717774391174316
rw2069589,Batman Tech (2008 TV Short),4.0,3.0818355083465576
rw1265026,Brokeback Mountain (2005),5.0,3.2428197860717773
rw4380149,Venom (2018),4.0,3.3578379154205322
rw0983334,Armageddon (1998),2.5,2.723613977432251
rw6344023,Ashes of Love (2018),5.0,2.8066251277923584
rw2691088,The Ghost and Mrs. Muir (1947),3.5,2.7294349670410156
rw4328516,Seven Psychopaths (2012),3.0,3.1888487339019775
rw6237432,Taish (2020),5.0,3.206707715988159
rw5607717,Apharan (2018– ),4.5,3.049527406692505
rw4861972,Deux gouttes d'eau (2018 TV Movie),3.5,3.1616291999816895
rw3400152,The Trap (1946),3.0,2.0609419345855713
rw0225880,The Return of the Living Dead (1985),5.0,3.7668824195861816
rw0553880,Wishmaster 2: Evil Never Dies (1999 Video),4.0,3.1884775161743164
rw2222673,Warner at War (2008 TV Movie),4.0,2.9822475910186768
rw0496327,Shrek (2001),4.5,3.8009448051452637
rw1671591,Knocked Up (2007),5.0,3.7131755352020264
rw3482286,Warcraft (2016),3.5,2.542442560195923
rw3181213,Birdman or (The Unexpected Virtue of Ignorance) (2014),4.0,4.148696422576904
rw4409950,Next Gen (I) (2018),5.0,3.11936616897583
rw3114363,Ave Maria (1953),3.0,4.043081760406494
rw0583812,The Lord of the Rings: The Return of the King (2003),5.0,3.5686352252960205
rw4902446,Captive State (2019),1.0,2.9319469928741455
rw3630106,T2 Trainspotting (2017),4.0,3.6106927394866943
rw6177161,Hereditary (2018),1.0,2.325976848602295
rw5660611,Dark City (1998),5.0,2.8328216075897217
rw4863857,The Equalizer 2 (2018),5.0,2.8860361576080322
rw4810554,Braveheart (1995),5.0,3.3725461959838867
rw6455849,Dave Made a Maze (2017),2.5,3.5211522579193115
rw1469237,V for Vendetta (2005),5.0,3.4729316234588623
rw3736049,Dances with Wolves (1990),4.0,2.715228796005249
rw5817260,Gulabo Sitabo (2020),4.5,3.3227992057800293
rw3307215,X-Men: Days of Future Past (2014),2.5,2.8490891456604004
rw1362376,The Wedding Date (2005),3.0,3.3100497722625732
rw1201142,Second to Die (2002),4.0,2.4139769077301025
rw2974628,Stranger by the Lake (2013),3.0,3.6356236934661865
rw6196900,The Witches (2020),5.0,3.061406373977661
rw3023699,Lawrence of Arabia (1962),3.5,3.678300380706787
rw4944322,Plus One (I) (2019),0.5,3.5168769359588623
rw0976796,The Red Badge of Courage (1951),5.0,3.408214807510376
rw1498010,The Last King of Scotland (2006),3.5,3.3239452838897705
rw0253541,Above the Law (1988),2.0,3.494053602218628
rw3148885,怪獸大學 (2013),3.5,3.82558274269104
rw5032302,Serenity (2019),0.5,3.9811513423919678
rw4307667,Wet Hot American Summer (2001),5.0,3.546907663345337
rw0987074,The Phantom of the Opera (2004),4.0,3.0593421459198
rw1109456,The Killer Eye (1999),4.5,2.56292462348938
rw2931730,The Cheap Detective (1978),0.5,3.156991720199585
rw4312435,Skyscraper (2018),5.0,3.1877589225769043
rw1591359,Music and Lyrics (2007),2.0,3.570312261581421
rw4025911,Hostiles (2017),3.5,2.900385856628418
rw1829145,Eagle vs Shark (2007),5.0,3.455735445022583
rw5019938,Batman: Hush (2019 Video),3.0,3.6925132274627686
rw5415620,DuckTales (1987–1990),4.5,3.1491153240203857
rw0410522,Clockwatchers (1997),4.5,2.833627939224243
rw6073958,The Barge People (2018),5.0,2.9044578075408936
rw2154654,Twins of Evil (1971),4.0,3.3542628288269043
rw3193082,Running on Empty (1988),1.5,2.3416171073913574
rw4398259,Arctic (2018),4.0,3.9004528522491455
rw1534287,Don (I) (2006),5.0,3.555631160736084
rw0891863,The Card Player (2004),2.0,3.3147644996643066
rw5418919,A Fall from Grace (2020),5.0,2.927544116973877
rw0635247,Night Crawlers (1996 Video),0.5,3.70093035697937
rw2145384,The Crystal Maze (1990–2020),4.5,3.6066718101501465
rw1844443,Final Equinox (1995),4.5,3.8316705226898193
rw2436738,Daltry Calhoun (2005),0.5,3.842174530029297
rw6447314,Girl with a Pearl Earring (2003),4.5,4.060974597930908
rw3628125,The Night Of (2016),4.5,2.7942285537719727
rw5851702,The Clock (1945),4.0,3.8045105934143066
rw4853010,Riverdale (2017– ),0.5,3.3982813358306885
rw4443248,Sarkar (2018),0.5,2.539949655532837
rw3745108,Scream (1996),5.0,3.740800142288208
rw6090041,American Psycho (2000),4.0,3.7480928897857666
rw4235382,Star Wars: Episode VIII - The Last Jedi (2017),2.0,3.4998624324798584
rw4435187,Wanderlust (2018– ),3.0,3.6675825119018555
rw4433525,Christmas List (2016 TV Movie),1.0,4.451605796813965
rw5922503,Toni Erdmann (2016),4.5,3.7605597972869873
rw1354423,Dreamer (2005),5.0,3.771470546722412
rw5085506,Game Over (I) (2019),4.5,1.957348108291626
rw0581578,Detour (1998 Video),4.0,3.100480794906616
rw6076329,I'm Thinking of Ending Things (2020),0.5,2.2300190925598145
rw4190408,Back Door to Hell (1964),3.0,3.5097033977508545
rw0665930,Memento (2000),5.0,3.862823009490967
rw3831664,Too Late the Hero (1970),3.5,3.2717809677124023
rw6133413,Free Dance (2018),4.0,2.7106497287750244
rw4459530,Can't Complain (2007),5.0,3.239975929260254
rw5264835,The Mandalorian (2019– ),5.0,3.8702080249786377
rw1276735,Tristram Shandy: A Cock and Bull Story (2005),1.5,3.8022046089172363
rw5044357,Girls (2012–2017),0.5,3.5190117359161377
rw4966026,It's Kind of a Funny Story (2010),0.5,3.69511342048645
rw2630891,Rock of Ages (2012),4.5,2.9026567935943604
rw3527893,Mad Max 2: The Road Warrior (1981),4.0,3.1641275882720947
rw4211726,Firestorm (1998),1.0,3.4372551441192627
rw1876930,Babel (I) (2006),4.0,3.6290628910064697
rw5051598,Memoirs of a Geisha (2005),5.0,3.162510871887207
rw5941933,Vikingane (2016– ),5.0,3.762180805206299
rw1110097,Batman Begins (2005),4.5,3.2083775997161865
rw4788641,Nosso Lar (2010),2.5,2.67217755317688
rw5889750,Pulp Fiction (1994),4.5,4.289668083190918
rw1696938,The Killing (1956),5.0,3.38732647895813
rw2066498,Star Trek (2009),2.0,3.0490682125091553
rw0984518,Timeline (2003),0.5,3.1459343433380127
rw3127442,Interstellar (2014),5.0,4.419760227203369
rw3550931,Swiss Army Man (2016),4.0,3.9628047943115234
rw2970914,Mom (2013– ),4.5,2.4481265544891357
rw0468504,Resident Evil (2002),5.0,3.723952054977417
rw2489400,Up (2009),4.0,4.076718807220459
rw2752446,"The Bride's Bereavement; or, The Snake in the Grass (1932)",1.0,3.5662782192230225
rw0294586,The Hard Way (1991),3.5,2.487933397293091
rw1292903,Solaris (2002),0.5,3.0057597160339355
rw1704642,Dead Silence (2007),1.0,3.4397614002227783
rw5091263,X-Men: Dark Phoenix (2019),0.5,3.9234066009521484
rw0909140,"I, Robot (2004)",2.5,3.2077584266662598
rw1698774,I Now Pronounce You Chuck & Larry (2007),2.0,3.011307954788208
rw6376705,Tenet (2020),4.0,2.923600435256958
rw3674986,Ek Tha Tiger (2012),4.5,3.2316935062408447
rw2875074,The Last Push (2012),5.0,4.051229000091553
rw5498783,Despicable Me (2010),4.0,3.3489418029785156
rw4058654,Peter Rabbit (2018),4.0,4.138205051422119
rw6182478,The Poughkeepsie Tapes (2007),1.5,3.1400845050811768
rw5347364,寄生上流 (2019),5.0,3.2740893363952637
rw3800106,A Return to Salem's Lot (1987),2.5,3.2574265003204346
rw1277897,Cry Wolf (2005),0.5,3.0567779541015625
rw2001968,Golgo 13 (2008–2009),4.5,3.595628261566162
rw2215085,Little Big Soldier (2010),5.0,3.5339739322662354
rw1428315,Superman Returns (2006),3.0,3.102341413497925
rw4520516,Ralph Breaks the Internet (2018),4.0,3.7278523445129395
rw2493120,The Lion King (1994),5.0,4.003118515014648
rw5772164,Killing Eve (2018– ),4.0,3.1850333213806152
rw4498674,The Great Gatsby (2013),5.0,3.783569812774658
rw0449843,The 13th Warrior (1999),4.0,2.7292680740356445
rw5751010,Revenge for Jolly! (2012),3.0,3.892568349838257
rw5186550,小丑 (2019),0.5,4.161487102508545
rw2620676,Rowdy Rathore (2012),4.0,2.1642649173736572
rw2456162,Grown Ups (I) (2010),1.5,3.561021089553833
rw6066849,Raised by Wolves (2020– ),1.5,3.096728801727295
rw4902157,The Biggest Little Farm (2018),5.0,2.9974777698516846
rw5341426,小丑 (2019),5.0,3.6269619464874268
rw2372323,The Sickhouse (2008),4.0,3.833510160446167
rw0065979,Thunder Road (1958),3.5,3.052199363708496
rw1510448,Suspiria (1977),4.5,5.0
rw0180843,Assassination Attempt (1981),5.0,3.70206356048584
rw4067310,Black Panther (2018),1.5,2.7388923168182373
rw5401072,Inception (2010),4.5,3.635014057159424
rw3212287,Dracula Untold (2014),2.0,3.545267343521118
rw1262844,Tango Charlie (2005),4.5,2.384199380874634
rw2266433,Toy Story 3 (2010),4.5,3.611419677734375
rw5439893,The Tradesmen (2011),4.5,4.100193500518799
rw2620053,Wolfhound (2006),3.0,2.9730231761932373
rw1249129,The Bishop's Wife (1947),5.0,3.2193970680236816
rw1776998,Crying Freeman (1988– ),4.5,4.15251350402832
rw1686105,Love Comes to the Executioner (2006),3.5,3.6066718101501465
rw4374318,Lookin' to Get Out (1982),3.5,3.4963607788085938
rw4124929,Eddie the Eagle (2015),4.0,4.730165004730225
rw4793682,Annie (2014),4.0,3.3357176780700684
rw3333073,Abbott and Costello Meet Captain Kidd (1952),2.5,3.5614516735076904
rw1552517,Brick (2005),4.5,3.155385732650757
rw5246614,Last Christmas (2019),3.5,3.4285025596618652
rw2096610,Bleach (2004–2012),5.0,3.3161847591400146
rw6407846,Coolie No. 1 (2020),0.5,2.9425668716430664
rw0966378,Small Time Crooks (2000),1.0,4.310422897338867
rw3829227,Alleycats (2016),3.5,2.8597371578216553
rw1264714,Hwiparam gongju (2002),3.0,3.4376332759857178
rw2969918,Frozen (I) (2013),4.0,3.0914838314056396
rw4698628,Leaving Neverland (2019),0.5,2.594949722290039
rw3832139,Angels Wear White (2017),4.5,3.070042371749878
rw3869640,The Nile Hilton Incident (2017),4.5,3.4923882484436035
rw0341542,Fist of Legend (1994),5.0,3.4696500301361084
rw2311306,The Chosen One (2010),4.5,2.5821621417999268
rw3051950,Deadly Eyes (1982),2.5,4.038445949554443
rw1680558,Missing Persons (1990 TV Movie),3.0,3.1850714683532715
rw1060111,Hitch (I) (2005),0.5,2.748673915863037
rw2516223,Tartarin de Tarascon (1934),3.5,3.349114179611206
rw5876315,Uncle Tom (2020),5.0,4.06373405456543
rw1104265,Hook (1991),4.0,3.581249475479126
rw3249573,Midnight in Paris (2011),1.5,3.232389211654663
rw0112339,MASH (1970),5.0,3.2241289615631104
rw2624093,Spirited Away (2001),5.0,3.58955979347229
rw6215465,Over the Moon (2020),5.0,3.493396043777466
rw1480705,King of Burlesque (1936),3.0,4.184081077575684
rw2599244,Underworld: Awakening (2012),2.0,2.883700370788574
rw1677617,Able Edwards (2004),4.0,2.5567805767059326
rw6011924,The Great Heist (2020– ),4.0,4.0741119384765625
rw5935254,Psychosynthesis (2020),4.5,2.999910831451416
rw1761994,Deep Water (2006),4.5,3.841616153717041
rw1633731,The Lives of a Bengal Lancer (1935),4.0,4.210026741027832
rw3824028,Blade Runner 2049 (2017),5.0,3.2176215648651123
rw1130038,Wild at Heart (1990),5.0,3.5493383407592773
rw2895743,Revolution (2012–2014),5.0,3.869455575942993
rw5813413,The Shape of Water (2017),4.0,3.637726306915283
rw0209696,Conan the Destroyer (1984),3.0,2.615086555480957
rw5524519,Dark Waters (2019),5.0,3.1354751586914062
rw1529990,The Notebook (2004),5.0,3.5560903549194336
rw3059222,The Purge: Anarchy (2014),4.0,3.012387752532959
rw5451528,The Sky Is Pink (2019),3.0,4.053314208984375
rw0071814,Pepe (1960),2.0,3.460308790206909
rw5782006,Star Wars: Episode II - Attack of the Clones (2002),2.5,2.906860828399658
rw5116041,Nanny McPhee (2005),3.5,4.301126003265381
rw1813282,The War of the Worlds (1953),3.5,2.5263051986694336
rw2087299,Lenny (1974),5.0,3.983919143676758
rw6138587,Ghoomketu (2020),3.5,2.7063615322113037
rw0188463,The House by the Cemetery (1981),4.0,2.717475175857544
rw3534968,Don't Breathe (2016),4.0,2.3913753032684326
rw3147236,Jericho (2006–2008),5.0,3.8751957416534424
rw0432384,Soldier (I) (1998),5.0,2.7207577228546143
rw4355856,I Walk the Line (1970),4.0,3.539954900741577
rw1630425,Who Killed the Electric Car? (2006),2.5,2.7301816940307617
rw5408576,The Outsider (2020– ),5.0,3.3576748371124268
rw5730478,The Last Dance (2020),5.0,2.9073896408081055
rw2979439,August: Osage County (2013),3.5,2.8211612701416016
rw4053382,Red Lights Ahead (1936),3.0,2.9200279712677
rw5550131,Bloodshot (2020),4.5,3.60446834564209
rw4676248,Patriot (II) (2015–2018),5.0,3.888746738433838
rw3333615,Uptown Saturday Night (1974),3.0,3.7233898639678955
rw2319732,Mâdadayo (1993),3.5,3.401761770248413
rw2414341,Paul (2011),3.5,2.9592247009277344
rw3291942,Mamma Mia! (2008),4.0,4.78261661529541
rw2498102,The Killers (1946),3.5,3.798929214477539
rw5963963,The Wolfman (2010),5.0,3.2477433681488037
rw5062320,The Boys (2019– ),5.0,3.784423828125
rw3487057,Renegade (1992–1997),1.0,3.451585054397583
rw3267911,Bird on a Wire (1990),2.0,3.081052303314209
rw6374932,Hard Kill (2020),0.5,2.673097848892212
rw0865474,Hey Arnold! The Movie (2002),5.0,3.184140920639038
rw1502517,Gladiator (2000),5.0,4.102818965911865
rw0408791,Bulworth (1998),4.5,3.5515687465667725
rw3076598,Prelude to Axanar (2014),5.0,3.3754639625549316
rw5584721,U-571 (2000),3.5,2.4242892265319824
rw0953215,"Ator, the Fighting Eagle (1982)",2.0,2.8615972995758057
rw3274517,Strange Interlude (1932),3.5,3.4213995933532715
rw0494752,Man on the Moon (1999),4.5,3.3686089515686035
rw6310972,Andhaghaaram (2020),4.5,3.9211771488189697
rw4682165,Mortal Engines (2018),1.0,2.399446725845337
rw5802985,Chintu Ka Birthday (2020),2.5,2.8920140266418457
rw3612306,Man of Steel (2013),3.0,3.7023613452911377
rw3473411,Our Kind of Traitor (2016),3.0,2.3792614936828613
rw5025912,Shell (I) (2012),0.5,2.5406293869018555
rw2092112,Transformers: Revenge of the Fallen (2009),1.5,2.438533306121826
rw6313554,The New Mutants (2020),5.0,4.423520565032959
rw5484153,Last Christmas (2019),4.0,3.4285025596618652
rw3371816,Vampire Academy (2014),0.5,2.9957313537597656
rw2812672,Man of Steel (2013),5.0,3.7023613452911377
rw0121711,Children Shouldn't Play with Dead Things (1972),3.0,3.5640604496002197
rw2402179,Over the Edge (1979),3.5,2.9476866722106934
rw2556530,The Gorgeous Hussy (1936),1.5,3.3434343338012695
rw4359268,College Romance (2018– ),5.0,4.937921524047852
rw3686786,After Love (2016),3.0,3.2823293209075928
rw1243887,The Five People You Meet in Heaven (2004 TV Movie),4.5,4.870354175567627
rw3561715,Jesse Stone: Sea Change (2007 TV Movie),3.5,3.4336867332458496
rw0993994,Neredesin Firuze (2004),4.5,3.3728325366973877
rw4835496,Arctic (2018),4.0,3.3362929821014404
rw1232030,The Dukes of Hazzard (2005),4.0,4.038051128387451
rw2525053,Zombie Bloodbath (1993 Video),3.0,3.2290830612182617
rw0306405,The Crying Game (1992),5.0,3.289372682571411
rw0596657,Nurse Betty (2000),2.0,2.6357474327087402
rw3315543,Fuss Over Feathers (1954),2.5,3.0847456455230713
rw3163450,Jarhead 2: Field of Fire (2014 Video),0.5,3.311317205429077
rw1867745,Iron Man (2008),3.5,2.8800816535949707
rw1509181,Burnt Offerings (1976),4.0,2.121983051300049
rw5909800,Code Geass (2006–2012),4.5,4.076255798339844
rw3672009,Rake (2010–2018),5.0,3.4336163997650146
rw2224676,A Serious Man (2009),1.0,2.4964122772216797
rw3772854,Tale of Tales (2015),4.0,3.414712905883789
rw1953088,Youth Without Youth (2007),2.0,2.705299139022827
rw2821725,How to Make Money Selling Drugs (2012),4.5,3.6852433681488037
rw4498448,Hunter Killer (2018),5.0,2.6199302673339844
rw1745598,Secretary (2002),1.0,3.5391910076141357
rw3767791,The Promise (II) (2016),4.5,3.785600185394287
rw3019430,Wedding Crashers (2005),5.0,4.042276382446289
rw5740699,Disturbia (2007),2.0,4.76932954788208
rw3227703,The Barrens (2012),1.5,2.8094801902770996
rw1340461,King Kong (2005),3.5,3.0268383026123047
rw5726835,The Hollow (2018–2020),2.0,2.61767840385437
rw1636072,Zero Day (2002),5.0,4.0349578857421875
rw5608234,Train to Busan (2016),4.0,3.3454790115356445
rw1793665,The Mist (2007),1.0,3.3725366592407227
rw5856871,Unsubscribe (I) (2020),1.0,4.472426891326904
rw5045538,Fast & Furious Presents: Hobbs & Shaw (2019),3.5,2.4919590950012207
rw2616015,The Avengers (2012),5.0,3.742602586746216
rw4253255,Bram Stoker's Dracula (1992),2.0,2.6861958503723145
rw0985965,Major Dundee (1965),2.0,4.031645774841309
rw5126027,X-Men: Dark Phoenix (2019),4.5,3.283046245574951
rw3246226,"Ron Jeremy, Life After the Buffet (2014)",0.5,3.70206356048584
rw5287556,The Irishman (2019),1.5,3.536130428314209
rw5866464,Dating Amber (2020),5.0,3.4149022102355957
rw3398549,Homicycle (2014),1.5,3.3155109882354736
rw4266596,Star Wars: Episode VI - Return of the Jedi (1983),5.0,3.7278130054473877
rw5717465,DC Super Friends: The Joker's Playhouse (2010 Video),5.0,3.746321678161621
rw4639506,Enaaya (2019– ),4.5,2.9880011081695557
rw4278975,The Invitation (I) (2015),4.5,3.796489953994751
rw4273581,A Wrinkle in Time (2018),2.5,3.294764757156372
rw2164883,Just My Luck (2006),1.0,2.963268280029297
rw1964224,Sleepy Hollow (1999),5.0,3.105771780014038
rw0219890,The Coca-Cola Kid (1985),4.0,3.7058255672454834
rw5749692,Venom (2018),5.0,3.0704946517944336
rw2672278,屍樂園 (2009),5.0,3.5759928226470947
rw3468515,American Ultra (2015),4.0,2.6442716121673584
rw1565090,Master and Commander: The Far Side of the World (2003),4.5,2.9246599674224854
rw6163152,The Finest Hours (2016),5.0,3.5073516368865967
rw3731626,Nuts (1987),4.5,3.5018234252929688
rw6206445,Mirzapur (2018– ),5.0,3.70206356048584
rw0584274,The Lord of the Rings: The Return of the King (2003),5.0,3.332899808883667
rw2289011,Battlefield Earth (2000),5.0,3.073521614074707
rw5760880,Sheep Without a Shepherd (2019),4.0,3.5085573196411133
rw1145885,The Life Aquatic with Steve Zissou (2004),0.5,3.7325923442840576
rw2733277,Faltu (2006),4.5,3.5662782192230225
rw2370832,Despicable Me (2010),4.0,3.3603031635284424
rw3435952,The Midnight Man (I) (2016),5.0,2.940762996673584
rw1605308,Dr. Chopper (2005 Video),5.0,3.35447359085083
rw3080539,De Lego Film (2014),4.5,4.259989261627197
rw6450591,The Wilds (2020– ),4.0,3.845271587371826
rw5153773,El vampiro (1957),2.5,4.233111381530762
rw4046875,Faith Under Fire (2018 TV Movie),4.5,3.7531471252441406
rw5946184,Carry on Screaming! (1966),4.0,3.1565933227539062
rw1680216,1408 (2007),2.5,3.409864664077759
rw1650231,Safe Men (1998),1.0,3.6529171466827393
rw5361717,The Flintstones in Viva Rock Vegas (2000),3.0,3.832871675491333
rw4009822,Redneck (1973),3.5,3.1144156455993652
rw2199682,The Relief of Belsen (2007 TV Movie),3.5,2.778438091278076
rw5016562,Hail Satan? (2019),4.0,3.5714409351348877
rw4728485,The Queen's Corgi (2019),2.5,3.5112686157226562
rw3601664,The Revenant (2015),2.0,2.8743979930877686
rw5511110,Hunters (2020– ),1.0,3.7866272926330566
rw6166613,Godless (2017),4.0,3.5212347507476807
rw2946695,Cadillac Ranch (1996),1.0,2.8007798194885254
rw2842406,Ship of Theseus (2012),4.5,3.6535823345184326
rw0525617,Cruel Intentions (1999),3.5,3.377974033355713
rw5594932,Bad Boys for Life (2020),4.0,3.7068827152252197
rw3796445,Tombstone (2017),0.5,3.41031813621521
rw0311949,Reservoir Dogs (1992),5.0,3.9058425426483154
rw5037323,Once Upon a Time... in Hollywood (2019),3.5,3.0966005325317383
rw0708876,Brotherhood of the Wolf (2001),5.0,2.98876690864563
rw5472338,Once Upon a Time... In Hollywood (2019),3.0,3.054380416870117
rw6119404,Bastille Day (2016),3.0,3.156015634536743
rw1824409,The Matrix Reloaded (2003),2.0,3.814302444458008
rw5689936,You (2018– ),0.5,4.220012187957764
rw1624962,諾桑覺寺 (2007 TV Movie),4.5,3.194432020187378
rw1660575,Gizelle (2006–2008),2.0,3.6066718101501465
rw2809688,Star Trek Into Darkness (2013),4.5,3.1431686878204346
rw0683785,Gangs of New York (2002),1.0,2.8253095149993896
rw5043441,Yesterday (III) (2019),2.5,2.7798807621002197
rw1728269,I Now Pronounce You Chuck & Larry (2007),3.0,2.972243309020996
rw0302932,Alien 3 (1992),4.5,3.2264368534088135
rw5567794,The Hunt (II) (2020),5.0,3.7535409927368164
rw5989080,Gunjan Saxena: The Kargil Girl (2020),4.5,3.319110631942749
rw4149303,LOL (2012),5.0,4.297901153564453
rw4568177,Bad Times at the El Royale (2018),1.5,3.050363063812256
rw5845245,The Last of Us: Part II (2020 Video Game),5.0,3.6889333724975586
rw1838302,The Werewolf of Washington (1973),2.0,2.9962565898895264
rw4604241,IO (2019),3.5,3.073713779449463
rw1764338,Weasels Rip My Flesh (1979),0.5,3.704826593399048
rw5271743,About Endlessness (2019),3.5,3.515451669692993
rw2391377,Hall Pass (2011),3.0,2.6671314239501953
rw5623350,Freakshow (2007 Video),3.5,3.6009578704833984
rw1986911,Loser (2000),0.5,3.2587153911590576
rw1299088,House of the Dead (2003),2.5,2.6857118606567383
rw2959787,The Girl with the Dragon Tattoo (2009),4.5,2.7295215129852295
rw3029314,Harsh Times (2005),1.5,3.5105795860290527
rw2264609,A Cry in the Night (1956),3.5,3.2470662593841553
rw1710195,Hairspray (2007),4.0,3.5143070220947266
rw3795699,The Deuce (2017–2019),0.5,4.087897300720215
rw0515297,The Talented Mr. Ripley (1999),2.5,3.178750514984131
rw5070707,Fifty Shades of Black (2016),3.0,3.177537679672241
rw2998198,The Raid 2 (2014),0.5,3.6159884929656982
rw6243841,Never Let Me Go (2010),5.0,3.2651281356811523
rw1746225,Mr. Brooks (2007),3.5,3.7369260787963867
rw0717231,Harry Potter and the Sorcerer's Stone (2001),4.5,3.5358331203460693
rw5597080,Belzebuth (2017),2.0,3.2116506099700928
rw5447546,What's Your Number? (2011),3.0,3.793497323989868
rw1422534,The Lion King (1994),5.0,3.7349066734313965
rw5556057,The Shining (1980),2.5,2.8867387771606445
rw1115797,The War of the Worlds (2005 Video),3.0,3.444859743118286
rw2136680,Dorian Gray (1970),3.0,3.603931427001953
rw6122331,The Chosen (2017– ),5.0,4.193296909332275
rw2288067,Mallrats (1995),4.5,3.532640218734741
rw0908346,Tupac: Resurrection (2003),2.5,2.805875062942505
rw5489442,Lying and Stealing (2019),1.0,2.560577869415283
rw4401312,Disco Pigs (2001),5.0,4.022735595703125
rw0395228,Sgt. Bilko (1996),1.5,3.0684969425201416
rw1627262,龍騎士 (2006),5.0,2.7274649143218994
rw1575691,More Than a Secretary (1936),2.0,3.531240701675415
rw3433966,And Then There Were None (2015),3.0,3.4438412189483643
rw0116056,The Devils (1971),0.5,3.717592239379883
rw4853120,Happy Death Day 2U (2019),0.5,3.4833335876464844
rw2779464,Deal of a Lifetime (1999),3.5,3.534162759780884
rw3416043,Deadpool (2016),4.5,3.7938804626464844
rw5658284,2001: A Space Odyssey (1968),4.0,3.9021615982055664
rw5444990,Queen & Slim (2019),4.5,3.132164478302002
rw1613108,Estória do Gato e da Lua (1997),4.0,3.70206356048584
rw1465851,Miracles (1986),4.5,3.4773037433624268
rw3368346,5 to 7 (2014),2.5,2.1705901622772217
rw1327447,Yathrakarude Sradhakku (2002),4.5,3.631176710128784
rw5180495,Fractured (I) (2019),4.0,2.9648406505584717
rw6143456,The Glorias (2020),5.0,2.673316717147827
rw1124283,The Reflecting Skin (1990),5.0,3.7600929737091064
rw5473199,Grey's Anatomy (2005– ),2.5,3.597287178039551
rw4737136,He's Out There (2018),1.5,2.5482141971588135
rw4006121,Backyard Ashes (2013),0.5,3.8003361225128174
rw3351892,The Collection (II) (2012),2.5,2.9673378467559814
rw1915493,Citizen Toxie: The Toxic Avenger IV (2000),3.0,3.2227783203125
rw3786646,Amelia 2.0 (2017),4.0,2.5239405632019043
rw5404386,WWE Raw (1993– ),5.0,3.430511713027954
rw5475705,Disturbing the Peace (2020),0.5,3.5626442432403564
rw1978398,Planet Earth (2006),5.0,2.9547078609466553
rw2933941,The Past (2013),4.0,3.730062961578369
rw4331175,Nocturnal Animals (2016),4.5,3.784271478652954
rw2631249,Iron Sky (2012),3.5,3.2573039531707764
rw3067186,The Notebook (2004),4.5,3.693622350692749
rw2676738,Kennwort... Reiher (1964),5.0,3.70206356048584
rw2640273,Red Rose of Normandy (2011 Video),5.0,4.628829479217529
rw0055851,Oklahoma! (1955),5.0,3.933363437652588
rw2757760,Bloody Mama (1970),2.0,2.6786744594573975
rw1548248,Wild at Heart (1990),4.0,3.674405813217163
rw5855113,Life in Squares (2015– ),3.0,4.436230182647705
rw1249438,Babam ve Oglum (2005),5.0,3.1546823978424072
rw3344869,The Subjects (2015),3.5,3.378619432449341
rw0633139,Blade II (2002),4.0,3.1736793518066406
rw4097977,The Beguiled (2017),1.5,3.931689977645874
rw2572864,The House of the Seven Gables (1940),3.0,3.059152126312256
rw2752051,詭屋 (2011),3.5,2.856910228729248
rw3140442,Rocky Mountain (1950),3.5,3.207484483718872
rw2199690,The 39 Steps (1959),2.0,2.6274566650390625
rw1345449,Spun (2002),4.5,2.7252869606018066
rw4709381,Star Wars: Episode VIII - The Last Jedi (2017),5.0,2.8683786392211914
rw4899843,Wide Sargasso Sea (1993),3.0,3.303398609161377
rw4956314,The F Word (I) (2013),4.5,3.6913273334503174
rw1006144,The Life Aquatic with Steve Zissou (2004),5.0,3.35125470161438
rw5004703,The Blind Side (2009),3.5,3.410356283187866
rw1167249,Passion (1954),2.0,3.8729143142700195
rw6064716,Usagi Drop (2011–2012),5.0,3.9092094898223877
rw3074636,Godzilla (I) (1998),3.5,2.7994091510772705
rw1490264,Audition (1999),5.0,3.4473509788513184
rw3810472,Jurassic World (2015),3.0,2.5681498050689697
rw0899715,The Passion of the Christ (2004),0.5,3.148390769958496
rw6392504,The Midnight Sky (2020),2.0,2.9548380374908447
rw4100211,Ask Me Anything (2014),3.5,3.4390881061553955
rw2061666,It Happened One Night (1934),4.5,3.011866569519043
rw3488354,The Savage Five (1974),4.5,3.283414602279663
rw3212878,Do You Believe? (2015),4.0,3.393815755844116
rw1316034,Cinderella (1950),1.5,3.3415958881378174
rw0272099,Lethal Weapon 2 (1989),4.5,3.30764102935791
rw0446692,The Mummy (1999),3.5,3.438164472579956
rw4098323,Martyrs of Marriage (2016),5.0,3.70206356048584
rw3086190,Before I Go to Sleep (2014),3.5,4.232916355133057
rw4174948,Kaleidoscope (II) (2016),2.0,3.8480381965637207
rw5789299,KD (A) Karuppudurai (2019),4.0,3.7866272926330566
rw5535951,Her Name Was Christa (2020),4.5,3.5244369506835938
rw3780369,Annabelle: Creation (2017),3.5,3.5502359867095947
rw1178238,Charlie and the Chocolate Factory (2005),3.5,3.555851459503174
rw0965683,...And God Created Woman (1956),3.5,3.974846124649048
rw4468635,Alien Addiction (2018),5.0,3.1788859367370605
rw3726224,A Dog's Purpose (2017),5.0,3.3556149005889893
rw0307010,Educating Peter (1992),5.0,3.534162759780884
rw1324830,The Deadly Bees (1966),2.0,3.100818395614624
rw1079752,13 Seconds (2003 Video),3.0,3.387399435043335
rw5984708,Toast (2010 TV Movie),1.5,3.4238545894622803
rw3222794,The Shawshank Redemption (1994),4.5,4.796311855316162
rw3024268,One Direction: This Is Us (2013),5.0,3.043950080871582
rw0522900,The Astronaut's Wife (1999),1.0,3.72558331489563
rw5527474,Private Practice (2007–2013),4.5,4.557491779327393
rw3511506,Star Trek Beyond (2016),4.5,2.66117000579834
rw3457079,Adam's Rib (1949),2.0,3.178769826889038
rw5567016,The Girl with the Dragon Tattoo (2011),4.0,2.983792781829834
rw1350713,Lucky Number Slevin (2006),4.0,2.809370756149292
rw4298697,Extinction (2018),3.5,3.2398531436920166
rw0793751,Not Another Teen Movie (2001),4.5,4.5481486320495605
rw5396763,Uncut Gems (2019),3.0,3.4510703086853027
rw0111810,The Interview (1970 TV Movie),3.5,3.2929673194885254
rw2962753,Idiocracy (2006),5.0,3.6083896160125732
rw4055373,The Open House (2018),0.5,3.5622498989105225
rw2305118,The Boxer (2010),0.5,3.438326835632324
rw5619095,Contagion (2011),4.5,3.3240432739257812
rw2666339,Keith Lemon: The Film (2012),0.5,2.7494375705718994
rw5067705,Damages (2007–2012),4.0,3.363370895385742
rw5978154,Work It (2020),4.0,4.6209716796875
rw3032550,Frozen (I) (2013),1.0,3.0914838314056396
rw2329405,Schindler's List (1993),3.5,2.8889052867889404
rw4686044,12 Angry Men (1957),5.0,3.1785881519317627
rw5622670,The Invisible Man (I) (2020),1.5,3.294989824295044
rw6070494,Die Screaming Marianne (1971),2.0,2.8445754051208496
rw1980067,The Boy in the Striped Pajamas (2008),5.0,2.927722215652466
rw0272016,Leningrad Cowboys Go America (1989),5.0,3.1937289237976074
rw4553709,Vice (I) (2018),4.0,3.5891473293304443
rw2110695,The X Files: I Want to Believe (2008),3.5,3.134941339492798
rw3192718,Gone Girl (2014),4.0,3.4804017543792725
rw6082137,I's (2013),0.5,3.043950080871582
rw1402503,Karas: The Prophecy (2005 Video),4.0,2.5410211086273193
rw2354973,Holiday from Rules? (1958),2.0,3.882607936859131
rw2674023,4:44 Last Day on Earth (2011),1.0,2.6784188747406006
rw2035187,Mr. Brooks (2007),3.5,3.7369260787963867
rw2372967,A Serbian Film (2010),4.5,3.006004810333252
rw4442124,The Good Cop (2018),4.5,4.369452953338623
rw2895206,Office Space (1999),4.5,3.2875826358795166
rw5044427,Pokémon: Detective Pikachu (2019),4.0,3.6016697883605957
rw0969073,The Ten Commandments (1956),3.5,3.45878529548645
rw5236563,Watchmen (2019),4.5,3.5714051723480225
rw1973846,Quantum of Solace (2008),4.0,2.9048216342926025
rw1788661,A Real Young Girl (1976),2.0,3.504586696624756
rw2408311,La casa muda (2010),0.5,3.6835474967956543
rw0962335,Once Bitten (1985),2.5,3.359600305557251
rw0796697,Spider (2002),3.5,2.91087007522583
rw0612176,Metal Gear Solid (1998 Video Game),5.0,3.534162759780884
rw5885584,Pretty Woman (1990),3.5,2.7087857723236084
rw3831507,The Kid (1921),4.0,4.124427318572998
rw1641318,Moby Dick (1956),3.5,3.6642873287200928
rw3851470,The Holcroft Covenant (1985),1.5,3.636688709259033
rw3327252,The Martian (2015),4.0,4.063290119171143
rw4110502,Showgirls (1995),2.5,3.8158223628997803
rw5822496,Little Giants (1994),3.5,3.6876306533813477
rw1056347,I Passed for White (1960),4.0,3.909778594970703
rw1833099,The Bank Job (2008),5.0,4.2240166664123535
rw0257960,Hellbound: Hellraiser II (1988),4.5,2.538255214691162
rw2577950,The New World (2005),4.0,3.0675714015960693
rw3824817,Blade Runner 2049 (2017),5.0,3.8149168491363525
rw0669148,Clerks (2000–2001),4.0,2.776843547821045
rw4812390,Avengers: Endgame (2019),3.0,4.081700325012207
rw6128596,The Shawshank Redemption (1994),5.0,4.71425724029541
rw2836509,Union Station (1950),4.0,3.9224812984466553
rw3379393,Star Wars: Episode VII - The Force Awakens (2015),3.0,2.3087592124938965
rw1253997,Terror Toons (2002 Video),0.5,2.5215108394622803
rw3458875,The A Word (2016– ),5.0,3.70206356048584
rw0244815,The Hanoi Hilton (1987),2.0,4.064947128295898
rw3001220,Captain America: The Winter Soldier (2014),4.0,3.217587471008301
rw1044311,Dogtown and Z-Boys (2001),5.0,3.170074701309204
rw1807752,Anatomy Class (2000),3.5,3.3154287338256836
rw5610045,Coffee & Kareem (2020),2.5,3.7822554111480713
rw0021193,The Big Premiere (1940),3.5,3.7319960594177246
rw5683201,Interstellar (2014),5.0,3.784576892852783
rw5938431,Dil Bechara (2020),5.0,4.408793926239014
rw2369811,Mothlight (1963),5.0,2.8564810752868652
rw2994797,Boardwalk Empire (2010–2014),4.0,3.762514352798462
rw1701674,L.A.P.D.: To Protect and to Serve (2001),0.5,3.4341933727264404
rw3655040,Logan (2017),5.0,3.2577004432678223
rw4205483,Ocean's Eight (2018),0.5,3.5686469078063965
rw2098225,Titus (1999),3.5,3.1129095554351807
rw6242080,Sarah Cooper: Everything's Fine (2020 TV Special),1.5,2.9008102416992188
rw1066940,The Untouchables (1987),4.5,2.404588460922241
rw2551059,The Devil Inside (2012),0.5,2.5761468410491943
rw1232234,The Girl in the Café (2005 TV Movie),4.0,3.127171754837036
rw1564994,The Covenant (2006),1.0,3.0108513832092285
rw3753076,Outlaws and Angels (2016),4.5,3.363292694091797
rw5590605,Pulp Fiction (1994),5.0,3.9417481422424316
rw6075768,Mulan (2020),3.5,3.211350202560425
rw3376562,Star Wars: Episode VII - The Force Awakens (2015),4.0,3.0606930255889893
rw0871966,House of the Dead (2003),0.5,3.262936592102051
rw0566869,Short Sharp Shock (1998),3.5,2.676039218902588
rw2159282,What Ever Happened to Aunt Alice? (1969),3.5,2.6542325019836426
rw1083980,Nine Months (1995),4.0,3.2758631706237793
rw4222001,Call Me by Your Name (2017),4.0,3.0354411602020264
rw1121458,One Body Too Many (1944),2.5,2.524928331375122
rw0439975,Virus (1999),2.5,2.3970932960510254
rw0975229,Wide Awake (1998),4.0,3.4375929832458496
rw3189925,The Slap (2015),0.5,3.1873834133148193
rw0659633,Jaka Sembung (1981),3.0,3.464324712753296
rw5854737,Gladiator (2000),4.5,3.8370234966278076
rw1204903,North Country (2005),5.0,3.2522029876708984
rw6450193,Honest Thief (2020),2.0,2.3096489906311035
rw1277674,Witchcraft X: Mistress of the Craft (1998 Video),4.5,3.0325870513916016
rw0509249,The Matrix (1999),5.0,3.7145164012908936
rw4433902,Bohemian Rhapsody (2018),3.5,4.8851237297058105
rw1576506,The Blue Max (1966),4.0,2.9828407764434814
rw3039068,Maleficent (2014),3.5,2.94628643989563
rw0898725,The Passion of the Christ (2004),5.0,2.642615795135498
rw5151294,唐頓莊園 (2019),4.5,3.4659335613250732
rw4924189,I Am Mother (2019),5.0,3.5734543800354004
rw3361436,The Pelican Brief (1993),4.5,3.104006290435791
rw1982171,Killer Nurse (2008 Video),2.0,3.70206356048584
rw1227703,Rent (2005),1.5,3.6320109367370605
rw2733622,Balak Palak (2013),5.0,3.482337474822998
rw3183365,Fifty Shades of Grey (2015),0.5,3.738690137863159
rw2383966,The Killer Inside Me (2010),4.0,2.7028934955596924
rw3404547,Põrgu (1983),4.0,3.7866272926330566
rw3338076,Eaters (2015),0.5,3.5134785175323486
rw2360661,Titanic (1997),3.0,3.357673168182373
rw2229529,Inglourious Basterds (2009),3.0,4.056402206420898
rw1758771,Dawn of the Dead (2004),4.0,3.839219331741333
rw2384707,Das Boot (1981),2.5,2.7775118350982666
rw5310551,小丑 (2019),5.0,4.161487102508545
rw6278275,Hunter x Hunter (2011–2014),5.0,3.162360906600952
rw0385421,From Dusk Till Dawn (1996),1.0,2.693998336791992
rw4515638,Fantastic Beasts: The Crimes of Grindelwald (2018),2.5,3.0574610233306885
rw1252261,Lady Vengeance (2005),3.0,4.013999938964844
rw3757277,The Boss Baby (2017),2.5,3.289170503616333
rw6140502,Enola Holmes (2020),1.5,4.016520977020264
rw2764975,Iron Sky (2012),2.5,3.2573039531707764
rw4019759,Stanley Ka Dabba (2011),4.0,4.21900749206543
rw1361544,Mission: Impossible III (2006),5.0,2.7550206184387207
rw5288701,Happy Endings Sleepover (2019),5.0,3.9526047706604004
rw1884591,American Hardcore (2006),2.0,3.330557107925415
rw4438779,Beautiful Boy (I) (2018),4.0,3.627843141555786
rw5222908,The Lion King (2019),0.5,4.952458381652832
rw0357741,The Brothers McMullen (1995),4.0,3.880098581314087
rw5975970,See No Evil (2014– ),4.0,3.454137086868286
rw3535824,The Neon Demon (2016),1.5,3.0353968143463135
rw3594001,This Time for Keeps (1942),3.0,2.8837316036224365
rw1438928,The Descent (2005),3.5,2.8028624057769775
rw3785169,The Private Affairs of Bel Ami (1947),5.0,3.8633220195770264
rw4534690,Cold War (2018),3.5,3.7523322105407715
rw2639758,All the Boys Love Mandy Lane (2006),2.0,3.303107261657715
rw5737388,South Park (1997– ),5.0,4.1353936195373535
rw3729995,It Comes at Night (2017),0.5,3.711045503616333
rw0760343,Don't Say a Word (2001),3.0,4.014919281005859
rw0425448,Meet Joe Black (1998),1.5,2.9345204830169678
rw2310125,The Hills Have Eyes (2006),0.5,2.548443078994751
rw4995543,Stranger Than Fiction (2006),5.0,3.854606866836548
rw3605387,American Honey (2016),5.0,3.2242283821105957
rw2855926,Portrait of a Zombie (2012),3.5,3.140305280685425
rw0253898,Akira (1988),4.5,3.7433600425720215
rw1361106,Extreme Ops (2002),0.5,2.6812832355499268
rw5937438,Dil Bechara (2020),5.0,4.184024333953857
rw5494280,Thalaivaa (2013),2.0,3.8255207538604736
rw1181369,The Trigger Effect (1996),3.0,3.3795673847198486
rw0534365,American Psycho (2000),4.0,3.88917875289917
rw6362561,The Family Man (2000),5.0,3.5219366550445557
rw0386891,House Arrest (1996),5.0,3.8446474075317383
rw4739425,Captive State (2019),1.5,2.865203857421875
rw0950945,Waking Life (2001),5.0,3.863816499710083
rw6407882,Wonder Woman 1984 (2020),2.5,2.305079698562622
rw5641827,The Golden Horde (1951),2.0,3.801117181777954
rw2431717,La sombra del ciprés es alargada (1990),3.5,3.1361420154571533
rw5130727,Alita: Battle Angel (2019),4.0,3.0512681007385254
rw3228896,Violence (2015),4.5,3.421111583709717
rw3206132,The Equalizer (2014),4.0,3.4681777954101562
rw6031149,Rango (2011),4.0,2.5245814323425293
rw4830564,Consumer 101 (2018– ),0.5,4.060454845428467
rw4522884,Gremlin (2017),5.0,3.6200549602508545
rw3034717,Charlie Countryman (2013),2.0,2.911513328552246
rw5620205,Money Heist (2017– ),2.5,3.5152604579925537
rw0730746,Die Another Day (2002),3.0,3.2183120250701904
rw1734961,Wiseguys vs. Zombies (2003 Video),1.0,4.242631912231445
rw3019349,One Humanity (2014),4.5,3.6066718101501465
rw3855218,The Purge: Election Year (2016),3.5,2.9678030014038086
rw2033068,Watchmen (2009),5.0,3.196690320968628
rw0077952,Lawrence of Arabia (1962),5.0,3.7110648155212402
rw0115993,Demons of the Mind (1972),3.5,2.6074585914611816
rw1105161,Mr. & Mrs. Smith (2005),4.5,2.49967098236084
rw1378485,The Da Vinci Code (2006),3.0,3.000262498855591
rw2662424,The Perfect Husband: The Laci Peterson Story (2004 TV Movie),3.0,3.334207057952881
rw5124456,The I-Land (2019),5.0,3.4109649658203125
rw3363129,Ben 10 (2005–2008),4.5,2.9863479137420654
rw2848179,Chennai Express (2013),3.0,2.7401747703552246
rw4237602,Dallas Buyers Club (2013),5.0,3.5912363529205322
rw1795617,Ben-Hur: A Tale of the Christ (1925),3.5,3.643800973892212
rw1575954,The Texas Chainsaw Massacre: The Beginning (2006),4.0,2.723958969116211
rw4188364,Hamilton: One Shot to Broadway (2017),0.5,3.791778564453125
rw4761083,Captain Marvel (2019),4.5,3.677403688430786
rw1451447,FleshEater (1988),2.0,3.4654581546783447
rw0992117,Alien vs. Predator (2004),5.0,4.1767964363098145
rw4386160,Venom (2018),4.5,3.215745210647583
rw0882348,The Last Samurai (2003),5.0,2.52791690826416
rw4549868,K.G.F: Chapter 1 (2018),5.0,2.690706491470337
rw0382526,Dream for an Insomniac (1996),5.0,3.4762659072875977
rw0699073,The Others (2001),5.0,2.966824769973755
rw4259778,Mission: Impossible - Fallout (2018),5.0,3.7413227558135986
rw1395238,Napoleon Dynamite (2004),5.0,3.766836404800415
rw3714860,Alien: Covenant (2017),2.5,3.471433401107788
rw6351205,The Shawshank Redemption (1994),5.0,4.591540813446045
rw5383492,Unbelievable (2019),4.5,3.1172749996185303
rw4184689,The Lost Viking (2018),2.0,3.209300994873047
rw2234152,The Time Traveler's Wife (2009),3.5,3.0227530002593994
rw2010183,Secrets (1924),5.0,3.7788140773773193
rw2771597,Battleship (2012),1.0,3.4146158695220947
rw1682851,Eragon (2006),0.5,3.3849997520446777
rw3631309,The Lost World: Jurassic Park (1997),4.5,4.460696220397949
rw0879788,RFK (2002 TV Movie),4.0,3.278703212738037
rw5735469,Uncut Gems (2019),0.5,3.870143413543701
rw5010230,Crawl (I) (2019),3.5,3.5709903240203857
rw0902156,Eternal Sunshine of the Spotless Mind (2004),4.5,2.7929635047912598
rw2159644,J.T. (1969 TV Movie),4.5,4.003940582275391
rw6273157,Gunjan Saxena: The Kargil Girl (2020),0.5,3.319110631942749
rw4271350,Fanney Khan (2018),2.0,2.89892315864563
rw1412935,L'année des méduses (1984),4.0,3.720630168914795
rw5836347,The Tiger (2015),4.0,4.160012722015381
rw4838556,Maharshi (2019),5.0,3.7157225608825684
rw4007652,The Road Is Jericho: Epic Stories & Rare Matches from Y2J (2015 Video),5.0,2.944716215133667
rw2344470,Orange (2010),3.5,3.150094747543335
rw1526082,Arabesque (1966),0.5,3.5552780628204346
rw2503233,False Innocence (2009 TV Movie),3.5,3.5662782192230225
rw4289001,Til Death Do Us Part (II) (2017),0.5,3.673048496246338
rw0983539,Gypsy 83 (2001),5.0,3.568100690841675
rw4245819,Skyscraper (2018),3.0,3.1877589225769043
rw1875375,Barbie Diaries (2006 Video),3.0,3.090217113494873
rw4561312,The Bold and the Beautiful (1987– ),1.5,3.3873040676116943
rw2025904,Pygmalion (1938),3.5,3.4326999187469482
rw6013597,The Patriot (2000),5.0,4.0546674728393555
rw5619757,Basic (2003),3.5,2.137476682662964
rw6311339,Broadway Melody of 1940 (1940),4.5,3.575209140777588
rw4864291,Pirates of the Caribbean: At World's End (2007),5.0,3.0157697200775146
rw3253253,Interstellar (2014),4.0,3.876600503921509
rw1713282,A Few Good Men (1992),3.0,4.280348300933838
rw0063021,The Unearthly (1957),1.0,3.6997721195220947
rw3544810,Birdman or (The Unexpected Virtue of Ignorance) (2014),4.0,3.635618209838867
rw1343179,In the Mouth of Madness (1995),4.0,3.1141228675842285
rw4584483,The Blacklist (2013– ),3.0,3.2019903659820557
rw3377664,The Ridiculous 6 (2015),3.5,4.636171817779541
rw0297712,Oscar (1991),4.5,3.0961410999298096
rw2600181,A Separation (2011),5.0,3.491399049758911
rw6017273,Flesh (2020),5.0,3.5562691688537598
rw0065721,She Demons (1958),1.5,3.4267737865448
rw1304418,Women in Revolt (1971),5.0,3.892793655395508
rw0755321,Panic Room (2002),4.0,2.5613365173339844
rw4736962,The Order (2019–2020),4.5,3.7866272926330566
rw4063799,Get Out (I) (2017),4.5,3.8332080841064453
rw0675304,A.I. Artificial Intelligence (2001),2.0,2.8928022384643555
rw6381093,The Godfather (1972),5.0,3.966280698776245
rw4911948,Chernobyl (2019),5.0,4.216182231903076
rw3781509,Van Helsing (2016– ),2.5,3.999950647354126
rw0321180,Falling Down (1993),4.0,3.275505781173706
rw3080224,Lone Survivor (2013),1.5,3.5374932289123535
rw3034597,The Devil's Backbone (2001),5.0,3.601409673690796
rw2030346,Our Daily Bread (2005),0.5,3.9246881008148193
rw1829421,The Sopranos (1999–2007),4.5,3.5407471656799316
rw1636471,Kaw (2007),2.5,3.9745900630950928
rw2200449,Shkola (2010),5.0,3.2823400497436523
rw3816972,The Godfather (1972),5.0,3.7145490646362305
rw2452695,The Experiment (2010),3.0,3.4948933124542236
rw3079487,A Disney Christmas Gift (1983 TV Special),4.5,4.2302374839782715
rw0627350,The Blair Witch Project (1999),3.5,2.7289528846740723
rw1364586,Stinger (2005),0.5,3.0148041248321533
rw1536833,Siegfried & Roy: The Magic Box (1999),3.0,2.9881536960601807
rw3863538,The Punisher (2017–2019),4.0,3.118241548538208
rw1947711,Righteous Kill (2008),1.5,2.1463828086853027
rw3832112,Justice (II) (2017),0.5,4.420275688171387
rw1074745,The Funhouse (1981),3.5,3.703726053237915
rw1680693,The Lake House (2006),1.0,3.1281070709228516
rw3354008,The Stanford Prison Experiment (2015),4.0,3.6999831199645996
rw3765551,A Date for Mad Mary (2016),4.0,3.0457918643951416
rw5307677,鋒迴路轉 (2019),3.5,3.1332790851593018
rw5743958,Life (I) (2017),2.5,3.333369493484497
rw5453089,Get Hard (2015),5.0,3.4398281574249268
rw4524220,Zero (III) (2018),2.0,3.7677700519561768
rw3103031,The Purge: Anarchy (2014),4.0,3.012387752532959
rw1867942,Spy Kids 3: Game Over (2003),2.5,3.473144292831421
rw4061690,Your Move (2017),4.5,3.0251340866088867
rw1932593,Welcome to the Jungle (2007 Video),1.5,2.8575263023376465
rw4593404,Glass (2019),5.0,3.676781177520752
rw6279967,Mum Bhai (2020– ),5.0,2.8072681427001953
rw0086533,"One Potato, Two Potato (1964)",5.0,3.5469207763671875
rw1329154,Experiment (2005),4.0,3.223119020462036
rw3806823,Snowden (2016),3.5,2.610814332962036
rw0458954,The Lord of the Rings: The Fellowship of the Ring (2001),5.0,3.6816694736480713
rw0779063,Thirteen Conversations About One Thing (2001),4.5,3.514467239379883
rw3644886,The Founder (2016),3.5,3.0965280532836914
rw5448991,John Henry (2020),3.5,2.4740500450134277
rw4673701,Mary Queen of Scots (2018),0.5,3.4177041053771973
rw1545854,Clash by Night (1952),3.0,2.9097330570220947
rw4850398,Matriarch (I) (2018),2.5,3.828886032104492
rw6172688,Murder Mystery (2019),4.0,3.2902774810791016
rw5506067,Dungeon ni Deai wo Motomeru no wa Machigatteiru Darou ka (2015– ),5.0,3.7616140842437744
rw0179358,Resurrection (1980),4.5,2.224510908126831
rw6171520,Bob the Builder: Mega Machines (2017),5.0,2.7065470218658447
rw5231774,Fun with Dick and Jane (2005),0.5,2.9123857021331787
rw2909548,Too Perfect (2011),1.5,3.6066718101501465
rw5805846,Deep Impact (1998),3.0,2.673227548599243
rw4996939,Dark (2017–2020),4.0,3.7585911750793457
rw1951765,The Thing (1982),5.0,3.265200614929199
rw1085936,Revelation (2001),2.0,4.119509696960449
rw5746340,John Henry (2020),0.5,2.7090609073638916
rw5717853,Hold the Dark (2018),1.5,3.0021204948425293
rw3724423,The Prophecy II (1998 Video),2.0,2.439009666442871
rw0165011,1941 (1979),4.5,3.6066718101501465
rw1545829,Motel Hell (1980),5.0,2.811722755432129
rw5704447,Manifest (2018– ),0.5,3.083153009414673
rw0363285,Halloween: The Curse of Michael Myers (1995),3.5,3.436821699142456
rw5352540,Hand of God (2014–2017),4.5,3.4806861877441406
rw3814017,Bushwick (2017),3.5,3.0045855045318604
rw2792903,Prometheus (I) (2012),2.5,2.8552536964416504
rw4512320,Destination Wedding (2018),1.0,3.3021719455718994
rw3098329,Catch-22 (1970),3.5,2.936645030975342
rw2864870,The Home Front (1943),3.5,3.534162759780884
rw5373451,Messiah (2020),4.5,3.70206356048584
rw1171748,Star Trek: Voyager (1995–2001),4.0,3.1308090686798096
rw3585574,Mothers and Daughters (2016),3.0,3.085477113723755
rw2734674,金剛 (1933),5.0,3.3832480907440186
rw3352704,Love the Coopers (2015),1.0,3.1904733180999756
rw0326155,The Nightmare Before Christmas (1993),5.0,2.767317295074463
rw0867668,Bruce Almighty (2003),5.0,2.4100632667541504
rw4104082,Blade Runner (1982),5.0,2.464107036590576
rw3548353,Actor in Law (2016),4.0,3.0707383155822754
rw1648579,Boys' Night Out (1962),1.5,3.2184441089630127
rw2766636,The Last Exorcism 2 (2013),3.0,2.864166498184204
rw5972882,Love Is Blind (2020– ),2.5,3.35002064704895
rw0969418,The Godfather (1972),5.0,3.7145490646362305
rw5456160,John Wick: Chapter 3 - Parabellum (2019),1.0,3.6309821605682373
rw2794982,Gippi (2013),2.5,3.630756139755249
rw2246584,Cannery Woe (1961),4.0,3.356659412384033
rw5724105,Satellite Shankar (2019),5.0,2.075864315032959
rw5979149,Out of Sight (1998),2.5,3.187702178955078
rw6138996,Star Trek First Frontier (2020),4.0,3.385500907897949
rw5916126,Kal Ho Naa Ho (2003),5.0,3.409947633743286
rw1004736,Sergeant York (1941),5.0,3.6281797885894775
rw2451243,Transformers: Dark of the Moon (2011),3.5,3.044355630874634
rw5304264,De Palma (2015),5.0,2.999617099761963
rw4181159,Sara's Notebook (2018),5.0,4.002047061920166
rw5193244,God Friended Me (2018–2020),5.0,3.851738452911377
rw4185902,Bella and the Bulldogs (2015–2016),0.5,2.6324830055236816
rw3233296,House of Cards (2013–2018),5.0,3.389833450317383
rw2423890,The Brute Man (1946),2.0,3.4895637035369873
rw4410478,Halloween (I) (2018),5.0,3.404754877090454
rw1340441,Drunken Master (1978),2.5,2.3703789710998535
rw0328331,Schindler's List (1993),0.5,3.582948684692383
rw2352828,La faute à Fidel! (2006),3.5,3.8825857639312744
rw6332110,Black Christmas (2019),1.0,3.2006189823150635
rw4357787,Christopher Robin (2018),3.0,3.665834426879883
rw3276374,Black Swan (2010),4.0,3.953071117401123
rw1628228,Barbary Coast (1935),3.5,3.7931735515594482
rw5547753,Aquaman (2018),4.0,2.8030219078063965
rw2705809,Katalin Varga (2009),3.5,3.11826229095459
rw5461471,Burn Notice (2007–2013),5.0,2.7271835803985596
rw0965941,National Treasure (2004),4.0,3.510298728942871
rw0750688,Possession (2002),2.0,3.2971456050872803
rw1587402,Evil Dead II (1987),4.0,3.288311243057251
rw2338596,The Odd Couple (1968),4.5,2.779557943344116
rw3462560,Bourek (2015),5.0,3.5552284717559814
rw1497701,We Who Are About to Die (1937),4.0,3.5662782192230225
rw0048475,Ambush at Tomahawk Gap (1953),3.5,4.007741928100586
rw2081366,Riding Alone for Thousands of Miles (2005),5.0,3.3714182376861572
rw6435044,Speed (1994),4.0,3.77844500541687
rw5604720,Meet the Parents (2000),5.0,4.840341567993164
rw6283912,One of Our Aircraft Is Missing (1942),3.5,3.0737557411193848
rw5596669,Jay and Silent Bob Reboot (2019),3.5,3.570831537246704
rw0950776,Clueless (1995),4.0,2.9002676010131836
rw5905524,Goodfellas (1990),5.0,3.0246376991271973
rw3785572,The Defenders (2017),3.0,2.7226221561431885
rw5864115,Marco Polo (2014–2016),5.0,3.50325608253479
rw4573080,The Sopranos (1999–2007),5.0,3.4892539978027344
rw5918128,The Other Lamb (2019),1.5,3.4509825706481934
rw1755183,The Phantom of the Opera (1925),5.0,3.915553092956543
rw1861259,A Night Out (I) (1915),3.0,2.9482126235961914
rw6156263,Daniel Sloss: X (2019 TV Special),5.0,3.4353063106536865
rw0792631,Dogville (2003),5.0,3.8198916912078857
rw0666537,The Mummy Returns (2001),4.0,2.437126874923706
rw4615549,Spider-Man: Into the Spider-Verse (2018),4.5,4.04268741607666
rw6019842,The Gone Game (2020),4.0,3.5662782192230225
rw3122717,Il mio viaggio in Italia (1999),2.0,3.8456969261169434
rw5102645,Northern Pursuit (1943),1.5,3.2922375202178955
rw3456783,Everybody Wants Some!! (2016),4.5,3.8513102531433105
rw3026448,A Million Ways to Die in the West (2014),3.0,4.266904830932617
rw4249086,Operazione Goldman (1966),3.5,3.3914003372192383
rw4430195,Nicotine (II) (2016),4.0,2.962646961212158
rw5857724,Freaks (2018),4.0,3.1957712173461914
rw2080376,Me and You and Everyone We Know (2005),1.0,2.4991559982299805
rw5875754,Fantastic Beasts and Where to Find Them (2016),0.5,3.7690367698669434
rw6131918,Bala (2019),3.5,4.116462707519531
rw4857881,Home (II) (2015),5.0,3.1891367435455322
rw5403003,A Killing in a Small Town (1990 TV Movie),3.5,2.815314769744873
rw3869285,Shut Eye (2016–2017),4.0,3.5662782192230225
rw2176182,阿凡達 (2009),5.0,2.730600118637085
rw2958170,Drishyam (2013),4.5,3.425687789916992
rw2607816,The Rose (1979),3.5,2.7580573558807373
rw6272702,The Trial of the Chicago 7 (2020),4.0,4.4550347328186035
rw4554522,Annihilation (2018),4.5,3.1315605640411377
rw2588584,The Hunger Games (2012),2.0,2.9902212619781494
rw2448241,Entourage (2004–2011),5.0,3.29011869430542
rw2069712,Skippy (1931),4.0,3.3978753089904785
rw2123381,National Lampoon's Animal House (1978),4.0,3.539827346801758
rw0575468,Stuart Little (1999),0.5,3.2817089557647705
rw5139559,"Hello, Privilege. It's Me, Chelsea (2019 TV Movie)",0.5,4.0156755447387695
rw6289761,Northern Exposure (1990–1995),5.0,3.7866272926330566
rw1477226,When a Stranger Calls (2006),5.0,3.6642000675201416
rw1544313,Waterloo Bridge (1931),4.0,3.303513765335083
rw3296144,Taxi Driver (1976),5.0,3.8444225788116455
rw4600150,United 93 (2006),3.5,2.5698659420013428
rw2045351,Role Models (2008),4.0,3.7406628131866455
rw4299382,The Sea of Trees (2015),2.0,2.8129565715789795
rw3789949,Killing Ground (2016),3.0,2.753528356552124
rw4094328,The Thirteenth Chair (1929),1.0,3.687514543533325
rw4256946,Ready Player One (2018),2.5,3.502978563308716
rw2943290,Star Wars: Episode IV - A New Hope (1977),2.5,3.6562700271606445
rw1228683,Harry Potter and the Goblet of Fire (2005),4.0,3.5161349773406982
rw5692042,Normal People (2020),4.5,3.5662782192230225
rw2497653,"The Good, the Bad and the Ugly (1966)",4.5,3.186713457107544
rw6204304,Books of Blood (2020),1.0,3.3512346744537354
rw1376479,X-Men: The Last Stand (2006),2.5,3.4666574001312256
rw1794141,Love Actually (2003),2.5,3.9686543941497803
rw5219607,Fractured (I) (2019),5.0,2.9036121368408203
rw1900279,The Last Big Thing (1996),0.5,3.1431491374969482
rw5261677,See (2019– ),3.0,2.8225109577178955
rw2855147,Blue Jasmine (2013),5.0,3.633837938308716
rw6092662,The Way I See It (2020),4.5,3.021139144897461
rw0093392,Finders Keepers (1966),2.5,2.8799936771392822
rw1835651,Hot Dog (II) (1930),1.5,4.633541584014893
rw3401796,The Outlaw Michael Howe (2013 TV Movie),1.5,3.644510507583618
rw4379061,The Disaster Artist (2017),4.5,3.529736042022705
rw5328925,Le notti bianche (1957),5.0,3.7210474014282227
rw0656824,Spiders (2000),3.0,2.206252336502075
rw4996126,The InBetween (2019),0.5,3.4411957263946533
rw4578767,Joysticks (1983),2.0,2.978437900543213
rw3044046,Kill List (2011),0.5,3.0144522190093994
rw6210851,The Whittler (2020),1.0,3.599651575088501
rw4590981,Nocturnal Animals (2016),4.0,3.784271478652954
rw5037115,Gangs of Wasseypur (2012),5.0,3.5006489753723145
rw2920399,The Parallax View (1974),3.5,4.014936923980713
rw1123813,Charlie and the Chocolate Factory (2005),4.0,3.2504289150238037
rw4041772,The Tradesmen (2011),4.0,3.9094371795654297
rw1381504,Bad Education (2004),5.0,2.451838254928589
rw2064583,Star Trek (2009),2.5,2.960070848464966
rw1030978,Mark of the Devil (1970),2.0,3.7761619091033936
rw2308443,Nikita (2010–2013),1.5,3.6792333126068115
rw1074665,The Thing About My Folks (2005),5.0,3.144104480743408
rw2153401,The Men Who Stare at Goats (2009),4.0,3.3413805961608887
rw2055285,American Violet (2008),2.5,3.7479991912841797
rw5920198,Love Life (2020– ),5.0,3.6066718101501465
rw3554195,Operation Mekong (2016),5.0,3.3640999794006348
rw0065766,Some Came Running (1958),4.0,3.563654899597168
rw4830136,The Blackcoat's Daughter (I) (2015),3.5,3.6656458377838135
rw4702138,Captain Marvel (2019),5.0,3.4782962799072266
rw1578195,The Covenant (2006),3.0,3.0108513832092285
rw4080699,The Greatest Showman (2017),4.5,3.7198002338409424
rw4344184,Game of Thrones (2011–2019),5.0,4.160575866699219
rw1451112,The Apostle (1997),5.0,3.043724536895752
rw0077264,Gigot (1962),5.0,2.5962724685668945
rw6168068,Interreflections (2020),5.0,2.7181103229522705
rw0986620,Highlander (1986),4.5,3.4277074337005615
rw4425078,Shimmer Lake (2017),4.5,4.143209457397461
rw3100421,Haider (2014),4.5,3.327342987060547
rw4298139,Inbred (2011),0.5,3.177686929702759
rw0913694,De-Lovely (2004),5.0,3.452946186065674
rw3024252,The Tingler (1959),3.5,3.349822759628296
rw4910745,Absolutely Anything (2015),3.5,2.811896324157715
rw3611545,Knight of Cups (2015),1.0,3.5300543308258057
rw5583578,The Amazing Mr. Williams (1939),4.0,3.596278190612793
rw0202324,Liquid Sky (1982),4.5,3.5051541328430176
rw1169663,Kansen (2004),3.0,2.6085126399993896
rw1533869,American Dreamz (2006),4.0,3.3894877433776855
rw1475931,The Seven Year Itch (1955),5.0,3.201026678085327
rw5987174,Super Monsters (2017– ),5.0,3.758246660232544
rw0046321,Above and Beyond (1952),4.5,2.956500768661499
rw2246823,The Deer Hunter (1978),4.0,3.0120439529418945
rw5514732,Intelligence (2020– ),0.5,3.611731767654419
rw5880860,Daredevil (2015–2018),5.0,3.2734711170196533
rw1659614,Children of Men (2006),3.0,4.459534645080566
rw0108754,Popi (1969),5.0,3.409367322921753
rw0786393,L'adversaire (2002),4.0,4.200847148895264
rw3293215,Star Wars: Episode II - Attack of the Clones (2002),3.5,3.331724166870117
rw4063037,The Lincoln Lawyer (2011),2.0,2.574293851852417
rw1171790,I Am Dina (2002),5.0,2.820913076400757
rw1112051,Fullmetal Alchemist (2003–2004),4.5,3.5147171020507812
rw6385910,Four Weddings and a Funeral (2019),4.0,3.7400765419006348
rw3559247,The Siege of Jadotville (2016),3.0,3.989149332046509
rw5192123,I Spit on Your Grave (2010),1.0,2.669394016265869
rw2996291,Delivery Man (2013),5.0,3.2614824771881104
rw2208123,Fast & Furious (2009),4.0,2.904437780380249
rw0746462,The Pianist (2002),4.5,4.230558395385742
rw5880924,The Rookie (1990),3.5,2.6657705307006836
rw1419562,The Shawshank Redemption (1994),4.5,4.796311855316162
rw5228312,John Wick (2014),3.0,3.8130686283111572
rw1077041,Tarnation (2003),4.0,3.5455482006073
rw1394388,The Devil's Rejects (2005),5.0,3.6072733402252197
rw1384107,Four Brothers (2005),4.0,3.4010539054870605
rw6245533,Paranormal (2020– ),3.0,2.7805416584014893
rw1401790,End Game (2006),2.5,3.4649274349212646
rw4336871,If Beale Street Could Talk (2018),4.5,3.6330156326293945
rw4407290,The Haunting of Hill House (2018),5.0,3.6129608154296875
rw0993127,Super Fuzz (1980),1.0,3.1261403560638428
rw0693326,Mistress Madeleine (1986),2.0,3.534162759780884
rw3411985,The Imitation Game (2014),3.0,3.7677791118621826
rw0512230,Planet of the Apes (2001),1.5,2.29935884475708
rw2690618,Wrong Turn 5: Bloodlines (2012 Video),0.5,2.728747844696045
rw3455897,The Pyramid (2014),3.0,3.0137791633605957
rw1715845,Family Guy (1999– ),3.0,3.782256603240967
rw4771989,The Code (2019– ),1.5,3.3261053562164307
rw6128338,Enola Holmes (2020),4.5,3.720604658126831
rw5884219,Sufiyum Sujatayum (2020),5.0,4.1591925621032715
rw2484026,The Book of Eli (2010),0.5,3.445181369781494
rw5910231,The Invisible Man (I) (2020),4.0,3.294989824295044
rw2537067,The Adventures of Tintin (2011),5.0,3.139846086502075
rw5063930,Parey Hut Love (2019),1.0,3.70206356048584
rw5486173,High Fidelity (2020),5.0,3.620997190475464
rw1918631,The Swimmer (1968),4.5,3.6614139080047607
rw2879674,East of Shanghai (1931),3.5,3.5041191577911377
rw3465543,Locke (2013),5.0,2.569850206375122
rw3818305,Baby Driver (2017),4.0,3.569148540496826
rw2623838,One More River (1934),5.0,3.672429084777832
rw0599069,Gladiator (2000),5.0,4.057587623596191
rw5483577,The Goop Lab (2020– ),3.5,3.571389675140381
rw4930415,Good Girls (2018– ),4.5,4.303274631500244
rw1958577,The Zombie Diaries (2006),5.0,3.849804401397705
rw2338791,Morning Glory (2010),4.0,3.46894907951355
rw1795114,16 Blocks (2006),2.5,2.946310043334961
rw2533992,Sout-e payan (2011),3.5,3.6066718101501465
rw3745101,Amore tra le rovine (2015),2.5,3.5918238162994385
rw2898839,Seven Years in Tibet (1997),4.0,4.053874969482422
rw1401493,Nuvvostanante Nenoddantana (2005),4.0,3.1891260147094727
rw3195286,Maps to the Stars (2014),0.5,3.9964778423309326
rw1031835,All That Jazz (1979),4.5,3.7986273765563965
rw0461372,The Lord of the Rings: The Fellowship of the Ring (2001),4.0,3.648484706878662
rw5467026,Parasite (2019),5.0,3.620262384414673
rw2435157,The Taint (2011),4.5,3.5503485202789307
rw3663043,The Student (2016),4.0,3.4729011058807373
rw5010326,Lewis Black: Black to the Future (2016 TV Special),0.5,4.245706558227539
rw1030929,Inseminoid (1981),3.0,2.5354812145233154
rw2143842,Where the Wild Things Are (2009),5.0,3.7406351566314697
rw4073315,Star Wars: Episode VIII - The Last Jedi (2017),0.5,2.8262734413146973
rw0595866,The Haunting (1999),0.5,3.1152749061584473
rw1965675,Octopus (2000 Video),2.0,2.8336849212646484
rw1291037,Æon Flux (2005),1.5,4.140083312988281
rw3466811,Theri (2016),5.0,2.81032133102417
rw4290991,Blade Runner 2049 (2017),4.5,3.7993876934051514
rw3449402,The Lady from Shanghai (1947),3.5,3.450486183166504
rw3414190,Fury (2014),2.0,3.150062084197998
rw1310638,Saw II (2005),1.5,2.960730791091919
rw0431204,Scream 2 (1997),5.0,4.611059665679932
rw1913337,The Dark Knight (2008),5.0,3.9226815700531006
rw0701043,The Fast and the Furious (2001),2.5,2.479180335998535
rw2692023,Trash Humpers (2009),0.5,3.5465409755706787
rw4952616,Zombieland (2009),4.5,3.7155840396881104
rw2320925,Madrasapattinam (2010),4.0,3.3524250984191895
rw6450385,Chasing the Rain (2020),0.5,3.534162759780884
rw5632916,Resident Evil (2002),3.0,3.7700905799865723
rw1339322,The Benchwarmers (2006),0.5,3.8552823066711426
rw3013408,Omar (2013),3.0,4.0314717292785645
rw5139515,A Slight Case of Larceny (1953),3.0,3.985987901687622
rw1179775,Funny Man (1994),4.5,3.25010347366333
rw4012909,The Shape of Water (2017),5.0,3.0839900970458984
rw0310179,Memoirs of an Invisible Man (1992),4.0,3.1429905891418457
rw3703514,3 Generations (2015),2.5,3.005767583847046
rw5256669,Maleficent: Mistress of Evil (2019),4.5,2.620670795440674
rw5446863,Clerks (1994),2.0,4.1058478355407715
rw3812477,Baby Driver (2017),4.0,3.3395822048187256
rw2916195,Krrish 3 (2013),5.0,3.540862560272217
rw5765722,Fantasy Island (2020),1.0,5.0
rw2970432,Dallas Buyers Club (2013),4.0,3.5836827754974365
rw1852086,Little Women (1933),3.5,4.37453556060791
rw3842791,Kingsman: The Golden Circle (2017),0.5,3.3427484035491943
rw1107418,Les petits fils (2004),5.0,4.829488277435303
rw0348502,The Shawshank Redemption (1994),5.0,4.591540813446045
rw4615103,Charmed (2018– ),0.5,3.156625986099243
rw1280968,Plankton (1994 Video),3.0,3.697376251220703
rw2937947,The Portal (I) (2010),0.5,3.8252034187316895
rw1085851,American Beauty (1999),5.0,3.223663091659546
rw0658819,Dr. T & the Women (2000),1.5,2.789170026779175
rw1075774,Kingdom of Heaven (2005),3.5,4.275335311889648
rw3194901,Kingsman: The Secret Service (2014),4.5,2.9310553073883057
rw4521272,The 12th Man (2017),4.0,3.178291082382202
rw2208178,Ninja (2009),3.0,4.381839752197266
rw0237339,White Slave (1985),3.0,3.5440142154693604
rw3066491,Kissing Darkness (2014),0.5,2.535107135772705
rw2803221,Star Trek Into Darkness (2013),1.0,2.9620893001556396
rw0656681,One Night at McCool's (2001),3.5,3.4563043117523193
rw3101519,Time Out of Mind (2014),0.5,2.8205671310424805
rw4992211,El hombre de al lado (2009),4.5,3.5255730152130127
rw4684412,Bodyguard (2018),4.5,2.9209892749786377
rw1636728,Panic in the Streets (1950),3.5,3.5383338928222656
rw0981940,And Justice for All (1979),4.0,3.0329489707946777
rw2563560,The Tree of Life (2011),1.0,3.067617177963257
rw0553053,Jawbreaker (1999),2.5,3.5637528896331787
rw2672160,The Man Who Knew Too Much (1934),4.0,3.424976110458374
rw5776149,Public Enemies (2009),4.0,3.0569424629211426
rw3771586,Girlfriend Killer (2017 TV Movie),2.5,3.5327301025390625
rw2101708,Transformers: Revenge of the Fallen (2009),1.5,2.2960705757141113
rw4290612,Heathers (2018),5.0,3.3488383293151855
rw4230878,The First Purge (2018),4.0,2.9674322605133057
rw1049570,What I Want My Words to Do to You: Voices from Inside a Women's Maximum Security Prison (2003),5.0,3.2801923751831055
rw1789285,The Thing (1982),5.0,3.265200614929199
rw4803945,Shazam! (2019),0.5,3.2899022102355957
rw3524731,The Get Down (2016–2017),4.5,2.8854782581329346
rw0247978,No Way Out (1987),5.0,3.2244489192962646
rw6226003,Endless Corridor (2014),5.0,3.534162759780884
rw5735954,The Shawshank Redemption (1994),5.0,4.622564315795898
rw5501774,The Last Man on Earth (1964),3.0,3.526265859603882
rw1932675,Two Thousand Maniacs! (1964),3.0,3.6120033264160156
rw1913802,Hopalong Cassidy Returns (1936),5.0,3.9009363651275635
rw5053252,The Giant Gila Monster (1959),2.0,2.9024658203125
rw1477934,I Am a Sex Addict (2005),0.5,2.916672945022583
rw1675965,Army Wives (2007–2013),5.0,3.534162759780884
rw4299340,Suburban Commando (1991),3.5,3.0670979022979736
rw4125479,Murder on the Orient Express (2017),2.5,3.4490487575531006
rw6403807,Godmothered (2020),2.0,2.859712600708008
rw0752716,Road to Perdition (2002),4.0,3.1545567512512207
rw4095525,Brimstone (2016),4.0,2.925337076187134
rw1138973,Charlie and the Chocolate Factory (2005),5.0,3.2504289150238037
rw2425686,The Love Parade (1929),3.5,3.0805015563964844
rw6302103,Cinema Paradiso (1988),5.0,3.724658489227295
rw1529741,That's Carry On! (1977),2.5,3.957343816757202
rw0848064,Barbershop (2002),2.5,3.868304491043091
rw1779110,The Love Letter (1999),3.5,3.7055482864379883
rw3662008,Logan (2017),3.0,2.4521844387054443
rw0599875,Gladiator (2000),4.0,3.8370234966278076
rw1139581,Sky High (2005),4.0,3.0515191555023193
rw4685612,Suppose They Gave a War and Nobody Came (1970),2.5,3.2878925800323486
rw3176709,Holiday: A Soldier is Never Off Duty (2014),5.0,3.152714729309082
rw0265830,The 'Burbs (1989),5.0,3.0027716159820557
rw3123171,The Dorm That Dripped Blood (1982),3.5,4.046934604644775
rw2184324,Bad Reputation (2005),1.0,2.54636549949646
rw2349105,The Extra Man (2010),2.5,3.5845258235931396
rw0679026,Pearl Harbor (2001),0.5,2.0431883335113525
rw6004446,The Tax Collector (2020),3.0,2.6391236782073975
rw4731850,Battlestar Galactica (2004–2009),5.0,3.512169122695923
rw2784578,Adventures in Babysitting (1987),4.0,3.2184507846832275
rw2767351,S. Darko (2009),5.0,3.857942581176758
rw4202790,BrainDead (2016),3.5,3.8695011138916016
rw2736792,Blood and Lace (1971),1.5,3.2336246967315674
rw5600382,The Guilty (2018),3.5,3.190871477127075
rw5943199,Arbitrage (2012),3.0,2.892086982727051
rw0495664,Shrek (2001),5.0,4.107019424438477
rw4611100,Polar (I) (2019),5.0,2.460043430328369
rw1669343,Catch and Release (II) (2006),2.5,3.4378952980041504
rw3451925,Star Wars: Episode VII - The Force Awakens (2015),3.5,2.48439359664917
rw6090734,Constantine (2005),3.0,3.0848453044891357
rw3679372,Looking for Ms. Locklear (2008),4.5,3.6865193843841553
rw3715249,The Americans (2013–2018),2.5,3.534162759780884
rw2105016,The Farmer Takes a Wife (1935),3.0,3.158643960952759
rw0606727,Galaxy Quest (1999),2.0,2.3684327602386475
rw6325664,The Christmas Chronicles: Part Two (2020),5.0,3.940753221511841
rw3518657,An American Rhapsody (2001),1.0,2.0170512199401855
rw1706782,Jesus Camp (2006),4.5,3.7665860652923584
rw1016406,A Man for All Seasons (1966),4.5,3.945570230484009
rw1113343,The Jerk (1979),3.0,3.169311046600342
rw3408802,Shoah (1985),2.0,3.1032955646514893
rw2086813,Transformers: Revenge of the Fallen (2009),0.5,2.238926887512207
rw1081790,Chaplin (1992),5.0,3.3098130226135254
rw1427765,Relative Strangers (2006),4.0,3.1569621562957764
rw5200994,Primal (2019– ),5.0,2.8427319526672363
rw5210126,Arctic (2018),0.5,3.3362929821014404
rw0864346,Runaway Jury (2003),1.0,3.677659273147583
rw4043947,Step Sisters (2018),4.0,3.5890231132507324
rw3556016,True Blood (2008–2014),5.0,2.7601754665374756
rw5454110,It Chapter Two (2019),0.5,3.4409260749816895
rw2568445,Beginners (2010),1.5,3.0960805416107178
rw5682799,Brazil (1985),5.0,4.215118408203125
rw4173001,Carter & June (2017),4.5,2.283766984939575
rw3726045,The Mummy (2017),3.0,2.746422052383423
rw5525869,A Wakefield Project (2019),0.5,3.1782004833221436
rw6180435,Affenkönig (2016),3.0,3.431380033493042
rw3302264,Straight Outta Compton (2015),5.0,3.2340409755706787
rw4720177,Stratton (2017),4.0,3.414994239807129
rw6394089,The Midnight Sky (2020),4.0,2.9178147315979004
rw3720752,Forsaken (I) (2015),3.0,3.7740962505340576
rw3116422,Starry Eyes (2014),3.5,3.5953848361968994
rw4599211,What the Bleep!?: Down the Rabbit Hole (2006),1.5,3.0844104290008545
rw2250665,Transformers: Revenge of the Fallen (2009),1.0,2.554130792617798
rw6272372,Bloody Ballet (2018),2.0,2.850637912750244
rw3226823,The Cabin in the Woods (2011),3.0,3.248995780944824
rw3102740,Meet the Mormons (2014),5.0,4.510181427001953
rw2082641,Transformers (2007),4.0,3.3085806369781494
rw4227449,Justin Bieber: Never Say Never (2011),5.0,3.366145372390747
rw3365532,8 Million Ways to Die (1986),3.0,3.005936861038208
rw5147231,Bard of Blood (2019– ),5.0,4.0608720779418945
rw3857761,Murder on the Orient Express (2017),3.0,3.640825033187866
rw4110928,The Titan (2018),2.0,2.7527756690979004
rw4321195,Star Wars: Episode III - Revenge of the Sith (2005),4.0,3.8781399726867676
rw5671042,Extraction (2020),0.5,3.3089826107025146
rw0722553,The Man Who Wasn't There (2001),3.5,4.057098865509033
rw6430060,Paurashpur (2020– ),5.0,3.5662782192230225
rw0825348,X-Men 2 (2003),4.5,4.673363208770752
rw1916395,Airplane II: The Sequel (1982),3.0,3.6762173175811768
rw5011250,Ardaas Karaan (2019),5.0,3.7354278564453125
rw3552192,Mr. Church (2016),5.0,3.399517059326172
rw5499705,Patriot (II) (2015–2018),5.0,3.8530375957489014
rw0869935,Spider-Man 2 (2004),5.0,3.867341995239258
rw4838830,iMurders (2008),2.5,3.974740982055664
rw3736679,Bo Burnham: Make Happy (2016 TV Special),0.5,2.818484306335449
rw5888474,Two Lovers (2008),5.0,3.422619104385376
rw4431254,A Star Is Born (2018),2.5,2.8771450519561768
rw2406003,Wallander (2008–2016),4.0,3.4997756481170654
rw1308953,Hackers (1995),0.5,2.9779574871063232
rw4796730,Destined to Be Ingested (2008),1.5,2.349778413772583
rw1809376,The Art of Travel (2008),4.5,2.9280054569244385
rw4427843,Smoke (2018–2019),4.0,3.0686697959899902
rw1541138,Pulp Fiction (1994),5.0,3.9417481422424316
rw0038742,Portrait of Jennie (1948),5.0,3.799834966659546
rw0673841,Tully (2000),5.0,3.4651901721954346
rw2598964,The Glass Key (1942),4.5,3.3566513061523438
rw3201786,Exodus: Gods and Kings (2014),0.5,3.8406853675842285
rw3377816,In the Heart of the Sea (2015),3.5,3.5671749114990234
rw4202873,The Last Guest (2017),3.0,3.6165356636047363
rw2161891,破碎的擁抱 (2009),3.5,3.0508604049682617
rw0032935,The Picture of Dorian Gray (1945),3.5,3.1007049083709717
rw0427454,Nightwatch (1997),4.0,3.120988607406616
rw4324464,The Nun (2018),0.5,3.273329496383667
rw6063540,Infidelity in Suburbia (2017 TV Movie),1.0,2.7119035720825195
rw3621020,The Legend of Tarzan (2016),4.0,2.878464698791504
rw4259731,The Hangover (2009),0.5,2.760512113571167
rw0677891,Pearl Harbor (2001),5.0,2.0431883335113525
rw1527964,Guest House Paradiso (1999),3.0,3.607914686203003
rw3523802,You Only Live Twice (1967),4.0,3.34845232963562
rw3856586,Death on the Diamond (1934),4.5,3.483492374420166
rw5566159,One Way (IV) (2016),1.0,4.579326152801514
rw0565722,Cast Away (2000),2.5,3.721724033355713
rw6297984,Run (I) (2020),3.5,3.3560264110565186
rw0179341,Raise the Titanic (1980),0.5,2.9254157543182373
rw1735247,The Bourne Ultimatum (2007),1.0,2.6016623973846436
rw6222432,Christine (1983),4.0,3.703361749649048
rw5992272,Gunjan Saxena: The Kargil Girl (2020),4.5,3.6870501041412354
rw3800720,It (I) (2017),4.0,3.3536319732666016
rw0727829,Windtalkers (2002),0.5,2.5185933113098145
rw6104404,Dolly Kitty and Those Twinkling Stars (2019),5.0,2.934523820877075
rw4380824,The Best Exotic Marigold Hotel (2011),4.0,4.34230375289917
rw5548468,Spenser Confidential (2020),0.5,2.5077717304229736
rw0843009,Hero (2002),2.5,2.340872049331665
rw1566944,Boy-Next-Door (2004),5.0,3.7136428356170654
rw2373555,Nowhere Boy (2009),3.5,4.155601978302002
rw0153028,Exorcist II: The Heretic (1977),2.5,3.12165904045105
rw3527008,Little Devils: The Birth (1993),3.0,3.324253797531128
rw0978931,Close Your Eyes (2002),1.5,4.5803422927856445
rw3836107,Baby Driver (2017),4.0,3.3395822048187256
rw3192644,Drive In Massacre (1976),1.0,3.7871105670928955
rw4311680,Mamma Mia! Here We Go Again (2018),2.0,2.8074185848236084
rw3869971,Coco (I) (2017),5.0,4.241514205932617
rw1335214,Oldboy (2003),0.5,3.4888994693756104
rw5853675,Rurouni Kenshin Part I: Origins (2012),4.5,3.3737401962280273
rw3402765,Ti guan (1979),5.0,3.534162759780884
rw5719602,Crossroads (1986),3.5,3.5051443576812744
rw4132009,Jumanji: Welcome to the Jungle (2017),3.5,3.101102352142334
rw4417817,The Haunting of Hill House (2018),4.5,3.6129608154296875
rw3000831,The Amazing Spider-Man 2 (2014),0.5,3.785175085067749
rw0545078,The Legend of Bagger Vance (2000),0.5,3.1983230113983154
rw2624133,Skew (2011),0.5,3.221116065979004
rw3831404,Insidious (I) (2010),3.0,3.3728458881378174
rw5450769,Anveshanam (2020),4.0,3.6066718101501465
rw5458820,Registe (2014),5.0,3.7866272926330566
rw3290560,Tag (2015),4.0,3.0473506450653076
rw3078831,The Prince (I) (2014),4.5,2.745938539505005
rw1201353,Finding Nemo (2003),1.0,2.9142913818359375
rw3444377,The Hateful Eight (2015),2.5,3.290421724319458
rw4408998,Gone (I) (2012),2.5,2.951284408569336
rw4405866,Titans (I) (2018– ),0.5,3.8320670127868652
rw0393931,The Rock (1996),5.0,4.1475324630737305
rw1464565,Mountain Patrol (2004),5.0,3.034342050552368
rw5658224,Over the Hedge (2006),2.0,3.216513156890869
rw5381109,Tõde ja õigus (2019),5.0,3.0869429111480713
rw4257527,The Shawshank Redemption (1994),3.5,4.796311855316162
rw4480994,Ralph Breaks the Internet (2018),2.5,3.7777822017669678
rw5120592,Dream Girl (III) (2019),4.5,3.949634075164795
rw2966782,Wreckage (I) (2010),3.5,3.714207887649536
rw1783205,Transformers (2007),1.5,3.187326431274414
rw6018679,The Perfect Storm (2000),4.0,3.046799421310425
rw5491619,Adults in the Room (2019),5.0,2.4110605716705322
rw6271363,Knock Knock (I) (2015),4.0,2.981642723083496
rw3666892,The Blood Is at the Doorstep (2017),5.0,3.0435495376586914
rw5585472,Sling Blade (1996),4.0,3.863703489303589
rw4717513,Captain Marvel (2019),3.0,3.4782962799072266
rw1912745,The Dark Knight (2008),5.0,3.9226815700531006
rw2269190,Accepted (2006),4.0,3.8295884132385254
rw2246249,Iron Man 2 (2010),4.0,3.4927384853363037
rw0162704,Night Cries (1978 TV Movie),5.0,2.6236155033111572
rw1128401,War of the Worlds (2005),3.5,3.843069314956665
rw0654845,Moulin Rouge! (2001),5.0,2.7869958877563477
rw2908779,Steamboy (2004),2.0,2.6755785942077637
rw2009415,Life Is Beautiful (1997),4.0,4.544434070587158
rw1150239,Four Brothers (2005),5.0,3.216017961502075
rw3331145,Money Train (1995),3.5,3.531815767288208
rw4940737,All Roads Lead (2013),1.0,3.5662782192230225
rw3344136,Steve Jobs (2015),2.5,3.624460458755493
rw3232699,Black or White (2014),4.0,3.327460527420044
rw5936040,Dil Bechara (2020),5.0,4.1187663078308105
rw3340087,The Purge (I) (2013),2.5,2.902316093444824
rw5409403,Bumblebee (I) (2018),3.0,3.032975673675537
rw1653006,FTV (1985– ),5.0,3.6066718101501465
rw2547621,Catwoman (2004),0.5,2.6236767768859863
rw2135419,Eraserhead (1977),2.5,3.8591699600219727
rw1456590,Mulholland Dr. (2001),3.5,2.461435079574585
rw6083425,Away (2020),0.5,3.2730512619018555
rw2644412,黑店狂想曲 (1991),4.5,3.783511161804199
rw5220057,The War of the Worlds (2019),1.5,3.7637367248535156
rw1913062,The Cradle (2007),2.5,4.060866832733154
rw1889921,The Searchers (1956),5.0,3.7680342197418213
rw0856192,Honogurai mizu no soko kara (2002),2.0,3.422558069229126
rw3239821,Project Almanac (2015),1.0,2.689811944961548
rw3673835,Criminal Minds (2005–2020),1.0,2.7284319400787354
rw6116956,The Invisible Man (I) (2020),3.5,3.1085243225097656
rw4497454,The Fear Footage (2018),1.0,3.660998821258545
rw0080840,Charade (1963),4.5,4.145572185516357
rw0046337,Against All Flags (1952),3.0,3.4613211154937744
rw2748424,福爾摩斯與華生 (2012–2019),2.5,3.5037684440612793
rw5450605,Midsommar (2019),0.5,2.96490478515625
rw3528429,Tracks (I) (2013),3.5,3.795759916305542
rw5464414,Monster-in-Law (2005),3.5,2.854473352432251
rw0103406,Night of the Living Dead (1968),5.0,3.832174062728882
rw3748129,The Red Turtle (2016),4.5,3.9289162158966064
rw4507645,NXT TakeOver: Brooklyn IV (2018 TV Special),3.5,3.387629747390747
rw1692308,Opposite Sex (2000),5.0,3.624842882156372
rw1487550,Heat Wave (1990 TV Movie),4.0,3.9585530757904053
rw4197971,Shooter (2016–2018),3.0,3.5502147674560547
rw4738312,Beauty and the Beast (1991),5.0,3.974245071411133
rw6339600,The Highwaymen (2019),4.5,3.6602253913879395
rw2332177,"The Chronicles of Narnia: The Lion, the Witch and the Wardrobe (2005)",4.5,4.051988124847412
rw0897586,Lost in Translation (2003),3.5,2.7208292484283447
rw2451333,Hugs and Mugs (1950),3.5,3.7866272926330566
rw1029985,Girl Fever (2002),3.5,3.70206356048584
rw2909649,Intolerance: Love's Struggle Throughout the Ages (1916),4.0,3.9571094512939453
rw2239248,No Impact Man: The Documentary (2009),4.0,3.333937644958496
rw1110664,Land of the Dead (2005),5.0,3.445315361022949
rw3015080,The Flight of Dragons (1982 Video),4.5,4.077490329742432
rw4210590,Goliath (2016– ),4.5,3.066225290298462
rw3871900,The Viking Queen (1967),2.5,3.3084516525268555
rw6130057,Tenet (2020),4.5,3.441509962081909
rw3355066,Mr. and Mrs. North (1942),3.0,3.1359784603118896
rw0469386,Safe Men (1998),5.0,3.2552614212036133
rw4258456,Mission: Impossible - Fallout (2018),4.0,3.455674171447754
rw4155125,Deception (2018),2.5,3.164217710494995
rw3483580,X-Men: Apocalypse (2016),3.5,3.9371869564056396
rw3756003,Song of Scheherazade (1947),4.0,3.7283246517181396
rw5596257,Star Wars: Episode VII - The Force Awakens (2015),0.5,3.049862861633301
rw3450473,The Death of Superman Lives: What Happened? (2015),4.0,2.7771217823028564
rw5435673,Harley Street (2008– ),0.5,2.2936153411865234
rw5502597,The Pale Horse (2020),0.5,2.8759326934814453
rw2839730,Spring Breakers (2012),0.5,3.6265316009521484
rw0430001,Passion's Way (1999 TV Movie),3.0,2.7486937046051025
rw5658393,Triple Frontier (2019),4.5,3.5802550315856934
rw1211273,Natural Born Killers (1994),5.0,3.610027551651001
rw5278854,A Beautiful Day in the Neighborhood (2019),2.5,3.378105878829956
rw3771923,Son of Bigfoot (2017),5.0,3.074411153793335
rw4419373,The Killing of a Sacred Deer (2017),2.0,3.431710958480835
rw4444928,Batman (1989),4.0,4.180692672729492
rw5154379,Emergence (2019–2020),4.5,3.540358066558838
rw0897072,Lost in Translation (2003),4.5,2.976445198059082
rw2478693,Jonathan Livingston Seagull (1973),2.0,3.4719409942626953
rw4805927,Avengers: Endgame (2019),3.0,4.0287394523620605
rw0874169,Angels in America (2003),4.0,4.1476216316223145
rw5620644,Shikara (2020),4.5,3.3948566913604736
rw2000882,Batman (1989),4.0,4.403162479400635
rw1466258,Cellular (2004),3.5,3.0182955265045166
rw4368412,God Friended Me (2018–2020),5.0,4.120516777038574
rw2972913,X-15 (1961),2.5,2.7469279766082764
rw4237348,How It Ends (2018),4.5,3.110952138900757
rw1049324,Internal Affairs (1990),3.0,3.184293270111084
rw5503960,Sanditon (2019),2.0,3.5662782192230225
rw1895553,Hollywood Steps Out (1941),5.0,4.011551380157471
rw1679010,Mr. Brooks (2007),4.5,3.7369260787963867
rw5246788,Jojo Rabbit (2019),4.5,3.4511263370513916
rw3211019,It Follows (2014),3.5,3.6114652156829834
rw2056589,The Adventures of Mark Twain (1944),3.5,2.8037052154541016
rw4199765,The Lesson (2015),1.5,3.0107414722442627
rw4203075,Incredibles 2 (2018),5.0,3.799834966659546
rw5895619,The Berlin Bride (2020),5.0,3.3783464431762695
rw4658115,Exorcist II: The Heretic (1977),3.0,3.12165904045105
rw4101577,Life After Manson (2014),3.0,3.3333065509796143
rw4098924,Jason Bourne (I) (2016),0.5,3.087683916091919
rw5529282,Sonic the Hedgehog (2020),5.0,3.8135287761688232
rw3694611,The Penthouse (1967),3.5,2.680863618850708
rw0424575,Ma vie en rose (1997),5.0,3.4699249267578125
rw1825406,I Met the Walrus (2007),3.0,2.935941696166992
rw5840177,The Last of Us: Part II (2020 Video Game),2.5,3.6889333724975586
rw4610271,Suicide Squad (2016),0.5,2.8075437545776367
rw2614903,Department (2012),0.5,3.704726457595825
rw2773369,Money Movers (1978),3.5,2.6803579330444336
rw2963090,Sirens (1994),4.0,3.575950860977173
rw3499405,The Admiral: Roaring Currents (2014),3.5,3.5227906703948975
rw0576772,Detroit Rock City (1999),4.0,3.5640714168548584
rw1768338,Thompson (1988),5.0,3.70206356048584
rw1781780,Merry Christmas Mr. Lawrence (1983),5.0,3.006990671157837
rw4810530,Dumbo (2019),2.0,3.7316157817840576
rw1566407,Windtalkers (2002),1.0,2.5185933113098145
rw1344585,Riki Riki (2005),4.0,3.6066718101501465
rw5067786,The Rebound (2009),5.0,3.634739875793457
rw0148479,La marge (1976),5.0,3.5599465370178223
rw2063744,Star Trek (2009),4.0,2.851346969604492
rw6183002,Hot Mess (2018),5.0,3.30012583732605
rw3377634,The Cape Town Affair (1967),2.5,2.7582974433898926
rw1011833,Coward of the County (1981 TV Movie),2.5,3.3720173835754395
rw1686003,The Adventures of Buckaroo Banzai Across the 8th Dimension (1984),4.0,2.6064321994781494
rw1615401,內陸帝國 (2006),4.5,3.9914002418518066
rw3576900,The Hateful Eight (2015),0.5,3.4404518604278564
rw2565976,The Children (2008),3.5,2.735697031021118
rw1312196,The Women of Charmed (2000 TV Movie),4.5,3.365907669067383
rw1339160,Fahrenheit 9/11 (2004),4.0,2.5118963718414307
rw4982564,Midsommar (2019),3.0,3.1875784397125244
rw5984837,Three Colors: Red (1994),3.5,3.2013049125671387
rw4039774,Iron Sky (2012),4.0,3.0282084941864014
rw3769011,Sylvia Scarlett (1935),2.0,2.8970229625701904
rw0200773,Eddie and the Cruisers (1983),5.0,2.9777815341949463
rw1971156,The List (I) (2007),0.5,4.0489349365234375
rw0950476,Anything But Love (2002),4.5,3.9244844913482666
rw5815699,Godzilla: King of the Monsters (2019),2.5,3.3812849521636963
rw0707438,Better Than Sex (2000),2.0,3.6132314205169678
rw5410786,Resident Evil: Extinction (2007),3.5,2.068890333175659
rw4629015,Polar (I) (2019),4.0,2.460043430328369
rw4127555,The Good Fight (I) (2017– ),4.0,3.8834047317504883
rw2640144,The Hill (1965),5.0,2.621086359024048
rw3202761,Interstellar (2014),4.0,3.3300325870513916
rw5927777,Ad Astra (2019),5.0,3.171799421310425
rw5817000,The Victims' Game (2020– ),4.5,3.1260900497436523
rw5220738,Gummo (1997),0.5,3.7262754440307617
rw4898832,Spider-Man: Into the Spider-Verse (2018),5.0,3.327371835708618
rw6226606,Endless Corridor (2014),5.0,3.6066718101501465
rw1699668,1408 (2007),5.0,3.0233113765716553
rw6104152,The Cabin in the Woods (2011),4.0,3.248995780944824
rw1563722,Guilty by Association (2003 Video),0.5,2.8496460914611816
rw1162226,Titanic (1997),5.0,3.757564067840576
rw0203125,Never Say Never Again (1983),3.0,3.2582359313964844
rw2549246,Brideshead Revisited (2008),1.5,2.6797034740448
rw4794558,Forrest Gump (1994),5.0,4.4040846824646
rw3030409,Edge of Tomorrow (2014),4.0,2.90690279006958
rw4575071,Uri: The Surgical Strike (2018),4.0,3.4865968227386475
rw1386378,Molokai (1999),3.5,2.7819838523864746
rw4608394,Unbreakable (2000),4.0,3.848228931427002
rw1772357,High School Musical (2006 TV Movie),0.5,3.372579336166382
rw3496527,De Palma (2015),5.0,2.8127236366271973
rw5622239,Black Sabbath (1963),3.5,3.2158632278442383
rw6200781,Lady Bird (2017),3.5,3.2185819149017334
rw3231694,The Good Wife (2009–2016),5.0,3.542888879776001
rw2803804,Gregory Go Boom (2013),5.0,3.5662782192230225
rw6012049,Sputnik (2020),3.5,2.84250545501709
rw5665503,The Willoughbys (2020),5.0,3.6536121368408203
rw1502416,The Cat in the Hat (2003),3.0,3.553208589553833
rw4534933,Holmes & Watson (2018),0.5,3.6771183013916016
rw3069658,Kick-Ass 2 (2013),2.5,3.632089853286743
rw4355045,A Simple Favor (2018),0.5,2.646131753921509
rw2806106,Father and Daughter (2000),3.5,3.9983036518096924
rw4447585,"Like, la leyenda (2018– )",0.5,3.214442729949951
rw3677492,The Walking Dead (2010– ),5.0,2.5262532234191895
rw1615542,危機四伏 (2000),1.5,2.609022617340088
rw5984036,Anelka: Misunderstood (2020),0.5,3.085658311843872
rw0011687,The World Changes (1933),3.0,3.656127452850342
rw4993277,13 Graves (2019),4.0,2.4174413681030273
rw5945346,Mrs. Serial Killer (2020),5.0,3.9753785133361816
rw2116667,The Mean Season (1985),3.5,2.6939663887023926
rw5978223,Mortal (I) (2020),3.5,3.15141224861145
rw0663729,Çalikusu (1966),5.0,2.5949487686157227
rw4306117,Slender Man (2018),5.0,2.860319137573242
rw1783340,1408 (2007),2.5,3.0233113765716553
rw4370257,Halloween (1978),5.0,3.7516987323760986
rw5557114,C Kkompany (2008),3.5,3.6723792552948
rw2243006,A Nightmare on Elm Street (2010),1.5,3.568747043609619
rw2393668,The Big Trail (1930),3.5,3.517941951751709
rw6218729,Strangerland (2015),4.0,2.912508249282837
rw2833163,Crossing Lines (2013–2015),3.5,3.5662782192230225
rw1244917,King Kong (2005),4.0,3.0134122371673584
rw1592060,The Messengers (2007),2.0,2.612896203994751
rw6047601,Blow the Man Down (2019),4.0,4.482315540313721
rw5742703,The Farewell (I) (2019),3.0,3.7828192710876465
rw3524267,Grimm (2011–2017),2.0,2.710117816925049
rw2246826,The Perfect Game (2009),4.5,3.2033565044403076
rw1162247,Sahara (2005),3.5,4.472263336181641
rw2850672,Law Abiding Citizen (2009),2.5,3.3731234073638916
rw5607841,Resident Evil 6 (2012 Video Game),4.0,3.066119432449341
rw5017918,Another Life (2019– ),0.5,2.767686367034912
rw1842331,Carver (2008 Video),3.5,2.4754650592803955
rw4758989,Ambulance (2016– ),5.0,4.707644462585449
rw3794198,Shot Caller (2017),2.5,3.203430414199829
rw4716672,Bad Lieutenant (1992),5.0,2.9725961685180664
rw1245816,A Christmas Carol (1984 TV Movie),5.0,4.363895893096924
rw5092572,The Dead Don't Die (2019),4.5,2.755934476852417
rw5535347,Rebro Adama (1991),4.5,3.477444648742676
rw4712073,Captain Marvel (2019),5.0,3.4782962799072266
rw2591887,Wrath of the Titans (2012),3.5,3.2004926204681396
rw3005381,Elf (2003),4.0,4.188436031341553
rw2967313,Filth (I) (2013),4.0,3.3465163707733154
rw0659480,The Dish (2000),5.0,2.439481496810913
rw6354012,The Invisible Guardian (2017),4.5,3.475188732147217
rw3437920,Bennie Stout (2011),5.0,3.7247073650360107
rw4483200,The Big Short (2015),5.0,3.872844696044922
rw2475871,Reservation (2011),2.5,3.5727765560150146
rw4173762,Maps to the Stars (2014),4.5,3.3142342567443848
rw4563771,Ricochet (1991),0.5,3.2587687969207764
rw1564354,Happily N'Ever After (2006),2.5,3.060468912124634
rw1505119,Torchwood (2006–2011),2.5,3.5662782192230225
rw4894768,Fail Safe (1964),4.5,3.3663716316223145
rw3413994,The Revenant (2015),0.5,3.044361114501953
rw2297999,No Country for Old Men (2007),3.5,3.721790313720703
rw4159878,Not Suitable for Children (2012),4.0,3.4097139835357666
rw4170059,Cargo (I) (2017),3.0,3.2918386459350586
rw1888023,Guess Who's Coming to Dinner (1967),4.5,3.6651360988616943
rw3440234,Batman v Superman: Dawn of Justice (2016),4.5,3.0779316425323486
rw3479693,Take Back Your Power (2013),3.0,3.5662782192230225
rw5084535,Aliens (1986),5.0,3.2437238693237305
rw4689208,Char Man (2019),0.5,2.9716873168945312
rw1397049,Livelihood (2005),4.5,3.0672523975372314
rw4902236,The Angry Video Game Nerd (2004– ),5.0,2.177361488342285
rw4807536,The Orville (2017– ),4.5,3.612379312515259
rw5480229,Edge of the Axe (1988),1.0,2.929572820663452
rw0278969,Awakenings (1990),5.0,3.0297937393188477
rw3030019,Phantoms (1998),3.0,2.086815357208252
rw5772346,Jason X (2001),0.5,2.9652910232543945
rw3458522,Where to Invade Next (2015),5.0,4.28261661529541
rw0460812,The Lord of the Rings: The Fellowship of the Ring (2001),1.0,3.6816694736480713
rw4228118,Deceived (1991),3.5,3.567702054977417
rw4547283,Santa Claus Conquers the Martians (1964),3.0,3.876060724258423
rw6424909,The Orville (2017– ),5.0,3.7673513889312744
rw1170450,Kelly's Heroes (1970),4.5,3.1288609504699707
rw0160375,Halloween (1978),5.0,3.8846452236175537
rw1640087,Long Way Round (2004–2010),1.0,3.43923282623291
rw3676478,RoboCop (1988),4.0,3.8980555534362793
rw1495321,The Evil of Frankenstein (1964),3.0,3.614560842514038
rw4626603,Green Book (2018),4.5,3.5730082988739014
rw4307500,Pieces (1982),3.5,2.675759792327881
rw5702216,Wonderwall (1968),1.5,3.400505304336548
rw3514880,Arnold (1973),1.0,4.329232215881348
rw5839191,Detective Byomkesh Bakshy! (2015),5.0,4.528592109680176
rw5190383,Love Is Not Enough (I) (2019),5.0,3.2005276679992676
rw0455703,Halloween H20: 20 Years Later (1998),2.0,2.6912002563476562
rw2968131,Cloverfield (2008),0.5,2.968684434890747
rw5890359,Fantasy Island (2020),0.5,4.526585102081299
rw2247797,Simón del desierto (1965),4.0,3.325186252593994
rw5775746,Grant (2020),4.0,2.639686346054077
rw5742117,Scoob! (2020),0.5,3.586792230606079
rw4610480,Silenced (2011),5.0,2.7483575344085693
rw2307612,Once a Thief (1965),3.5,3.528106451034546
rw4228504,Marcella (2016– ),4.5,4.356517791748047
rw4056220,The Last Man on Earth (2015–2018),4.5,3.1495347023010254
rw6332982,The Big Lebowski (1998),5.0,3.0514543056488037
rw1613759,The Return of Doctor X (1939),3.0,2.4815659523010254
rw0511165,The Matrix (1999),5.0,3.327000617980957
rw2918846,Turner & Hooch (1989),1.0,3.611504077911377
rw3237396,Teenage Mutant Ninja Turtles (2014),2.5,2.835752010345459
rw1528920,Curse of the Demon (1957),4.5,3.1576931476593018
rw6390103,Jett (2019– ),5.0,3.0499167442321777
rw4915276,Repossessed (1990),0.5,4.741715431213379
rw4178130,A Quiet Place (2018),1.5,3.4917380809783936
rw2815005,Full Metal Jacket (1987),4.5,2.8568432331085205
rw1451145,Snakes on a Plane (2006),3.0,4.460433006286621
rw5827064,The Family (I) (2013),2.5,3.2942590713500977
rw6018630,The Babadook (2014),0.5,4.046076774597168
rw4591592,Glass (2019),5.0,3.819274663925171
rw6224287,Endless Corridor (2014),0.5,3.70206356048584
rw5699360,2 Guns (2013),5.0,3.051743745803833
rw2988640,The Green Mile (1999),4.5,3.424250364303589
rw0656981,Animal Factory (2000),4.0,3.3506126403808594
rw1143873,The Chumscrubber (2005),0.5,2.660245656967163
rw4718922,What Lies Ahead (2019),4.5,2.90405011177063
rw1366999,Curb Your Enthusiasm (2000– ),5.0,4.209049224853516
rw2072512,Meet the Spartans (2008),1.0,2.6397218704223633
rw5203210,The Haunting of Hill House (2018),5.0,3.7348196506500244
rw4713172,Valerian and the City of a Thousand Planets (2017),5.0,2.91098690032959
rw3030808,About Last Night (2014),2.5,3.031456708908081
rw1843923,Hardcore (1979),3.5,3.9982120990753174
rw4094131,Flower (I) (2017),0.5,3.9417014122009277
rw2408098,True Heart Susie (1919),3.0,2.6428418159484863
rw5315404,Playmobil: The Movie (2019),3.0,3.5559089183807373
rw4042921,Mountain (I) (2017),1.5,3.4520905017852783
rw1990734,You Only Live Twice (1967),3.5,3.5569984912872314
rw0424032,L.A. Without a Map (1998),3.5,3.6670825481414795
rw3538543,Star Wars: Episode VII - The Force Awakens (2015),3.5,2.48439359664917
rw2399103,Four Lions (2010),1.5,2.611999750137329
rw4278208,Fist of Fury (1972),5.0,2.78151273727417
rw3203352,The Pyramid (2014),4.0,2.481563091278076
rw4165076,Monster Family (2017),0.5,3.5840024948120117
rw5011697,Shazam! (2019),0.5,3.4030230045318604
rw6420657,Wonder Woman 1984 (2020),0.5,3.2604682445526123
rw1558208,The Masque of the Red Death (1964),3.0,3.194678544998169
rw2826794,Furious 6 (2013),3.0,3.248291254043579
rw1796645,One Hour Photo (2002),4.0,3.851602792739868
rw4515166,The Brass Teapot (2012),3.5,4.429433345794678
rw0667047,The Mummy Returns (2001),0.5,2.5815083980560303
rw2295472,Eat Pray Love (2010),3.5,4.06357479095459
rw6351361,Ava (IV) (2020),1.0,2.509756088256836
rw5920934,WingMen (2016–2020),4.5,3.5662782192230225
rw1690889,Harry Potter and the Order of the Phoenix (2007),3.0,3.014866590499878
rw2614295,The Dictator (2012),4.0,3.1037070751190186
rw4364570,Another Perfect Stranger (2007),5.0,3.2447092533111572
rw4110186,Brawl in Cell Block 99 (2017),1.5,2.8084657192230225
rw2619823,Best Friends Forever (2012),5.0,4.38967227935791
rw4757305,The Man from Earth: Holocene (2017),0.5,3.1257333755493164
rw6129282,The Leftovers (2014–2017),0.5,3.327371835708618
rw2731672,Project: Metalbeast (1995),2.5,3.2116684913635254
rw3033458,Absolute Zero (2006 TV Movie),0.5,3.60212779045105
rw5577371,I Dream of Jeannie (1965–1970),5.0,2.912637948989868
rw0950525,The Hard Way (1980 TV Movie),4.5,2.907043695449829
rw1379938,Gunga Din (1939),2.5,3.8326003551483154
rw1262059,Jungle Assault (1989),0.5,3.70206356048584
rw4135419,Lost in Space (2018– ),3.0,3.658195734024048
rw2902764,The Clinic (I) (2003–2009),5.0,3.9634647369384766
rw1596224,The Last King of Scotland (2006),3.5,3.4125068187713623
rw2255901,Inferno (II) (1999),2.0,2.754474639892578
rw2224037,This Is the Army (1943),4.0,3.9161572456359863
rw1964909,The Happening (2008),1.0,3.896038770675659
rw1347079,A Chorus Line (1985),3.0,3.4168782234191895
rw3021724,Philomena (2013),4.0,3.5235226154327393
rw0040276,The Hidden Room (1949),4.5,3.509178638458252
rw1264626,It Came from Outer Space (1953),4.0,3.913994789123535
rw5567278,Amateur Night (2016),0.5,2.1326918601989746
rw1940680,The Dark Knight (2008),5.0,3.6861531734466553
rw6228269,Guillermo Villas: Settling the Score (2020),2.5,3.162407398223877
rw5256241,Alvin and the Chipmunks: The Road Chip (2015),5.0,4.612755298614502
rw0480360,Star Wars: Episode I - The Phantom Menace (1999),3.5,2.8589680194854736
rw6294359,Interstellar (2014),0.5,3.784576892852783
rw3134196,State of Affairs (2014–2015),5.0,2.4466726779937744
rw5390734,Demon Slayer: Kimetsu No Yaiba (2019– ),4.5,3.5662782192230225
rw2899067,Free Birds (2013),3.0,3.1578173637390137
rw6223904,Endless Corridor (2014),0.5,3.70206356048584
rw1941093,Yateem (1988),4.0,2.9773850440979004
rw2172525,As Time Goes By (1992–2005),5.0,3.1188695430755615
rw1301993,The Eavesdropper (2004),5.0,3.2483975887298584
rw5915662,The Stendhal Syndrome (1996),3.0,2.9199254512786865
rw2889536,Twice Born (2012),2.0,3.6894338130950928
rw6125366,Mrs. Serial Killer (2020),5.0,3.920290231704712
rw3237989,The Burning Dead (2015),0.5,3.101717233657837
rw3255185,Scary Movie V (2013),2.5,3.180793523788452
rw4749911,Stepfather III (1992 TV Movie),2.5,3.3490757942199707
rw5236902,A Wrinkle in Time (2018),4.0,3.220899820327759
rw2779897,Shopping (1994),5.0,3.7095491886138916
rw2325312,Desire (1936),4.0,3.5675530433654785
rw2140614,Camp Blood (2000 Video),2.0,2.838559150695801
rw5875655,A Midsummer Night's Dream (I) (2019),5.0,3.169072389602661
rw1352622,Scary Movie 4 (2006),1.0,3.4566850662231445
rw0699563,The Others (2001),4.0,3.1872310638427734
rw2077330,Violent Saturday (1955),4.0,3.1226396560668945
rw1784547,Sweeney Todd: The Demon Barber of Fleet Street (2007),2.0,2.782135248184204
rw4168514,Black Panther (2018),2.5,2.9398510456085205
rw3305163,Wolf Hall (2015),3.5,3.2517948150634766
rw3757427,Free to Choose (1980– ),5.0,3.5255420207977295
rw2523245,Scalpel (1977),3.5,3.711895704269409
rw4772337,Iron Man (2008),5.0,2.8800816535949707
rw2413979,Deathrow Gameshow (1987),1.5,2.986363649368286
rw0010613,Ever in My Heart (1933),5.0,3.467203378677368
rw0988768,Pink Narcissus (1971),4.5,3.100947380065918
rw1275179,Hostel (2005),4.0,3.180208206176758
rw0885642,Mystic River (2003),3.0,3.058842897415161
rw2334981,Monsters (2010),0.5,2.9392201900482178
rw6362510,Transsiberian (2008),3.0,3.4394352436065674
rw1801400,Jackass Number Two (2006),2.0,2.9400033950805664
rw2153761,Mercury Rising (1998),1.5,3.071218967437744
rw5440225,Hell on Wheels (2011–2016),5.0,3.3765859603881836
rw4544461,The Oath (2018),3.0,3.183894634246826
rw0089669,The Human Duplicators (1965),1.5,2.8791821002960205
rw1685128,Aap Kaa Surroor: The Moviee - The Real Luv Story (2007),0.5,3.4131221771240234
rw6423647,Black Widows (2020– ),5.0,3.3222134113311768
rw3579419,The Exorcist (2016–2018),4.5,3.534162759780884
rw4852992,Let the Right One In (2008),3.5,3.5483076572418213
rw0176673,The Gods Must Be Crazy (1980),4.5,2.558542490005493
rw1982632,Twilight (I) (2008),0.5,3.382650852203369
rw2560315,Cars 2 (2011),4.5,3.353994607925415
rw1563558,The Eddy Duchin Story (1956),4.0,4.080369472503662
rw6146921,Serious Men (2020),5.0,3.1400368213653564
rw1415554,Pirates of the Caribbean: Dead Man's Chest (2006),1.0,2.709397315979004
rw4013646,The Hitter (1978),4.0,3.9444220066070557
rw1508890,Werewolf in a Girls' Dormitory (1961),2.0,3.066068410873413
rw4895115,Viral Beauty (2018),4.5,2.5977871417999268
rw5964205,Whiplash (2014),4.5,3.8144795894622803
rw3099666,Scream (1996),5.0,3.4473960399627686
rw4713377,Captain Marvel (2019),3.0,3.4782962799072266
rw2824662,Fires Were Started (1943),2.5,3.221198797225952
rw4993468,Super 30 (2019),5.0,3.409285068511963
rw0791590,Amores Possíveis (2001),4.0,3.634045362472534
rw1550961,Elf (2003),3.0,3.834029197692871
rw2964523,Lawrence of Arabia (1962),5.0,3.7110648155212402
rw0161084,The Hobbit (1977 TV Movie),5.0,3.532142400741577
rw5844464,Wasp Network (2019),3.5,4.011480331420898
rw1200216,Wallace & Gromit: The Curse of the Were-Rabbit (2005),4.0,3.353231430053711
rw2808128,After Earth (2013),1.0,3.131082773208618
rw1602258,Thirtysomething (1987–1991),5.0,3.506591320037842
rw2383331,MacGruber (2010),0.5,2.7326881885528564
rw5019390,K.G.F: Chapter 1 (2018),5.0,3.012269973754883
rw3776639,It Came from Outer Space (1953),2.0,3.913994789123535
rw2101701,Drag Me to Hell (2009),3.0,3.4081485271453857
rw0322485,Groundhog Day (1993),4.5,3.305849313735962
rw2460871,The Undefeated (2011),5.0,4.317391872406006
rw5157070,Sierra Burgess Is a Loser (2018),1.0,3.5902719497680664
rw3285213,Wolf Warrior (2015),1.5,2.9148123264312744
rw4541610,Rapurasu no majo (2018),1.0,3.014589786529541
rw0980842,Bridget Jones: The Edge of Reason (2004),3.5,3.277831554412842
rw4505090,Hold the Dark (2018),3.5,3.0021204948425293
rw1539110,Rio Bravo (1959),4.0,3.9890458583831787
rw0010202,Alice in Wonderland (1933),3.5,3.186066150665283
rw2765799,Night Drive (1977 TV Movie),4.0,2.8526246547698975
rw0244008,Friendship's Death (1987),4.0,2.8454577922821045
rw1287250,Dirty Dancing: Havana Nights (2004),5.0,3.7547457218170166
rw4801547,Happy Anniversary (I) (2018),2.5,3.5863630771636963
rw4779726,The Twilight Zone (2019– ),0.5,3.3409018516540527
rw1035430,On the Riviera (1951),2.5,3.7553646564483643
rw5678670,Coco (I) (2017),4.0,4.6062703132629395
rw1636619,The Assassination of Richard Nixon (2004),1.5,2.9109673500061035
rw6060715,Abhay (2019– ),5.0,3.5942771434783936
rw3696791,Eloise (2016),0.5,2.8008391857147217
rw1639360,One Way (II) (2006),4.5,2.751883029937744
rw5147636,Un amour impossible (2018),5.0,3.2690000534057617
rw2897251,The Mortal Instruments: City of Bones (2013),2.5,4.112002849578857
rw5663092,Ice Princess (2005),3.5,2.8847198486328125
rw1297815,The Seventh Stream (2001 TV Movie),3.5,3.2798728942871094
rw4752852,Unplanned (I) (2019),5.0,3.083064317703247
rw1340981,Jackass: The Movie (2002),5.0,3.58937406539917
rw4825711,Vikings (2013–2020),5.0,3.6471621990203857
rw4556922,The Invitation (I) (2015),5.0,3.796489953994751
rw4043660,Padmaavat (2018),1.5,3.6859347820281982
rw2539036,La donna del lago (1992 TV Movie),3.5,2.658130168914795
rw1792494,Species (1995),3.0,3.7612435817718506
rw5790648,Clemency (2019),2.5,3.1131110191345215
rw2379572,One Flew Over the Cuckoo's Nest (1975),4.5,4.118903636932373
rw6306363,One for the Money (2012),0.5,2.6579291820526123
rw5441775,Judy (II) (2019),5.0,4.655129909515381
rw0992341,Riders of the Rio Grande (1943),3.5,3.5568745136260986
rw3724834,The Hunter (IV) (2011),4.0,3.840130090713501
rw0237413,Sherman's March (1985),0.5,3.854914426803589
rw6120797,Enola Holmes (2020),4.5,3.720604658126831
rw3756340,Arrival (II) (2016),2.0,4.123676300048828
rw3497507,Hillbillys in a Haunted House (1967),1.5,3.5696420669555664
rw2400783,Hereafter (2010),2.5,3.184774398803711
rw1842616,The Deaths of Ian Stone (2007),4.5,2.886953353881836
rw5270068,After the Wedding (2019),4.5,3.7518670558929443
rw3600987,London Has Fallen (2016),2.0,3.715341806411743
rw3385071,Star Wars: Episode VII - The Force Awakens (2015),4.0,2.3087592124938965
rw6273609,Come Next Spring (1956),3.0,3.378818988800049
rw4915002,PM Narendra Modi (2019),5.0,3.0301036834716797
rw4306483,Neon Genesis Evangelion: The End of Evangelion (1997),0.5,3.5871195793151855
rw2859993,The Old Curiosity Shop (2007 TV Movie),3.5,2.9971859455108643
rw2995241,The Lorax (2012),3.0,3.057075023651123
rw1454858,The Comeback (2005–2014),5.0,3.4884495735168457
rw1586354,Apocalypto (2006),1.5,4.186363697052002
rw2546082,L'important c'est d'aimer (1975),0.5,2.8047378063201904
rw3253932,Hercules (I) (2014),4.0,3.7178571224212646
rw4207130,Picnic at Hanging Rock (2018),4.0,2.955479621887207
rw5243447,Jack Ryan (2018– ),3.0,2.7388336658477783
rw1119764,Dr. No (1962),2.5,2.751636505126953
rw5375584,Men in Black: International (2019),4.5,2.9178082942962646
rw5920739,Dark (2017–2020),5.0,3.507880210876465
rw5253349,Now You See Me 2 (2016),5.0,2.815443754196167
rw2489551,City by the Sea (2002),4.0,3.287139654159546
rw6279009,His House (2020),3.0,2.98991322517395
rw0890415,Seabiscuit (2003),4.0,3.2047817707061768
rw3063502,Delirium (2014 TV Movie),1.0,3.154514789581299
rw4418110,An Hour to Kill (2018),5.0,3.830687999725342
rw0171914,The Warriors (1979),4.5,3.890998125076294
rw4007329,Star Wars: Episode VIII - The Last Jedi (2017),3.0,2.8262734413146973
rw2016966,The President Is Coming (2009),1.0,3.5662782192230225
rw6268146,Twilight (I) (2008),1.5,3.382650852203369
rw2549420,Rasputin (2011),1.5,2.6945691108703613
rw1748309,Veronica Mars (2004–2019),4.5,3.117856740951538
rw2458640,Koyaanisqatsi (1982),5.0,3.3517391681671143
rw1699132,Running with Scissors (2006),2.5,3.6755146980285645
rw4133138,For The People (2018–2019),4.0,4.190676689147949
rw3335579,The Jokesters (2015),3.5,3.2925360202789307
rw3034917,Hara-Kiri (1962),4.0,4.139298439025879
rw4211984,Lost in Space (2018– ),0.5,3.5694706439971924
rw1563786,Batman (1989),5.0,4.180692672729492
rw5112965,Brightburn (2019),5.0,2.615534543991089
rw3405002,Surviving Christmas (2004),3.0,2.455414056777954
rw5262158,Serenity (2019),4.5,3.4874892234802246
rw6076699,Advokaten (2018– ),5.0,2.8467578887939453
rw4745921,Rampage (2018),3.5,3.6933672428131104
rw4532640,Bird Box (2018),2.0,2.4821677207946777
rw5980860,Indiana Jones and the Temple of Doom (1984),4.5,3.5788583755493164
rw3212458,Arrow (2012–2020),4.5,3.0739755630493164
rw2499415,Transformers: Dark of the Moon (2011),0.5,3.750098466873169
rw2321273,Kangaroo Jack (2003),0.5,3.4630324840545654
rw5325579,L'homme qui voulait vivre sa vie (2010),3.5,3.0701611042022705
rw2426320,Annie Hall (1977),4.0,4.176703929901123
rw6269373,The Cake General (2018),5.0,2.6370604038238525
rw1611612,Toward the Unknown (1956),4.0,3.8624322414398193
rw4386712,Eghantham (2018),5.0,3.6879098415374756
rw3317378,Harry Potter and the Sorcerer's Stone (2001),5.0,3.3510448932647705
rw1310377,Blunder Boys (1955),4.5,3.70206356048584
rw4036559,Regression (I) (2015),4.0,2.742892265319824
rw4729196,The Widow (I) (2019),2.5,3.4965555667877197
rw4768213,Star Wars: Episode II - Attack of the Clones (2002),2.5,3.331724166870117
rw6188632,The Handmaid's Tale (2017– ),4.5,3.7999274730682373
rw3812697,Zero Kelvin (1995),3.0,3.124351739883423
rw3551711,ARQ (2016),4.5,3.675274610519409
rw3071914,Carlos (2010),5.0,3.40102219581604
rw4860273,Union Pacific (1939),2.5,2.8042924404144287
rw6448461,Coolie No. 1 (2020),0.5,2.9316017627716064
rw6349431,The Christmas Chronicles: Part Two (2020),4.0,4.346363544464111
rw2717968,Mattie (2011),3.5,3.7760672569274902
rw0804137,The Good Thief (2002),3.5,3.6066718101501465
rw2203525,Broom-Stick Bunny (1956),5.0,3.70206356048584
rw3813121,Bad Company (1995),2.5,3.8207387924194336
rw0276592,Uncle Buck (1989),5.0,3.7246694564819336
rw3445109,Milk Money (1994),2.0,3.128859043121338
rw1967076,Angel Face (1953),4.0,2.7089507579803467
rw3372383,Black Christmas (1974),4.5,3.4272754192352295
rw5984175,Another Woman (1988),3.0,3.548997163772583
rw3522258,Daylight's End (2016),4.5,3.7301018238067627
rw2293647,Night Comes Too Soon (1948),3.0,3.70206356048584
rw3420991,Penance (I) (2009),1.0,2.561464548110962
rw0663620,Nuremberg (2000),2.0,2.4828386306762695
rw2935276,The Godfather: Part II (1974),4.5,3.084713935852051
rw3375801,Supergirl (2015–2021),5.0,2.499150276184082
rw4144581,The Week Of (2018),0.5,3.918574333190918
rw1726515,Eragon (2006),2.5,2.789522171020508
rw1370635,Shane (1953),4.0,3.691045045852661
rw2254231,The House on Sorority Row (1982),1.5,3.1962246894836426
rw2691722,Fast Girls (2012),2.5,3.798278331756592
rw3198767,Gone Girl (2014),4.0,3.4804017543792725
rw3010110,Transcendence (I) (2014),5.0,3.2394068241119385
rw4082619,Spirited Away (2001),5.0,3.4919540882110596
rw3199058,Man on the Moon (1999),5.0,3.3686089515686035
rw1666328,Sahara (2005),3.5,4.472263336181641
rw4760020,The Decks Ran Red (1958),2.0,3.126042127609253
rw2598946,Titanic (2012),2.5,3.152644157409668
rw4090796,Winter Kills (1979),1.0,3.38767671585083
rw1480440,The Monster of Piedras Blancas (1959),3.5,4.258700847625732
rw0253800,Akira (1988),5.0,3.7433600425720215
rw1555888,The Return of the Living Dead (1985),4.5,3.5821521282196045
rw4031421,Side Effects (I) (2013),3.5,3.542728900909424
rw1686040,The Flying Scotsman (2006),4.5,3.4727272987365723
rw6355149,Durgamati: The Myth (2020),0.5,2.421010971069336
rw1483365,V for Vendetta (2005),5.0,3.641920328140259
rw3321546,Limitless (2015–2016),2.5,2.848907709121704
rw0485829,Star Wars: Episode II - Attack of the Clones (2002),4.0,3.3427422046661377
rw3398568,Dickson Experimental Sound Film (1894),3.5,3.0804672241210938
rw5311116,BoBoiBoy Movie 2 (2019),2.5,3.7187535762786865
rw3104894,Haider (2014),3.5,3.470539093017578
rw1354068,Broken Flowers (2005),0.5,3.806273937225342
rw6368977,In Time (2011),3.5,3.437049150466919
rw1286984,Private Lessons (1981),3.5,3.87282395362854
rw2191499,神鬼尖兵 (1999),4.5,3.2754435539245605
rw2310928,Drag Me to Hell (2009),4.0,3.4081485271453857
rw0959388,Saw (2004),5.0,2.4576940536499023
rw5780023,The House of Violent Desire (2018),0.5,2.750509023666382
rw1108975,Young Winston (1972),3.0,3.764387607574463
rw2076240,Pride and Glory (2008),3.0,3.6552634239196777
rw1431356,Easter Parade (1948),4.5,4.08200216293335
rw4169335,Chevalier (2015),3.0,3.8042614459991455
rw5610383,Katha Sangama (2019),4.0,3.561338424682617
rw3056663,Hachi (2009),5.0,3.928784132003784
rw2139277,The Chronicles of Narnia: Prince Caspian (2008),5.0,2.928053855895996
rw4372808,Live (IV) (2018),3.0,2.5034801959991455
rw1522476,Harsh Times (2005),0.5,3.468505620956421
rw3635877,Mr. Church (2016),5.0,3.6539268493652344
rw5465607,El Camino: A Breaking Bad Movie (2019),3.5,4.231020927429199
rw1985316,Che: Part Two (2008),5.0,2.473308563232422
rw4136223,Riverdale (2017– ),4.0,3.0269830226898193
rw3556523,Shamitabh (2015),2.5,2.8893606662750244
rw6394630,The Midnight Sky (2020),4.5,2.9178147315979004
rw6323184,The Simpsons Movie (2007),4.5,3.953791856765747
rw1773574,The Golden Compass (2007),1.5,2.976062774658203
rw3641615,The Americans (2013–2018),1.0,3.534162759780884
rw2168411,Reign of the Gargoyles (2007 TV Movie),1.5,3.9525177478790283
rw2738723,Tôshô Daimos (1978–1979),5.0,2.3385815620422363
rw3868625,The Illusionist (2006),4.0,2.939771890640259
rw1691052,Battle Beyond the Stars (1980),5.0,3.0998246669769287
rw2456984,The Company Men (2010),4.0,3.689305067062378
rw4403253,My Life as a Zucchini (2016),4.5,2.4150819778442383
rw1042353,Ice Princess (2005),4.0,2.9331884384155273
rw2889784,Waar (2013),4.5,3.0024099349975586
rw2705402,暮光之城：破曉2 (2012),5.0,3.5194551944732666
rw3595307,La La Land (2016),3.0,2.9905076026916504
rw1311301,House II: The Second Story (1987),3.5,3.091583013534546
rw2174693,The Younger Generation (1929),3.0,3.534162759780884
rw2023217,BloodRayne: Deliverance (2007 Video),0.5,2.7306771278381348
rw6342468,Intezaar (2020),4.5,3.4529943466186523
rw6073022,After We Collided (2020),4.0,3.0004680156707764
rw0184804,Excalibur (1981),5.0,2.8374671936035156
rw0406217,In the Mood for Love (2000),4.0,4.778082370758057
rw3381894,Paper Towns (2015),4.0,2.998917579650879
rw6446874,La llorona (2019),3.5,2.8742563724517822
rw4808290,Avengers: Endgame (2019),5.0,3.4980931282043457
rw3374308,Star Wars: Episode VII - The Force Awakens (2015),3.0,2.8477632999420166
rw1083203,Unleashed (2005),3.5,3.1163880825042725
rw3275999,"It's the Easter Beagle, Charlie Brown! (1974 TV Movie)",2.0,3.8560678958892822
rw3487478,Ace Ventura: When Nature Calls (1995),4.0,4.219004154205322
rw2377421,The Traveler (I) (2010),0.5,2.4157416820526123
rw1691377,Die Hard 4.0 (2007),0.5,2.6301381587982178
rw6104963,The Devil All the Time (2020),5.0,3.845576763153076
rw3360149,Gran Torino (2008),2.5,4.059396743774414
rw1104674,Hitch (I) (2005),1.0,2.4821348190307617
rw0797097,Elling (2001),4.0,2.6152334213256836
rw6021189,Stalker (1979),1.0,2.8598172664642334
rw5242751,Parasite (2019),4.0,3.620262384414673
rw0599743,Gladiator (2000),4.0,4.057587623596191
rw1782569,Aaja Nachle (2007),4.5,4.377954006195068
rw1332116,Kidon (2005),4.5,3.148249864578247
rw0690602,Halloween: Resurrection (2002),0.5,3.5107295513153076
rw1674469,Mr. Brooks (2007),4.0,3.720275640487671
rw2338074,Unstoppable (2010),2.0,2.4229636192321777
rw4129122,Phantom Thread (2017),4.5,3.5199928283691406
rw2526589,The Baby (1973),4.0,4.835618019104004
rw5643154,Take Point (2018),4.0,2.8007116317749023
rw4343707,Fallen Angel (1945),4.5,2.790379524230957
rw0999874,The Last Emperor (1987),5.0,3.740896463394165
rw2904641,2 Guns (2013),3.0,3.5747108459472656
rw4068260,Money Heist (2017– ),1.0,3.5152604579925537
rw1025845,Bride & Prejudice (2004),5.0,3.2949717044830322
rw0548103,Children of the Corn V: Fields of Terror (1998 Video),1.5,2.5496325492858887
rw3459202,Star Wars: Episode VII - The Force Awakens (2015),2.0,2.48439359664917
rw3479161,Ender's Game (2013),3.0,3.6544415950775146
rw3658446,Canvas of Death (2016),0.5,2.655329465866089
rw1360715,Star Trek: Insurrection (1998),3.0,4.17674446105957
rw2762434,Barb Wire (1996),1.5,2.742457389831543
rw2406391,Se7en (1995),4.5,3.5014684200286865
rw5059574,The Banana Splits Movie (2019),4.5,2.8118815422058105
rw1881939,The Andromeda Strain (2008),0.5,3.735949993133545
rw3147619,The Loved One (1965),5.0,3.163234233856201
rw1370517,Dangerous Assignment (1952– ),4.0,3.4801316261291504
rw1163024,Roller Boogie (1979),0.5,3.1674697399139404
rw3409350,Chhota Bheem Himalayan Adventure (2016),5.0,3.70206356048584
rw1502596,Jarhead (2005),1.5,4.369447708129883
rw6019933,2gether (2020),5.0,3.606677293777466
rw6276892,Soorarai Pottru (2020),5.0,4.186783313751221
rw0484334,Star Wars: Episode II - Attack of the Clones (2002),4.0,3.331724166870117
rw0354996,American Job (1996),2.0,3.7866272926330566
rw5492409,Sanditon (2019),5.0,3.70206356048584
rw1157021,Supercross (2005),3.0,2.4398715496063232
rw2397284,Battle Los Angeles (2011),0.5,3.1879875659942627
rw0019618,Gone with the Wind (1939),5.0,2.8955094814300537
rw2090015,Moon (2009),5.0,3.7169878482818604
rw5643497,Paris est à nous (2019),4.5,2.6853585243225098
rw2828286,Knick Knack (1989),4.0,3.493323564529419
rw1189600,Moog (2004),3.0,3.645886182785034
rw4788310,Escape Room (I) (2019),4.5,3.1169261932373047
rw5303031,安眠醫生 (2019),5.0,3.692089557647705
rw4276365,2nd class (2018),3.5,2.6532280445098877
rw1453634,Night Stalker (2005– ),2.5,3.397068738937378
rw6146025,Apocalypse of Ice (2020),0.5,2.7821199893951416
rw1713027,Cidade de Deus (2002),4.5,3.718271017074585
rw4144738,The Walking Dead (2010– ),1.0,3.6918773651123047
rw2593859,First Knight (1995),1.0,3.105652332305908
rw2158014,海盜電台 (2009),0.5,3.896959066390991
rw0878370,Freaky Friday (2003),4.5,2.3752686977386475
rw3102109,End of the Line (II) (2007),4.5,2.708329677581787
rw1344092,Four Sided Triangle (1953),3.0,3.6144986152648926
rw4270235,Raazi (2018),1.0,2.838456869125366
rw1101658,Saint Ange (2004),0.5,2.6779801845550537
rw2376396,The Tourist (I) (2010),4.5,3.057441473007202
rw0336046,Clerks (1994),5.0,4.303575038909912
rw1789139,Atonement (2007),1.0,3.1045799255371094
rw5401610,Psycho Pike (1992 Video),3.0,3.401820421218872
rw0637469,"Crouching Tiger, Hidden Dragon (2000)",4.5,3.371795177459717
rw0880365,Terror Toons (2002 Video),0.5,2.3366262912750244
rw4607458,Polar (I) (2019),4.0,3.088611364364624
rw2432462,Game of Thrones (2011–2019),0.5,4.341400146484375
rw6408536,Coolie No. 1 (2020),0.5,2.5962769985198975
rw2556992,The Mask (1994),3.5,3.5532634258270264
rw1984859,Night of the Flesh Eaters (2008 Video),5.0,3.5662782192230225
rw5958464,The Town That Dreaded Sundown (2014),4.0,4.572579383850098
rw5072902,Parivar (1956),5.0,3.534162759780884
rw0741357,Unfaithful (2002),5.0,3.7511496543884277
rw1755815,Phantom of the Paradise (1974),4.0,2.724695920944214
rw2011559,Friday Foster (1975),4.5,3.6305527687072754
rw4223425,Hounds of Love (2016),4.5,3.2966256141662598
rw5669956,Hustle (2004–2012),3.0,3.124160051345825
rw5467619,The Exterminating Angel (1962),1.5,3.494744300842285
rw3793062,Adam Had Four Sons (1941),2.0,3.848132371902466
rw2557362,Bad Teacher (2011),2.0,3.3133203983306885
rw4147821,Rampage (2018),5.0,3.5385758876800537
rw0652346,Secrets (1992),2.0,3.6388673782348633
rw5053261,My Fair Lady (1964),4.0,3.5042331218719482
rw2207311,Transmorphers: Fall of Man (2009 Video),1.0,4.556495666503906
rw1129018,Fantastic Four (I) (2005),3.5,3.9421818256378174
rw1665852,Pirates of the Caribbean: At World's End (2007),5.0,2.972240924835205
rw4808789,Brave (2012),3.0,4.591100692749023
rw3618529,A Series of Unfortunate Events (2017–2019),4.5,3.6428308486938477
rw2301536,L'appât (1995),3.5,2.919381618499756
rw4555241,Bird Box (2018),3.5,2.4368205070495605
rw1395295,Just Friends (I) (2005),3.0,3.2950189113616943
rw5380406,You (2018– ),5.0,3.480229616165161
rw1717496,Lilies of the Field (1963),5.0,3.1044440269470215
rw1700133,The Core (2003),3.0,3.899467706680298
rw1909447,The Shawshank Redemption (1994),5.0,4.622564315795898
rw0413984,Almost Heroes (1998),5.0,3.9211013317108154
rw5764158,Snowpiercer (2013),4.0,2.6226460933685303
rw4929666,Electrick Children (2012),3.0,2.8901240825653076
rw0874711,Big Fish (2003),5.0,3.0251505374908447
rw5646923,Sweet Sunshine (2020),4.5,3.9370386600494385
rw6076531,Insomnia (2002),4.5,3.558685541152954
rw4612383,Bird Box (2018),2.0,2.4368205070495605
rw3685316,Major Grom (2017),4.0,3.2309203147888184
rw1709771,Pee-wee's Big Adventure (1985),5.0,3.7170279026031494
rw0055258,The Ladykillers (1955),4.5,3.942655324935913
rw3011331,Freeway (1996),5.0,2.982128143310547
rw2812266,Ringers: Lord of the Fans (2005),3.0,2.7683053016662598
rw5983156,The Boys (2019– ),5.0,3.6165754795074463
rw1071225,Sasori in U.S.A. (1997),1.5,2.9272258281707764
rw4676252,Hirugao (2017),0.5,3.8008270263671875
rw1072847,Megalodon (2002 Video),0.5,3.454516649246216
rw1765107,Enough (I) (2002),3.0,3.549762487411499
rw3870273,Back to School (1986),3.5,3.410454273223877
rw1548795,Blood of a Champion (2005 Video),1.5,4.538454055786133
rw5200859,El Camino: A Breaking Bad Movie (2019),5.0,3.6495840549468994
rw4264742,Skin Creepers (2018),3.5,3.480334758758545
rw0582302,The Lord of the Rings: The Return of the King (2003),5.0,3.332899808883667
rw2227453,The Devil on Horseback (1936),3.0,3.6066718101501465
rw5425344,Mother! (2017),0.5,2.8115103244781494
rw6396829,The Midnight Sky (2020),2.5,2.766181707382202
rw3045072,22 Jump Street (2014),4.5,3.5428919792175293
rw1839515,Faded Dreams (2007),4.0,3.5646443367004395
rw3161186,魔法黑森林 (2014),4.5,3.500736951828003
rw4932058,X-Men: Dark Phoenix (2019),3.5,2.9673430919647217
rw0246167,Leif (1987),5.0,4.165411949157715
rw1829289,Day of the Dead (2008 Video),4.0,2.9286887645721436
rw4591888,A Star Is Born (2018),3.0,2.892192840576172
rw2060241,Se7en (1995),4.0,3.5014684200286865
rw5255309,Batwoman (2019– ),3.0,4.163422584533691
rw2174034,屍樂園 (2009),4.0,3.4542641639709473
rw4618301,Felix in Hollywood (1923),4.0,3.3865482807159424
rw2871853,Oz the Great and Powerful (2013),1.5,3.3358588218688965
rw6371946,Home Alone (1990),4.0,3.185715913772583
rw4917680,Kesari (2019),4.5,2.8233330249786377
rw3375227,Bajirao Mastani (2015),5.0,3.1070125102996826
rw2919615,Sooper Se Ooper (2013),2.5,3.794312000274658
rw0309269,The Last of the Mohicans (1992),5.0,4.400802135467529
rw4780176,"Ruben Brandt, Collector (2018)",5.0,3.5361297130584717
rw0468487,Resident Evil (2002),2.5,4.265448570251465
rw0203161,Never Say Never Again (1983),5.0,3.322481155395508
rw2898808,Captain Phillips (2013),4.5,3.419297695159912
rw0003310,Hot Water (1924),3.5,3.6540329456329346
rw3352875,With These Hands (1950),2.5,3.910301446914673
rw4438692,Rings (2017),1.0,3.30147647857666
rw1916751,The Palm Beach Story (1942),5.0,3.1941158771514893
rw6015076,Pareeksha (2020),5.0,3.519249439239502
rw5607342,Danny Roane: First Time Director (2006),4.0,2.959876775741577
rw4126886,The Last O.G. (2018– ),1.0,3.5161402225494385
rw1018136,Safe House (1998),5.0,2.6695878505706787
rw5237883,The Game Changers (2018),5.0,3.4285905361175537
rw2785734,The Lords of Salem (2012),4.0,4.505901336669922
rw3737171,Forrest Gump (1994),5.0,4.290001392364502
rw5212397,Parasite (2019),5.0,3.6780781745910645
rw3614518,Burying the Ex (2014),3.0,2.8686327934265137
rw3694497,The Patience Stone (2012),3.5,4.5227251052856445
rw2035128,American Drug War: The Last White Hope (2007),3.5,2.971571683883667
rw1005104,The Village (2004),5.0,3.6047842502593994
rw1445412,South Park (1997– ),5.0,4.140713214874268
rw0536452,Nutty Professor II: The Klumps (2000),2.0,4.0228142738342285
rw3644033,The Great Wall (I) (2016),5.0,3.9915084838867188
rw0113352,Quiet Days in Clichy (1970),0.5,3.0045576095581055
rw5983272,The Butterfly Effect (2004),5.0,3.3348548412323
rw1706870,Run Ronnie Run (2002),1.5,2.5462758541107178
rw4356914,The Good Cop (2018),5.0,3.955960988998413
rw1922812,Dad's Army (1971),5.0,3.6223371028900146
rw1707654,Hobgoblins (1988),1.0,2.602588653564453
rw1283905,Brokeback Mountain (2005),5.0,3.2480406761169434
rw1764312,Vampire Hunter D (1985),4.0,4.5385541915893555
rw5807394,An Interview with God (2018),2.5,3.3706963062286377
rw1348851,Silent Hill (2006),4.0,3.8864705562591553
rw5788711,Knights of the Zodiac: Saint Seiya (2019– ),5.0,3.0192782878875732
rw2792475,Grave Encounters 2 (2012),1.5,3.204366445541382
rw3507623,Frankenstein's Castle of Freaks (1974),3.0,3.561349630355835
rw5119722,Code of the Wild (2019– ),0.5,3.007218360900879
rw4574949,Master of Arms (2018– ),5.0,2.7810263633728027
rw3192342,"Two Days, One Night (2014)",5.0,2.9180352687835693
rw3063224,Get on Up (2014),4.5,2.8763160705566406
rw4081288,Out of the Shadows (I) (2017),1.0,3.1322600841522217
rw2926874,House of Good and Evil (2013),0.5,3.6393232345581055
rw5357570,Masum (2017),4.0,3.7679710388183594
rw5220303,I'm Not There (2007),2.5,3.4776740074157715
rw4233535,Moonlight (I) (2016),3.5,3.7443459033966064
rw2327836,Despicable Me (2010),4.0,3.6750376224517822
rw2931078,Frozen (I) (2013),5.0,3.3418309688568115
rw3036060,Borgman (2013),3.5,4.0146307945251465
rw2824363,The Lone Ranger (2013),2.5,2.93054461479187
rw2347918,The Matrix Revolutions (2003),1.5,4.053592205047607
rw1419022,Syriana (2005),4.0,3.6545138359069824
rw3307833,Home (II) (2015),5.0,3.2553865909576416
rw1804247,Cloverfield (2008),0.5,3.0319666862487793
rw6089971,Rent-A-Pal (2020),4.5,3.749069929122925
rw3849941,Singularity (I) (2017),0.5,2.814549446105957
rw1199699,Elizabethtown (2005),4.0,3.142073154449463
rw4960342,Wonderful World (2009),3.0,4.704686164855957
rw4057716,Eye in the Sky (2015),2.0,2.955899477005005
rw1528841,Dhoom 2 (2006),4.5,3.0492753982543945
rw2011169,Slumdog Millionaire (2008),0.5,3.6836705207824707
rw5419978,Hero (III) (2019),2.5,2.9699177742004395
rw3625663,The Walking Dead (2010– ),5.0,3.6918773651123047
rw2789025,Iron Man Three (2013),3.5,3.438429594039917
rw3109848,The Last Will and Testament of Rosalind Leigh (2012),1.0,4.85662841796875
rw0474693,U.S. Marshals (1998),3.5,2.54355788230896
rw0329016,Sins of Desire (1993),3.5,3.2210793495178223
rw0922421,Finding John Christmas (2003 TV Movie),4.0,3.4367706775665283
rw4685447,Vikingane (2016– ),5.0,3.9959194660186768
rw2495592,Gnomeo & Juliet (2011),4.5,3.131303310394287
rw2976496,300: Rise of an Empire (2014),4.5,3.0515036582946777
rw0454949,The Green Mile (1999),5.0,3.4618313312530518
rw3747531,Baby Driver (2017),3.5,3.5882437229156494
rw2516956,J. Edgar (2011),4.0,3.2998106479644775
rw2137177,Scaramouche (1952),4.0,2.609678030014038
rw3345958,The Man from U.N.C.L.E. (2015),4.5,3.0786991119384766
rw5660829,The Turning (2020),0.5,2.5978894233703613
rw0044454,The Day the Earth Stood Still (1951),5.0,3.320836305618286
rw2654468,Living with Wolves (2005 TV Movie),4.5,4.4487385749816895
rw0228245,Weird Science (1985),3.5,3.6014816761016846
rw3606078,Assassin's Creed (2016),2.5,2.6619534492492676
rw2039122,The Rocking Horse Winner (1949),3.5,4.10204553604126
rw3644439,Ransom (2017–2019),5.0,3.8955419063568115
rw5981766,Bad Boys (1995),3.5,2.644967794418335
rw0431067,Scream 2 (1997),5.0,3.8365979194641113
rw4991437,Spider-Man: Far from Home (2019),3.0,3.1090011596679688
rw6426816,Jojo Rabbit (2019),4.5,3.3572309017181396
rw0214773,Romancing the Stone (1984),4.0,3.058576822280884
rw4523973,Zero (III) (2018),5.0,3.455892562866211
rw3596367,Spectral (2016),2.5,2.7441442012786865
rw4357837,The Gifted (2017–2019),5.0,3.78621244430542
rw1640932,Criminal Minds (2005–2020),5.0,2.0884172916412354
rw3495081,Independence Day: Resurgence (2016),2.0,2.7196598052978516
rw2833413,The Grifters (1990),3.0,3.960958242416382
rw6286361,Barbie Fairytopia: Mermaidia (2006 Video),4.5,3.667062759399414
rw5031946,Rustum (2019),2.5,2.296318292617798
rw3785181,Final Fantasy XV (2016 Video Game),4.5,3.1967945098876953
rw4790107,Drunk Parents (2019),0.5,3.057563066482544
rw3341059,Dante's Peak (1997),4.5,3.295790433883667
rw6437941,Suits (2011–2019),4.0,2.972764015197754
rw0156535,Suspiria (1977),5.0,4.6576690673828125
rw5222604,A.I. Artificial Intelligence (2001),3.5,2.684080123901367
rw2181593,阿凡達 (2009),4.0,3.2223432064056396
rw3191594,Code Name: K.O.Z. (2015),0.5,3.728128671646118
rw0778780,Ice Age (2002),5.0,4.2091450691223145
rw0740286,Life with Judy Garland: Me and My Shadows (2001),4.5,3.476900815963745
rw5280631,Ready or Not (I) (2019),5.0,3.178104877471924
rw1044227,Kiki's Delivery Service (1989),5.0,3.4817864894866943
rw1764562,Let's Get Tough! (1942),2.5,3.3374476432800293
rw4107855,Black Panther (2018),5.0,2.7388923168182373
rw6333377,Hillbilly Elegy (2020),3.5,3.4592435359954834
rw2602461,Smiling Along (I) (1938),3.0,3.6130402088165283
rw3611793,Magpie (2014),3.5,3.3798580169677734
rw2180650,迷幻公園 (2007),3.5,3.588063955307007
rw4993907,Skyscraper (2018),3.0,3.1877589225769043
rw3372423,Frontier (1935),2.5,3.6451265811920166
rw3383514,Before We Go (I) (2014),1.5,3.5904622077941895
rw5517321,Color Out of Space (2019),1.5,2.826526641845703
rw4520023,Travelers (2016–2018),5.0,3.7866272926330566
rw5974436,Brave New World (2020),5.0,3.534162759780884
rw3427851,Zootopia (2016),4.5,2.745730400085449
rw2363248,The Town (2010),4.0,3.268338918685913
rw2509530,The Missouri Breaks (1976),2.5,3.4584193229675293
rw3033295,Only the Brave (2006),3.5,3.614485502243042
rw2080468,He's Just Not That Into You (2009),2.5,3.5823323726654053
rw2461685,Cyberbully (2011 TV Movie),4.5,3.0502114295959473
rw1424061,What's Eating Gilbert Grape (1993),5.0,2.245790719985962
rw2741345,普羅米修斯 (I) (2012),3.0,2.8552536964416504
rw4506818,Four Hands Menu (2018– ),4.5,3.7806191444396973
rw2221742,Inuyasha (2000–2004),4.0,4.907751083374023
rw3245265,Tomorrowland (2015),5.0,4.426586627960205
rw0790162,Wendigo (2001),5.0,3.0136516094207764
rw3228799,Der ewige Jude (1940),0.5,3.1515347957611084
rw3680710,Rendition (2007),2.0,2.9230992794036865
rw4429334,Bravetown (I) (2015),1.0,3.498492956161499
rw5581961,Paytakht (2011– ),4.5,2.848832130432129
rw5156526,小丑 (2019),5.0,3.6269619464874268
rw4972801,Agent Sai Srinivasa Athreya (2019),5.0,2.7036287784576416
rw5483010,Blazing Saddles (1974),5.0,2.9821600914001465
rw5311371,My Christmas Love (2016 TV Movie),2.5,3.6350903511047363
rw6248469,Planet of the Apes (1968),4.0,3.816373586654663
rw2120855,Drag Me to Hell (2009),5.0,3.6885733604431152
rw5053391,Spirited Away (2001),4.5,3.4919540882110596
rw4968568,Out of Blue (2018),1.0,3.731921434402466
rw3698683,The Space Between Us (I) (2017),3.0,3.2553796768188477
rw3679098,Beauty and the Beast (I) (2017),4.5,4.779971599578857
rw0425714,Metroland (1997),5.0,3.0355031490325928
rw0522523,Shakespeare in Love (1998),5.0,3.633735418319702
rw0304138,The Bikini Carwash Company (1992),5.0,2.8542330265045166
rw4467231,God Friended Me (2018–2020),5.0,3.776557683944702
rw1261247,Vanishing Point (1971),5.0,3.848705291748047
rw3567372,The Girl on the Train (2016),3.5,2.7703726291656494
rw5220684,31 (2016),2.0,3.1576099395751953
rw1742323,Time Out (2001),2.5,3.1868975162506104
rw3701225,Forrest Gump (1994),5.0,4.108349323272705
rw2031123,Almost Blue (2000),4.0,3.237746000289917
rw2895874,Kick-Ass 2 (2013),3.5,3.6806371212005615
rw3179802,Project Almanac (2015),3.0,2.682295799255371
rw0482657,Star Wars: Episode I - The Phantom Menace (1999),4.5,2.8589680194854736
rw3007790,Mothra (1961),3.0,3.5211288928985596
rw1949145,The Best Years (2007– ),5.0,3.8252689838409424
rw5845195,Floor is Lava (2020– ),4.5,2.405421733856201
rw3221087,The Voices (2014),5.0,2.9100987911224365
rw6051655,Agramon's Gate (2019),5.0,3.3336050510406494
rw0878868,Jackass: The Movie (2002),5.0,3.1386098861694336
rw3510649,Kuroko's Basketball (2012–2015),4.5,3.5307252407073975
rw3361320,Inside (2007),4.0,3.2551190853118896
rw5932335,Dil Bechara (2020),5.0,4.369716644287109
rw0545128,The Legend of Bagger Vance (2000),4.5,3.035470485687256
rw4542685,Simmba (2018),0.5,3.380904197692871
rw0201063,Geek Maggot Bingo or The Freak from Suckweasel Mountain (1983),0.5,3.202542543411255
rw1497115,The Texas Chainsaw Massacre: The Beginning (2006),1.0,3.3001291751861572
rw5463892,Mr. Robot (2015–2019),5.0,3.6066718101501465
rw1443630,For Love of the Game (1999),5.0,3.755025625228882
rw6341157,The Undoing (2020),2.0,2.710170030593872
rw3069238,Hoe Tem Je Een Draak 2 (2014),5.0,3.7330613136291504
rw0496334,Shrek (2001),4.0,3.9552507400512695
rw5654092,The Final Project (2016),1.0,2.9188079833984375
rw4331535,John Wick (2014),5.0,3.412381887435913
rw5072972,The Snowman (2017),4.0,3.2734463214874268
rw1750186,Why Did I Get Married? (2007),5.0,3.9283688068389893
rw3001200,Bears (I) (2014),4.0,3.9414825439453125
rw2792225,Hider in the House (1989),3.5,2.8613226413726807
rw2934914,Judge Dredd (1995),3.5,3.5524888038635254
rw3475825,Knock Knock (I) (2015),3.5,3.4841458797454834
rw1404446,Superman Returns (2006),5.0,2.810441255569458
rw0455053,The Green Mile (1999),4.0,3.4618313312530518
rw4995092,Keeping Up with the Joneses (2016),2.5,2.8958895206451416
rw5538577,The Rat (II) (2019),5.0,3.386620044708252
rw2042264,Taboo (1999),4.0,2.8357441425323486
rw2228408,Scoop (2006),3.5,3.189426898956299
rw4698421,Gone with the Wind (1939),5.0,2.3532681465148926
rw4303929,Frankenweenie (1984),3.5,3.5047686100006104
rw5557262,The Day After Tomorrow (2004),5.0,3.078892707824707
rw0186026,Halloween II (1981),2.5,4.237391948699951
rw2228979,How to Train Your Dragon (2010),5.0,2.3305304050445557
rw2499542,Inception (2010),1.5,3.8482272624969482
rw5701528,City of Dreams (2019– ),3.0,3.5896878242492676
rw1791047,The Murder Game (2003– ),3.5,2.758530378341675
rw6244654,Hangman (II) (2015),0.5,2.7409775257110596
rw4235919,The Outpost (2018– ),5.0,2.853771924972534
rw5591515,Big Town After Dark (1947),2.5,3.249918222427368
rw0909024,"I, Robot (2004)",4.0,2.7727909088134766
rw5518239,Columbus (I) (2017),1.5,3.7645533084869385
rw1336969,House of the Dead 2 (2005 TV Movie),1.5,3.9191372394561768
rw5750059,White Lines (2020),3.0,3.8450324535369873
rw1443069,They Live (1988),5.0,2.6738922595977783
rw2359448,Jim Jefferies: I Swear to God (2009 TV Special),5.0,2.7601816654205322
rw1835978,Stay Alive (2006),1.0,2.4433481693267822
rw1623596,Mystery Science Theater 3000: The Movie (1996),3.0,3.3157083988189697
rw3223636,Transformers (2007),2.0,3.3085806369781494
rw5238092,Gamer (2009),3.5,3.572352647781372
rw5763782,Shaka Laka Boom Boom (2000–2004),4.0,3.9435346126556396
rw3105013,Godzilla (I) (1998),1.5,2.1321146488189697
rw4575726,Kickboxer: Retaliation (2018),3.0,2.756070137023926
rw3417655,Vinyl (2016),1.5,3.2405741214752197
rw2932938,Dredd (2012),3.0,2.970842123031616
rw6005347,Tiny Creatures (2020– ),0.5,2.4613091945648193
rw5428470,Talladega Nights: The Ballad of Ricky Bobby (2006),4.5,3.446197032928467
rw1235257,"The Chronicles of Narnia: The Lion, the Witch and the Wardrobe (2005)",5.0,3.8461666107177734
rw1280862,The Last of the Blonde Bombshells (2000 TV Movie),5.0,3.336557149887085
rw3324877,The Strain (2014–2017),1.5,3.6066718101501465
rw4706578,Cleaning Up (2019– ),4.0,2.7940196990966797
rw4318747,Geetha Govindam (2018),0.5,3.511425018310547
rw1531562,Mystic India (2005),3.5,3.15077543258667
rw6426201,Battles Without Honor and Humanity: The Complete Saga (1980),4.0,2.977311372756958
rw0148558,The Message (1976),5.0,3.0376734733581543
rw2780386,Jack Reacher (2012),0.5,3.5474693775177
rw5746955,S.W.A.T.: Under Siege (2017),3.5,3.5247411727905273
rw3178797,Jupiter Ascending (2015),3.5,3.4380197525024414
rw4664665,The Imitation Game (2014),5.0,2.9524810314178467
rw5962846,Holy Hell (2016),3.5,3.303373098373413
rw2309083,The Other Guys (2010),3.0,3.889432191848755
rw2942250,White Collar (2009–2014),5.0,2.5197784900665283
rw3762232,The One I Love (2014),3.0,3.654834747314453
rw0641019,Get Over It (2001),4.5,2.8004980087280273
rw1728301,Blades of Glory (2007),3.5,3.5883877277374268
rw0867006,Battlestar Galactica (2003),5.0,3.2811882495880127
rw3662797,47 Meters Down (2017),5.0,3.9074208736419678
rw4548638,Aquaman (2018),5.0,3.2148783206939697
rw4345886,Solo: A Star Wars Story (2018),4.5,3.4836771488189697
rw0891036,Hollywood Homicide (2003),2.5,3.312483549118042
rw5429438,Aliens (1986),4.5,3.116910219192505
rw2755974,Rajneeti (2010),4.0,3.2946536540985107
rw3807134,Incendies (2010),4.5,3.0714855194091797
rw6257015,A Very Charming Christmas Town (2020 TV Movie),4.0,2.724916458129883
rw2935691,Paranormal Activity: The Marked Ones (2014),4.0,2.7705891132354736
rw0508744,The Matrix (1999),5.0,3.7145164012908936
rw1309819,Jarhead (2005),3.0,4.369447708129883
rw2602349,Shoot the Moon (1982),4.5,2.3643152713775635
rw4717091,Baywatch (2017),3.5,4.387824535369873
rw3094140,Outlander (2014– ),5.0,3.356417417526245
rw5921917,Greyhound (2020),4.5,3.1528656482696533
rw4033339,Jim Jefferies: Freedumb (2016 TV Special),4.5,3.2283761501312256
rw5809422,Ad Astra (2019),1.0,3.171799421310425
rw1244916,Unknown World (1951),1.0,3.1158711910247803
rw5410388,His Dark Materials (2019– ),3.5,2.4198246002197266
rw3324607,Get Rich or Die Tryin' (2005),3.0,3.655606985092163
rw6122523,London Confidental (2020),5.0,3.7866272926330566
rw4584125,Star Wars: Episode VIII - The Last Jedi (2017),4.5,3.0291852951049805
rw0964832,Crooklyn (1994),2.5,3.7665627002716064
rw1966950,What a Girl Wants (2003),3.5,4.127042293548584
rw5700915,The Dirty Dozen (1967),3.0,2.6951847076416016
rw4090576,The Lady Is Willing (1934),2.5,3.417802333831787
rw0871157,Cidade de Deus (2002),4.5,3.3103413581848145
rw4350715,Jurassic World: Fallen Kingdom (2018),3.5,2.2667059898376465
rw3379229,The Revenant (2015),5.0,2.6049108505249023
rw0097718,The Graduate (1967),5.0,3.6346967220306396
rw4426429,Hunter Killer (2018),0.5,3.4402945041656494
rw0279959,Cry-Baby (1990),1.5,3.313323974609375
rw2480547,La casa muda (2010),3.0,3.505932569503784
rw5116417,9/11 (2017),2.0,3.292205810546875
rw3641196,Zootopia (2016),2.5,2.745730400085449
rw1909956,Room 36 (2005),4.0,3.6066718101501465
rw2355074,Burlesque (I) (2010),4.5,3.813755750656128
rw5377672,The Pianist (2002),5.0,4.230558395385742
rw2424305,I Am Number Four (2011),1.0,3.925821542739868
rw0514151,The Siege (1998),3.5,4.118910789489746
rw6346094,The Crown (2016– ),3.5,3.405768632888794
rw3185716,The Karate Kid (2010),4.5,3.2186756134033203
rw2301838,Charlie Chan in Shanghai (1935),3.5,3.48636794090271
rw0663856,The Contender (2000),3.5,3.088808298110962
rw5588468,The Usual Suspects (1995),2.0,4.080671787261963
rw1773777,Lou Grant (1977–1982),2.0,3.393051862716675
rw1921202,Tout va bien (1972),4.0,3.739089250564575
rw5729590,Weathering with You (2019),3.5,3.605074167251587
rw2118526,V for Vendetta (2005),2.5,3.998013973236084
rw3397163,Brave (2012),5.0,4.544520378112793
rw2246652,The Last Thakur (2008),2.5,3.1172237396240234
rw4009255,A Shadow World (2015),0.5,2.805324077606201
rw5844033,Dead of Winter (1987),2.0,3.0072240829467773
rw2699857,Extinction: The G.M.O. Chronicles (2011),2.0,3.577470302581787
rw4163859,The Greatest Showman (2017),4.0,3.68652606010437
rw2282363,Blood Cult (1985 Video),3.0,3.0511088371276855
rw2729678,Brute Force (1947),4.0,3.6012043952941895
rw4701853,Leaving Neverland (2019),0.5,2.7029149532318115
rw1205008,Team America: World Police (2004),4.5,2.1684582233428955
rw6374127,Justice League (2017),2.5,3.4701061248779297
rw4655741,In Like Flynn (2018),3.0,1.7937122583389282
rw5913065,2001: A Space Odyssey (1968),4.5,3.427290678024292
rw5472789,Insatiable (2018–2019),5.0,3.7727975845336914
rw1439063,The Brave (1997),1.5,2.984229326248169
rw2347697,The Room (2003),2.5,4.154749870300293
rw0533540,The World Is Not Enough (1999),4.0,4.574420928955078
rw6439065,It's a Wonderful Life (1946),5.0,3.145890951156616
rw0730223,Die Another Day (2002),4.5,3.9155313968658447
rw5746869,Guardians of the Galaxy (2015–2019),4.5,3.5236923694610596
rw0861273,Hitters (2002),5.0,3.125119209289551
rw0135391,The Front Page (1974),3.0,2.675846576690674
rw3116302,Teenage Mutant Ninja Turtles (2014),2.5,3.283538818359375
rw6331870,Bob Lazar: Area 51 & Flying Saucers (2018),1.0,3.143014907836914
rw3401855,The Ten Commandments (1956),4.5,3.674835681915283
rw6175302,Wedding Crashers (2005),4.0,4.042276382446289
rw4306329,Call Me by Your Name (2017),5.0,3.0354411602020264
rw4604161,Suits (2011–2019),5.0,2.972764015197754
rw6262227,Paranormal (2020– ),3.5,2.794245719909668
rw1565692,"Hamlet, Prince of Denmark (1980 TV Movie)",3.0,3.8932440280914307
rw5900735,Greyhound (2020),2.0,3.9636566638946533
rw3406194,R'ha (2013),2.0,4.028164863586426
rw2056521,"Oh, Mr. Porter! (1937)",4.0,2.9909255504608154
rw6219961,The Queen's Gambit (2020),4.5,3.392397165298462
rw1960941,Appaloosa (2008),3.5,3.3583102226257324
rw0583294,The Lord of the Rings: The Return of the King (2003),5.0,3.711815595626831
rw0722997,Bridget Jones's Diary (2001),5.0,3.374708890914917
rw6323364,Sher Dil (2019),5.0,3.534162759780884
rw5424320,Hancock (2008),2.5,2.355428695678711
rw3577269,Genius (2016),4.5,2.750741958618164
rw0404288,Apt Pupil (1998),5.0,3.1499013900756836
rw4572742,Incredibles 2 (2018),4.0,3.799834966659546
rw2558292,Screamers: The Hunting (2009 Video),0.5,3.411669969558716
rw3243249,Tanu Weds Manu Returns (2015),5.0,4.450522422790527
rw0753219,Scary Movie 2 (2001),0.5,3.661970376968384
rw5029622,Thor: The Dark World (2013),3.0,3.548480272293091
rw4897033,Valerian and the City of a Thousand Planets (2017),1.5,3.344658136367798
rw5753124,NCIS (2003– ),5.0,3.549978256225586
rw4137927,A Quiet Place (2018),2.5,3.020535469055176
rw1219964,The End of the Affair (1999),5.0,2.8278698921203613
rw1383083,Conspiracy Theory: Did We Land on the Moon? (2001 TV Movie),5.0,2.851146936416626
rw6402590,The Midnight Sky (2020),1.5,2.9178147315979004
rw4232319,Shooter (I) (2007),2.0,3.5896058082580566
rw1529754,Monster in a Box (1992),4.5,4.579877853393555
rw6214135,Uncut Gems (2019),1.5,3.4799673557281494
rw4731198,Thriller (1960–1962),5.0,2.995605707168579
rw0005199,The Cameraman (1928),5.0,3.835296630859375
rw1270890,High School Musical (2006 TV Movie),1.5,3.9780466556549072
rw1339903,American Dreamz (2006),3.0,3.7048277854919434
rw4477110,The Christmas Chronicles (2018),5.0,4.51099157333374
rw0394723,Scream (1996),5.0,3.4473960399627686
rw1492607,The Big Lift (1950),4.5,2.8133275508880615
rw1966965,War of the Worlds (2005),3.5,3.792872190475464
rw5902517,The Old Guard (2020),4.0,3.957883596420288
rw5460372,The Da Vinci Code (2006),3.5,3.1820297241210938
rw1349585,As Good as It Gets (1997),4.5,2.6547486782073975
rw5484404,The Will (2020),5.0,4.398518085479736
rw2581002,The Flying Squirrel (1954),4.0,3.5523226261138916
rw3628443,The Fall (I) (2013–2016),4.0,2.51816987991333
rw4364860,Tag (I) (2018),4.5,3.143941640853882
rw1442642,Pirates of the Caribbean: Dead Man's Chest (2006),1.5,2.713819980621338
rw6126600,500 Days of Summer (2009),4.5,4.266106128692627
rw1627993,Severance (2006),3.0,2.8197038173675537
rw4892276,Stronger (I) (2017),2.5,3.751009464263916
rw5666293,Rosemary's Baby (1968),4.5,3.978879451751709
rw3049609,Dawn of the Planet of the Apes (2014),4.5,3.937683343887329
rw3350992,Spectre (I) (2015),2.0,3.556096315383911
rw4839131,Captain Marvel (2019),3.0,3.88283634185791
rw3594764,Santo in the Hotel of Death (1963),2.0,3.1796956062316895
rw6197894,Strangers at the Door (2017),0.5,3.401289701461792
rw3146393,Santa Claus (1959),4.0,3.53890061378479
rw5702832,Mrs. Serial Killer (2020),5.0,4.372048854827881
rw0448310,"A Cool, Dry Place (1998)",2.5,3.4378623962402344
rw4970695,The Man Who Killed Don Quixote (2018),0.5,3.22174072265625
rw1464894,Tank Girl (1995),4.0,3.6545724868774414
rw2210508,All About Eve (1950),4.5,3.680872917175293
rw2049052,Cry-Baby (1990),2.5,3.2570109367370605
rw5114542,The Man from Earth (2007),0.5,4.158308506011963
rw1708980,The House Without a Christmas Tree (1972 TV Movie),5.0,3.1841843128204346
rw0478413,X-Men (2000),4.5,3.742037773132324
rw2813904,This Is the End (2013),0.5,2.5389013290405273
rw5132358,Rambo: Last Blood (2019),1.0,2.627591848373413
rw2788477,Dredd (2012),2.0,3.5268144607543945
rw0793438,The Scorpion King (2002),4.0,3.2389986515045166
rw4948170,Jinn (2019– ),4.5,2.9345340728759766
rw2052675,The Fast and the Furious: Tokyo Drift (2006),1.0,2.4718210697174072
rw1089360,The Big Stuffed Dog (1981 TV Movie),3.5,3.534162759780884
rw3265517,Lava (2014),1.0,3.243582248687744
rw3688562,Entertainment (2015),2.5,3.695695161819458
rw5903821,The Old Guard (2020),5.0,3.7628211975097656
rw1133797,November (I) (2004),3.5,2.938622236251831
rw0985630,Swades (2004),5.0,3.8335120677948
rw0153576,The Mighty Peking Man (1977),4.5,2.5610175132751465
rw2610407,The Graduate (1967),4.0,3.809610366821289
rw2858510,Lucky Night (1939),5.0,3.5906102657318115
rw0174564,The Day After Trinity (1981),3.5,3.534162759780884
rw6163766,Abhay (2019– ),5.0,3.95688796043396
rw2470077,Cowboys & Aliens (2011),4.0,3.497105121612549
rw0370402,Se7en (1995),5.0,3.595367193222046
rw1661004,Apocalypto (2006),2.0,3.708191394805908
rw2958999,The Wolf of Wall Street (2013),4.5,3.9242184162139893
rw1675292,American Nightmare (2002 Video),4.5,4.511478900909424
rw3187163,Fifty Shades of Grey (2015),3.5,3.367422103881836
rw1100030,Mr. & Mrs. Smith (1941),2.5,2.301325559616089
rw5958154,Deep Blue Sea 2 (2018 Video),1.0,4.048115253448486
rw5835681,Inspector Gadget (1999),3.5,3.4708120822906494
rw5525111,Wonderland (2013–2015),5.0,2.690910816192627
rw2381502,Attack on Darfur (2009),1.0,2.824725866317749
rw5414626,Giri/Haji (2019),2.0,3.4257078170776367
rw2934175,The Hobbit: The Desolation of Smaug (2013),1.0,3.1416220664978027
rw4823126,The Wandering Earth (2019),2.0,3.0531671047210693
rw0088601,A Charlie Brown Christmas (1965 TV Movie),5.0,4.536495208740234
rw6212093,The Little Vampire 3D (2017),5.0,3.0810964107513428
rw1406431,Entourage (2004–2011),5.0,3.0693583488464355
rw0574393,The Sum of All Fears (2002),4.0,3.496692419052124
rw0879254,Laws of Attraction (2004),2.5,2.8417327404022217
rw2251298,Vicky Cristina Barcelona (2008),3.5,3.6461000442504883
rw1295734,Final Destination 2 (2003),4.0,3.745410680770874
rw1599325,毀滅戰士 (2005),1.0,4.213972091674805
rw0304794,Braindead (1992),3.5,3.9992918968200684
rw3577954,Scars of Dracula (1970),3.5,3.5557358264923096
rw2048630,Baghead (2008),1.0,3.4134671688079834
rw1320306,L'enfant secret (1979),5.0,2.9085450172424316
rw4561255,Shanghai Surprise (1986),1.0,3.4628708362579346
rw0904156,Two Brothers (2004),0.5,2.4834303855895996
rw4296986,Dinosaur (2000),5.0,3.3325657844543457
rw6273327,Soorarai Pottru (2020),5.0,4.169226169586182
rw1855644,De erfgename (1949),4.5,2.916670799255371
rw6017578,Flesh (2020),5.0,3.7067906856536865
rw1549080,Sideways (2004),1.0,3.00510573387146
rw5210666,Tales of Found Footage (2019),0.5,3.1545286178588867
rw2382671,Mumbai Diaries (2010),4.5,2.8456733226776123
rw1729208,The Broken Hearts Club: A Romantic Comedy (2000),3.0,3.6099209785461426
rw4486371,Reunited at Christmas (2018 TV Movie),0.5,3.674905776977539
rw3412391,The Comedians (1967),4.5,4.19216775894165
rw0639181,"O Brother, Where Art Thou? (2000)",4.5,4.132032871246338
rw5857185,Eurovision Song Contest: The Story of Fire Saga (2020),3.5,2.83803129196167
rw4183514,The Graduate (1967),4.0,3.809610366821289
rw5250346,The Fighter (I) (2010),4.0,2.71362566947937
rw4481049,Mirzapur (2018– ),4.5,3.5662782192230225
rw4099840,Death Wish (2018),1.5,2.445791721343994
rw2042065,In Bruges (2008),5.0,3.637704610824585
rw0247445,Moonstruck (1987),5.0,3.9041924476623535
rw3354662,500 Days of Summer (2009),5.0,4.321380138397217
rw6450812,Sherlock (2010–2017),4.5,4.1772871017456055
rw2785081,The Croods (2013),3.5,3.532805919647217
rw1822727,Lilly Turner (1933),3.5,3.35847806930542
rw1977786,Anaconda 3: Offspring (2008 TV Movie),0.5,2.9027607440948486
rw2378098,Plan B (I) (2009),5.0,4.361037254333496
rw4691837,ImMATURE (2019– ),5.0,4.343724250793457
rw5033711,Quarries (2016),3.5,2.890737295150757
rw5107286,Blade Runner 2049 (2017),3.5,3.2176215648651123
rw2221976,Green Zone (2010),3.5,3.3580946922302246
rw4117331,The Terror (2018– ),4.5,4.078444480895996
rw0738876,Asterix & Obelix: Mission Cleopatra (2002),4.0,3.0546021461486816
rw1497728,Titanic (1997),2.0,4.133412837982178
rw3600931,REC (2007),3.0,3.4134137630462646
rw3664302,Chasing Leprechauns (2012 TV Movie),4.5,2.811091423034668
rw5797267,Collision Earth (2020),0.5,2.950213670730591
rw4201102,Nancy (2018),3.5,3.289445400238037
rw4179136,The Leftovers (2014–2017),5.0,2.7942590713500977
rw1361318,Final Fantasy VII: Advent Children (2005),2.0,3.4121224880218506
rw3395802,Seventh Son (I) (2014),0.5,2.9136664867401123
rw2462113,Mal día para pescar (2009),3.5,3.607938051223755
rw1985733,The Happening (2008),1.0,3.896038770675659
rw0802543,My Little Eye (2002),3.5,2.6853997707366943
rw0764913,Basic (2003),3.5,2.0671143531799316
rw4936411,Jinn (2019– ),3.0,2.9908974170684814
rw4835696,The Dark Side of the Sun (1988),3.0,3.097419023513794
rw1315836,Tutti i colori del buio (1972),4.5,2.589036464691162
rw2878923,This Is the End (2013),1.0,2.769075870513916
rw6264094,Poison (2019– ),5.0,2.7980563640594482
rw0444310,Being John Malkovich (1999),5.0,4.094600200653076
rw0075498,Something Wild (1961),4.5,3.1723155975341797
rw4440848,Bohemian Rhapsody (2018),5.0,4.0677313804626465
rw0538680,Spider-Man (2002),4.0,3.393791437149048
rw5305867,國王 (I) (2019),2.5,3.652172327041626
rw4724373,Triple Frontier (2019),3.0,3.4558398723602295
rw5811035,BlacKkKlansman (2018),4.0,2.9036529064178467
rw3849561,13 Minutes (2015),2.5,4.258379936218262
rw3465991,The Avengers (2012),5.0,3.7398681640625
rw6078171,Train to Busan (2016),4.5,3.4071757793426514
rw3014308,The Bag Man (I) (2014),4.0,3.1030759811401367
rw5093245,Heat (1995),5.0,2.8408126831054688
rw0163352,Shalimar (1978),5.0,3.6864235401153564
rw0529659,Mind Games (1998 TV Movie),1.5,2.9857351779937744
rw4301098,Mission: Impossible - Fallout (2018),4.5,3.7413227558135986
rw0059959,12 Angry Men (1957),5.0,3.339470148086548
rw3035894,The Client (2011),3.5,2.7473702430725098
rw0103463,Night of the Living Dead (1968),4.5,3.5902373790740967
rw1254983,King Kong (2005),3.0,3.0360591411590576
rw3803839,War for the Planet of the Apes (2017),4.5,2.8655593395233154
rw6101014,Pets United (2019),0.5,3.990506887435913
rw3772798,Valerian and the City of a Thousand Planets (2017),4.0,3.1087024211883545
rw1825791,Mou gaan dou II (2003),3.5,3.2659943103790283
rw2136849,Observe and Report (2009),2.0,4.273867607116699
rw5834711,Space Force (2020– ),5.0,3.1755218505859375
rw5236645,Sunset Blvd. (1950),5.0,3.6965994834899902
rw0554038,Screwed (2000),4.0,3.1259615421295166
rw2550483,The Adventures of Tintin (2011),4.0,3.238325357437134
rw6084952,Uncle Tom (2020),5.0,4.131072044372559
rw4144407,Avengers: Infinity War (2018),5.0,3.9895174503326416
rw6332787,Vikings (2013–2020),5.0,3.4051105976104736
rw0767235,Murder by Numbers (2002),3.0,3.539215326309204
rw0326888,The Piano (1993),3.5,3.487084150314331
rw2088434,The Freakmaker (1974),2.0,2.9001657962799072
rw4774244,Dexter (2006–2021),4.0,3.652733564376831
rw3460669,Nina (I) (2016),4.0,2.9132747650146484
rw2536810,Mission: Impossible - Ghost Protocol (2011),2.0,2.6790778636932373
rw3264622,Slap Shot 3: The Junior League (2008 Video),1.5,3.2233550548553467
rw2764314,Sound City (2013),5.0,2.8266959190368652
rw6203260,Prison Break (2005–2017),1.0,2.2402303218841553
rw5759148,Giri/Haji (2019),2.0,3.190643548965454
rw5724109,Monsters (2017 Video),4.0,3.072751998901367
rw5211178,The Lighthouse (I) (2019),5.0,3.180147409439087
rw1769347,Beowulf (2007),3.0,3.006730079650879
rw4014896,Mother! (2017),5.0,2.9009218215942383
rw5698242,Hollywood (2020),4.0,3.4586100578308105
rw4191878,Shadowhunters (2016–2019),5.0,3.040440797805786
rw1011587,Thirteen Days (2000),2.5,3.3233749866485596
rw6031338,Flesh (2020),5.0,4.279299259185791
rw5422720,Soundtrack (2019),5.0,4.100658416748047
rw4375197,In the Heart of the Sea (2015),4.0,3.399113893508911
rw3747517,Ghost in the Shell (2017),1.0,3.9406096935272217
rw0075663,The Two Little Bears (1961),1.5,3.3486855030059814
rw3630657,K-Shop (2016),3.5,3.361660957336426
rw0287827,Rosencrantz & Guildenstern Are Dead (1990),5.0,3.41135835647583
rw5221139,Sleeping with the Enemy (1991),5.0,3.3855173587799072
rw3059509,Wow! Wow! Wubbzy! (2006–2010),1.5,3.478867530822754
rw4480918,The Dark Knight Rises (2012),3.5,3.120979070663452
rw3229189,The Count of Monte Cristo (1934),3.0,3.399528980255127
rw3868200,Nails (I) (2017),3.0,3.5280699729919434
rw3596359,Office Christmas Party (2016),4.5,3.4079484939575195
rw0071933,Never on Sunday (1960),3.0,2.83939528465271
rw5259050,Love Is Blind (I) (2019),1.5,3.484908103942871
rw6221826,The Long Hair of Death (1965),4.5,3.8253400325775146
rw0258201,Grave of the Fireflies (1988),5.0,3.224191188812256
rw4227906,The Bad Sleep Well (1960),2.5,3.1480369567871094
rw0212472,Satomi hakken-den (1983),5.0,3.5662782192230225
rw0931777,Kill Bill: Vol. 2 (2004),5.0,2.7866623401641846
rw1048257,Million Dollar Baby (2004),0.5,3.0918455123901367
rw2376852,Mumbai Diaries (2010),2.0,2.668853521347046
rw0071250,The Virgin Spring (1960),4.5,3.3725624084472656
rw5000111,TRON: Legacy (2010),5.0,3.9002490043640137
rw3063208,Get on Up (2014),3.5,2.8763160705566406
rw1483377,The Proud Ones (1956),4.5,3.4994399547576904
rw3168526,鳥人 (2014),3.0,3.9973833560943604
rw1851228,The Kite Runner (2007),3.0,3.5927250385284424
rw2978915,White Chicks (2004),4.0,3.4137611389160156
rw5959280,Un ticket pour l'espace (2006),3.5,3.3008430004119873
rw5849161,Eric Andre: Legalize Everything (2020 TV Special),2.5,3.7672202587127686
rw2556672,Jail (2007– ),4.0,2.9192919731140137
rw2283448,The Book of Eli (2010),3.0,2.865788698196411
rw4147933,Riverdale (2017– ),4.0,3.0269830226898193
rw5065214,The Hateful Eight (2015),2.0,3.0785279273986816
rw0894189,Troy (2004),3.0,3.8535101413726807
rw1645702,Gangs of New York (2002),4.5,2.5821268558502197
rw6033945,Nocturnal Animals (2016),4.5,3.5654122829437256
rw2268323,The Crazies (2010),1.0,2.7235121726989746
rw5484449,World Famous Lover (2020),4.0,3.1885955333709717
rw3650445,Moonlight (I) (2016),3.5,3.966050148010254
rw5206999,The Hole in the Ground (2019),2.5,3.091562509536743
rw2541083,A.N.T. Farm (2011–2014),0.5,3.3807241916656494
rw5897010,The Old Guard (2020),4.0,3.5238606929779053
rw3561692,Midnight in the Garden of Good and Evil (1997),3.5,3.472968578338623
rw3081792,The Killing (2011–2014),3.5,3.8143582344055176
rw5786530,Once Upon a Time... In Hollywood (2019),4.5,3.01228928565979
rw1742286,Dr. Giggles (1992),2.5,2.4988369941711426
rw0292132,Cape Fear (1991),3.5,2.594256639480591
rw3048946,G.I. Joe: Retaliation (2013),0.5,3.743633508682251
rw4375216,The Killing of a Sacred Deer (2017),1.0,3.431710958480835
rw1820965,The Truth About Cats & Dogs (1996),3.5,3.4838945865631104
rw5669380,Parasite (2019),5.0,3.6780781745910645
rw0863205,The Cat in the Hat (2003),3.5,3.553208589553833
rw5616996,Jackson Durai (2016),5.0,3.7866272926330566
rw0506309,Wing Commander (1999),2.0,2.929262399673462
rw5602821,Sketchy Behaviour (2019 TV Movie),5.0,3.61346697807312
rw1782697,Enchanted (2007),4.0,3.7936341762542725
rw6165443,Firewood (2019),4.0,3.7866272926330566
rw5059875,Rocko's Modern Life: Static Cling (2019 TV Movie),1.0,4.224135398864746
rw4641198,Wonder Woman (2017),3.0,3.3789260387420654
rw3198298,Warpaint (2012),1.0,3.411842107772827
rw2288979,John Adams (2008),4.5,3.534162759780884
rw0475339,Velvet Goldmine (1998),5.0,2.7990474700927734
rw0583732,The Lord of the Rings: The Return of the King (2003),4.5,3.711815595626831
rw5196114,Steel Country (2018),4.0,3.5662782192230225
rw6228570,Nicole (2019),5.0,2.331387758255005
rw2267845,Boot Camp (2008),5.0,3.042999267578125
rw5401391,Klaus (2019),1.5,3.9955384731292725
rw0812652,Once Upon a Time in Mexico (2003),5.0,3.659203290939331
rw3805691,Slightly Daffy (1944),3.5,4.248109817504883
rw3689269,iBoy (2017),3.0,2.3493595123291016
rw6355981,The Reagans (2020– ),0.5,3.0508580207824707
rw4458942,The Price of Everything (2018),3.0,3.638496160507202
rw4041360,Freak Show (2017),4.0,3.640162944793701
rw5968584,Black Is King (2020),5.0,3.62854266166687
rw2774575,Big Fish (2003),1.0,3.5645253658294678
rw6328783,Tesla (I) (2020),0.5,3.8079867362976074
rw4346942,American Made (2017),5.0,2.9923009872436523
rw4255847,The Dark Tower (2017),4.0,3.549182415008545
rw6070290,Children of Men (2006),5.0,3.965714454650879
rw1681748,Ladies in Retirement (1941),3.0,3.8516693115234375
rw5376887,Pirate Radio (2009),2.5,2.850132942199707
rw0245265,Wings of Desire (1987),5.0,4.434176445007324
rw2760649,Huang jia shi jie (1985),4.0,3.387611150741577
rw5717133,Swallow (I) (2019),1.0,3.2229561805725098
rw1261174,Conflict (1945),3.5,3.51275372505188
rw3150966,White Collar (2009–2014),5.0,2.5197784900665283
rw4188151,Mike and Dave Need Wedding Dates (2016),3.0,3.8080027103424072
rw5540650,Miss Congeniality (2000),3.5,2.859551191329956
rw6155284,Star Wars: Episode VIII - The Last Jedi (2017),2.0,2.8262734413146973
rw5085172,Blade Runner 2049 (2017),4.5,3.7993876934051514
rw2674212,Somewhere (2010),0.5,3.4463977813720703
rw4457866,Leningrad (2009),0.5,3.15108585357666
rw6190325,The Visit (I) (2015),4.5,3.9815518856048584
rw2358065,TRON: Legacy (2010),3.5,4.488465309143066
rw1157931,Bloody Wednesday (1988),2.0,2.988428831100464
rw3304980,Pixels (2015),4.0,3.8302860260009766
rw0732257,Donnie Darko (2001),4.5,2.915168285369873
rw3325134,Pan (2015),2.5,3.1312711238861084
rw1513327,Should Men Walk Home? (1927),3.0,3.1860086917877197
rw0334678,Ava's Magical Adventure (1994),1.5,3.7866272926330566
rw5444562,Kissed (1996),2.5,3.5203073024749756
rw5384837,The Grudge (2020),3.5,2.8191771507263184
rw5653388,Changeling (2008),2.5,2.8027946949005127
rw1814602,Undersea Kingdom (1936),4.0,2.902437448501587
rw4973143,The Dark Tower (2017),4.5,3.589674949645996
rw4138887,The Death of Stalin (2017),4.5,4.484380722045898
rw4801828,Dragonheart 3: The Sorcerer's Curse (2015 Video),3.0,2.5870859622955322
rw2308146,Tobacco Road (1941),4.0,3.391153573989868
rw2190209,十誡 (1956),2.5,3.4691476821899414
rw4775394,A Quiet Place (2018),4.5,2.959059715270996
rw6172661,Breakaway (2011),4.0,3.0534791946411133
rw2977767,Anchorman 2: The Legend Continues (2013),2.0,3.4163386821746826
rw1589972,Murder-Set-Pieces (2004),2.0,3.1037228107452393
rw0813406,Signs (2002),5.0,2.9080803394317627
rw4727303,Furious 6 (2013),2.5,3.108360528945923
rw6172232,Red Sonja (1985),4.0,3.3043501377105713
rw0687910,Original Sin (2001),2.0,4.022786617279053
rw5532909,Villain (I) (2020),5.0,4.0528950691223145
rw4584144,Sex Education (2019– ),3.5,2.728860855102539
rw4331195,Filmworker (2017),1.0,3.1015028953552246
rw1095056,Cinderella Man (2005),5.0,2.567319631576538
rw6001769,La dernière vague (2019– ),3.0,3.7866272926330566
rw5376044,Cats (2019),1.0,3.453368663787842
rw4943257,Monster (VIII) (2019),4.0,2.9940106868743896
rw4716621,After the Thin Man (1936),3.5,3.6663951873779297
rw1782828,Behind Enemy Lines (2001),3.0,2.6768405437469482
rw1721234,Akutoreizâ (1990 Video Game),5.0,3.3116297721862793
rw1873078,A Esteticista (2005),4.0,2.5868818759918213
rw6219540,I'm Thinking of Ending Things (2020),0.5,2.934359550476074
rw2713767,The Way (I) (2010),4.0,2.6868984699249268
rw4086628,Love Per Square Foot (2018),3.0,3.8741910457611084
rw6014561,Bandish Bandits (2020– ),1.0,2.840360164642334
rw2412064,Blindness (2008),4.5,3.6509602069854736
rw4222760,Incredibles 2 (2018),4.5,4.29754114151001
rw3198678,Parallels (I) (2015),4.5,3.0315463542938232
rw4298278,Last Man Standing (2011– ),5.0,2.91027569770813
rw5373853,Gordon Lightfoot: If You Could Read My Mind (2019),3.5,3.1002559661865234
rw3878617,Possession (1981),0.5,4.057408809661865
rw3003197,The Tomorrow People (2013–2014),5.0,2.6568644046783447
rw1099948,Song of the South (1946),4.0,3.2603509426116943
rw1901699,L: Change the World (2008),1.0,2.7663376331329346
rw5668567,Another Life (2019– ),1.5,2.7905004024505615
rw3006369,Let's Kill Uncle (1966),3.0,3.819498300552368
rw3452006,Desk Set (1957),3.5,3.5299346446990967
rw0450638,Eye of the Beholder (1999),4.5,3.649477958679199
rw3055204,The Monuments Men (2014),3.0,3.31436824798584
rw4244997,Suburban Commando (1991),3.5,3.0274322032928467
rw2602549,Captain America: The First Avenger (2011),0.5,2.5564584732055664
rw1219883,Derailed (I) (2005),0.5,3.364964723587036
rw2162435,The Most Wonderful Time of the Year (2008 TV Movie),2.5,2.4750964641571045
rw0459198,The Lord of the Rings: The Fellowship of the Ring (2001),0.5,3.1339714527130127
rw4218187,Avengers: Infinity War (2018),3.5,4.379500389099121
rw3656094,Moonlight (I) (2016),4.0,3.966050148010254
rw2142162,Diary of a Madman (1963),4.0,2.9601078033447266
rw0282496,Goodfellas (1990),5.0,3.0246376991271973
rw3592958,Frost/Nixon (2008),5.0,2.6840763092041016
rw1373798,Arabela (1979– ),5.0,3.202589511871338
rw4513525,My Christmas Prince (2017 TV Movie),0.5,4.174465179443359
rw0228472,Year of the Dragon (1985),5.0,2.8992090225219727
rw1973210,It's a Wonderful Life (1946),5.0,3.145890951156616
rw3340403,Dudes & Dragons (2015),5.0,3.486246347427368
rw2454799,Gallipoli (1981),3.5,3.6191043853759766
rw3877068,He Walked by Night (1948),4.0,3.0186948776245117
rw4627058,If Beale Street Could Talk (2018),0.5,3.6330156326293945
rw1213597,Azumi (2003),4.0,2.951298236846924
rw2340046,Chairman of the Board (1998),2.5,4.016891002655029
rw3629411,Lion (2016),4.5,3.806694269180298
rw5915776,Given (2019– ),4.5,3.6024410724639893
rw3010392,The Amazing Spider-Man 2 (2014),4.0,3.0193519592285156
rw3111893,Rango (2011),1.0,3.2904794216156006
rw2729153,Shira: The Vampire Samurai (2005 Video),4.0,3.534162759780884
rw5392050,Messiah (2020),5.0,3.5662782192230225
rw3078290,Mad Money (2008),3.5,3.098773717880249
rw1918024,The Dark Knight (2008),1.0,3.7652313709259033
rw1634368,Baron Prásil (1962),5.0,4.138371467590332
rw1647590,Vacancy (2007),2.5,3.2544901371002197
rw5414367,Haunt (I) (2019),5.0,3.442328453063965
rw1983713,Mumbai Meri Jaan (2008),4.5,3.3134193420410156
rw2487374,Setup (I) (2011),0.5,2.6539177894592285
rw4338305,Bleach (2018),5.0,3.0653772354125977
rw2388653,Dalaw (II) (2010),2.0,2.657912492752075
rw1477311,Analyze This (1999),4.0,3.6576051712036133
rw5410389,Tanhaji: The Unsung Warrior (2020),4.0,3.077948570251465
rw5091552,Trollied (2011–2018),4.0,3.4738993644714355
rw0141555,Hester Street (1975),5.0,3.4133145809173584
rw2296711,Into the Blue 2: The Reef (2009 Video),1.0,3.2888054847717285
rw2169389,Tiger Bay (1959),4.5,3.260246992111206
rw3735282,Hollywood Homicide (2003),2.0,3.128237724304199
rw5987660,Gunjan Saxena: The Kargil Girl (2020),0.5,3.6870501041412354
rw0800512,Mr. Deeds (2002),0.5,3.4286468029022217
rw5665042,The Willoughbys (2020),2.0,3.3260324001312256
rw1948298,The Sound of Music (1965),3.5,3.2859599590301514
rw4642630,The Final Wish (2018),5.0,2.7638661861419678
rw3649334,Complete Unknown (2016),3.5,3.1694138050079346
rw0201612,The Hunger (1983),4.5,2.9764628410339355
rw3737668,The Last Man on Earth (2015–2018),5.0,3.1495347023010254
rw3323185,The Primary Instinct (2015),4.0,3.421254873275757
rw4706532,Absentia (2017– ),3.5,2.9052822589874268
rw0736722,Ali (2001),5.0,3.2181689739227295
rw1093244,Tae Guk Gi: The Brotherhood of War (2004),4.5,3.259235143661499
rw5422680,Bad Boys for Life (2020),5.0,3.7068827152252197
rw4981944,Toy Story 4 (2019),4.0,3.261483669281006
rw4545629,Cargo (2013),3.0,3.619544744491577
rw6419059,Coolie No. 1 (2020),0.5,2.9425668716430664
rw1808317,Lost in Beijing (2007),2.5,3.5022871494293213
rw1896347,I Am Legend (2007),2.5,3.580016851425171
rw5378288,Messiah (2020),1.5,3.5662782192230225
rw4435031,Venom (2018),4.5,3.342651128768921
rw1207011,Saw II (2005),4.0,2.960730791091919
rw4385472,Await Further Instructions (2018),2.0,2.9341518878936768
rw2287819,Trust (1990),5.0,3.7111077308654785
rw4784266,The Killer Next Door (2018),0.5,3.1408493518829346
rw6097584,Kilink: Strip and Kill (1967),3.5,2.7153046131134033
rw0084859,Dr. Devil and Mr. Hare (1964),4.0,3.2047441005706787
rw5652200,Seed of Chucky (2004),5.0,3.539804220199585
rw5382266,Fractured (I) (2019),4.0,3.3383142948150635
rw1489039,Call of Duty 2 (2005 Video Game),4.5,2.688688039779663
rw0070581,Can-Can (1960),2.5,4.288510799407959
rw0633827,Birthday Girl (2001),4.5,3.260143280029297
rw3476293,Attack the Block (2011),4.0,3.7346315383911133
rw2220296,American Radical: The Trials of Norman Finkelstein (2009),4.5,3.037503242492676
rw5416874,Grave of the Fireflies (1988),4.5,3.618608236312866
rw4549373,The Quake (2018),2.5,3.515324115753174
rw2413043,Return from the Ashes (1965),2.5,3.834307909011841
rw4256205,The Kissing Booth (2018),1.5,2.7791643142700195
rw2641570,Un homme qui crie (2010),3.0,3.2667973041534424
rw2381436,Blue Valentine (2010),2.0,4.121139049530029
rw1197262,Nudity Required (2003),4.0,3.648646354675293
rw2318202,Machete (2010),4.5,3.6593611240386963
rw0103004,"Live a Little, Love a Little (1968)",4.0,3.526538610458374
rw3828313,"Just, Melvin: Just Evil (2000)",5.0,3.7188518047332764
rw5475295,The Upside (2017),4.5,3.7571699619293213
rw4298757,Hereditary (2018),0.5,2.325976848602295
rw5433156,The Dead Lands (2020– ),4.5,3.124427318572998
rw5459331,NBA 2k19 (2018 Video Game),3.5,2.5672128200531006
rw2146157,Defying Gravity (2009),5.0,2.5744378566741943
rw0410185,"Crna macka, beli macor (1998)",4.5,3.3296008110046387
rw6117983,Messiah (2020),5.0,3.5662782192230225
rw2359778,True Grit (2010),3.5,3.5513036251068115
rw3271590,I'm Not Racist... Am I? (2014),1.0,2.787645101547241
rw4517007,"Le ventre, notre deuxième cerveau (2014 TV Movie)",4.0,4.0531697273254395
rw3302668,Hot Pursuit (2015),1.0,3.1544132232666016
rw5806550,Friday the 13th Part III (1982),3.5,2.8541295528411865
rw3747195,Rocktober Blood (1984),4.0,3.0440313816070557
rw2911266,RamLeela (2013),2.5,3.2890491485595703
rw1961734,Indiana Jones and the Kingdom of the Crystal Skull (2008),1.0,2.9513750076293945
rw3760115,The Children's Hour (1961),5.0,3.6176440715789795
rw1662652,Bug (2006),2.5,3.01804256439209
rw4773926,Il venditore di morte (1971),2.5,3.219313621520996
rw1050290,Closer (I) (2004),5.0,3.8551623821258545
rw2954896,Gravity (2013),4.5,3.057175636291504
rw2456434,The Devil Diamond (1937),2.5,3.5662782192230225
rw5470826,Rogue One: A Star Wars Story (2016),4.0,3.14843487739563
rw3374164,Star Wars: Episode VII - The Force Awakens (2015),3.0,2.3087592124938965
rw0956059,The Motorcycle Diaries (2004),4.5,3.892441987991333
rw3426263,Emelie (2015),2.5,3.5662782192230225
rw5948488,You Me Her (2016– ),4.5,3.1707990169525146
rw0984398,The Rundown (2003),5.0,3.2936697006225586
rw2411638,Your Highness (2011),3.5,3.164653778076172
rw1760264,Frostbitten (2006),2.0,2.7988834381103516
rw1596571,Who's Minding the Store? (1963),5.0,3.2872776985168457
rw0539822,Stigmata (1999),5.0,4.001814365386963
rw2601540,Skeleton Man (2004 TV Movie),3.0,2.782088041305542
rw3525329,Luminarias (1999),1.5,3.70206356048584
rw0453749,Godzilla (I) (1998),0.5,2.7994091510772705
rw0123973,High Plains Drifter (1973),5.0,3.0934293270111084
rw1526001,Blind Beast (1969),3.0,2.8158457279205322
rw0797684,The Good Girl (2002),5.0,3.2061753273010254
rw5929305,Cursed (2020– ),1.0,3.7866272926330566
rw1234423,Trainspotting (1996),4.5,3.1770405769348145
rw1716833,Woodstock (1970),5.0,3.3741424083709717
rw2029273,The End of Poverty? (2008),5.0,3.974130630493164
rw0272377,Listen to Me (1989),0.5,3.046677827835083
rw0195291,My Favorite Year (1982),0.5,2.789557456970215
rw5003913,Spider-Man: Far from Home (2019),2.5,2.7670626640319824
rw5735110,Beastie Boys Story (2020),4.5,3.4022326469421387
rw2995443,Andre (1994),1.0,3.1771323680877686
rw2549028,Ghostbusters (1984),4.0,3.854602098464966
rw1575228,Black Christmas (2006),2.0,2.7766354084014893
rw5316010,Kedi (2016),3.5,3.42669939994812
rw5582338,The Platform (2019),4.0,2.9569432735443115
rw1323352,River's Edge (1986),4.0,3.327606201171875
rw4067383,The Hunted (I) (2015),1.0,2.449087142944336
rw4053275,My Secret Valentine (2018 TV Movie),4.0,3.517454147338867
rw0662961,Snatch (2000),1.0,3.885929822921753
rw5513006,My Hero Academia: Heroes Rising (2019),5.0,2.8536434173583984
rw1991432,The Seven Little Foys (1955),3.5,3.1404833793640137
rw4781595,Black Summer (2019– ),5.0,3.5662782192230225
rw1574007,Perfume: The Story of a Murderer (2006),3.5,3.380873441696167
rw1723854,Wrong Turn 2: Dead End (2007 Video),5.0,3.006614923477173
rw5629822,Frozen II (2019),4.0,4.348989009857178
rw1783900,The Golden Compass (2007),0.5,3.452509641647339
rw4309444,The Kissing Booth (2018),0.5,2.972449541091919
rw5921791,Saigon (1947),2.0,3.861537456512451
rw0648951,Kikujiro (1999),4.0,2.9171764850616455
rw6375141,Aquaman (2018),0.5,3.2148783206939697
rw4533774,Downsizing (2017),2.0,3.284641981124878
rw3127593,Noah (2014),4.5,3.695385694503784
rw4574250,Let's Be Evil (2016),3.0,3.3990440368652344
rw4196985,Bates Motel (2013–2017),4.0,2.918116807937622
rw0167359,The Great American Girl Robbery (1979),5.0,3.8454716205596924
rw2810814,House of Dark Shadows (1970),5.0,2.4977176189422607
rw0099901,You Only Live Twice (1967),2.5,3.707836866378784
rw4188967,Veere Di Wedding (2018),5.0,3.428349018096924
rw2799251,Star Trek Into Darkness (2013),0.5,3.1084182262420654
rw4388469,Taking Earth (2017),4.0,2.89721941947937
rw1495481,Link (1986),4.0,3.31585955619812
rw6399142,Teen Spirit (2018),0.5,2.73732328414917
rw5797322,Crocodile Dundee (1986),4.0,2.865748882293701
rw5564505,The Lady Vanishes (1979),2.5,3.1066906452178955
rw0910846,Avellaneda's Moon (2004),3.5,2.572598457336426
rw0340880,Immortal Beloved (1994),3.0,3.596421003341675
rw5093060,Murder on the Orient Express (2017),2.0,3.640825033187866
rw4629884,Purl (2018),0.5,3.6202802658081055
rw2841987,Fullmetal Alchemist: Brotherhood (2009–2012),5.0,3.037017822265625
rw4263320,A Sniper's War (2018),0.5,4.206377029418945
rw2366922,Irresistible (2006),1.0,3.25569224357605
rw5490962,Avenging Angel (1985),3.0,3.315507173538208
rw0681568,Enemy at the Gates (2001),4.5,2.9967429637908936
rw5094070,Emelie (2015),0.5,3.534162759780884
rw5732687,Uri: The Surgical Strike (2018),5.0,2.9984257221221924
rw3294325,Cinderella (I) (2015),0.5,4.896403789520264
rw5579291,Shrek 2 (2004),3.0,3.827441692352295
rw0931357,Kill Bill: Vol. 2 (2004),4.5,2.9830098152160645
rw3206285,A Million Ways to Die in the West (2014),5.0,3.6313674449920654
rw6072132,Mulan (2020),4.0,2.8957393169403076
rw3713214,The Fate of the Furious (2017),3.5,3.819119930267334
rw5625007,Freaks (2018),3.5,3.1957712173461914
rw2079099,The Many Faces of Zorro (2000 Video),5.0,3.5662782192230225
rw1355145,Indecent Proposal (1993),0.5,3.8255817890167236
rw0548816,Show Me Love (1998),5.0,2.6478147506713867
rw2478402,Chained for Life (1952),3.5,2.7900028228759766
rw6164666,Mr. Church (2016),5.0,3.399517059326172
rw4071776,Umberto D. (1952),4.0,2.92349910736084
rw1529808,Going Overboard (1989),2.0,3.494081974029541
rw3070823,Bears (I) (2014),3.0,3.9716663360595703
rw5589177,Love in the Afternoon (1957),0.5,3.3558731079101562
rw4669704,Nobody's Fool (2018),4.0,2.942894458770752
rw2942816,The Bunglers (2012),5.0,3.443805694580078
rw6042633,Love Leads the Way: A True Story (1984 TV Movie),4.5,4.912447452545166
rw4981147,Texicanas (2019– ),5.0,4.032878875732422
rw4131414,Black Panther (2018),5.0,2.9030187129974365
rw1890039,À l'intérieur (2007),4.5,3.456014633178711
rw1976893,Election (1999),4.0,4.09022855758667
rw1294715,Fingersmith (2005),4.5,3.534162759780884
rw5115518,Mission Over Mars (2019– ),5.0,4.042909145355225
rw6374681,Holidate (2020),4.0,3.284604072570801
rw5662768,For the Weekend (2020),4.0,3.576587438583374
rw2580841,Black Magic (1992 TV Movie),4.0,3.6808176040649414
rw3124852,Corpse Bride (2005),4.0,3.4076168537139893
rw0185049,First Monday in October (1981),5.0,2.989722967147827
rw3467961,24 (I) (2016),5.0,3.311492919921875
rw6043882,Parasite (2019),5.0,3.2740893363952637
rw1300509,Dante's Peak (1997),2.5,3.5714762210845947
rw0347215,Texas Chainsaw Massacre: The Next Generation (1994),5.0,2.7453670501708984
rw6057508,Goodfellas (1990),5.0,3.0246376991271973
rw4742320,The Invisible Guest (2016),5.0,3.23461651802063
rw4479742,"Paul, Apostle of Christ (2018)",4.5,3.084421396255493
rw4776170,Black Summer (2019– ),3.5,3.5662782192230225
rw3572929,Lost Treasure (2003),2.0,4.109522819519043
rw1934516,The Hunting Party (2007),3.5,3.3218653202056885
rw1314960,Fright Night (1985),4.0,4.871185302734375
rw1817014,The Savages (2007),4.5,3.4660112857818604
rw1143709,Charlie and the Chocolate Factory (2005),4.0,3.531283378601074
rw6248582,The Queen's Gambit (2020),4.5,3.392397165298462
rw4548524,Star Trek II: The Wrath of Khan (1982),2.0,3.532546043395996
rw1806885,In the Woods (1999),0.5,2.6784400939941406
rw6175272,Banshee (2013–2016),5.0,2.6268062591552734
rw4576212,Red Sparrow (2018),4.0,3.2669029235839844
rw5888703,Eyes Wide Shut (1999),2.0,3.3323545455932617
rw6294627,Mud (2012),3.5,4.413283824920654
rw0267266,Bill & Ted's Excellent Adventure (1989),4.0,3.0319037437438965
rw1589765,The Texas Chainsaw Massacre: The Beginning (2006),2.5,2.9189484119415283
rw0943869,He Knows You're Alone (1980),4.5,2.168262481689453
rw4387897,Tian sheng chang ge (2018),4.5,3.4125590324401855
rw3076084,City of Ember (2008),3.0,2.852933406829834
rw2422167,Sapho (1917),2.5,2.482578992843628
rw2072770,Bridge to Terabithia (2007),4.0,2.654236078262329
rw4933955,Killing Eve (2018– ),4.5,3.060594320297241
rw3532088,Pandemic (2016),2.5,2.932086706161499
rw2350263,Due Date (2010),3.0,4.741527557373047
rw4629879,The LEGO Movie 2: The Second Part (2019),5.0,4.462098598480225
rw0284412,Jetsons: The Movie (1990),5.0,4.606588840484619
rw6385185,Braven (2018),0.5,3.5007481575012207
rw4342767,The Guardian (2001–2004),2.5,3.45509934425354
rw2347419,Fatal (2010),4.5,3.228356122970581
rw1425336,Pandora Machine (2004 Video),3.5,3.6066718101501465
rw1784072,Taare Zameen Par (2007),4.0,2.52628755569458
rw3169395,鳥人 (2014),4.0,4.148696422576904
rw4414753,The Super (2017),0.5,3.6137359142303467
rw2098004,Ice Age: Dawn of the Dinosaurs (2009),3.0,4.004673004150391
rw4500556,Scorched Earth (2018),2.5,3.5082452297210693
rw5810333,Dumplings (2004),4.0,3.472424268722534
rw1760658,The Stuff (1985),3.0,3.7858269214630127
rw4300482,Ex Libris: New York Public Library (2017),3.0,3.776979684829712
rw2940435,Silent But Deadly (2011),0.5,2.7939083576202393
rw4071718,Shakespeare in Love (1998),2.5,4.137516975402832
rw2620692,Running Free (1999),3.0,3.5535314083099365
rw2981295,Diamonds Are Forever (1971),3.5,2.6879758834838867
rw2815261,Flame & Citron (2008),4.0,3.410024404525757
rw0550801,Office Space (1999),4.0,3.7241525650024414
rw0623673,All About My Mother (1999),5.0,3.4652323722839355
rw4335848,Grizzly Man (2005),3.5,3.308032751083374
rw4658738,Alita: Battle Angel (2019),5.0,3.017713785171509
rw2859193,Longmire (2012–2017),5.0,3.0926730632781982
rw4004411,Spliced (2009– ),5.0,3.2864179611206055
rw0817766,Now You Know (2002),4.5,3.0325777530670166
rw4679147,The World's Best (2019),2.0,3.6760761737823486
rw4002858,Star Wars: Episode VIII - The Last Jedi (2017),4.0,3.4998624324798584
rw2631031,The Ghost Writer (2010),4.0,2.102725028991699
rw1278674,Lifeboat (1944),4.0,2.7685725688934326
rw0121465,Cabaret (1972),5.0,3.7961323261260986
rw5308023,Shootout at Wadala (2013),4.5,3.6468536853790283
rw5768817,Uncivilized (2020),5.0,4.559565544128418
rw5426875,The Mandalorian (2019– ),5.0,3.7946863174438477
rw5881018,Bloodshot (2020),2.5,4.549263000488281
rw2395154,The Wages of Fear (1953),4.0,3.4608073234558105
rw4991270,The Lion King (2019),5.0,3.303835153579712
rw6283645,"Love, Simon (2018)",5.0,3.9321422576904297
rw5332962,The Barbarians (1987),2.5,3.531010866165161
rw6435857,The Minimalists: Less Is Now (2021),2.5,3.2335457801818848
rw4717161,Alita: Battle Angel (2019),4.5,3.017713785171509
rw1552120,The Monroes (1966–1967),3.0,3.0562565326690674
rw1565642,Night at the Museum (2006),4.5,3.2309482097625732
rw4594099,The Beautician and the Beast (1997),5.0,2.8172647953033447
rw5497278,Ghostbusters: Answer the Call (2016),0.5,3.5514605045318604
rw4671847,First Reformed (2017),5.0,3.0050487518310547
rw5647996,Leprechaun (1993),1.5,3.0440804958343506
rw2840697,Memento (2000),5.0,4.092939853668213
rw6324541,Paths of Glory (1957),5.0,3.474350690841675
rw3874906,The Good Doctor (2017– ),3.0,3.799391746520996
rw5682683,The Chosen (2017– ),5.0,3.6957459449768066
rw4753842,Us (II) (2019),1.0,3.649770975112915
rw1862023,Blood Simple (1984),4.0,3.423866033554077
rw3636340,Singam 3 (2017),5.0,3.3852901458740234
rw3263629,Strange Magic (2015),5.0,3.0660793781280518
rw4243566,High School 911 (2016),4.5,2.6414806842803955
rw6012910,The Pearl of Death (1944),2.5,2.502978563308716
rw4631923,Everlasting (2016),4.5,3.1728479862213135
rw5220991,Psycho (1960),4.5,3.9944040775299072
rw2616264,Film socialisme (2010),0.5,3.030027151107788
rw5219568,Watchmen (2019),1.5,3.506859064102173
rw0533481,The World Is Not Enough (1999),0.5,4.574420928955078
rw3439408,Batman v Superman: Dawn of Justice (2016),3.5,3.273240566253662
rw1805453,Is Everybody Happy? (1943),2.5,2.923846960067749
rw3352630,Oz the Great and Powerful (2013),4.0,3.714512348175049
rw0272080,Lethal Weapon 2 (1989),3.0,3.30764102935791
rw2243253,Clash of the Titans (2010),3.0,4.2378668785095215
rw5056775,Shi ba ban wu yi (1982),4.5,3.70206356048584
rw4428862,The Hobbit: An Unexpected Journey (2012),2.5,4.204347610473633
rw0391442,Mojave Moon (1996),1.5,3.5912363529205322
rw2514094,Simon Boccanegra (1998 TV Movie),3.0,3.25795841217041
rw2260713,Avatar (2009),4.5,2.730600118637085
rw1901422,Wanted (2008),2.5,3.385331153869629
rw5409718,Chhapaak (2020),0.5,2.7000577449798584
rw5953794,Frontier(s) (2007),3.5,4.335907936096191
rw5275655,Frozen II (2019),5.0,3.8963449001312256
rw3350189,Goldfinger (1964),4.5,3.099689245223999
rw1038165,The Ladykillers (2004),0.5,2.7813124656677246
rw0851501,Anger Management (2003),0.5,3.9530246257781982
rw2772322,Ghostbusters II (1989),4.0,3.524428367614746
rw2673839,Pure Country 2: The Gift (2010),0.5,4.162992000579834
rw1704425,Harry Potter and the Order of the Phoenix (2007),3.0,3.014866590499878
rw3313931,Mountains of the Moon (1990),5.0,3.7303435802459717
rw0023272,Blondie in Society (1941),4.5,3.4174489974975586
rw6425117,The Last Narc (2020– ),5.0,3.6298742294311523
rw3268228,Incendies (2010),3.5,3.2554404735565186
rw6098394,The Watermelon Woman (1996),1.5,2.9155943393707275
rw0913856,"Martha, Inc.: The Story of Martha Stewart (2003 TV Movie)",4.0,2.762056589126587
rw0116391,Duel (1971 TV Movie),4.5,3.1449038982391357
rw2727255,Terror Train (1980),4.0,2.8235950469970703
rw3776148,Jezebel (1938),3.5,4.085651874542236
rw1671595,Love at First Bite (1979),4.0,3.8421051502227783
rw0267716,Casualties of War (1989),3.5,3.8072450160980225
rw3555680,Bananas (1971),3.5,4.040220737457275
rw5421409,Britannia (2017– ),4.0,4.09973669052124
rw6420754,Pose (2018– ),3.0,2.7636280059814453
rw2569178,Band of Outsiders (1964),4.0,3.739827871322632
rw4303853,Margarita 2 (2018),5.0,3.3821029663085938
rw6075426,Raised by Wolves (2020– ),4.5,2.3936123847961426
rw0005489,Plane Crazy (1928),4.0,3.985703706741333
rw6129554,Once Upon a Time in Anatolia (2011),0.5,3.9645371437072754
rw2345019,Prince of Players (1955),3.5,3.399374485015869
rw0027460,Saboteur (1942),3.5,3.5066633224487305
rw3416859,In Absentia (2000),2.0,2.7144880294799805
rw5627837,Genius at Work (1946),5.0,3.1350290775299072
rw1213389,Strange Days (1995),4.0,3.0941104888916016
rw0049502,Jeopardy (1953),4.5,3.542436361312866
rw5853496,The Expanse (2015– ),1.0,3.7051515579223633
rw4701693,Eighth Grade (2018),4.0,2.965064287185669
rw0525454,Cruel Intentions (1999),0.5,3.552135944366455
rw4194633,Mulan (1998),4.5,3.8447391986846924
rw1569920,Six Feet Under (2001–2005),1.5,3.337069511413574
rw1244813,Lone Wolf McQuade (1983),2.5,3.1189773082733154
rw5697073,I.Q. (1994),3.0,3.151209831237793
rw0378127,Bad Moon (1996),4.5,2.871319532394409
rw4560411,Mary Poppins Returns (2018),4.0,2.7935335636138916
rw2531412,Hugo (2011),0.5,2.0797014236450195
rw4150058,The Stepford Wives (1975),3.5,3.8745317459106445
rw3072514,Captain America: The Winter Soldier (2014),2.5,3.667464256286621
rw4786974,Van Helsing (2016– ),2.5,3.91313099861145
rw1762679,The Protector (I) (1998),2.0,3.588663339614868
rw3545318,The Peanuts Movie (2015),4.0,3.414865493774414
rw1587058,Rocky Balboa (2006),5.0,3.6129252910614014
rw3595406,Vegucated (2011),4.0,4.876509666442871
rw5070057,Blood and Bone (2009),5.0,2.6672513484954834
rw2148398,The Last Resort (I) (2009),0.5,3.4489529132843018
rw0957718,The Incredibles (2004),5.0,3.850522518157959
rw4436449,Under The Wire (2018),5.0,3.3600690364837646
rw1562842,The Devil's Rejects (2005),0.5,4.28950309753418
rw5245565,The Tick (2016–2019),5.0,3.276465654373169
rw3768628,The Witch's Curse (1962),2.5,3.5504467487335205
rw3218780,Locke (2013),2.5,2.569850206375122
rw4197970,Lost River (2014),1.0,3.6066718101501465
rw1320700,Fingersmith (2005),4.5,3.5662782192230225
rw1138931,Zombiez (2005 Video),0.5,2.975731611251831
rw4601203,Smallville (2001–2011),5.0,2.8957021236419678
rw5001343,Thru the Mirror (1936),4.5,3.1304123401641846
rw2551839,Killer Elite (2011),1.0,3.1110422611236572
rw2092850,Midnight Caller (1988–1991),3.5,3.3267953395843506
rw0134214,Busting (1974),2.5,3.1541616916656494
rw5139221,The Dead Files (2011– ),0.5,3.1342387199401855
rw3397451,The Hateful Eight (2015),4.0,2.9638545513153076
rw1045582,Thelma & Louise (1991),4.5,3.406250476837158
rw1009427,The Rocky Horror Picture Show (1975),5.0,2.858790874481201
rw5101555,Pain and Glory (2019),3.5,3.8643548488616943
rw5129466,One Cut of the Dead (2017),4.5,3.3592922687530518
rw4521705,The Olympic Champ (1942),3.0,3.021052837371826
rw2752706,3D食人魚 (2010),3.0,3.025111436843872
rw5257447,Lady and the Tramp (2019),4.0,2.4807960987091064
rw1955853,An American Carol (2008),5.0,2.73250675201416
rw4179386,Get Shorty (2017– ),3.5,3.5809178352355957
rw5739830,Crawl (I) (2019),4.5,2.8060662746429443
rw6064113,Abhay (2019– ),5.0,3.932041883468628
rw6358627,A Christmas Movie Christmas (2019 TV Movie),1.0,2.766906261444092
rw4844141,Student of the Year 2 (2019),0.5,4.030106544494629
rw2982006,Fresh Ham (1933),2.5,3.534162759780884
rw2091543,Fun with Dick and Jane (1977),4.0,3.941150188446045
rw1399823,Blank Check (1994),3.5,2.971121072769165
rw6445491,Coolie No. 1 (2020),0.5,2.9425668716430664
rw5995297,Gunjan Saxena: The Kargil Girl (2020),5.0,3.6870501041412354
rw4240828,Delhi Belly (2011),5.0,3.1486802101135254
rw3630428,The Bucket List (2007),4.0,3.1192469596862793
rw5238638,See (2019– ),1.0,3.3656094074249268
rw3527861,Panama Patrol (1939),2.0,4.1214280128479
rw4882070,Love & Other Drugs (2010),3.5,3.4341742992401123
rw0538071,Spider-Man (2002),5.0,3.324617624282837
rw5645312,Just Mercy (2019),4.5,3.470277786254883
rw6229348,An American Pickle (2020),0.5,3.364193916320801
rw2049267,Dragonball Evolution (2009),5.0,3.812952995300293
rw5592548,The Letter for the King (2020– ),1.0,3.0483219623565674
rw6288767,Four Weddings and a Funeral (1994),5.0,3.636970281600952
rw5810883,Peaky Blinders (2013– ),2.0,2.9208738803863525
rw2564674,Certified Copy (2010),1.0,3.0421223640441895
rw5063474,Hellboy (2019),3.5,3.587120771408081
rw1700571,Perfume: The Story of a Murderer (2006),4.5,3.408006191253662
rw4807556,Avengers: Endgame (2019),5.0,4.0287394523620605
rw1041004,Constantine (2005),4.0,3.0848453044891357
rw2441449,The Battle of Algiers (1966),3.5,4.661289215087891
rw4934750,Paranormal Investigation (2018),5.0,3.2301173210144043
rw5889747,Breaking Glass (1980),5.0,2.6981894969940186
rw0156403,Sturmtruppen (1976),3.0,3.138770818710327
rw1712832,Steambath (1973 TV Movie),5.0,4.120401382446289
rw2915318,Dom Hemingway (2013),2.5,3.3274075984954834
rw2101275,Stepsisters (1974),0.5,3.1159451007843018
rw4566614,Venom (2018),2.5,3.3578379154205322
rw2961762,Speed (1994),5.0,3.0900192260742188
rw3820114,Quackerz (2016),2.0,2.8222010135650635
rw6105405,Violation (2020),5.0,3.127207040786743
rw4980001,Thoroughbreds (2017),2.0,3.09102725982666
rw5940515,Double World (2020),3.5,3.175105333328247
rw5610450,I Am Not an Easy Man (2018),5.0,3.2885777950286865
rw4914220,Killing Ground (2016),3.5,2.644857168197632
rw1983352,Beneath the Planet of the Apes (1970),5.0,3.054957866668701
rw4286028,Erased (2012),2.0,2.7219579219818115
rw1600026,Schröders wunderbare Welt (2006),5.0,3.70206356048584
rw3762030,"Caltiki, the Immortal Monster (1959)",4.0,2.877643585205078
rw2975163,Ender's Game (2013),2.5,3.466155767440796
rw1505671,Broken News (2005– ),4.5,3.340165615081787
rw5436181,Game of Thrones (2011–2019),4.0,3.4140095710754395
rw1079637,All Fall Down (1962),3.0,3.4025139808654785
rw6032084,The 100 (2014–2020),5.0,3.097207546234131
rw2109572,Public Enemies (2009),3.0,3.0569424629211426
rw4789191,Jawbreaker (1999),4.0,3.5637528896331787
rw5971426,Child's Play (2019),0.5,2.5679280757904053
rw5792095,Up the Academy (1980),1.5,3.2478082180023193
rw4598466,Zipi y Zape y el club de la canica (2013),0.5,2.8856258392333984
rw5698106,Jennifer's Body (2009),4.0,3.010833978652954
rw4049946,Soul Kitchen (2009),3.5,3.8778645992279053
rw5254010,The Mandalorian (2019– ),5.0,4.036986827850342
rw3347790,Winter on Fire: Ukraine's Fight for Freedom (2015),5.0,3.4078216552734375
rw2251320,Pressure (1976),3.5,2.8013205528259277
rw5370070,Tokyo Vampire Hotel (2017),4.5,3.0121545791625977
rw0023410,Citizen Kane (1941),5.0,3.183809518814087
rw1546061,Knight Rider 2010 (1994 TV Movie),4.0,3.2248425483703613
rw4519331,Blackmail (I) (2018),5.0,2.9018466472625732
rw0350557,The Stöned Age (1994),5.0,3.1410646438598633
rw4207194,Film Stars Don't Die in Liverpool (2017),4.5,2.6196491718292236
rw1973141,The Greatest Story Ever Told (1965),2.0,2.3339664936065674
rw4708147,Senna (2010),4.0,3.0288476943969727
rw4024077,"With Love, Christmas (2017 TV Movie)",2.5,4.247840881347656
rw6000053,Khuda Haafiz (2020),4.5,3.362236738204956
rw4841660,Pokémon Detective Pikachu (2019),3.5,3.467388391494751
rw5788578,WrestleMania XIV (1998 TV Special),4.0,3.4800281524658203
rw6447601,The Hand That Rocks the Cradle (1992),5.0,2.9467241764068604
rw0345388,The Phoenix and the Magic Carpet (1995),5.0,3.5662741661071777
rw4943388,The Next Hit (2008),0.5,2.784536600112915
rw6064550,Bad Genius (2020),4.5,2.5914218425750732
rw2536756,Downfall (2004),5.0,3.027484893798828
rw4415083,New Amsterdam (2018– ),5.0,2.5155720710754395
rw2326271,The New World (2005),3.0,3.5269672870635986
rw0210718,Friday the 13th: The Final Chapter (1984),5.0,2.9892048835754395
rw6438464,History's Greatest Mysteries (2020– ),5.0,3.7866272926330566
rw3074080,Afflicted (2013),1.5,3.524531602859497
rw5789614,Snatchers (2019),5.0,3.2129287719726562
rw1881587,Space Jam (1996),4.5,3.74556040763855
rw2556444,Titanic II (2010 Video),0.5,2.6347429752349854
rw1593835,The Veteran (2006 TV Movie),3.5,4.216532230377197
rw1716627,Communion (1976),4.5,2.5366857051849365
rw1535894,A History of Violence (2005),4.5,3.0381758213043213
rw4053772,Chasing the Dragon (2017),4.0,3.5797533988952637
rw2727368,Student of the Year (2012),3.0,3.085580587387085
rw1770963,Thelma & Louise (1991),3.0,3.6497905254364014
rw2531452,The Wild Party (1929),2.0,4.519026756286621
rw5222749,Hazbin Hotel (2019– ),5.0,3.5154011249542236
rw5988934,Gunjan Saxena: The Kargil Girl (2020),4.5,3.319110631942749
rw0815072,Shaolin Soccer (2001),5.0,2.8544466495513916
rw0676424,Groove (2000),5.0,3.131258249282837
rw1262774,The Breakfast Club (1985),4.5,3.093698501586914
rw6290280,The Homesman (2014),2.0,3.04321551322937
rw5931605,Dil Bechara (2020),5.0,4.1187663078308105
rw3109444,Fury (2014),2.0,2.9590654373168945
rw2076966,Slow Burn (1986 TV Movie),3.5,3.356192111968994
rw5216772,Wounds (2019),2.0,2.1304240226745605
rw1704447,The Adventures of Ichabod and Mr. Toad (1949),3.5,3.6390702724456787
rw0815810,Bend It Like Beckham (2002),5.0,2.493896961212158
rw3715643,Raw (2016),5.0,2.883129596710205
rw3420177,Miruthan (2016),5.0,3.7648651599884033
rw3349962,A Matter of WHO (1961),4.0,3.561436414718628
rw1005353,"Bertha, the Sewing Machine Girl (1926)",3.0,3.6066718101501465
rw2863888,Phantasm II (1988),2.0,2.3873188495635986
rw6021509,Mother's Child (2020),5.0,3.6066718101501465
rw4688689,Chicago Syndicate (1955),3.0,3.083059072494507
rw6133076,Archaon: The Halloween Summoning (2020),1.0,3.1021807193756104
rw4959918,Forest Man (2013),3.0,3.113661766052246
rw4788086,The Starving Games (2013),1.0,4.094496726989746
rw3303147,Aloha (I) (2015),2.5,3.8006231784820557
rw2135424,Lolita (1997),5.0,3.240098476409912
rw1433205,Monkey Business (1931),3.0,3.8066344261169434
rw5714134,Human Zoo (2020),4.0,3.1314339637756348
rw1696481,Le vélo de Ghislain Lambert (2001),2.5,3.373666524887085
rw1171670,The Phantom of the Opera (2004),5.0,2.6740682125091553
rw2358771,The King's Speech (2010),4.5,3.1241567134857178
rw1756323,Critters (1986),3.0,3.831005811691284
rw2031037,The Line (I) (2009– ),4.0,3.2367677688598633
rw1873056,Bound (1996),3.5,3.4999382495880127
rw2062405,The Passion of Ayn Rand (1999 TV Movie),3.5,3.2624285221099854
rw4471164,Smoke (2018–2019),5.0,3.388765811920166
rw0441710,54 (1998),5.0,3.279658079147339
rw1806726,Grease 2 (1982),1.0,3.1359543800354004
rw0681211,Wives and Daughters (1999– ),4.5,3.0377395153045654
rw1685550,Village of the Damned (1960),3.5,3.2326390743255615
rw5072944,The Lion King (2019),4.5,4.952458381652832
rw0075873,West Side Story (1961),4.0,2.743898630142212
rw1077545,Summer City (1977),1.5,3.3360800743103027
rw2007106,The Punisher (2004),3.5,3.216125249862671
rw5808594,Knights of the Damned (2017),5.0,3.117178440093994
rw3066662,Guardians of the Galaxy (2014),5.0,3.3618040084838867
rw2898699,The To Do List (2013),3.0,3.281181573867798
rw2080568,Gran Torino (2008),4.0,2.890719413757324
rw2424715,Hoodwinked Too! Hood vs. Evil (2011),3.0,3.560713768005371
rw1662192,The Tingler (1959),5.0,3.411970615386963
rw3346966,RoboCop (2014),4.5,3.6382553577423096
rw6360280,Park Na-rae: Glamour Warning (2019 TV Special),4.0,3.5662782192230225
rw5526315,Steel (I) (2015),2.5,3.713120937347412
rw2463275,Serenity (2005),3.5,3.5856988430023193
rw1411970,Eliza's Horoscope (1975),1.0,3.70206356048584
rw4019603,Star Wars: Episode VIII - The Last Jedi (2017),4.5,2.8262734413146973
rw3520930,Mad Money (2008),3.5,3.0377488136291504
rw2020743,Mildred Pierce (1945),2.5,3.0185837745666504
rw3194413,The Wedding Ringer (2015),2.0,3.1587953567504883
rw1887619,A Nightmare on Elm Street (1984),4.5,3.078465700149536
rw3065925,Infamous (2006),4.5,3.950108528137207
rw3220283,The Children's Hour (1961),4.0,3.7179553508758545
rw3678125,Ghost in the Shell (2017),4.0,2.969019651412964
rw5978261,Suspect (1987),3.5,3.3181047439575195
rw4880397,A Dog's Way Home (2019),1.0,4.4068803787231445
rw0034822,My Darling Clementine (1946),5.0,4.0055952072143555
rw1421420,Pirates of the Caribbean: Dead Man's Chest (2006),3.5,2.990466833114624
rw5918445,The Exorcist (1973),5.0,3.1662180423736572
rw3431450,Manipulation (1991),2.0,3.5581214427948
rw5475052,The Way Way Back (2013),4.0,3.0412542819976807
rw2496362,50/50 (2011),4.0,3.010488271713257
rw3233539,Fear No Fruit (2015),5.0,3.6074130535125732
rw4723382,Kim Possible (2019 TV Movie),5.0,3.271479845046997
rw4525873,1987: When the Day Comes (2017),5.0,3.725013494491577
rw6450157,The Mandalorian (2019– ),5.0,3.8702080249786377
rw4074202,Discovering Bigfoot (2017 Video),3.0,3.7161383628845215
rw0059998,12 Angry Men (1957),5.0,3.1754374504089355
rw1661694,Epic Movie (2007),1.0,2.849025249481201
rw2396305,Earthwork (2009),4.0,3.7756927013397217
rw3087443,The Intouchables (2011),5.0,2.8515048027038574
rw4179963,La La Land (2016),2.5,3.029165506362915
rw5988319,Gunjan Saxena: The Kargil Girl (2020),4.5,3.6420373916625977
rw1106137,Eu Matei Lúcio Flávio (1979),2.0,3.2483537197113037
rw2024987,The Wrestler (2008),3.5,4.108824729919434
rw3693053,Wolves at the Door (2016),1.0,3.545725107192993
rw1400471,X-Men (2000),5.0,3.2939443588256836
rw3726253,Guardians of the Galaxy Vol. 2 (2017),1.0,3.2578816413879395
rw1973502,Stargate: Atlantis (2004–2009),4.5,3.4358208179473877
rw4118714,Eternal Sunshine of the Spotless Mind (2004),3.5,3.1837730407714844
rw0979557,Conquest of Space (1955),2.5,3.0461277961730957
rw2328426,Inception (2010),5.0,3.6870901584625244
rw4584687,The Conspirators (1944),3.5,3.1724843978881836
rw4441695,The Haunting of Hill House (2018),3.5,4.129733085632324
rw4980777,Mission: Impossible - Fallout (2018),3.0,3.455674171447754
rw5280979,Door in the Woods (2019),1.5,3.4866271018981934
rw6325104,Johnny English Strikes Again (2018),3.5,2.06803297996521
rw0810932,Boat Trip (2002),1.0,3.9574389457702637
rw5092145,Angel Has Fallen (2019),2.5,3.042393684387207
rw2305023,Koyaanisqatsi (1982),5.0,3.232419490814209
rw4047143,Gangsta (2018),5.0,3.1808347702026367
rw2091954,Bedtime Stories (2008),4.5,3.693744659423828
rw0187272,Cannibal Ferox (1981),2.5,3.870720148086548
rw1348829,Silent Hill (2006),2.5,4.1345906257629395
rw2690184,Jewel Robbery (1932),4.5,3.8251993656158447
rw4377219,The Houses October Built 2 (2017),0.5,2.8959507942199707
rw5629538,Two Against the World (1936),3.0,3.3464770317077637
rw3762896,Antboy 3 (2016),2.0,3.747666120529175
rw4931754,X-Men: Dark Phoenix (2019),4.0,3.283046245574951
rw5279405,Vanishing on 7th Street (2010),4.5,2.9486615657806396
rw0793134,I Am Sam (2001),4.0,3.406249761581421
rw5485176,Jojo Rabbit (2019),4.5,3.3816261291503906
rw1932176,Antônia (2006),4.5,3.0423011779785156
rw5492557,Forrest Gump (1994),5.0,4.231100559234619
rw2403404,Hot Fuzz (2007),4.5,2.8765006065368652
rw5478170,March for Freedom (2019),5.0,2.957159996032715
rw4815336,Avengers: Endgame (2019),5.0,3.4980931282043457
rw5909069,Breathe (2018– ),4.0,3.468614101409912
rw4818045,Avengers: Endgame (2019),3.5,3.678021192550659
rw2785590,The Hunger Games (2012),0.5,3.379897117614746
rw3705323,Ghost in the Shell (2017),4.5,3.4566144943237305
rw2831502,Accidents Happen (2009),0.5,3.202591896057129
rw2745760,Vishwaroopam (2013),4.5,3.60591459274292
rw4710100,Captain Marvel (2019),3.0,3.4782962799072266
rw1507835,The Nightmare Before Christmas (1993),4.5,2.767317295074463
rw2900868,Babylon (1980),3.5,4.208658218383789
rw4230231,Jurassic World: Fallen Kingdom (2018),2.5,2.2667059898376465
rw4513351,Aquaman (2018),5.0,2.8030219078063965
rw5650283,High Society (2017),4.5,2.7902989387512207
rw2094186,Shortkut - The Con Is On (2009),2.0,2.857856273651123
rw5579642,Beach Road Chetan (2019),5.0,3.534162759780884
rw2933763,Det gælder din frihed (1946),3.5,3.0202317237854004
rw0248058,Pathfinder (1987),5.0,3.953559637069702
rw2984732,Dr. Jekyll and Mr. Hyde (I) (1920),1.5,3.6701481342315674
rw5217549,Terminator: Dark Fate (2019),5.0,3.089354991912842
rw1425223,Midnight Run (1988),4.0,3.992952585220337
rw3666012,Face/Off (1997),5.0,3.4319427013397217
rw3780423,Life (I) (2017),4.5,3.333369493484497
rw4661267,In Harm's Way (2017),5.0,3.9338951110839844
rw4357117,I Am Not Your Negro (2016),4.5,2.3575801849365234
rw2893926,The East (2013),0.5,3.1981282234191895
rw2731021,Rok Sako To Rok Lo (2004),5.0,2.8325395584106445
rw3640158,"20,000 Years in Sing Sing (1932)",3.5,2.838228464126587
rw6327165,Vulcania (2015),3.0,3.4670960903167725
rw3740507,Transformers: The Last Knight (2017),4.0,2.835259199142456
rw3235893,Bully (2001),5.0,3.644092321395874
rw2294351,Yes Man (2008),1.5,2.9333226680755615
rw1918751,The Dark Knight (2008),4.5,3.8621203899383545
rw5840152,Winterherz: Tod in einer kalten Nacht (2018 TV Movie),2.0,3.5662782192230225
rw5954960,Shakuntala Devi (2020),5.0,2.9960520267486572
rw5584796,Once Upon a Time... In Hollywood (2019),5.0,3.054380416870117
rw5688500,Money Heist (2017– ),4.0,3.5152604579925537
rw4358856,College Romance (2018– ),5.0,4.536023139953613
rw6265922,Fifty Shades of Grey (2015),5.0,3.3951833248138428
rw2215059,Happy Feet (2006),1.0,3.0243477821350098
rw0896142,Dil Vil Pyar Vyar (2002),4.0,3.4407880306243896
rw2927856,Closed Circuit (2013),2.5,3.979241132736206
rw3114784,Dawn of the Planet of the Apes (2014),4.5,3.4378392696380615
rw2985360,Divergent (2014),2.5,3.012221574783325
rw3543195,Extraction (II) (2015),0.5,4.367605686187744
rw6199855,Rebecca (I) (2020),2.0,3.432520866394043
rw0078220,The Longest Day (1962),4.0,3.222287178039551
rw1398988,Zardoz (1974),0.5,3.9525654315948486
rw0901067,He Sees You When You're Sleeping (2002 TV Movie),2.5,2.673607349395752
rw5756833,Chernobyl (2019),5.0,4.360657691955566
rw4223627,Bees Make Honey (2017),3.5,3.597989320755005
rw3026998,Keep It Up Downstairs (1976),2.0,3.1467220783233643
rw2178757,西線無戰事 (1930),3.5,3.2267043590545654
rw4256846,Sherlock (2010–2017),5.0,4.205573558807373
rw1627643,太陽浩劫 (2007),1.0,3.104257345199585
rw0668721,Could Be Worse! (2000),1.0,3.448986291885376
rw0173905,Caddyshack (1980),5.0,4.000538349151611
rw5880250,Slumdog Millionaire (2008),3.5,3.3523049354553223
rw4091531,Annihilation (2018),4.5,3.1290009021759033
rw2329073,Polizischt Wäckerli (1955),5.0,2.8179409503936768
rw1981733,Familiar Strangers (2008),0.5,2.9783294200897217
rw4679675,The Bye Bye Man (2017),1.0,3.7111055850982666
rw3397033,Shadowhunters (2016–2019),1.0,3.4747958183288574
rw1408742,The Devil Wears Prada (2006),5.0,3.2184650897979736
rw4582261,The Return of Superfly (1990),2.5,3.954542398452759
rw4679891,Spider-Man: Into the Spider-Verse (2018),5.0,3.2513935565948486
rw6412444,Wonder Woman 1984 (2020),3.0,2.305079698562622
rw0084822,Devil Doll (1964),0.5,3.7960784435272217
rw2596210,Bad Ass (2012),1.5,4.190149307250977
rw0158655,Dawn of the Dead (1978),5.0,3.5226471424102783
rw2784055,Iron Man Three (2013),3.5,3.658298969268799
rw3107756,Under the Skin (1997),3.5,3.6389505863189697
rw1514600,Psycho II (1983),3.5,3.0052058696746826
rw5350503,維多利亞壹號 (2010),3.5,2.819122314453125
rw1953619,Death of a Ghost Hunter (2007),3.5,3.86216139793396
rw3545754,Dark City (1998),4.5,2.9931976795196533
rw4786937,White Chamber (2018),1.5,3.139869451522827
rw5759718,Money Heist (2017– ),2.0,4.260931491851807
rw1817452,Pumpkinhead II: Blood Wings (1993 Video),3.0,3.2606918811798096
rw5814376,The Secret Place (1957),3.0,3.3352901935577393
rw2204916,Inglourious Basterds (2009),2.0,3.953946828842163
rw2676191,Slovenka (2009),0.5,2.771454095840454
rw3467307,Batman v Superman: Dawn of Justice (2016),3.5,3.3153820037841797
rw1610268,The Goddess (1958),5.0,3.445098876953125
rw1662485,Shrek the Third (2007),2.5,4.3518476486206055
rw2105683,Satan's Baby Doll (1982),3.0,3.2749953269958496
rw1017018,Sinful Deeds (2003 Video),2.0,3.0092694759368896
rw3471264,Dracula Untold (2014),4.0,3.158175230026245
rw4454529,A Man Called Ahok (2018),4.0,2.6956796646118164
rw0492658,The Cider House Rules (1999),4.5,2.9741294384002686
rw4268029,Rogue One: A Star Wars Story (2016),0.5,3.4910972118377686
rw5511741,We Have Always Lived in the Castle (2018),1.0,2.97337007522583
rw2233164,Team America: World Police (2004),4.0,1.9347180128097534
rw0946203,Another Man's Poison (1951),2.5,3.441744089126587
rw0806526,Bloom (I) (2003),0.5,3.907097578048706
rw2199601,爛兄爛弟 (2008),1.5,3.0432732105255127
rw5764598,Baptiste (2019– ),5.0,3.45090389251709
rw5247579,Poaching (2019),5.0,4.2528791427612305
rw3496482,Independence Day: Resurgence (2016),1.5,2.7196598052978516
rw1960441,Mame (1974),3.5,3.517457962036133
rw0675330,A.I. Artificial Intelligence (2001),2.0,2.8928022384643555
rw1520316,The Lather Effect (2006),4.5,3.3359220027923584
rw0867551,Bruce Almighty (2003),0.5,3.266087293624878
rw4132796,Redwood (2017),4.5,2.6156623363494873
rw2074399,Driven to Kill (2009 Video),3.0,3.4664292335510254
rw3178449,Seventh Son (I) (2014),2.0,2.9136664867401123
rw3016245,Nurse 3D (2013),1.5,3.5422959327697754
rw3316963,The Exorcism of Emily Rose (2005),2.0,3.2913413047790527
rw6403106,Wonder Woman 1984 (2020),0.5,3.2604682445526123
rw5903264,Merlin (2008–2012),4.5,3.703153371810913
rw2897378,Spookies (1986),5.0,2.8321988582611084
rw2618511,The Avengers (2012),4.0,3.742602586746216
rw2961493,Troy (2004),3.5,3.8535101413726807
rw4546842,You (2018– ),2.5,3.391843318939209
rw5784772,Life with Lucy (1986),5.0,2.900832414627075
rw0142187,Jaws (1975),4.5,3.081278085708618
rw0345990,Pulp Fiction (1994),4.5,4.574253082275391
rw3810221,Legend (1995),4.0,2.9823977947235107
rw1423053,Funeral in Berlin (1966),3.5,3.526350736618042
rw1389197,Azumi (2003),3.0,3.687283515930176
rw1839835,Alien³ (1992),0.5,3.5372769832611084
rw6099228,Dorojka (2019),5.0,3.147366762161255
rw6384968,Tin Star (2017–2020),2.0,4.569644927978516
rw4475541,Equals (2015),2.0,4.0855631828308105
rw2509977,The Forgiveness of Blood (2011),3.5,2.9081411361694336
rw4965286,Scanners (1981),3.5,3.031456708908081
rw1635786,太陽浩劫 (2007),3.5,3.282594680786133
rw0432808,Spawn (1997),2.0,3.5742645263671875
rw2173610,Reckless Kelly (1993),2.5,2.7280802726745605
rw6267355,I Am Greta (2020),5.0,2.501044750213623
rw1603228,The Covenant (2006),0.5,2.936534881591797
rw5267914,Mother! (2017),1.5,3.5222086906433105
rw1639730,Asphalt jungle (1950),4.5,3.724245309829712
rw5414732,Uncut Gems (2019),5.0,3.870143413543701
rw1794487,The Day After (1983 TV Movie),5.0,2.700458288192749
rw2619096,Prometheus (I) (2012),0.5,3.5268099308013916
rw0836041,Garcea si oltenii (2001),0.5,3.534162759780884
rw4787432,Interstellar (2014),5.0,3.3300325870513916
rw1178623,The Killing (1956),4.5,3.2576448917388916
rw2379102,Mad Men (2007–2015),0.5,2.614130735397339
rw6008016,The Darkness (I) (2016),2.0,3.2181687355041504
rw2590020,Fog Island (1945),0.5,2.5079824924468994
rw1229623,The Black Cat (1934),4.0,4.378998279571533
rw4503072,2.0 (2018),4.5,2.644260883331299
rw5095376,Occupation (2018),1.0,3.4668405055999756
rw0545525,Happiness (1998),5.0,3.4217658042907715
rw1097293,Bye Bye Braverman (1968),4.5,3.3499979972839355
rw3502118,Red Heat (1988),3.5,2.982638359069824
rw3402135,Kyaa Kool Hain Hum 3 (2016),0.5,3.392089605331421
rw4277029,Hostiles (2017),3.5,2.900385856628418
rw0716893,Harry Potter and the Sorcerer's Stone (2001),5.0,3.525818109512329
rw3516284,The Inspector General (1949),3.5,3.8083291053771973
rw4717627,Ben Is Back (2018),3.5,3.8400461673736572
rw1820267,Dead Man's Shoes (2004),0.5,4.031799793243408
rw1293692,The Boondock Saints (1999),1.0,3.4059550762176514
rw5526105,Sonic the Hedgehog (2020),3.0,4.770668983459473
rw1173380,Shades of Gray (2005),4.5,3.70206356048584
rw3523175,Allegiant (2016),3.5,3.015909433364868
rw0128797,The Exorcist (1973),5.0,3.6617255210876465
rw6433949,Archive (2020),3.5,3.1697821617126465
rw0043251,Self Made Maids (1950),5.0,3.5662782192230225
rw2212933,The Devil's Tomb (2009),3.5,3.2323269844055176
rw2857828,Cruising (1980),5.0,2.166883707046509
rw1463878,Lurkers (1988),1.5,3.538548707962036
rw1033301,The Last Run (1971),4.5,3.396355390548706
rw2773081,Alice Doesn't Live Here Anymore (1974),3.5,3.8071229457855225
rw5652773,#BlackAF (2020– ),2.5,3.988205671310425
rw0859048,A Mighty Wind (2003),3.5,3.3713552951812744
rw5465143,The Expanse (2015– ),5.0,3.4960105419158936
rw6052921,I See You (II) (2019),3.5,3.225435495376587
rw5111349,It Chapter Two (2019),3.0,2.978869915008545
rw3378882,Creed (II) (2015),3.5,3.4609105587005615
rw1043824,Avanim (2004),5.0,3.5113348960876465
rw4101896,Midnight Sun (2018),3.5,2.203038215637207
rw5056934,Eerie (2018),3.5,2.9509994983673096
rw0638754,"O Brother, Where Art Thou? (2000)",4.0,4.3955583572387695
rw2356405,Nostalgia (1983),3.5,3.4353678226470947
rw2596859,Scream 4 (2011),2.0,3.7160844802856445
rw2134083,À Nos Amours (1983),4.0,4.7585368156433105
rw3735033,Iqaluit (2016),4.0,3.143031597137451
rw3353599,Conspiracy (2001 TV Movie),3.5,4.0507402420043945
