id,movie_title,y_true,y_image_pred
rw1668379,Mission: Impossible (1966–1973),4.0,3.504046825262199
rw0704620,The Matrix Reloaded (2003),4.0,2.4289475077599882
rw0481138,Star Wars: Episode I - The Phantom Menace (1999),3.0,4.393756469733656
rw2350502,The Mask of Zorro (1998),5.0,3.293479475076001
rw5075161,Ambili (2019),5.0,3.3800052049682314
rw3809975,Mother! (2017),1.0,1.4550405057967337
rw3054540,"Sinbad, the Sailor (1947)",3.5,3.521341466832594
rw4144651,Avengers: Infinity War (2018),4.0,4.116417610641233
rw2682263,Upside Down (I) (2012),4.0,3.2710707391529947
rw1072383,Pearl Harbor (2001),1.0,2.8795084572437752
rw1507820,Stormbreaker (2006),4.0,3.2735276109972076
rw3441405,Sahara (I) (1943),3.5,3.3971681079352867
rw3701319,The Beast of Hollow Mountain (1956),3.0,3.4543407677343807
rw4235288,Star Trek: Voyager (1995–2001),4.5,3.694114390555657
rw1778781,White Dog (1982),3.5,3.5047713552339586
rw4285422,Their Purple Moment (1928),3.0,3.5352815325207363
rw2486516,Fright Night (2011),4.0,3.2792485361688817
rw2452468,Contract Killers (2008),4.0,3.485950540190363
rw0510926,The Matrix (1999),4.0,4.675860224251631
rw3595309,Vertigo (1958),4.0,4.551669296331093
rw5424977,Cats (2019),0.5,2.1645571581967533
rw4431432,Snoopy Come Home (1972),4.0,3.4375897570132556
rw5610960,Incendies (2010),2.0,3.911128811944937
rw6192864,Tremors: Shrieker Island (2020 Video),3.0,3.438180421596647
rw4906305,The Man in the Iron Mask (1939),1.5,3.379546766555418
rw3827518,Jay and Silent Bob Strike Back (2001),5.0,3.309106853347057
rw1940123,An American Crime (2007),3.0,3.1337758350297733
rw4458032,Person of Interest (2011–2016),4.0,4.176194311579927
rw4576899,The Falling (2014),3.0,3.347211936489141
rw1552238,Joseph and the Amazing Technicolor Dreamcoat (1999 Video),3.5,3.3979868762595413
rw2953735,The Counselor (2013),0.5,3.357854410838984
rw2434791,Surveillance (I) (2008),1.5,3.322939216677911
rw5064992,Crawl (I) (2019),3.5,3.842314037473409
rw0989173,Funeral Home (1980),2.0,3.687982194921984
rw5932054,Warpath (2020),1.5,3.4172021446192957
rw1989291,Hancock (2008),0.5,2.830210629026024
rw2389529,Cousin cousine (1975),2.0,3.5122562899694887
rw0001585,The Heart of Texas Ryan (1917),5.0,3.3618219286934425
rw0034701,Lonesome Lenny (1946),5.0,3.423648896847119
rw2787063,Thor (2011),4.0,2.569155221879075
rw1141336,Stranger Than Paradise (1984),0.5,3.30980837819742
rw5707404,Mrs. Serial Killer (2020),4.0,4.368420509627911
rw3209061,Western Mail (1942),4.5,3.7131694871518395
rw5702779,Ex Machina (2014),4.0,3.2545614684025796
rw3733461,American Flyers (1985),3.5,3.3574069695656634
rw6007269,Promised (2019),5.0,3.4077214996666196
rw4881364,Nonsense (2018),4.5,3.3570968649525925
rw0577133,Ghost Dog: The Way of the Samurai (1999),3.5,3.28723717575126
rw2331408,Robin Hood (2010),2.5,3.212161532011136
rw5597159,The Drone (2019),1.5,3.1533180237467593
rw3823038,The Bad Batch (2016),2.0,3.3235753291612995
rw1234514,"The Chronicles of Narnia: The Lion, the Witch and the Wardrobe (2005)",5.0,4.620842464546337
rw3149615,American Guinea Pig: Bouquet of Guts and Gore (2014),5.0,3.247034466816089
rw5483444,Band of the Hand (1986),2.5,3.36245874974235
rw3734261,Beauty and the Beast (I) (2017),5.0,3.9945554735227184
rw6109568,The Scapegoat (1959),2.5,3.332856212324587
rw5680677,Spirited Away (2001),3.0,4.6220563653939335
rw2586273,The Thomas Crown Affair (1999),3.5,3.496097735826979
rw3683843,Quo vado? (2016),3.5,3.2564147084327977
rw3313449,War Room (2015),5.0,3.2354432242585114
rw1846318,Play Dead (1983),1.0,3.4887910826167756
rw5710334,Love & Mercy (2014),2.5,3.433228278394645
rw1792133,Life as a House (2001),4.0,3.4148778431918836
rw5743435,Forbidden Planet (1956),3.5,3.280083180219282
rw3877042,Eye See You (2002),1.5,3.4088913383490507
rw6018527,Greyhound (2020),3.0,3.523516044096272
rw5266596,Hollywood Vice Squad (1986),3.5,3.488363982959959
rw4990199,Aziz Ansari: Right Now (2019 TV Special),3.5,3.457502421450686
rw6450596,Alice in Wonderland (1966 TV Movie),4.0,3.3089495083353877
rw3324500,Standing on the Shoulders of Kubrick: The Legacy of 2001 (2007 Video),2.0,3.4009688294017084
rw4666236,Alita: Battle Angel (2019),4.5,4.322184197639175
rw6201224,Batman: Mask of the Phantasm (1993),4.0,3.460623755327959
rw6357668,Underworld: Blood Wars (2016),0.5,3.5793166897535866
rw4351444,College Romance (2018– ),5.0,4.156925935740056
rw5883263,Hold the Dark (2018),0.5,2.7342297030234466
rw1424814,Lady in the Water (2006),4.0,3.1660658593293567
rw4794492,The Village (2004),4.0,4.235366126128943
rw3775567,The Guest Book (2017–2018),5.0,3.5625853757214525
rw1251957,Nobody Knows (2004),2.5,3.6579175155535726
rw4577912,The Accidental Prime Minister (2019),5.0,3.1482504855942954
rw3494730,Dying of the Light (2014),2.0,3.1523325510666704
rw1346430,La niña de la mochila azul (1979),3.5,3.5270643685839067
rw2867447,This Is the End (2013),0.5,1.3050815123385016
rw0030514,Henry V (1944),4.0,3.445612822521491
rw0058555,The Man Who Knew Too Much (1956),3.0,3.4557921631411816
rw1751803,The Shadow (1940),3.0,3.3618305527410075
rw0450534,Enemy of the State (1998),5.0,3.171286884056637
rw1552439,The Pursuit of Happyness (2006),5.0,3.286213332838732
rw6139005,The Mentalist (2008–2015),5.0,3.840909763505394
rw2577648,Paan Singh Tomar (2012),5.0,3.412734579395007
rw4278264,Interstellar (2014),5.0,4.379592122071484
rw6107628,Witness for the Prosecution (1982 TV Movie),3.5,3.4194487252436
rw0627489,The Blair Witch Project (1999),4.0,3.42995238271855
rw2478675,Assassin's Creed (2007 Video Game),5.0,2.8069625486414056
rw6377744,Fishtales (2007),1.5,3.3746685657197077
rw5811617,Fifty Shades of Grey (2015),5.0,3.0251535596535732
rw0960897,Kung Pow: Enter the Fist (2002),5.0,3.411278299815794
rw5317571,Tall Girl (2019),0.5,2.1405162622069156
rw4727414,Badla (2019),1.5,3.3655737446404155
rw4877476,Baby (I) (2015),4.5,3.3099423967730437
rw5780311,The Last Dance (2020),4.0,4.098305767371909
rw5598316,Dia (2020),4.5,3.4206259793885705
rw5175387,The Other End of the Line (2008),4.5,3.1350315081027924
rw4574764,Do You Trust This Computer? (2018),5.0,3.280901049418287
rw6222270,Leaving D.C. (2012),3.0,3.1905925684790124
rw0668451,Ginger Snaps (2000),4.0,3.111391696376462
rw0789924,Crossroads (I) (2002),4.0,3.330902777689547
rw3748276,Snowfall (2017– ),4.0,3.077517349758505
rw1551006,Holiday (1938),4.5,3.488816491956792
rw4339744,Bleach (2018),4.0,3.293215195056671
rw2556535,Take Shelter (2011),4.0,3.3868785655834253
rw6444544,Good Time (2017),4.5,3.4118410493726623
rw3543005,Night in Paradise (1946),3.5,3.392291356582419
rw0325642,Much Ado About Nothing (1993),5.0,3.486567686878076
rw4005228,Equity (I) (2016),3.0,3.067959571744679
rw6245111,The Shack (I) (2017),5.0,3.2580108149040257
rw4939993,For The People (2018–2019),1.5,3.1782648711741195
rw0495577,Shrek (2001),4.5,4.281940806799956
rw5184959,The Art of Self-Defense (2019),3.5,3.325378770315669
rw1884218,Arroseur et arrosé (1896),3.0,3.373828850188313
rw0983249,Basic (2003),1.0,3.5115048868824785
rw4863663,Ride (III) (2018),2.0,3.1507822662309413
rw2350425,Louis Sullivan: the Struggle for American Architecture (2010),5.0,3.6227444341169095
rw2575921,Watch on the Rhine (1943),3.5,3.3665141856256278
rw4714701,The Order (2019–2020),5.0,3.6227444341169095
rw3506419,Boot Camp (2008),2.0,3.1785562830740153
rw4548380,Insidious: The Last Key (2018),3.5,3.1437074031887273
rw4273335,The Room (2003),5.0,2.931196612641936
rw5170345,Baba Yaga (1973),1.0,3.2894194452662178
rw1827367,Annabelle's Affairs (1931),4.0,3.343897187911456
rw2147318,Infestation (2009),3.0,3.2144992197621534
rw2491614,Sanctum (2011),0.5,2.9978321536195236
rw1876194,The Forbidden Kingdom (2008),4.5,3.450255239370093
rw2245208,Stepping Out (1991),1.5,3.5535931896931356
rw3799369,King Arthur: Legend of the Sword (2017),3.5,3.3032979241287017
rw0229518,Aliens (1986),4.0,4.210259083525719
rw3001610,The Skeleton Key (2005),4.5,3.222819339903852
rw3559176,Lights Out (II) (2016),4.0,3.1806336731109233
rw0980290,The Perfect Pitch (2002 TV Short),5.0,3.271853004989823
rw5125739,Mission Over Mars (2019– ),5.0,4.103328012987933
rw2601383,Wolf (1994),3.0,3.3011672872361055
rw2542040,A Gifted Man (2011–2012),5.0,3.2674795050053755
rw1854242,Conversations with Other Women (2005),3.5,3.359972412385131
rw2425778,Tere Bin Laden (2010),3.0,3.53824539967352
rw5521089,Ford v Ferrari (2019),3.5,3.275174750489879
rw0853625,Cradle 2 the Grave (2003),0.5,3.285192260330365
rw2850332,The Fosters (2013–2018),4.0,3.718405659714959
rw4618317,The 5th Wave (2016),2.0,3.2139510864312197
rw3127142,Love Is Strange (2014),3.5,3.340596672915798
rw3361158,Dick Tracy (1990),4.0,3.566776337292288
rw2965291,Rock 'n' Roll High School (1979),3.0,3.6196049806460087
rw3557817,Turkey Shoot (1982),3.0,3.3111015338434466
rw4341450,The Red Pill (2016),3.5,3.424802897068009
rw0828919,The Rules of Attraction (2002),3.5,3.3675124571615895
rw2123484,A Double Life (1947),4.5,3.4589093211135866
rw2376444,Akira (1988),5.0,4.607799351870733
rw3234271,Avengers: Age of Ultron (2015),4.0,3.6198181412518515
rw6289910,Merry In-Laws (2012 TV Movie),4.0,3.2193697258383476
rw2255505,Reality Bites (1994),1.0,4.3147761276192025
rw5978361,Little Voice (2020– ),4.5,3.3467339959242697
rw2002203,American Gangster (2007),4.0,3.423007756827011
rw2429807,As Tears Go By (1988),4.0,3.3245206374363705
rw4573648,Roma (2018),4.0,3.358934922199395
rw5931696,Dil Bechara (2020),5.0,4.470004317090254
rw5037750,We Belong Together (2018),0.5,3.1819421271117485
rw4164600,The Man from U.N.C.L.E. (2015),3.0,3.3189786943294335
rw5889832,Escape from New York (1981),3.5,3.372015574049785
rw4837924,Chernobyl (2019),5.0,4.599081915213517
rw1899749,Limbo (II) (2004),5.0,3.4921726100345993
rw2522633,North by Northwest (1959),4.0,3.312733137882848
rw5754736,Alien (1979),5.0,3.321412380892315
rw0504469,Dinosaur (2000),3.5,4.20392181046649
rw1395413,Mozart and the Whale (2005),1.0,3.399692212868761
rw5415810,Raatchasan (2018),5.0,4.25293766762278
rw3631486,Woman of Straw (1964),3.5,3.3873162377038537
rw3417071,Eddie the Eagle (2015),5.0,4.2698529652342225
rw0184808,Excalibur (1981),4.5,4.255709479571339
rw1129747,Dinner Rush (2000),4.5,3.311709492366164
rw2558860,Apocalypse (2011),3.5,3.1784329899975026
rw0183619,Conan the Barbarian (1982),4.5,4.1837442926653505
rw4774034,Serpent (2017),1.5,3.030394946915397
rw3282112,Terminator Genisys (2015),3.5,2.9789301739771523
rw4186510,The Place (2017),2.0,3.234220257824715
rw0467787,Pushing Tin (1999),2.5,3.396920502699451
rw2715665,Memorial Day (2012),5.0,3.2526503511309994
rw3536038,Badlapur (2015),3.0,4.168938476062835
rw2220798,Butterfly on a Wheel (2007),3.5,3.133222255313669
rw0479393,Fantasia 2000 (1999),5.0,4.166407001838341
rw1053190,Shadow of the Thin Man (1941),3.5,3.356870741402837
rw5754587,Rim of the World (2019),4.5,3.323849659744074
rw1302445,Dogville (2003),5.0,3.494271245871552
rw2108866,The Awful Truth (1937),1.5,3.474666499441322
rw3335668,The Ouija Exorcism (2015),1.0,3.138601710959929
rw6261562,Ludo (2020),0.5,3.442115302847166
rw2967922,Zoolander (2001),1.5,3.2924459519292095
rw2058126,Unstable (2009 TV Movie),4.0,2.9814727483101318
rw1940366,Nim's Island (2008),3.5,3.4249544356591928
rw3632104,Show Girl in Hollywood (1930),3.0,3.4739153202816753
rw6161156,I Still See You (2018),3.0,3.207293122024988
rw3543917,Anthropoid (2016),4.0,3.3801636100384274
rw4104300,Verónica (I) (2017),0.5,3.2014758318277514
rw2567496,Grimm (2011–2017),2.0,2.7921859086840177
rw6135388,Unknown Origins (2020),3.0,3.2319467156228274
rw2746318,Annie Oakley (1894),3.5,3.4453153055553365
rw5313390,鋒迴路轉 (2019),1.5,3.4193978714086217
rw5062610,When They See Us (2019),1.5,3.148881828641145
rw1086579,Star Wars: Episode III - Revenge of the Sith (2005),5.0,3.910198468638054
rw0655407,Sexy Beast (2000),4.0,3.1626455494963857
rw4318272,Jack Ryan (2018– ),4.5,3.2842098479484747
rw4027939,Modern Family (2009–2020),5.0,3.3973157298019157
rw1041150,Heaven Can Wait (1943),4.0,3.550340565763883
rw4542762,Amityville: The Awakening (2017),4.5,3.2374800990179105
rw1815864,All the King's Men (1949),5.0,3.4540914967283523
rw3540622,Your Name. (2016),5.0,3.6470182940609077
rw4186664,Game of Thrones (2011–2019),4.5,3.2462543581899657
rw1790911,Sweeney Todd: The Demon Barber of Fleet Street (2007),4.0,2.6815875013774964
rw2844831,Michael Clayton (2007),5.0,3.379404494040496
rw5896733,Greyhound (2020),4.0,2.747714139667254
rw2455131,Rubber (2010),0.5,3.3282103089747883
rw2853993,United (I) (2011),2.5,3.3548154048689383
rw3115116,Reign (2013–2017),3.5,3.3458793621226444
rw5344354,Togo (2019),4.5,3.327989957242627
rw3497582,Tremors (1990),5.0,3.1041219380201266
rw5601145,Matrimony's Speed Limit (1913),3.5,3.3101914083489277
rw6112280,One Night in Bangkok (2020),0.5,3.309538420693737
rw5397200,Death in Paradise (2011– ),4.0,3.168986297030485
rw4960103,Dark (2017–2020),4.0,3.7958394815497645
rw0587758,The Sixth Sense (1999),5.0,3.3141613446463882
rw1858991,Tara Road (2005),3.0,3.3060047437686504
rw5848724,Underwater (2020),2.0,3.082134550589704
rw5729788,Person of Interest (2011–2016),5.0,3.7972579704537397
rw2263562,Splice (2009),1.5,3.4273377609979754
rw0589629,Pirates of Silicon Valley (1999 TV Movie),4.0,3.26190252053856
rw5053294,Magnum P.I. (2018– ),4.0,3.2411857268434137
rw2236237,Ronin (1998),5.0,3.141603791411938
rw1530789,Bloodsport III (1996 Video),3.5,3.4110687556400765
rw0712788,Mimic 2 (2001 Video),3.5,3.293294507755532
rw0366113,Last of the Dogmen (1995),4.5,3.313559885447453
rw5711310,The Manxman (1929),3.0,3.38437036792992
rw1636805,Nobi (1959),5.0,3.3528117501271626
rw1687901,Zoom (2006),2.0,3.3835068937402824
rw5797805,The Expanse (2015– ),5.0,3.125025669322169
rw3610796,The Girl with All the Gifts (2016),4.5,3.312290349315109
rw2718501,異形奇花 (1986),4.0,3.3391993804630857
rw4425085,Werewolf in a Girls' Dormitory (1961),2.0,3.3616826473945722
rw3677852,Unleashed (I) (2016),5.0,3.0302728820916847
rw2197046,六壯士 (1961),4.0,3.349074808557782
rw0295623,JFK (1991),5.0,3.728769584863206
rw0416124,The Fifth Element (1997),5.0,3.523210439798559
rw2194764,阿凡達 (2009),5.0,3.451362466401263
rw4067235,Hell House LLC (2015),5.0,3.1030985309701418
rw2164683,2012 (I) (2009),0.5,3.457283562285422
rw5327815,Wendigo (2001),2.0,4.1876961689521695
rw1044103,Hero (2002),4.5,2.9823333009185014
rw2802957,Max Payne (2001 Video Game),5.0,3.282730494771567
rw1038380,Murder in the First (1995),5.0,3.423101522732559
rw1913757,The Dark Knight (2008),5.0,4.342160165076259
rw4083944,Oculus (2013),3.5,3.092544285641179
rw0724113,Wit (2001 TV Movie),5.0,3.444529737015181
rw5089440,The Lonely Guy (1984),1.0,3.522914597826995
rw3395561,Peter Pan (1953),4.0,3.420787126143543
rw3737703,Pinched (2010),4.5,3.4621430440765977
rw5193385,口是心非 (2009),3.5,3.2513902934617853
rw6012145,Unfriended: Dark Web (2018),3.0,3.1874697549249045
rw5302882,The Christmas Club (2019 TV Movie),4.0,3.194786381323263
rw4275220,Mission: Impossible - Fallout (2018),4.0,3.504046825262199
rw2928977,The Wolf of Wall Street (2013),5.0,4.255194003352976
rw1105961,One Flew Over the Cuckoo's Nest (1975),5.0,4.034326239492689
rw6411020,The Man Who Invented Christmas (2017),2.0,3.3444143963515596
rw3463623,Beat the Clock (1950–1961),5.0,3.7131694871518395
rw2326716,Role Models (2008),4.5,3.73909619746182
rw0664660,Fourplay (2001),5.0,3.4330215680739724
rw3289764,Drishyam (2015),5.0,3.3563663365564147
rw5631317,Wes Craven's New Nightmare (1994),4.0,3.2747357873788654
rw4930578,Vice (2013– ),1.0,3.5211274291290517
rw4779999,The Silence (II) (2019),0.5,3.333172572149545
rw5986017,Gunjan Saxena: The Kargil Girl (2020),5.0,3.441037307678943
rw1692452,Gosford Park (2001),5.0,3.3369762426535186
rw1666409,Eko eko azaraku III (1998),3.0,3.2188696084023993
rw5289836,Zombie with a Shotgun (2019),5.0,3.687982194921984
rw0212498,The Lift (1983),3.0,3.3538352609124455
rw0027598,The Talk of the Town (1942),5.0,3.4735812044004875
rw4907699,Pulp Fiction (1994),3.5,4.727837165656895
rw1571977,The Producers (2005),4.0,3.3964193843104358
rw0086068,Mary Poppins (1964),5.0,3.4774723816236284
rw2875181,Vikingdom (2013),5.0,4.51844270018635
rw6326350,Weekend at Dunkirk (1964),3.5,3.3224967276476725
rw6272543,Twilight (I) (2008),3.0,1.4978005441913036
rw2024010,The Curious Case of Benjamin Button (2008),1.5,3.2884538183566625
rw1684226,The Departed (2006),2.0,3.379699619664578
rw2251692,Pan's Labyrinth (2006),5.0,3.7150823954442127
rw2365597,Exam (2009),4.0,3.204379708956694
rw6146878,Spider-Man 2 (2004),3.5,4.444558039494692
rw2625269,Hangman's Knot (1952),3.5,3.4354578606772472
rw5290110,冰雪奇緣2 (2019),5.0,3.8028824554421803
rw2775589,The Call (II) (2013),2.0,3.305141105461433
rw1429843,The Bong Connection (2006),5.0,3.476386570880627
rw5075296,#Followme (2019),1.0,3.0260890223930534
rw2432258,The Human Experience (2008),5.0,3.4196088221926897
rw3511217,The World's End (2013),5.0,3.309632438186857
rw4897724,Wine Country (2019),1.0,3.3735974276947354
rw0529442,Surrender Dorothy (1998),5.0,3.3656371136873013
rw1051109,Feardotcom (2002),0.5,3.2953835096956405
rw5576547,The Letter for the King (2020– ),4.0,2.200286289881802
rw5664860,Terminator Salvation (2009),4.0,3.3992602267894836
rw1729754,3:10 to Yuma (2007),2.0,3.4421006471593176
rw1514347,The Odyssey (1997),2.5,3.2009291691898745
rw2917667,Murder by Numbers (2002),3.5,3.1086510145409534
rw6040816,Tokyo Ghoul (2014),5.0,3.523610828648529
rw2370333,P.S. I Love You (2007),3.0,3.446880897651461
rw6156583,Deadly Switch (2019),2.5,2.8871951881137154
rw0737969,Billy Elliot (2000),4.5,3.2268311475071276
rw6276965,The Traitor (2019),5.0,3.661462204494046
rw6057425,Mirzapur (2018– ),4.5,3.6579175155535726
rw1286245,Kuffs (1992),0.5,3.4444094848779048
rw5858787,The Predator (2018),2.5,1.764484168169523
rw3263566,The Wiz (1978),3.5,3.509119520307097
rw5198104,功夫熊貓2 (2011),2.5,3.466014404284759
rw3209867,Pinocchio (1940),4.0,3.514887151405537
rw5515674,The Whistlers (2019),5.0,3.416899136282563
rw5403977,Red Room (2017),0.5,3.120750117031859
rw5123002,Saaho (2019),2.0,3.3169151637035936
rw5603705,Yol (1982),3.5,3.4415380393898456
rw4122127,Elements of Matter (2018),0.5,3.5057693916896158
rw2983047,Alpha and Omega 2: A Howl-iday Adventure (2013 Video),2.0,3.3519196084651988
rw1593367,Old Joy (2006),1.5,3.430132493019101
rw1163772,Army of Darkness (1992),0.5,3.4351594774803456
rw1414760,Barney's Great Adventure (1998),4.0,3.583390777263409
rw2228635,Final Solution (2004),5.0,3.438501586342964
rw3849882,No Man of Her Own (1950),5.0,3.2937722435545935
rw4366097,Chekka Chivantha Vaanam (2018),0.5,3.3460440243494203
rw2364934,Sullivan's Travels (1941),4.0,3.273005287752669
rw1625787,Turistas (2006),4.0,3.151350362699831
rw5347148,Cash on Demand (1961),2.5,3.3429810467327146
rw4616516,Bright (I) (2017),3.0,3.3081627620738416
rw5910162,Rogue One: A Star Wars Story (2016),4.5,2.5539395788649113
rw4538491,Bird Box (2018),3.0,2.7417475066722514
rw3373087,Barbara (I) (2012),3.5,3.438877663292073
rw2164952,Ghoulies II (1987),2.5,3.099779641727391
rw0295679,JFK (1991),4.0,4.2178901412736085
rw2237225,The Life and Death of Peter Sellers (2004),5.0,3.516983121143956
rw2481722,The Yin and the Yang of Mr. Go (1970),4.0,3.37802119226164
rw4525363,Andhadhun (2018),5.0,4.220953131598029
rw3414819,Pride and Prejudice and Zombies (2016),4.5,3.1489327595546817
rw4986115,Elmo Saves Christmas (1996 Video),0.5,3.485306695636579
rw4966350,Child's Play (2019),0.5,1.6685876340624923
rw2110655,Nos jours heureux (2006),3.5,3.481853853031795
rw0846799,Old School (2003),5.0,3.375121977161911
rw0570877,American Pie (1999),4.5,3.043817400711487
rw2145415,Edmond (2005),3.0,3.300297241633234
rw1500229,Marie-Martine (1943),4.0,3.687982194921984
rw5690362,The Little Prince (1974),4.0,3.5505897390295202
rw3381495,The Revenant (2015),5.0,3.4804699170466775
rw2982668,Dallas Buyers Club (2013),5.0,3.7497325043019205
rw1876911,Clearing the Range (1931),3.0,3.4263637339349406
rw0894507,Troy (2004),3.0,4.659567050110802
rw4448571,Daredevil (2015–2018),5.0,4.259747359905591
rw5258475,Toto le héros (1991),5.0,3.282495338555395
rw5909710,"Standing Up, Falling Down (2019)",3.5,3.2183848954594927
rw2952456,Cloud Atlas (2012),5.0,1.8114090303118195
rw2884332,Oszukane (2013),3.0,3.123014744340277
rw1070565,Calamity Jane (1953),5.0,3.643773654937259
rw1697614,Leopard Fist Ninja (1982),2.5,3.3646863620806506
rw1059116,Holy Smoke (1999),2.0,3.468816542758664
rw1200996,Akira (1988),5.0,4.594823761047094
rw1269228,Swept Away (2002),3.5,3.3537744534477167
rw2927046,American Pie (1972),3.5,2.685421519908323
rw0237252,Ruthless People (1986),3.5,3.4357238540117754
rw2649818,Roadracers (1994 TV Movie),4.5,3.449517516763626
rw4751097,Scarface (1983),4.0,3.283051470232654
rw5956736,Eden Lake (2008),1.5,3.602213227734783
rw0913136,Fei teng de qun shan (1976),5.0,3.298071734240738
rw1242058,David & Layla (2005),5.0,3.326058255331461
rw2975787,Soccer Mom (I) (2008),3.0,3.4338493171068323
rw0113192,Scrooge (1970),5.0,3.458992547283634
rw3272626,Pitch Perfect 2 (2015),4.0,3.4274058511394347
rw4117289,Legion (2017–2019),2.5,3.3910556177994153
rw4826216,Avengers: Endgame (2019),3.5,4.214504322835887
rw6300821,Network (1976),4.5,3.4956394413664333
rw5668846,Albion: The Enchanted Stallion (2016),3.5,3.1954313750681353
rw2351801,Ichiban utsukushiku (1944),5.0,3.285374905500169
rw2512855,Friday the 13th Part VII: The New Blood (1988),3.5,3.0756609902693133
rw1309462,La Terra Trema (1948),2.5,3.4486215509766
rw1203689,Garden State (2004),4.0,4.0166460699334685
rw4918218,Pokémon Detective Pikachu (2019),4.5,3.58077635337428
rw1693691,Strike the Tent (2005),2.5,3.718405659714959
rw6364878,Upload (2020– ),5.0,3.244115880092491
rw4902265,"Love, Romance, & Chocolate (2019 TV Movie)",3.0,3.3796780054792595
rw0358145,Casino (1995),4.5,3.707467910792325
rw5486287,Love Aaj Kal (2020),0.5,3.4218381063289454
rw5691315,Journey of a Woman (2007),2.5,3.229562309942221
rw1693328,The Four Horsemen of the Apocalypse (1962),2.5,3.208456922312555
rw4573620,The Shape of Water (2017),3.0,3.2222511243609118
rw1104677,My Blind Brother (2003),4.5,3.233518766441023
rw3874065,Dark (2017–2020),2.5,4.245623009167619
rw0183686,Conan the Barbarian (1982),5.0,3.9116340712307047
rw3798548,Slaughter Daughter (2012),5.0,3.6579175155535726
rw1272875,The Circle (2002),5.0,3.4555173711231686
rw3295000,Snoopy's Reunion (1991 TV Short),4.0,3.5470723712324177
rw6318411,Happiest Season (2020),5.0,3.2862331370101265
rw5513084,The Man Who Knew Too Much (1934),3.5,3.781000681685366
rw4600960,Dragon Ball Super: Broly (2018),5.0,3.432555537456203
rw3800060,Happy-Go-Nutty (1944),4.5,3.3204619448084327
rw1941478,A Woman Under the Influence (1974),2.0,3.359763326044507
rw1704334,Comet in Moominland (1992),4.0,3.6102124817639134
rw0630096,Silicon Towers (1999),0.5,3.218933913729543
rw2075561,The Prophecy (1995),2.0,3.2928768607765764
rw0544512,High Fidelity (2000),3.0,4.1648478660307555
rw4343242,Mandy (I) (2018),4.0,3.2940471276775845
rw5489892,War Machine (2017),1.5,3.24541100115693
rw5316573,Mnemophrenia (2019),4.5,3.1975067980111636
rw2145942,Ecstasy (1933),4.5,3.4106466041457804
rw0894002,Troy (2004),4.5,2.88535764127512
rw3664393,The Great Wall (I) (2016),2.0,4.271359335277791
rw4359160,Memento (2000),4.0,4.7401519749131955
rw2683627,The Only Way (1970),4.0,3.4046218527412573
rw2624876,Y Tu Mamá También (2001),5.0,3.4941619537991055
rw1844719,Incubus (2006),1.5,3.215081023484255
rw2897195,500 Days of Summer (2009),4.0,4.542438183113162
rw3248742,My Haunted House (2013– ),0.5,4.191861165179985
rw1935282,Hamlet 2 (2008),5.0,3.279874216168009
rw0136448,The Lords of Flatbush (1974),2.5,3.4124755887838085
rw5796674,Inception (2010),5.0,4.0537654641732805
rw0568947,Hanging Up (2000),3.0,3.404380335900978
rw5256323,Vaxxed II: The People's Truth (2019),0.5,3.2287302463062875
rw0693752,Pay It Forward (2000),3.5,4.200896963716393
rw3296423,Se diu ying hung: Dung sing sai jau (1993),5.0,3.5037269507044635
rw4462519,Climax (I) (2018),2.5,3.972894906827279
rw3191120,The Imitation Game (2014),4.5,2.665999192301468
rw5941860,Dil Bechara (2020),0.5,4.935224299202723
rw2376995,This Earth Is Mine (1959),2.0,3.5038270787059593
rw2149620,The Magnificent Seven (1960),3.0,3.514596516591474
rw0150419,Taxi Driver (1976),5.0,3.7157770910135324
rw2159253,Adoration (2008),3.5,3.298677976440816
rw4718562,The Bra (2018),3.0,3.4145025736641275
rw4192443,The Sea Wolf (1941),4.0,3.3818018646045758
rw5186892,Fractured (I) (2019),3.5,4.183065688371549
rw0245387,Hope and Glory (1987),4.5,3.479776095655649
rw4796544,Captain Marvel (2019),2.0,3.74305617264613
rw3218347,Robot Revolution (2015),0.5,3.3300113861699843
rw3335782,Tomorrowland (2015),0.5,3.2628582256047975
rw4098093,"Re: Zero, Starting Life in Another World (2016– )",5.0,3.312449601548298
rw0406227,In the Mood for Love (2000),5.0,3.5018977706300456
rw2125183,The Eagle Has Landed (1976),5.0,3.1667094262771855
rw2079966,Barton Fink (1991),4.0,3.4754182910021365
rw5029107,Aranyélet (2015–2018),5.0,3.3235058330736056
rw2947258,Desert Sands (1955),4.0,3.2881709848173255
rw3319674,Total Recall (I) (2012),3.0,3.277215194150806
rw5931011,Dil Bechara (2020),5.0,4.470004317090254
rw2535268,Life's Too Short (2011–2013),3.5,3.1156679030000594
rw3222793,Mountain Monsters (2013– ),5.0,3.358822533598306
rw5457464,Altered Carbon (2018–2020),5.0,3.353966179378007
rw1321110,The Brain That Wouldn't Die (1962),1.5,3.4882752308676803
rw2742405,U.F.O. (2012),2.0,2.9314019872467147
rw5188653,My Haunted House (2013– ),5.0,1.8232189033408495
rw1781992,Alvin and the Chipmunks (2007),3.5,3.4878681340716087
rw1791162,Planet of the Apes (1968),5.0,3.819542301386911
rw1617125,The U.S. vs. John Lennon (2006),3.5,3.3084433081791893
rw0598976,Gladiator (2000),5.0,4.43325892089605
rw5700062,Mrs. Serial Killer (2020),0.5,4.601149791647996
rw4274691,Mulk (I) (2018),0.5,3.323934938619359
rw3149523,魔法黑森林 (2014),0.5,3.4378251857397073
rw5058749,The Great Hack (2019),5.0,3.3594011947593723
rw1277296,Brokeback Mountain (2005),4.5,4.602345823882448
rw2985715,The Picture of Dorian Gray (1945),3.5,3.4224962597419326
rw4658013,The Gunman (2015),1.5,3.165156867437582
rw4145170,Avengers: Infinity War (2018),4.0,4.2556527895553895
rw6251108,Laxmii (2020),0.5,1.9034258048932073
rw1618116,Chimera (1991– ),3.5,3.249579563905821
rw2827962,A Prophet (2009),5.0,3.2939163128381357
rw1485502,The Last Kiss (2006),2.5,3.096683443325267
rw3760794,Jack Reacher: Never Go Back (2016),0.5,3.193933298976506
rw5839909,Becky (II) (2020),4.0,3.0118863462844345
rw2810899,A Way Back Home (2013 TV Movie),3.5,3.3267145865761196
rw1259238,Let's Do It Again (1975),2.5,3.521670963856461
rw0560284,Croupier (1998),3.5,3.360746141496074
rw2328698,The Disembodied (1957),1.0,3.339261613564384
rw6125399,Utopia (2020),5.0,3.279113898879747
rw1553224,Marie Antoinette (2006),0.5,3.478983543739732
rw2059053,Summoner (2000 Video Game),2.0,3.312954731214526
rw5525699,The Verdict (1982),2.5,3.5403348988657406
rw4874021,Cool Cat Kids Superhero (2018),5.0,3.3468754013556268
rw1887873,The Adventures of Sharkboy and Lavagirl 3-D (2005),2.5,1.914649378632986
rw2863466,Rush (I) (2013),3.5,4.139088020601629
rw2331952,Up (2009),4.5,3.7746707028452358
rw6333967,Freaky (2020),2.5,3.0416936060500617
rw1212175,Little Big League (1994),3.5,3.5839993697807233
rw1570262,Canvas (2006),4.0,3.2864688196555902
rw2201807,House of 9 (2005),1.5,3.2668550378134213
rw0788078,24 Hour Party People (2002),4.0,3.3617996684786453
rw3773955,When Strangers Marry (1944),4.0,3.4093247555838273
rw4056057,The Shawshank Redemption (1994),5.0,4.606172111049922
rw3371377,Into the Badlands (2015–2019),3.5,3.399525734352023
rw3039728,Snow White and the Seven Dwarfs (1937),5.0,3.4653892916333233
rw2537727,Ten Days in Paris (1940),2.5,3.3403507525819354
rw4554102,The Gallows (2015),2.5,3.4179834399074696
rw4816360,Mulholland Dr. (2001),2.0,3.511339215539092
rw5228120,Angel of Mine (2019),2.0,3.2124596919322848
rw6162031,28 Days Later... (2002),1.0,3.2615370807161517
rw0632814,Anatomy (2000),5.0,3.2238251526235637
rw6136981,The Old Guard (2020),4.5,4.230455901954908
rw1610258,Timeline (2003),3.0,2.4858576597956135
rw2573161,Top Hat (1935),4.5,3.331559303218014
rw1358885,The Silence of the Lambs (1991),4.0,2.8903459937039457
rw1381176,Big Fish (2003),5.0,2.1382325620327847
rw2368195,Quantum of Solace (2008),3.0,3.707055942513688
rw2377939,One Fine Day (1996),3.5,3.321729917660917
rw5515262,The Face of Another (1966),4.0,3.4136858178577674
rw5988374,Gunjan Saxena: The Kargil Girl (2020),4.5,3.441037307678943
rw4931447,The Beach Bum (2019),1.0,3.1979522300296535
rw5922294,X-Men: Dark Phoenix (2019),2.0,3.2348733184561733
rw6415544,Devil's Bait (1959),4.5,3.3847896383070863
rw2937722,You're Next (2011),3.0,3.26728127395229
rw3658530,Inception (2010),5.0,4.573389552401004
rw1349560,Silent Hill (2006),5.0,3.1599578554519834
rw3675182,Kong: Skull Island (2017),3.0,3.235992926167819
rw3522874,Die Pilgerin (2014– ),2.0,3.435118219275168
rw3715175,Attack on Titan Part 2 (2015),2.0,3.425168686246718
rw5958387,Black Is King (2020),5.0,4.217408305383123
rw1595993,Derailed (2002),1.0,3.3634539831139616
rw1433878,My Super Ex-Girlfriend (2006),4.5,3.2075498741695485
rw0382408,DragonHeart (1996),2.0,3.2681192954203944
rw5561630,Derry Girls (2018– ),5.0,3.361648028548868
rw3843054,The Void (I) (2016),4.0,3.412356047859147
rw1553905,A Christmas Story (1983),4.0,3.4044236504312435
rw0469645,Saving Private Ryan (1998),2.0,2.907708975027538
rw2546677,Justice League of America (1997 TV Movie),2.0,3.3207581965384967
rw5500098,Parasite (2019),3.5,4.397840239917009
rw1304178,Gung Ho (1986),3.0,3.3966092242265287
rw1893114,Vacancy (2007),0.5,2.926217356162585
rw2731844,Fly Away Baby (1937),2.5,3.40166150539579
rw5101549,Unforgettable (II) (2017),2.0,3.4232535138684366
rw3745441,Snow Angels (I) (2007),4.0,3.401964304199881
rw2597516,The Vampire Diaries (2009–2017),5.0,3.1112310185064347
rw5561245,Jumanji: The Next Level (2019),4.0,3.193901254776645
rw0186905,Killjoy (1981 TV Movie),4.5,3.3078887969364215
rw4834043,Meteorites! (1998 TV Movie),1.0,3.378642234845596
rw6093390,Heroes Reborn (2015–2016),1.0,3.1797443488183506
rw5842239,The Green Mile (1999),4.5,4.325922891716906
rw2282130,Inception (2010),5.0,4.573389552401004
rw6336675,The Fury (1978),3.5,3.458114945218707
rw3758236,What the Health (2017),5.0,3.4535044053136073
rw0806448,Tuck Everlasting (2002),4.5,3.4162680895330824
rw1688436,Samouraïs (2002),2.5,3.3195135576489103
rw5181254,A Talent for Murder (1984 TV Movie),1.0,3.5170499348197417
rw2523148,Teenage Caveman (2002 TV Movie),1.5,3.2568857606495403
rw5146245,Little Baby (2019),5.0,3.253566092899783
rw5164667,小丑 (2019),5.0,4.125270094749574
rw1662768,Pirates of the Caribbean: At World's End (2007),4.5,4.175990921343789
rw0801217,Final Stab (2001 Video),2.0,3.328058436223374
rw1952258,Bang Bang Kid (1967),1.0,3.2751035852672787
rw0582546,The Lord of the Rings: The Return of the King (2003),5.0,4.635086923003556
rw1794031,There Will Be Blood (2007),5.0,3.1391273038077343
rw1341921,Till Human Voices Wake Us (2002),5.0,3.4251301667366922
rw2392202,Classroom 216 (2011),5.0,3.6579175155535726
rw6315163,12 Pups of Christmas (2019),1.0,3.4108969414670467
rw1932506,Batman Returns (1992),2.5,4.13721615207321
rw4197043,Forever My Girl (2018),1.0,3.2249011367279503
rw1157300,Creep (I) (2004),3.5,3.060572112152611
rw5704236,Planet of the Humans (2019),5.0,3.2724378190970644
rw2962407,The Dark Knight (2008),5.0,4.381380671505303
rw5907107,Archive (2020),4.5,3.9877863267893106
rw5167554,The K2 (2016),1.0,3.334090264872092
rw0593399,American Beauty (1999),1.5,3.5763614620354827
rw4087322,Nikita (2010–2013),4.0,2.306280607663908
rw0300300,Terminator 2: Judgment Day (1991),4.5,3.9705450789711176
rw3354802,Bloodsucking Freaks (1976),1.0,3.174525755339584
rw4843550,Spare Parts (I) (2015),5.0,3.285449633803505
rw1158903,Trancado por Dentro (1989),5.0,3.352908211021621
rw1444659,Raw Deal: A Question of Consent (2001),3.5,3.147919073529651
rw3277155,From Dusk Till Dawn (1996),2.5,2.015333185898862
rw2633910,西雅圖夜未眠 (1993),5.0,3.2579631848916795
rw3747448,Agonie (I) (2016),2.0,3.270529866220579
rw5641053,Funny Games (2007),5.0,3.245658668860759
rw1930428,Kibakichi: Bakko-yokaiden (2004),0.5,3.438905068593007
rw0992431,Bridget Jones: The Edge of Reason (2004),1.0,3.1579315634969767
rw1192732,Fight Club (1999),5.0,3.120796999607214
rw2548060,Bicycle Thieves (1948),5.0,3.430030540689795
rw0300290,Terminator 2: Judgment Day (1991),4.5,3.993118003363205
rw6020670,Flesh (2020),5.0,4.745478879571229
rw4984002,Article 15 (2019),4.5,3.4136636968982628
rw3016214,The Frightened Man (1952),3.0,3.399571121336418
rw5190636,Artifice (I) (2019),4.5,3.214021945817449
rw4636484,Nautanki Saala! (2013),4.5,3.4721722585931487
rw0669099,The Weight of Water (2000),2.5,3.240919952943455
rw1286133,Something New (I) (2006),5.0,3.2887969321419055
rw2523585,Greenberg (2010),4.0,3.247328610869353
rw5870645,Vice (I) (2018),3.0,2.6284703203479802
rw1725919,Superman II: The Richard Donner Cut (1980 Video),4.0,3.43559441187544
rw1598007,Berlin - Ecke Schönhauser (1957),3.0,3.37499431493588
rw0791318,Lilo & Stitch (2002),3.0,4.310949405285969
rw1365934,Misery (1990),4.5,3.1961635954451735
rw1744838,An Inconvenient Truth (2006),0.5,3.3579002054276392
rw2519351,My Sassy Girl (2008– ),5.0,3.3883336440907947
rw1533816,Beethoven's 4th (2001 Video),1.5,3.5009431198815637
rw3708071,Snatched (2017),3.0,3.2096673048906355
rw2174150,Hakuôki (1959),4.0,3.41654841509548
rw2547798,Men in Black II (2002),3.0,3.232591757357049
rw2716247,Khiladi 786 (2012),1.0,3.411910019994059
rw6453516,Mosaic (2007 Video),4.0,3.4407089021241157
rw1376156,The Island (2005),2.0,3.4784151670605903
rw4205051,Upgrade (2018),4.0,3.9245047867489573
rw4323560,Chicken Girls (2017– ),5.0,3.288433207458063
rw1930985,Crazy (II) (2008),4.5,3.4440684250341356
rw0834029,xXx (2002),2.0,3.3988167726799725
rw2362275,"Naval Cadets, Charge! (1988– )",5.0,3.2277425090665557
rw1275463,The Graduate (1967),4.0,4.23269873020724
rw2049971,Ken Park (2002),1.0,3.4071902456237915
rw6117355,Better Man (2013),0.5,3.4103075342471962
rw0910927,The Cat Returns (2002),2.0,3.593217198628588
rw2378377,Ju-on: The Curse (2000 Video),5.0,3.2204655132232447
rw1790266,Jesus Camp (2006),0.5,3.9773344628870153
rw1908567,Rambo (2008),5.0,3.3030184602506014
rw4344192,All This Mayhem (2014),4.5,3.29737419126593
rw3355685,All the Time in the World (2014),5.0,3.394765716026876
rw4528385,Sabrina (2018),0.5,3.1119661834761962
rw2604918,The Avengers (2012),4.5,4.096670648268031
rw3606318,Apollo 13 (I) (1995),4.5,3.1413693807398366
rw3284333,Younger (2015– ),4.5,3.360719137395899
rw4623474,Lethal Weapon (2016–2019),0.5,3.677294015444185
rw3400263,Bolishopping (2013),4.0,3.6227444341169095
rw1941531,Firing Line (1966–2020),3.5,3.3477012666975083
rw4015205,Scenes from the Class Struggle in Beverly Hills (1989),1.5,3.3524936034924235
rw4800661,Book Club (I) (2018),0.5,3.1984152244997244
rw5663451,Gang of Roses (2003),1.5,3.2319252062226673
rw6370939,Wonder Woman 1984 (2020),5.0,1.4844200174810542
rw1312484,Goodfellas (1990),5.0,4.667954664514231
rw2144086,"I Love You, Man (2009)",4.5,3.257601812213686
rw6286910,The Corporation (2003),3.5,3.5049186798946783
rw4989250,Documental (2016– ),5.0,3.7131694871518395
rw0704443,The Matrix Reloaded (2003),4.0,2.4289475077599882
rw2332895,Saw 3D (2010),4.0,3.239631649563873
rw5436129,Time Lapse (2014),2.5,2.9627476471646386
rw6407166,Wonder Woman 1984 (2020),0.5,2.3573210987154902
rw2064003,"Same Time, Next Year (1978)",5.0,3.2848638819356446
rw1609417,十月的天空 (1999),4.5,3.3450812403768606
rw6386884,Unlocking Christmas (2020 TV Movie),5.0,3.2700758071681233
rw1073584,The Best Years of Our Lives (1946),5.0,4.173871506959302
rw4535782,Master Z: The Ip Man Legacy (2018),4.0,3.3215661606197617
rw3049370,Reykjavík-Rotterdam (2008),2.5,3.2820849528790195
rw5434780,Vis a vis (2015–2019),5.0,3.6579175155535726
rw1977547,Mother of Tears (2007),4.0,2.9945673595955715
rw3466195,London Has Fallen (2016),4.0,2.592594952468154
rw0734712,In the Bedroom (2001),4.5,3.2858846678934737
rw2259893,I Love You Phillip Morris (2009),0.5,3.4398012835016614
rw4674943,The Autopsy of Jane Doe (2016),3.5,3.200512879965042
rw4425110,Tomb Raider (2018),4.5,3.2438950959165385
rw1955386,Beauty and the Beast (1987–1990),5.0,3.533294186716789
rw2958792,La Jetée (1962),5.0,3.4824813819119993
rw4440954,The Resident (2018– ),5.0,2.9394738991937293
rw2141324,Play It to the Bone (1999),3.5,3.456132448378639
rw0676312,Citizen Toxie: The Toxic Avenger IV (2000),5.0,3.136157465077851
rw5531479,Anna (II) (2019),2.5,3.0817252906196986
rw4244305,The Girl Next Door (2007),1.5,3.311123761150464
rw5102198,It Chapter Two (2019),3.5,3.3068380015524403
rw3677125,The Accountant (2016),3.5,3.3135531494390147
rw4268703,Father of the Year (2018),2.0,3.3131936288469253
rw4319256,The Con is On (2018),5.0,3.0864199985577105
rw4233478,Guest in the House (1944),3.0,3.7458244813982318
rw2233513,Harmony Trail (1944),3.5,3.3078645381522316
rw2867762,The Case for a Creator (2006 TV Movie),5.0,3.6579175155535726
rw2304815,Heavy Metal in Baghdad (2007),4.0,3.4190237771897345
rw1295887,A History of Violence (2005),1.0,3.3699940329847418
rw4619267,Miss Bala (2019),4.0,3.278324968934308
rw0121166,Bad Company (1972),3.5,3.52022251118036
rw6107480,L'ultimo guerriero (1984),2.0,3.3509161962414535
rw1743440,Moonlight (2007–2008),4.5,3.0356215060224403
rw2291075,Inception (2010),3.5,4.573389552401004
rw4113216,Your Name. (2016),3.5,3.995780390714915
rw1710448,Panic in Year Zero (1962),1.5,3.45531915894445
rw5861764,Batman (1989),4.0,4.251900974575237
rw4706078,Captain Marvel (2019),2.5,3.742091016647749
rw3745079,Guardians of the Galaxy (2014),4.0,3.9752304073405114
rw4753266,The Highwaymen (2019),4.0,3.9524633686875497
rw5729051,Midnight Special (2016),4.0,3.296758535637208
rw3296707,Shaun the Sheep Movie (2015),4.0,3.451502473281704
rw5875683,Kaali (2020– ),5.0,3.4555780202663797
rw2706887,迷魂記 (1958),5.0,4.240925001713779
rw5374241,Avane Srimannarayana (2019),4.0,3.3915403257272296
rw4091839,Mayumi (1990),4.5,3.6227444341169095
rw4096546,The Shawshank Redemption (1994),5.0,4.6472719886336
rw1554226,When a Stranger Calls (2006),1.5,4.127811697347612
rw2831832,Me and You and Everyone We Know (2005),0.5,2.061512299411268
rw0299493,The Silence of the Lambs (1991),0.5,3.5626525604626926
rw3843687,Bokeh (I) (2017),0.5,3.1305070616420436
rw4966327,Kabir Singh (2019),0.5,3.249001751099921
rw6387972,The Hound of the Baskervilles (1939),3.5,3.357825456956741
rw5260840,Angel Has Fallen (2019),2.0,3.2567453081771993
rw2877423,Xi Yang Yang Yu Hui Tai Lang Zhi Niu Qi Chong Tian (2009),0.5,3.718405659714959
rw3866303,Billy Lynn's Long Halftime Walk (2016),3.0,3.2116832259712065
rw4523940,The Wolf of Wall Street (2013),3.5,4.255194003352976
rw4557288,Aquaman (2018),2.0,2.9907596098151323
rw3170860,The Dead of Night (2010 Video),1.5,3.056369483323119
rw1725132,Death Sentence (2007),0.5,3.3662833865136474
rw3097641,The Giver (2014),0.5,3.354222036936106
rw2912344,The Hunger Games: Catching Fire (2013),3.0,3.2933893832536203
rw0764247,Men with Brooms (2002),1.0,3.325362397124097
rw5261451,Dickinson (2019– ),4.0,3.4040374166297784
rw3039265,Batman Returns (1992),5.0,2.9616897045074717
rw3518544,Good Will Hunting (1997),5.0,3.3303642256505634
rw4745590,Deadly Class (2018–2019),5.0,3.3700938598373016
rw3001960,The Bag Man (I) (2014),4.0,3.7208261149175605
rw1184083,Serenity (2005),2.0,3.289837621422071
rw2009113,Shakespeare in Love (1998),2.5,2.9061098458569123
rw3014480,Heat (1995),3.0,3.144692834570349
rw1708828,Transformers (2007),2.0,3.143282445513362
rw5783947,Uncivilized (2020),5.0,4.621158909874174
rw4360434,Footsteps in the Night (1957),2.5,3.469640933444347
rw6112537,Chernobyl (2019),5.0,4.771415378728513
rw5729089,Janara (2015),1.5,3.3268437887157303
rw1943793,Baby Mama (2008),2.0,3.1977397546012423
rw5391109,A Star Is Born (2018),2.0,3.406068146637917
rw4975094,Julie (1956),3.0,3.507303217578696
rw2607027,Schlafkrankheit (2011),4.0,3.222772229786283
rw0995892,Two Lords (2002),5.0,3.5269415825848087
rw4608273,Somewhere Between (2017),4.0,3.2820860825837905
rw2288016,Dinner for Schmucks (2010),4.5,3.215159431374706
rw5377755,In the Shadow of the Moon (2019),4.0,3.1936287662890046
rw3629746,Life (I) (2015),3.0,3.412479642149998
rw0523756,Intolerable Cruelty (2003),1.5,3.397402578455961
rw5743778,Home Education (2016),3.0,3.0094615219673004
rw3686783,Terminator Genisys (2015),3.5,2.9789301739771523
rw1768375,American Gangster (2007),2.5,3.423007756827011
rw2428396,Man on the Moon (1999),3.5,4.357653161197619
rw1332244,Hung (2005),4.0,2.589647143677567
rw3361619,The Smurfs: A Christmas Carol (2011),3.0,3.2806174246331
rw5703584,The Godfather (1972),4.5,4.544421269357256
rw3428335,All This and Rabbit Stew (1941),1.5,3.3443358571216235
rw1691397,Mortal Kombat: Annihilation (1997),1.5,3.1640665670746104
rw2363706,Rage (I) (2009),3.0,3.2704315893590095
rw5671375,The Corpse of Anna Fritz (2015),3.5,3.1414274743328128
rw6354648,Left Behind (I) (2014),1.0,3.4471885993573173
rw6097110,3 Idiots (2009),5.0,3.385031571112415
rw6351659,Case 39 (2009),5.0,3.1233505393782495
rw5327704,Don't Let Him In (2011),0.5,3.074479144229088
rw2880892,Gravity (2013),1.0,3.9231964610878762
rw4628114,The Captain (2017),3.5,3.509953101479111
rw1552205,Home Alone 2: Lost in New York (1992),4.5,3.4752303952969035
rw5794260,Sexy Beast (2000),1.0,3.1626455494963857
rw2032051,Watchmen (2009),4.0,2.664142471999122
rw1788951,Blue Velvet (1986),5.0,3.3355429053587704
rw4757003,Traitors (2019– ),4.0,4.156151934779022
rw0948664,Team America: World Police (2004),0.5,3.973524274974804
rw0719001,Exit Wounds (2001),4.0,3.239675007991992
rw4094444,Poltergeist (1982),5.0,3.2617944509062395
rw6164945,Running with Beto (2019),5.0,3.298529503641367
rw2318773,Queen of the Damned (2002),3.0,3.315515846211707
rw0113639,The Touch of Satan (1971),0.5,3.0357364348242326
rw4732710,Strike Back (2010–2020),5.0,3.2321917518326746
rw0479364,Fantasia 2000 (1999),5.0,4.303855797395673
rw4338501,Get the Gringo (2012),4.5,3.321860959081691
rw2780076,There Will Be Blood (2007),3.0,4.166553685883717
rw0148770,Murder by Death (1976),4.5,3.2628299188555365
rw4248632,The Hurricane Heist (2018),0.5,3.1116666393208514
rw1256069,Wagon Master (1950),5.0,3.6535070179142433
rw6208230,Ad Astra (2019),1.0,3.106353788861646
rw6032788,Flesh (2020),0.5,4.745478879571229
rw4568708,When Angels Sleep (2018),0.5,3.306735631349258
rw2689913,普羅米修斯 (I) (2012),0.5,2.947310188894671
rw1283828,Harry Potter and the Prisoner of Azkaban (2004),5.0,3.249002533390543
rw4181792,The Delta Force (1986),2.5,3.2651927560677443
rw1882040,Runaway Bride (1999),5.0,3.3593255569195914
rw1260765,The Opposite Sex (1956),5.0,3.0685187685676993
rw1616871,"Lex, the Wonder Dog (1973)",3.5,3.687982194921984
rw2969175,The Missing Scarf (2013),3.5,3.282682796233439
rw5493259,Birds of Prey (2020),5.0,3.408547077421436
rw2791453,Brazil (1985),5.0,4.271125931797365
rw3492606,Sunday Bloody Sunday (1971),4.0,3.319596357830509
rw6165682,Dolly Kitty and Those Twinkling Stars (2019),5.0,4.2149426093310804
rw0657345,The Iceman Cometh (1960 TV Movie),5.0,3.404674584212744
rw4308916,Hereditary (2018),0.5,2.9275399108561966
rw5859231,Mrs. Serial Killer (2020),4.0,4.368420509627911
rw1532454,The Silencers (1966),3.5,3.320557564923134
rw3117528,Tammy (2014),2.0,3.423006542411247
rw4338848,Summer of 84 (2018),0.5,3.160558076770331
rw2327078,Night of the Demons (2009),4.0,3.312388897107369
rw6424890,Soul (2020),4.5,3.3169750182707003
rw1680959,Blood and Chocolate (2007),3.5,3.045491443180965
rw1248492,Animal Farm (1954),4.5,3.364240745554453
rw1880078,Choose Me (1984),0.5,3.303607494942476
rw4683746,Spider-Man: Into the Spider-Verse (2018),4.0,4.322533012506904
rw0053435,Seven Samurai (1954),4.5,3.73876962481496
rw2424129,Abbott and Costello Go to Mars (1953),2.5,3.2989861601449495
rw5639828,Tiger King (2020),2.5,3.349270722145283
rw6213412,The Fast and the Furious: Tokyo Drift (2006),2.5,2.046393730923031
rw4603413,Downrange (2017),4.0,3.328343942223095
rw2000105,The Passion of the Christ (2004),1.0,2.752278636464959
rw6141107,Khaali Peeli (2020),1.0,3.4255740707501823
rw5427792,Kingsman: The Golden Circle (2017),5.0,1.8079518521958222
rw3874835,Chronesthesia (2016),5.0,3.6227444341169095
rw3365146,Spectre (I) (2015),5.0,3.4964185220859623
rw3079700,Dawn of the Planet of the Apes (2014),2.0,3.9399235306582776
rw4582492,The Waltons (1972–1981),5.0,3.4006090547445242
rw5405881,Chernobyl Diaries (2012),2.5,3.6849886737781867
rw6355992,We Are Who We Are (2020),3.5,3.2041385125180137
rw2605710,Zodiac (2007),3.0,3.296716832880818
rw0762402,Empire (2002),1.5,3.317039998734886
rw1820179,The Way of All Flesh (1940),4.5,3.4552211043347016
rw4110987,The Outsider (I) (2018),5.0,3.171473378705987
rw1001374,Billy Elliot (2000),3.0,4.082331567739111
rw3127135,The Fountain (2006),5.0,3.208825038859124
rw2152522,Taken (I) (2008),3.0,3.494190012018961
rw4938598,Jinn (2019– ),0.5,3.6873123874181557
rw4215177,Climax (I) (2018),4.5,2.7865774358369224
rw3280074,Terminator Genisys (2015),3.0,3.7197047393953717
rw0878283,La fleur du mal (2003),1.5,3.4174277565935527
rw3117438,Forrest Gump (1994),4.0,4.801397830226057
rw5733010,The Prestige (2006),5.0,3.4949844945887647
rw1650724,Deja Vu (2006),5.0,3.117227429327757
rw4297743,Grown Ups (I) (2010),3.0,2.2906000662133414
rw1503113,The People Under the Stairs (1991),3.0,3.092932140902681
rw5585668,Licence to Kill (1989),2.5,3.6597095438811515
rw1530815,Devon's Ghost: Legend of the Bloody Boy (2005 Video),0.5,3.325814625649703
rw2427815,Dracula (1931),4.0,3.390798287872204
rw0159019,Death Dimension (1978),3.0,3.404608030497642
rw5441815,Tall Girl (2019),1.5,1.4862974843782948
rw3726111,Before the Flood (2016),3.5,3.3495010315226894
rw5889500,Suzi Q (2019),5.0,3.3063866068857397
rw1931287,The Deer Hunter (1978),5.0,3.7504578596282276
rw1712805,Hannah Montana (2006–2011),5.0,3.485276143686123
rw0468191,Resident Evil (2002),4.5,3.456917480228753
rw2967288,Gunday (2014),3.5,3.350932668478943
rw3673186,Altered Hours (2016),4.5,2.972057499806234
rw0124323,Junior Bonner (1972),5.0,3.4614322944036533
rw4438781,Andhadhun (2018),5.0,4.111865829465645
rw5291873,玩命關頭 (2001),1.5,3.314422397758451
rw2985123,Pirates of the Caribbean: Dead Man's Chest (2006),1.0,2.186271513073428
rw3540665,Kill Bill: Vol. 1 (2003),4.5,4.227273450132947
rw6306432,Oldboy (2013),0.5,3.496985356007357
rw4011869,Bright (I) (2017),4.0,3.3081627620738416
rw5270712,Humans (2015–2018),2.0,3.718405659714959
rw2026303,Identity Theft (2004 TV Movie),2.0,2.959425346688637
rw4600760,Glass (2019),3.0,4.43452058623643
rw4962659,Breath (I) (2017),2.5,3.372686502010381
rw6331816,"Sacred Cow: The Nutritional, Environmental and Ethical Case for Better Meat (2020)",5.0,3.353393502888023
rw1541783,Robinson Crusoe (1997),1.5,3.3398709700495934
rw4198554,The Great Train Robbery (1978),3.0,3.3792319198517724
rw0334597,Anjaam (1994),5.0,3.342482604528737
rw1781026,Little Man Tate (1991),4.0,3.6093590079845903
rw5354276,2036 Origin Unknown (2018),0.5,3.097792871041661
rw1213790,Deewaar (1975),4.5,3.521194997484847
rw2258169,District 9 (2009),4.5,3.2000831437261343
rw1541015,Bobby (I) (2006),2.5,3.2788324334849674
rw4508167,Aquaman (2018),0.5,2.642617887560159
rw3668871,Your Name. (2016),4.5,4.040755230113025
rw4710042,Captain Marvel (2019),5.0,2.9569459461036316
rw6415089,The Midnight Sky (2020),1.5,2.9561123888413268
rw2845948,The Purge (I) (2013),3.0,3.212442466988441
rw2001413,Secret Honor (1984),4.0,3.4168081520969396
rw5663357,The Quatermass Xperiment (1955),4.0,3.2054427244687176
rw0906097,Mix (I) (2004),3.5,3.4394957997798454
rw5457485,A Twelve-Year Night (2018),3.0,3.4062678066081933
rw0193015,The Evil Dead (1981),5.0,3.145627180211117
rw5926139,Fairy Tail (2009–2019),4.5,3.476357477694533
rw5787738,Mrs. Serial Killer (2020),5.0,4.1646558166208445
rw3310198,Les témoins (2014– ),3.5,3.3413970866194957
rw0321790,The Fugitive (1993),5.0,3.4165949683378503
rw2462832,200 Cigarettes (1999),4.5,3.4560293885997697
rw5263571,Mutant (1984),3.5,3.274194284985211
rw0910170,Sky Captain and the World of Tomorrow (2004),5.0,3.2699189936745876
rw3827191,Joseph Smith: Prophet of the Restoration (2005),2.5,3.384058159001814
rw4947113,Murder Mystery (2019),3.0,3.6529682945088418
rw3271012,Maggie (I) (2015),5.0,4.245942643520426
rw2412263,Pie in the Sky (1994–1997),4.0,3.4260338425992996
rw5121357,It Chapter Two (2019),3.5,2.3610128637980647
rw4290761,Deadpool 2 (2018),3.5,1.7602514662998585
rw5023376,The Blue Elephant 2 (2019),5.0,3.147411108723034
rw5197464,Emergence (2019–2020),4.0,3.9259388134648825
rw4730000,Triple Frontier (2019),2.5,3.649511795934332
rw4881096,Lucifer (2016– ),5.0,3.6227444341169095
rw5502180,Sweethearts (2019),1.0,3.290456446169584
rw5557691,The Pale Horse (2020),1.5,3.3214012336109495
rw0838554,Shrek 2 (2004),3.5,3.3375174811009636
rw0789508,Stranded (2002 Video),1.0,3.374629198319518
rw5125536,Carrie (1976),4.5,3.344013775682335
rw1943102,Battlestar Galactica (2004–2009),5.0,4.462328572578302
rw4049065,Vodka Diaries (2018),5.0,3.2636718869284898
rw5508452,The House of Exorcism (1975),1.0,3.2753678276942235
rw4282505,Dog Days (I) (2018),5.0,3.3532884872564996
rw3448028,The Wild Wild West (1965–1969),0.5,3.415389790805381
rw1241417,King Kong (2005),0.5,3.5285589529866987
rw4455237,Hanum & Rangga: Faith & The City (2018),0.5,3.2815761046723475
rw0840614,In America (2002),5.0,3.4104152600703315
rw5133125,Last Knights (2015),5.0,3.1131941613654264
rw4433401,Crime Boss (1972),1.5,3.451629350539008
rw4183517,The Raid: Redemption (2011),3.0,3.2471911521470695
rw3123722,The Last Ship (2014–2018),5.0,3.7131694871518395
rw4331759,'The Day of the Purple Sun': Part I (2017),5.0,3.2943771223718277
rw5954319,Tribal Get Out Alive (2020),3.5,3.287576031349185
rw1291050,Daniel the Wizard (2004),0.5,3.3424977580670197
rw5819192,First Kill (2017),5.0,3.104709292405904
rw2058378,Night on Earth (1991),4.5,3.3121791897023134
rw2804759,Djúpið (2012),3.0,3.1137141056768063
rw4983898,Midsommar (2019),4.0,2.032143756839447
rw5396407,Blade: Trinity (2004),4.0,3.30810187633559
rw3777986,Salvation (2017–2018),3.5,3.3356234608656927
rw5337503,華爾街之狼 (2013),4.5,4.165499775119138
rw4392359,De ollas y sueños (2009),3.5,3.6227444341169095
rw5416008,Forrest Gump (1994),5.0,4.582651367383332
rw2249332,Please Give (2010),4.5,3.442719938303303
rw3182802,The Golden Fish (1959),5.0,3.5535473924621273
rw2306562,2:22 (2008),0.5,3.251361702098639
rw2097357,The Private Lives of Pippa Lee (2009),4.0,3.2291432941934324
rw1725327,This Is England (2006),4.5,3.303479314575471
rw2752010,Unforgiven (2009),3.5,3.5684881213898567
rw2105262,The Towering Inferno (1974),4.0,3.450569047614265
rw0633388,Doug's 1st Movie (1999),5.0,3.5859307132875426
rw4766927,Shazam! (2019),4.5,2.723205594954815
rw5031291,The Children Act (2017),3.5,3.4332135669836514
rw4552348,The Equalizer 2 (2018),3.0,4.078663409010836
rw3152723,"Location, Location, Location (2000– )",4.0,3.4707433959048712
rw0271449,Indiana Jones and the Last Crusade (1989),4.0,2.100991731878247
rw5107569,Chhichhore (2019),4.5,4.621158909874174
rw3511896,Stranger Things (2016– ),3.5,3.7131694871518395
rw1062810,The Amityville Horror (2005),3.5,3.136868989844657
rw1853282,Tomorrow (1972),2.5,3.3730976708764344
rw5757140,Jarhead: Law of Return (2019 Video),0.5,3.176013427469166
rw0174681,The Dogs of War (1980),3.5,3.401230413710983
rw6201879,SOS Kolkata (2020),5.0,3.2605770650636194
rw1106006,Blue Car (2002),3.5,3.317639805357615
rw2535340,The Girl Who Played with Fire (2009),4.0,3.255504646062139
rw0963767,Voor een verloren soldaat (1992),5.0,3.3811011430082414
rw2735989,Jesus Henry Christ (2011),5.0,3.295243967462704
rw4581960,Sex Education (2019– ),4.5,3.3814998246386527
rw6172894,David Attenborough: A Life on Our Planet (2020),5.0,3.2883485938282715
rw5280074,Joker (2019),5.0,3.9797413075833945
rw1991062,The Strangers (2008),0.5,3.126556134155253
rw3502839,Candyman (1992),3.5,3.3510357128531965
rw4235658,Arif V 216 (2018),4.0,3.358594147772673
rw4643749,Satan's Blade (1984),0.5,3.2660689729104906
rw4774399,Gloria Bell (2018),3.5,3.278285749383066
rw0388105,Jake's Women (1996 TV Movie),5.0,3.532210476295097
rw3717064,Temple Grandin (2010 TV Movie),4.5,3.4516634831470125
rw4195289,Horror House on Highway Five (1985),3.0,3.409614597198208
rw4137646,Super Troopers 2 (2018),3.0,3.243074497371792
rw0698180,Bartleby (2001),3.0,3.3637564314845614
rw4786698,How to Train Your Dragon 2 (2014),4.5,4.204878733776317
rw1842028,The Bank Job (2008),4.0,4.125997747137097
rw5220296,Mr. Right (I) (2015),3.5,3.2509676165960366
rw1363799,Unfaithful (2002),2.5,4.20289016867491
rw3173631,Legion (2010),4.0,3.2095134446574147
rw4329594,The Children Act (2017),4.0,3.4332135669836514
rw4109593,Dave Chappelle: Equanimity (2017 TV Special),3.5,3.2570523521031127
rw2073120,Where I Stand: The Hank Greenspun Story (2008),5.0,3.718405659714959
rw2864081,Confessions (2010),3.5,3.0853195010625227
rw6184067,The Three Deaths of Marisela Escobedo (2020),5.0,3.1868298502750725
rw5947640,Cursed (2020– ),1.0,3.718405659714959
rw0461290,The Lord of the Rings: The Fellowship of the Ring (2001),5.0,2.882402877896128
rw1354388,Casual Sex? (1988),3.0,3.4015488710373636
rw4222030,The Needle Drop (2009– ),3.5,3.3962109855304896
rw5610581,X2: X-Men United (2003),4.5,3.907699448188537
rw0408965,Life Is Beautiful (1997),4.5,4.073838906315832
rw2334338,Gods and Generals (2003),0.5,1.7753826893300717
rw4030122,Mary and the Witch's Flower (2017),4.0,3.534164150975466
rw0242832,Dirty Dancing (1987),3.5,3.4966545383103913
rw5707089,Mrs. Serial Killer (2020),5.0,4.601149791647996
rw1879853,Lions for Lambs (2007),0.5,3.692462519995269
rw5705631,Hollywood (2020),5.0,3.657019286964863
rw4387144,Beyond the Edge (2018),4.0,3.3168309747774636
rw2645090,The Killing of a Chinese Bookie (1976),3.5,3.1873470233741235
rw2822938,Planet of the Apes (2001),1.5,2.284355324341484
rw1742246,Face/Off (1997),4.5,4.191322915756012
rw3704586,Moonlight (I) (2016),1.0,3.8670655651911106
rw3709816,Manhattan Tower (1932),3.0,3.531577057577562
rw3563827,Bad Boys (1995),5.0,3.4340096509048488
rw6066314,JL50 (2020– ),5.0,3.6579175155535726
rw4394216,Somewhere (2010),3.0,1.8556986191919376
rw3799341,The Fox and the Hound (1981),4.0,3.3989417135047884
rw4990196,Broken Ghost (2017),1.0,3.3760279113646634
rw2698942,The Legend of Hell House (1973),4.0,3.226810283454355
rw3099960,Hannibal (2013–2015),5.0,3.9777259876362687
rw5123724,500 Days of Summer (2009),5.0,4.060584587313441
rw5689323,One Night Stand (I) (2016),0.5,3.270757783969528
rw2400064,Bir Avuç Deniz (2011),2.0,3.332757656185763
rw2225201,The International (I) (2009),3.0,3.1989148774651843
rw4100708,We Love Paleo (2016),1.0,3.718405659714959
rw6436850,See No Evil (2014– ),3.0,3.6658579281043906
rw5936270,Dil Bechara (2020),5.0,4.935224299202723
rw6163300,The Lie (2018),2.0,2.9025540988406795
rw2261075,Ginger Snaps III: The Beginning (2004),1.5,3.178282407319921
rw1078248,David's Mother (1994 TV Movie),4.5,3.454550508707545
rw5712275,Mother (2009),3.5,3.389109074073599
rw2603789,Phenomena (1985),5.0,3.2224198133389996
rw4565146,Thugs of Hindostan (2018),4.0,3.3390723907268125
rw1930602,Lake Placid 2 (2007 TV Movie),3.5,3.279980656255031
rw4636178,Mortal Engines (2018),3.0,3.1812550528717303
rw3085907,"As Above, So Below (2014)",1.0,3.436372794481054
rw1135628,War of the Worlds (2005),4.0,3.4891572276181835
rw0639376,Pokémon: The First Movie - Mewtwo Strikes Back (1998),4.5,3.45362404116499
rw4043402,Arjun Reddy (2017),1.5,3.3784401122134486
rw3388024,Star Wars: Episode VII - The Force Awakens (2015),0.5,2.7553701805187445
rw5764735,The Wave (2019),3.0,3.2299163145469896
rw6424526,Death to 2020 (2020 TV Special),0.5,3.160097579427449
rw1946400,Righteous Kill (2008),2.0,2.172847413114495
rw3397174,The Transporter Refueled (2015),3.5,3.2318748399627735
rw4841762,Don Juan DeMarco (1994),2.5,3.4371681926639144
rw6162240,Abhay (2019– ),5.0,4.600307770506503
rw3049954,Maleficent (2014),0.5,3.4708038636115415
rw2359491,Spike (2008),0.5,3.4554132442132315
rw1639672,The Browning Version (1951),3.5,3.3838470106384193
rw1800020,Sunshine (2007),1.5,2.5565121475652424
rw0621224,A Knight's Tale (2001),1.0,3.3338807885832575
rw2553629,Ace Ventura: Pet Detective Jr. (2009 TV Movie),0.5,3.468004057805544
rw5286768,Solver (2017),2.5,3.176238286805989
rw0223573,Lifeforce (1985),3.5,3.2960916407709284
rw3048904,Transformers (2007),4.5,2.4930974518435387
rw6059782,Daddy (III) (2017),5.0,3.3270237456006924
rw0480190,Titan A.E. (2000),3.0,4.105284240404077
rw2544070,New Kids Nitro (2011),1.5,3.1912659962876386
rw1559212,Pan's Labyrinth (2006),4.0,4.22582701630728
rw0225151,Pray for Death (1985),1.0,3.3524154708793885
rw4851663,Flip (2019– ),5.0,3.6579175155535726
rw3073194,Ringer (2011–2012),2.0,3.557737680164906
rw4271737,The Artist (I) (2011),3.5,3.4638373266462446
rw0460861,The Lord of the Rings: The Fellowship of the Ring (2001),4.5,2.882402877896128
rw2661990,普羅米修斯 (I) (2012),3.0,1.1214392435808278
rw0603017,Scary Movie (2000),3.5,3.3103098792859846
rw4111182,Ready Player One (2018),3.0,3.213092921309969
rw0342288,The Lion King (1994),5.0,4.724564085609233
rw1209553,Birth (2004),1.0,3.2384649266060452
rw0023274,Blood and Sand (1941),5.0,3.2797718639417397
rw5018039,Another Life (2019– ),0.5,2.988005883130945
rw4424845,The Christmas Card (2006 TV Movie),5.0,3.380436077790906
rw2205569,Fix (I) (2008),4.0,3.5709770574686086
rw0214994,Sheena (1984),2.0,3.300475750747095
rw1760924,Lions for Lambs (2007),4.0,1.740413209814705
rw5542940,The Lord of the Rings: The Fellowship of the Ring (2001),5.0,2.882402877896128
rw4559779,Father Figures (2017),1.0,3.2852142631755883
rw3194031,Badlapur (2015),5.0,3.124956112044477
rw4267370,Attack of the Killer Tomatoes! (1978),5.0,3.3591682828894944
rw4332018,Solo: A Star Wars Story (2018),2.5,4.209495804456092
rw2278429,Wild Target (2010),3.0,3.217359854288887
rw5940703,Legacy (IV) (2020),0.5,3.1279656609987274
rw0966904,Cube²: Hypercube (2002),1.5,3.2143119264935627
rw4196939,El Camino Christmas (2017),3.5,3.503574188528663
rw4160470,Sleepers (1996),4.5,3.3352570870012928
rw2900845,Jersey Shore (2009–2012),5.0,3.2031423077214374
rw4165774,Clash of the Titans (2010),2.5,3.1486341512020846
rw1986195,Milk (I) (2008),3.5,3.3199999549232517
rw2916958,Dialogues with Madwomen (1994),3.5,3.687982194921984
rw1228792,Harry Potter and the Goblet of Fire (2005),3.0,3.710213882124885
rw1198205,Brokedown Palace (1999),0.5,3.1910405071508854
rw4227619,The Land Before Time (1988),5.0,3.4546229004471334
rw2791487,Unconditional (IV) (2012),3.0,3.358967893051365
rw4838109,Lucifer (2016– ),4.5,3.687982194921984
rw0946510,One Missed Call (2003),3.5,3.071544787455256
rw2350909,13 (I) (2010),5.0,3.206827122118435
rw4582928,Logan (2017),4.5,4.09893813718526
rw2540177,Doli Saja Ke Rakhna (1998),3.5,3.5560112835444064
rw6395817,The Boy and the World (2013),2.0,3.361184257420941
rw6439404,This Woman Is Mine (1941),3.0,3.305249487954542
rw1724631,A Lot Like Love (2005),5.0,3.172127176971107
rw4274219,Blackmark (2018),1.0,3.2711647608488663
rw2455837,Battle Los Angeles (2011),1.5,1.6087902617964132
rw3150349,The Guilt Trip (2012),3.0,3.1858588799091665
rw4995429,Keeper of the Flame (1942),4.5,3.394800954136363
rw6178652,The Thing About Harry (2020 TV Movie),3.5,3.439152945272062
rw5703335,Hollywood (2020),3.0,3.657019286964863
rw5348704,獵魔士 (2019– ),4.0,3.275607020849437
rw1972611,King of Hearts (1966),5.0,3.3406157199214017
rw4503886,Gold Diggers of 1933 (1933),4.5,3.3667647318178116
rw4976170,Toy Story 4 (2019),3.0,3.8473213035688834
rw0344212,Natural Born Killers (1994),3.5,4.178132749964237
rw1345640,The Wild (2006),3.5,3.4408470874353188
rw0203047,National Lampoon's Vacation (1983),3.0,3.332449248163869
rw0014058,Phantom Ship (1935),2.5,3.5834775765613913
rw5394047,Klaus (2019),5.0,2.460227633628803
rw3506502,Glitter (2001),1.0,3.3311911223490966
rw1350824,Silent Hill (2006),3.5,3.755554953576435
rw3609956,V/H/S/2 (2013),1.0,3.305657854415088
rw2904498,Cape Fear (1991),4.0,3.4175270304383583
rw1656782,No Country for Old Men (2007),5.0,3.5251721614195373
rw2352978,Rabbit Hole (2010),5.0,3.1200717040803334
rw3447582,Dredd (2012),3.5,2.7435469967378263
rw2530170,Sombrero (1953),3.5,3.3932300989262787
rw6002137,Peppa Pig (2004– ),3.5,3.3624723249955357
rw5325503,War (2019),1.0,3.124622144131921
rw2265749,Rampage (2009),3.5,2.977086249108411
rw4864055,Send Me No Flowers (1964),4.0,3.365914080160828
rw5915503,American Sniper (2014),2.5,3.0497090168771632
rw4106302,The Fool (II) (2014),4.0,3.377214685706952
rw0117189,Harold and Maude (1971),4.5,3.3129515960203753
rw2703395,Apollo 18 (2011),1.0,3.284926089293794
rw3765970,Valerian and the City of a Thousand Planets (2017),4.0,3.505806832604388
rw1749880,The Invasion (I) (2007),3.5,3.2885104267610825
rw4114137,All American (1953),3.5,3.374853550915555
rw4270753,The Wrestler (2008),3.0,3.2703681949382006
rw3873468,Bordertown (2016–2020),4.5,3.2109413039059165
rw2434921,Cross (2011 Video),2.5,3.201480148260354
rw1735592,3:10 to Yuma (2007),3.5,2.662021963612737
rw0132216,Tongue (1976),4.0,3.3889570851161612
rw5196187,凶兆 (I) (2012),4.5,3.285857955759179
rw5489593,Parasite (2019),2.5,4.583708582053141
rw1186102,Lord of War (2005),4.0,3.254417234195908
rw2326231,Shivers (1975),3.5,3.212238505474393
rw3457732,Across to Singapore (1928),2.5,3.433239620633029
rw4599934,Bohemian Rhapsody (2018),5.0,4.0602332755459365
rw4556226,Foodfight! (2011),0.5,3.3068070955839377
rw6250947,Laxmii (2020),0.5,1.7948597295381024
rw6008057,Most Wanted (I) (2020),2.5,3.217860602193908
rw5005446,The Curse of La Llorona (2019),0.5,3.4550237919585163
rw1036011,Robots (2005),5.0,3.410532488273878
rw0395901,Sling Blade (1996),5.0,3.70299587629361
rw1324718,Napoleon Dynamite (2004),3.5,4.260586070191322
rw5914239,Mafia (2020– ),5.0,3.2325471982224045
rw3434099,Fracture (2007),1.0,3.123807422711051
rw4983617,Titanic (1997),0.5,4.207687622460994
rw1309335,16 Blocks (2006),4.0,2.769055979943852
rw2853386,Lovelace (2013),3.0,3.24669139641532
rw0007508,City Lights (1931),5.0,3.3924878015258653
rw2293283,Winds of the Wasteland (1936),3.5,3.5267673635945864
rw0654694,Moulin Rouge! (2001),2.5,4.183081564652184
rw1502693,N (Io e Napoleone) (2006),4.5,3.908481091444759
rw5008623,A Star Is Born (2018),4.0,3.0000003845644
rw5406488,Tanhaji: The Unsung Warrior (2020),5.0,3.745087787605868
rw0028891,Lady of Burlesque (1943),4.0,3.4312350797718416
rw2229986,Der Barbier von Sevilla (1959 TV Movie),5.0,3.55250728353088
rw4526581,Educating Rita (1983),5.0,3.4218186123995324
rw0371914,Strange Days (1995),5.0,3.727298177041502
rw1496169,Return of the Living Dead II (1988),4.0,3.1648114470713393
rw5799272,Brenda (2015),5.0,3.718405659714959
rw4282758,Get Out (I) (2017),3.0,3.9390240223119126
rw1993819,Planet Terror (2007),3.5,3.3813368521304716
rw1144723,Charlie and the Chocolate Factory (2005),4.5,4.0729418791400285
rw4672590,The Darkest Minds (2018),3.5,3.277281626814782
rw4036622,The Great Gabbo (1929),2.5,3.340453812022012
rw3858410,The Square (2017),3.5,3.3762749111106736
rw3758411,King Arthur: Excalibur Rising (2017),1.0,3.3773004805915243
rw0482526,Star Wars: Episode I - The Phantom Menace (1999),5.0,3.2341487750121223
rw1918649,"Runaway, Runaway (1972)",5.0,3.1276757039179426
rw0247353,The Monster Squad (1987),5.0,3.1327046563704135
rw6183570,The Unicorn (2019– ),5.0,3.0287840493510787
rw4413011,Bad Times at the El Royale (2018),5.0,2.2425465397697546
rw0529707,American Reel (2003),4.0,3.2921441763701664
rw6455986,Taxi Driver (1976),2.5,4.6274319199246605
rw1599940,Inferno (1980),5.0,3.3582531756515754
rw0241868,Bloodsport (1988),5.0,3.4084380819586078
rw5003916,Ambuli (2012),3.5,3.284306142917502
rw0138032,Sweet Movie (1974),4.5,3.3625181315882195
rw1253583,"The Chronicles of Narnia: The Lion, the Witch and the Wardrobe (2005)",5.0,4.605812464855371
rw1961476,Argo (2004),0.5,3.3650855792520966
rw5376946,Spinning Out (2020),0.5,3.238739559423802
rw0744736,Beeper (2002),3.5,3.2126480607277452
rw3681098,Fathom (1967),2.5,3.3461616278868265
rw2433458,American Beauty (1999),0.5,3.342648549416904
rw2290202,Grandma's Boy (2006),3.5,2.7356864398422984
rw2420986,House on Haunted Hill (1959),4.0,2.638521651406611
rw5280315,Whisper of the Heart (1995),5.0,3.534737208618248
rw0414232,Eve's Bayou (1997),0.5,3.3353370673342826
rw4741456,Triple Threat (2019),2.0,3.452372497836524
rw2217887,Taken (I) (2008),3.5,3.2593620686861815
rw6259296,What Happens Next (I) (2011),1.5,3.4413610655229214
rw2870821,Derek Zoolander: Male Model (1996 TV Short),2.0,3.3813252965022764
rw4108866,Cars 3 (2017),4.0,3.2398728767231852
rw3232267,The Wolfman (2010),3.5,4.260958389473479
rw2237380,Idiocracy (2006),5.0,4.224096424984816
rw5418956,The Heist of the Century (2020),4.0,3.237565677622025
rw4638003,Dynasty (2017– ),4.0,3.532375437982261
rw1703129,You Kill Me (2007),4.0,3.306378071325755
rw5485614,Love Aaj Kal (2020),5.0,3.4218381063289454
rw4603144,M.S. Dhoni: The Untold Story (2016),5.0,3.2417464637469484
rw0312505,Romper Stomper (1992),2.5,3.3576678629637233
rw1185276,Four Brothers (2005),4.0,4.144615792013847
rw3503803,The Maze Runner (2014),3.0,3.2456484326255715
rw6039337,Bulbbul (2020),5.0,3.226387596675733
rw1468714,Madagascar (2005),4.5,3.467442772717643
rw3849874,Outside the Law (1930),3.5,3.4470402408918166
rw2124162,Close Encounters of the Third Kind (1977),5.0,3.3510702277058617
rw2237754,Creature of Darkness (2009),3.5,3.2283950080627584
rw5437088,The Mandalorian (2019– ),4.5,4.806246093314273
rw4782229,Indiscreet (1958),0.5,3.3717782790911572
rw3242722,Fat Slags (2004),2.5,3.2686665087256355
rw0867738,Bruce Almighty (2003),3.5,1.881607223479091
rw4397864,12 Kilometers (2016),5.0,3.323873870383509
rw2363338,Sid and Nancy (1986),4.0,3.4824225442762162
rw2057355,Sure Fire (1990),4.5,3.687982194921984
rw4908361,Fleabag (2016–2019),5.0,4.147257085057347
rw3157870,Gummo (1997),0.5,1.8816089638003402
rw4324003,Pyewacket (2017),3.0,3.1109820184871477
rw5646437,Manifest (2018– ),0.5,2.1858362613880473
rw4712014,Bohemian Rhapsody (2018),5.0,4.0602332755459365
rw6424908,Bridgerton (2020– ),0.5,3.687982194921984
rw3480060,Avengers: Age of Ultron (2015),3.5,3.864366628638657
rw1019162,Darr (1993),5.0,3.366951817931353
rw0791485,Lilo & Stitch (2002),5.0,3.221669024597315
rw6138689,Conspiracy Theory (1997),2.5,3.215884007330969
rw5284358,A Time to Kill (1996),0.5,3.3405268580520473
rw3091858,The Mist (2007),0.5,3.1027883215896974
rw3382602,Carol (2015),2.0,3.2934808239726028
rw0869956,Spider-Man 2 (2004),4.0,4.306467834593154
rw0683859,Gangs of New York (2002),2.0,2.9618403866745147
rw4879925,It (I) (2017),4.5,3.729296515609018
rw2854617,Chinatown (1974),4.5,3.4289835043699104
rw6070570,Love Fraud (2020),0.5,3.5099583523997744
rw3719314,Wonder Woman (2017),1.0,3.21048796761132
rw4952775,Blazing Saddles (1974),1.5,4.262785515442541
rw5908703,Rosemary's Baby (1968),5.0,3.9460183455119395
rw4146665,Avengers: Infinity War (2018),4.5,4.027572671206912
rw2873847,Jobs (2013),3.5,3.2490170511338454
rw2393550,Gojira (1954),2.5,3.323501559626639
rw5322837,In Harm's Way (1965),5.0,3.4863981683894414
rw2695807,Chasing Mavericks (2012),5.0,3.2372860101914127
rw6102788,Dave (1993),3.5,3.3090224713017675
rw4444103,Sausage Party (2016),4.5,3.46513856540666
rw1643260,Das Leben der Anderen (2006),4.0,3.394948396793617
rw5955678,Hostile (I) (2017),0.5,3.4829182430816203
rw1967933,The Mentalist (2008–2015),4.0,4.1220570122078435
rw2580154,Special (2006),2.5,3.37240632996414
rw5014697,The Babysitter (1995),1.0,3.342084406602907
rw3264839,The Adventures of Sharkboy and Lavagirl 3-D (2005),0.5,2.978783875058555
rw5778164,Ouija Shark (2020),2.5,3.1354999670045256
rw3026099,Vampires Suck (2010),4.5,3.314922757794891
rw0355685,Babe (1995),5.0,3.446992222954284
rw0340318,Heavyweights (1995),1.0,3.4385222904525468
rw3857545,School Life (2016),4.0,3.314641557760815
rw6324716,Saved by the Bell (2020– ),0.5,3.315627094106803
rw4527271,Bird Box (2018),3.0,2.965859899857389
rw3219220,Danny Collins (2015),4.5,3.291478126180076
rw2529369,Puss in Boots (2011),3.5,3.3826772913669294
rw6435395,Muck (I) (2015),3.5,3.0589677217335423
rw2846712,A Good Day to Die Hard (2013),0.5,3.172250448324976
rw5702914,After Life (2019– ),5.0,4.118929707116984
rw4214570,The Wizard of Lies (2017 TV Movie),4.0,3.446163303876103
rw0272884,Meet the Feebles (1989),5.0,3.4957663171504585
rw0982004,Garden State (2004),4.5,3.791151334926344
rw5243505,Doctor Sleep (2019),5.0,4.146341271150724
rw1711356,The Steel Trap (1952),4.0,3.4091826938767165
rw4568769,The Shawshank Redemption (1994),4.5,4.6472719886336
rw5584366,Mad Max: Fury Road (2015),2.0,3.2800719422242053
rw4094304,I Can Only Imagine (2018),5.0,3.207361145494106
rw2413378,An Invisible Sign (2010),4.0,3.3106778202376828
rw5020687,Midsommar (2019),0.5,2.032143756839447
rw5735750,Wanted (2016– ),3.0,2.9073937111283845
rw4883953,The Poison Rose (2019),1.5,4.099265026651936
rw2090814,Blood Feast (1963),3.5,3.5133700420204557
rw4914139,Nervous Translation (2017),4.0,3.3010464917838314
rw1857056,Cast Away (2000),5.0,2.836829709574445
rw6164376,Castle Freak (1995 Video),4.0,3.187571451429257
rw5224053,Solo: A Star Wars Story (2018),4.5,3.538575477031535
rw3811286,Breaking Bad (2008–2013),5.0,4.049708695926307
rw2794566,Jack Reacher (2012),4.0,1.6466406216815022
rw3346467,Terminator Genisys (2015),3.0,3.355593608619638
rw1790833,National Treasure: Book of Secrets (2007),2.5,3.331291478524495
rw2676887,Mother's Day (I) (2010),2.5,3.116204539489086
rw1958049,Appaloosa (2008),4.0,3.3323206272122983
rw3027144,Fantastic 4: Rise of the Silver Surfer (2007),2.5,3.341073542952535
rw4742033,Us (II) (2019),4.0,3.265382963619025
rw3129498,Eight O'Clock Walk (1954),2.5,3.449096105309674
rw3181112,Suspiria (1977),3.0,4.237560528937107
rw2233633,Brother Orchid (1940),3.5,3.357489322404568
rw5920486,Hearts and Flowers (1930),1.5,3.2974988456509604
rw2237565,Repo Men (2010),3.0,3.128874672719159
rw4722710,Captain Marvel (2019),2.5,3.742091016647749
rw2587888,The Hunger Games (2012),1.5,2.589647143677567
rw1523812,Plymouth Adventure (1952),3.5,3.492183779601913
rw1970221,The Strangers (2008),1.5,3.126556134155253
rw1810596,Firefly (2002–2003),5.0,3.3545354216805148
rw0767970,Black Hawk Down (2001),0.5,3.560813596835578
rw1433255,The Dukes of Hazzard (2005),0.5,3.6438779158107595
rw5862219,Andes Mágicos (2019– ),2.0,3.6662073779078233
rw3219290,Go Naked in the World (1961),4.0,3.3813727420344786
rw2761246,Django Unchained (2012),4.5,2.060614992134353
rw2082849,The Mummy: Tomb of the Dragon Emperor (2008),1.5,3.4987843593068195
rw5693961,A Secret Love (2020),4.5,3.445964209474097
rw0625544,Little Nicky (2000),5.0,3.5053075515199588
rw6304035,The Witches (2020),0.5,4.183217612698269
rw1955772,Nights in Rodanthe (2008),4.0,3.156158324675247
rw4165273,Parasites (I) (2016),4.0,3.2693090004733465
rw0450819,Eye of the Beholder (1999),5.0,3.9032120602516116
rw3324656,Gotham (2014–2019),0.5,3.293858686816011
rw1149670,Catwoman (2004),0.5,1.7424392590455848
rw3823333,Session 9 (2001),3.5,3.1947466191583835
rw2511850,Paranormal Activity 3 (2011),0.5,3.1336306960106604
rw2105896,The Cell (2000),2.5,2.9890830137499083
rw1097087,Five Star Final (1931),4.5,3.40975044968892
rw0031978,Brief Encounter (1945),5.0,3.3344001572802955
rw2566578,The Experiment (2010),2.5,3.2096334988520985
rw5540197,21 Bridges (2019),5.0,3.235298270114561
rw4126719,The Crown (2016– ),4.0,3.4368921561225814
rw6352457,The Turin Horse (2011),5.0,3.3589737800667816
rw5964364,Deadpool (2013 Video Game),4.5,4.356227719981393
rw0842143,Chicago (2002),1.5,3.352050508096915
rw1609174,Tajja (2006),4.0,3.300103113626011
rw5791475,Alice in Wonderland (I) (2010),3.5,3.51844093419779
rw5329412,李察朱威爾事件 (2019),5.0,3.3755476122511108
rw5411181,Blue Mountain State (2010–2011),5.0,3.3403758873909357
rw1497844,Judge Dredd (1995),4.0,3.4125211274978766
rw4812121,Iron Man (2008),3.0,3.989179472940703
rw5437533,The Specials (2019),4.0,3.412885239666359
rw5382589,Uncut Gems (2019),5.0,2.502303208704072
rw2292589,Road Train (2010),0.5,3.25945295543133
rw6142109,Enola Holmes (2020),3.5,3.543266389956746
rw0469652,Saving Private Ryan (1998),2.5,2.57117085206602
rw2053281,Black Christmas (2006),2.5,2.527382234471172
rw4878701,My Way (2011),4.5,3.3640944708529963
rw1555419,Santa Claws (1996),3.0,3.259886149842217
rw4967027,Star Wars: Episode VIII - The Last Jedi (2017),1.5,4.076794732443018
rw4298536,9-1-1 (2018– ),0.5,3.2657472275446926
rw3316810,The Rawhide Years (1956),3.0,3.325378102260846
rw0527035,Message in a Bottle (1999),1.5,3.7106421173321755
rw4374865,Terror on Tour (1980),1.5,3.396043896410203
rw0510344,The Matrix (1999),4.5,4.675860224251631
rw2109616,Funny People (2009),1.0,3.3590517001068987
rw1050604,Star Wars: Episode II - Attack of the Clones (2002),3.0,3.2648437434533504
rw5777517,Tajkun (2020– ),4.5,3.4558614086773884
rw6452902,Uncle Buck (1989),3.0,4.199954460712861
rw2778668,Olympus Has Fallen (2013),2.0,3.1895839814052533
rw4465859,Mirzapur (2018– ),3.5,3.7131694871518395
rw6208963,Spell (I) (2018),5.0,3.2908285220299036
rw3833864,Chris Brown: Welcome To My Life (2017),3.0,3.1990736585565793
rw0027130,Mystery of Marie Roget (1942),3.0,3.370107995379611
rw3609902,The Search (III) (2014),3.5,3.431757179765616
rw3449982,Deadpool (2016),5.0,3.913881457054642
rw5042352,Assimilate (I) (2019),3.0,2.990817054094861
rw3713237,Arrival (II) (2016),4.5,1.6236772959521246
rw3085754,The Babadook (2014),4.0,1.7572833627119
rw2510672,Dweebs (1995),4.0,3.337770715497505
rw4693676,Mine Games (2012),1.0,3.236369154154258
rw1122432,Chopping Mall (1986),5.0,3.396099615594429
rw5219478,Bigil (2019),5.0,3.343153900778116
rw0594031,Neon Genesis Evangelion: The End of Evangelion (1997),5.0,1.7877657531762636
rw6101173,Mulan (2020),0.5,2.976445149911426
rw1109687,The Mummy Returns (2001),2.5,2.6052575294620754
rw1806016,Young Guns (1988),2.5,3.399438892312684
rw5676229,Manifest (2018– ),3.0,1.118529745134198
rw1361347,Doctor Zhivago (1965),3.5,3.4759942365287895
rw5133193,The Girl in the Fog (2017),2.0,3.18887303969013
rw2993781,The Carpenters (1941),3.0,3.1093130244615694
rw4243836,Baywatch (2017),4.5,3.3895856960742754
rw1416440,The Devil Wears Prada (2006),2.5,3.8705263328781596
rw5244537,She Walks the Woods (2019),4.0,3.1591715760132444
rw3156656,The Devil's Violinist (2013),4.5,3.2395001903719836
rw3769686,Alien: Covenant (2017),1.0,3.8072964289403433
rw1752788,We Own the Night (2007),3.5,3.298618065053233
rw2233057,Lost and Delirious (2001),5.0,3.3098176869745175
rw3626829,Arrival (II) (2016),0.5,3.2589180352458786
rw1371270,Grandma's Boy (2006),2.0,3.5448469690788773
rw1239363,The 40-Year-Old Virgin (2005),4.5,3.2693814999354083
rw5412752,Star Wars: The Rise Of Skywalker (2019),1.0,2.1339114199153633
rw2767164,Some Like It Hot (1959),4.5,3.4830516372692624
rw4184504,Lucifer (2016– ),5.0,3.6227444341169095
rw1018538,Before Sunset (2004),5.0,3.3679897493977857
rw3735935,Power Rangers (2017),1.5,3.4903367047853986
rw2443025,Haunted Collector (2011– ),0.5,3.7131694871518395
rw5009534,Super 30 (2019),4.0,3.1035386681108386
rw4543643,Titans (I) (2018– ),4.0,1.8561723993947554
rw0409362,Life Is Beautiful (1997),4.5,3.973200698907212
rw6383874,We Are the Champions (2020– ),5.0,3.3144442990180933
rw3634828,The Defiant Ones (1958),4.5,3.370591713050047
rw3114568,Nightcrawler (2014),4.0,3.270080372111296
rw2404103,Sucker Punch (2011),3.0,3.2804265527230543
rw3369828,The Sissy Duckling (1999 TV Movie),3.0,3.440494244991989
rw0842504,Gigli (2003),0.5,3.4074080971650433
rw0161892,The Last Waltz (1978),5.0,3.341955921974902
rw1383873,Madonna: Truth or Dare (1991),5.0,3.3116488704370655
rw6218269,Joker (2019),5.0,4.146896396754643
rw6334691,The Stalker (III) (2020),1.0,3.154178513334864
rw3061403,The Catechism Cataclysm (2011),0.5,3.110250601755778
rw5429734,The Capture (2019– ),3.0,3.2089332639805477
rw3402079,When Calls the Heart (2014– ),5.0,3.399428659671917
rw1505773,Almost Famous (2000),5.0,3.315810550833303
rw3058568,Hot Moves (1984),2.5,3.1859469750649922
rw2642626,Köprü (1975),2.0,3.3063569108531348
rw5397799,Last Christmas (2019),4.5,4.0749745435443145
rw3031035,Mr. Fraud (2014),0.5,3.2977659168971667
rw0142855,It Can't Be! (1975),5.0,3.41637935583157
rw6070985,Upside-Down Magic (2020 TV Movie),0.5,3.149312419616296
rw3253574,Pyaar Ke Side Effects (2006),3.0,3.335759287220516
rw6161360,Creepozoids (1987),1.5,3.2158658488982006
rw3372018,Terminator Genisys (2015),1.5,3.7197047393953717
rw2120352,The Maid (2009),4.0,3.294735510917825
rw2032436,Æon Flux (2005),4.0,2.188708792885734
rw4911268,Burning (2018),4.0,3.356722757010981
rw1346245,12 Monkeys (1995),5.0,3.3621317984715215
rw5812379,Top Gun (1986),5.0,3.12487212403247
rw2533749,Tin sang yat dui (2006),4.5,3.447343236952064
rw2957257,Inequality for All (2013),5.0,3.1881062105478213
rw3694718,Furious 6 (2013),4.0,3.503334481918025
rw3175045,An Unexpected Love (2003 TV Movie),1.5,3.1211715526045167
rw4806278,Psycho (1960),4.5,3.916171046527482
rw3772713,Valerian and the City of a Thousand Planets (2017),3.0,3.505806832604388
rw3603095,The Affair (2014–2019),4.0,3.7131694871518395
rw0039803,Beyond the Forest (1949),2.0,3.374459809568836
rw4666181,The Favourite (2018),2.0,3.4486022886029954
rw5491526,The Phantom of Crestwood (1932),2.5,3.2595407562921896
rw4532980,Transformers: The Last Knight (2017),0.5,3.6575068610149075
rw5400353,Treadstone (2019),1.5,3.7131694871518395
rw3873999,She's Gotta Have It (2017–2019),1.5,3.4856662584876665
rw3044794,The 100 (2014–2020),0.5,4.301463497440497
rw3649086,A Cure for Wellness (2016),4.5,3.2095305252154813
rw3377342,Star Wars: Episode VII - The Force Awakens (2015),3.5,2.4135571509593836
rw4277877,Deadpool 2 (2018),0.5,3.538830655028813
rw4928376,The Chef Show (2019– ),4.0,3.4779121854823027
rw0972252,Rudolph the Red-Nosed Reindeer (1964 TV Movie),1.0,3.371859126592389
rw4559815,The Bridge on the River Kwai (1957),5.0,3.3902633792083927
rw1962823,Village of the Damned (1960),4.0,3.4597873546476587
rw5614717,Panchayat (2020– ),3.5,3.4455557612175824
rw4118782,The Last Movie Star (I) (2017),5.0,2.7964341462487847
rw5101984,Chal Mera Putt (2019),4.0,3.4618191740396544
rw3611311,A Billion Lives (2016),5.0,3.2903416730596358
rw1111398,King of the Corner (2004),5.0,3.4131654742641735
rw5747617,Eden Lake (2008),4.0,2.3142613155317076
rw4260485,The Proposal (I) (2009),3.0,3.32421103479965
rw5414157,Code M (2020– ),4.5,4.640340546826443
rw1871845,Before the Devil Knows You're Dead (2007),0.5,3.293580783996628
rw0915829,Belly of the Beast (2003 Video),0.5,3.2332789143033915
rw2769316,Cloud Atlas (2012),0.5,4.140907169865586
rw4012029,Justice League (2017),1.5,2.966550169428538
rw6266711,Soorarai Pottru (2020),4.5,4.658466103246677
rw4119452,Day of the Dead: Bloodline (2017),0.5,3.3682146193646836
rw0222922,Police Story (1985),1.5,3.429996790352136
rw4381440,Long Lost Daughter (2018 TV Movie),1.0,3.2300398670270773
rw1194630,Out of Season (2004),2.5,3.1614352930532976
rw2167499,Honeymoon of Horror (1964),1.5,3.189651178844226
rw3467053,It (1990),4.5,3.3910155907564166
rw4544960,Cherokee Creek (2018),5.0,3.1336713180624756
rw0850225,Kermit's Swamp Years (2002 TV Movie),1.0,3.362795901047963
rw2534229,Hugo (2011),1.5,3.2784060403921984
rw4128395,Superjail! (2007–2014),3.0,3.324530370110083
rw0725026,Swordfish (2001),0.5,3.450875694405328
rw5044809,Thackeray (2019),4.0,3.151827701697461
rw5800136,Space Force (2020– ),4.0,4.3907811622552915
rw2614124,Cargo (2009),1.0,3.2812714122225586
rw2342375,The Black Cat (1934),4.0,3.7381297007976206
rw0126293,Super Fly (1972),4.0,3.5593005975978222
rw0085026,Father Goose (1964),3.5,3.6659745836572806
rw0480245,Titan A.E. (2000),5.0,3.1278750279241816
rw5495112,A Long Way Down (2014),4.0,3.9324772619528705
rw3331064,The Hunger Games: Mockingjay - Part 1 (2014),3.0,3.2001637603652346
rw4271111,Hot Fuzz (2007),5.0,3.9168676528535613
rw1132702,The Notebook (2004),5.0,3.9333009777407715
rw4988594,The Edge of Democracy (2019),5.0,3.41529820531446
rw5164965,小丑 (2019),5.0,3.9797413075833945
rw0142011,Jaws (1975),5.0,4.046325564133155
rw4198754,Before Midnight (2013),1.5,3.2413149042042457
rw4289318,Riverdale (2017– ),2.5,1.7779410365893866
rw2951811,An Affair to Remember (1957),3.5,3.540097716029689
rw0633219,Blade II (2002),5.0,3.736105707823873
rw4789228,Thor: Ragnarok (2017),5.0,3.364991303005061
rw1012881,Gods and Generals (2003),0.5,1.692698868465728
rw3009926,Green Lantern (2011),1.5,3.207793579132558
rw2107575,Slumber Party Massacre II (1987),3.0,3.196802351967203
rw4547376,Your Name. (2016),4.5,4.040755230113025
rw1155446,Supercross (2005),2.0,3.2840921682850084
rw5621012,The Chosen (2017– ),5.0,4.736847664467996
rw5232206,Superstore (2015– ),5.0,3.4200287978633352
rw0360014,The Demolitionist (1995),0.5,3.3494733815007556
rw6166540,The King of Staten Island (2020),5.0,3.321316853137682
rw5427353,The Americans (2013–2018),4.5,3.687982194921984
rw5076957,Game Over (I) (2019),5.0,3.9608632510316313
rw4823777,Playdate (2012 TV Movie),1.5,3.3012225640896267
rw1902942,Hot Rod (2007),5.0,3.4494900233965455
rw1113951,Zabriskie Point (1970),3.0,3.4549266135474817
rw1422536,Dead Man's Shoes (2004),5.0,3.378334170071098
rw2840192,Wild Strawberries (1957),5.0,3.417242063716727
rw6345474,Padmaavat (2018),5.0,2.3201448920860166
rw5161710,3 from Hell (2019),3.5,3.3193560426154214
rw5115927,State of the Union (2019– ),0.5,3.178260954324601
rw1293244,Raging Bull (1980),5.0,3.357921458137634
rw5650741,Hasmukh (2020– ),1.5,3.3452040805441365
rw4500902,Thunderball (1965),3.5,3.3577834778461333
rw4311509,Cool Air (1999),5.0,3.2757042239988046
rw3080044,Guardians of the Galaxy (2014),4.5,3.9752304073405114
rw5519012,Star Wars: The Rise Of Skywalker (2019),1.0,2.142274511235821
rw5261222,Last Christmas (2019),5.0,3.958956234808019
rw5267473,Pulp Fiction (1994),5.0,4.288225154362257
rw5369128,Cliffhanger (1993),5.0,3.182329435919781
rw0879597,Out for a Kill (2003 Video),1.0,3.258010497985093
rw0828086,The Lost World: Jurassic Park (I) (1997 Video Game),4.0,3.9387731891951248
rw3797414,XX (2017),0.5,3.0749860171970673
rw1435993,The High Crusade (1994),4.0,3.343984660977466
rw5425946,The Butterfly Effect (2004),5.0,3.8284590088370307
rw1682919,Transformers (2007),3.5,2.4930974518435387
rw4768313,Us (II) (2019),0.5,3.265382963619025
rw3372652,I'll Be Home for Christmas (1998),1.5,3.4459325709929485
rw4080012,Black Panther (2018),0.5,3.4505585627892814
rw0289718,Dreams (1990),5.0,3.402566998619161
rw2288579,The Rock (1996),5.0,4.138308681716545
rw4120760,Churchill (2017),3.0,3.3711327570394216
rw3796316,Bug Crawls (2008),3.0,3.320124425457063
rw5047086,Egg (I) (2018),4.5,3.448982912391997
rw1067195,Troy (2004),5.0,2.88535764127512
rw5720077,Shirkers (2018),5.0,3.6009084853602586
rw1318785,V for Vendetta (2005),5.0,3.650280048586943
rw6271226,Disappearance at Clifton Hill (2019),2.0,3.338962666128973
rw4455674,The God Inside My Ear (2017),5.0,3.3816501162679775
rw2392743,Nosso Lar (2010),5.0,3.2654267792911
rw0459828,The Lord of the Rings: The Fellowship of the Ring (2001),0.5,3.8055939757848503
rw3369135,Soaked in Bleach (2015),4.5,3.0541341029765388
rw1506609,Murders in the Rue Morgue (1932),1.5,3.2325690706506403
rw1662359,Pirates of the Caribbean: At World's End (2007),3.0,4.3828225949130974
rw3704218,Cable Girls (2017–2020),5.0,2.081773596029648
rw4287707,Slender Man (2018),4.5,3.1702211915075615
rw5115824,Deep Freeze (2002),0.5,3.241549942455614
rw0465589,The Opposite of Sex (1997),2.0,3.356394816480832
rw5898452,Archive (2020),5.0,3.8811570881072686
rw3320860,Cooties (2014),4.0,3.5040482257096723
rw0049412,Invaders from Mars (1953),4.0,3.413765139361603
rw4371939,Jumanji: Welcome to the Jungle (2017),3.5,3.4202724161050058
rw2538326,War Horse (2011),4.5,3.3437946854967664
rw3243337,Final Destination (2000),2.0,3.2529217768164367
rw2378548,The Boondock Saints II: All Saints Day (2009),3.5,3.160613367509303
rw5914093,Unsolved Mysteries (2020– ),1.5,3.6579175155535726
rw0075677,Two Rode Together (1961),4.0,3.415893127808636
rw2319943,Song of Texas (1943),2.5,3.463048479460773
rw2947336,A Perfect Man (2013),1.5,3.3093446281192906
rw0107877,The Madwoman of Chaillot (1969),2.5,3.4461605837400757
rw5189319,In the Tall Grass (2019),0.5,3.4924775465345848
rw1040908,Godzilla 1985 (1985),5.0,3.2864171818027703
rw5781831,Flight (I) (2012),2.5,4.105629885210888
rw5773403,Man of Steel (2013),5.0,3.2539320639655367
rw5241393,"Love, Life and Laughter (1923)",4.0,3.358306128976625
rw3000032,Devil's Due (2014),5.0,3.088462368833329
rw4340468,Death Note (I) (2017),2.5,3.4856512568866753
rw1494943,Freedomland (2006),2.5,3.1513584029181967
rw5934540,Dil Bechara (2020),5.0,4.470004317090254
rw1427781,Pieces of April (2003),3.5,3.4129905397778435
rw1139304,What the #$*! Do We (K)now!? (2004),0.5,3.2510250435964463
rw3206191,Alice in Wonderland (I) (2010),3.5,3.5660287610500787
rw2376329,American Beauty (1999),5.0,2.4359521715856953
rw3444078,Aliens vs. Predator: Requiem (2007),2.5,3.0466320212489437
rw3584258,Boxcar Bertha (1972),1.5,3.5592323726511834
rw2592118,Joey (1997),3.5,3.2924261258263368
rw5003544,The Wrong Boy Next Door (2019 TV Movie),3.5,3.109753587973977
rw3398216,Panic Button (2011),2.0,3.1782442846112406
rw2371561,Covert Affairs (2010–2014),3.0,3.3624511288307244
rw3222197,State of Grace (1990),3.5,3.411815119463459
rw2131822,Valkyrie (2008),4.0,3.3932043151349185
rw6200934,House on Haunted Hill (1959),2.0,3.694252663610538
rw6290812,Supernatural (2005–2020),5.0,3.718405659714959
rw0750188,Baby Boy (2001),5.0,3.2909217662950496
rw4247822,Cloak & Dagger (2018–2019),3.0,3.2504763932629057
rw3423832,Becoming Mike Nichols (2016),3.5,3.4532769350244807
rw2099834,Amos & Andrew (1993),4.0,3.262550247161836
rw2955062,Captain Phillips (2013),2.5,3.9744882302573106
rw1818058,Boot Hill (1969),1.5,3.40909316883835
rw1440468,Pulp Fiction (1994),5.0,4.4628865007598355
rw0984100,The Phantom of the Opera (2004),5.0,2.4925666198687324
rw1435744,The War at Home (2005–2007),5.0,3.2685634156472374
rw3365998,The Walking Dead (2010– ),0.5,4.124592030695417
rw6088599,The Horseman on the Roof (1995),3.5,3.436925198713974
rw5066233,Blood & Treasure (2019– ),3.5,3.342534795615066
rw4417181,Vada Chennai (2018),4.0,3.3313965071874128
rw4505508,Rudolph and Frosty's Christmas in July (1979 TV Movie),4.0,3.6072878482613175
rw2855332,Blackfish (2013),4.5,2.803602031546393
rw0903994,Stuck on You (2003),4.0,3.3538780168349405
rw2779094,Curfew (1989),0.5,3.309196164448168
rw2908362,Dracula (2013–2014),4.0,3.3491570143120986
rw4030188,Free Eats (1932),3.5,3.4818594847284126
rw1529961,Borat: Cultural Learnings of America for Make Benefit Glorious Nation of Kazakhstan (2006),1.0,3.521413450758208
rw4554542,We'll Meet Again (2018– ),5.0,3.2606347474633033
rw2826685,The Parent Trap (1998),3.0,3.4123471896567907
rw0078617,Moon Pilot (1962),5.0,3.434009408963048
rw1149101,Junebug (2005),3.5,3.552791678289654
rw1248309,King Kong (2005),3.5,2.4248829920478068
rw6436086,Once Upon a Main Street (2020 TV Movie),2.5,3.3669770316560097
rw3339847,The Oath (2010),3.5,3.317944275565164
rw3048753,Godzilla (I) (1998),1.5,2.342524640575114
rw3309362,The Silence of the Lambs (1991),5.0,3.5626525604626926
rw3259515,Madagascar 3: Europe's Most Wanted (2012),2.5,3.5576345934223137
rw0856704,Revolution OS (2001),5.0,3.2717877814462817
rw5340268,Rangbaaz (2018– ),5.0,3.687982194921984
rw4523838,StartUp (2016–2018),4.5,3.325619246752498
rw0749224,The Piano Teacher (2001),4.0,3.4508382531456574
rw1169679,Sky High (2005),4.0,3.382974232305983
rw3531225,The Thing (I) (2011),5.0,3.2549162014392077
rw1232361,Cinderella Man (2005),0.5,4.194965277143553
rw1866128,Return to Zork (1993 Video Game),1.5,3.174043478757069
rw5826347,Back to the Future (1985),4.5,3.263534337730672
rw6320590,Andhaghaaram (2020),5.0,3.9504807430754934
rw5231182,In the Shadow of the Moon (2019),2.5,3.1936287662890046
rw2598815,The Color of Money (1986),4.5,3.305667284779479
rw3636612,In the Heat of the Night (1967),4.5,3.248783381500025
rw5080383,Medium (2005–2011),4.0,3.718405659714959
rw5759731,Inheritance (I) (2020),4.0,3.2843111634800426
rw2621884,Snow White and the Huntsman (2012),3.5,3.255235276002627
rw4499373,Intensive Care (II) (2018),2.0,2.8896697466628654
rw6210186,Blues Brothers 2000 (1998),1.0,3.283675200361565
rw3831423,American Gothic (2017),2.0,3.236941644657196
rw2507051,My Babysitter's a Vampire (2011–2012),0.5,3.337448415308781
rw6130078,The Chosen (2017– ),5.0,4.592310953463874
rw2944022,My Soul to Take (2010),1.5,3.321701015057084
rw2764545,Oz the Great and Powerful (2013),5.0,2.9388411855479144
rw2125697,Van Helsing (2004),2.5,2.837964699176455
rw4424381,Lucky (VI) (2016),4.0,3.2170524458660252
rw6415394,Monster Hunter (I) (2020),3.5,3.415788935042535
rw3237596,Maggie (I) (2015),5.0,4.098130684182923
rw2766979,The Last Exorcism 2 (2013),1.0,3.073889238697526
rw3611196,The OA (2016–2019),5.0,3.4594985144785038
rw2769269,Django Unchained (2012),1.0,4.038656048317497
rw6149835,Batman (1966–1968),3.5,3.5247520761321165
rw1954021,Call of Duty 4: Modern Warfare (2007 Video Game),5.0,3.7131694871518395
rw4577613,The Truth About Killer Robots (2018),3.5,3.5765419625496007
rw6414591,Ready to Wear (1994),1.5,3.3330274227266465
rw5183263,The Gulf (2019– ),4.5,3.4191148535227107
rw2072070,Terminator Salvation (2009),4.0,3.507553076463329
rw6361963,Your Honor (II) (2020– ),5.0,3.3195016150840835
rw2784056,The Trespassers (2012),4.0,3.718405659714959
rw1692239,The Last Mimzy (2007),4.5,3.481320406169813
rw6243673,The Slumber Party Massacre (1982),1.0,3.27233258768922
rw1978462,Airplane! (1980),3.5,3.2147285952617053
rw0685196,Unbreakable (2000),2.0,3.650509793832745
rw5030929,Kimi no na wa. (2016),2.0,4.040755230113025
rw1024679,Tomb of the Werewolf (2004 Video),2.5,3.203421745093633
rw5440876,Escape (1940),3.5,3.461634307078562
rw4262563,Leverage (2008–2012),4.5,3.2752839684853785
rw1348984,Scary Movie 4 (2006),3.5,2.0573248994542532
rw1419271,The Lake House (2006),1.5,1.9794879434506572
rw0484674,Star Wars: Episode II - Attack of the Clones (2002),2.0,3.3214065350275037
rw2667277,Brutal (II) (2012),5.0,3.172188249120795
rw5584226,Kim (1950),4.0,3.3522048856257465
rw4997488,Montparnasse Bienvenüe (2017),4.0,3.396843914607872
rw1282195,Strictly Ballroom (1992),5.0,3.5308111377944558
rw6311976,"Sacred Cow: The Nutritional, Environmental and Ethical Case for Better Meat (2020)",5.0,3.353393502888023
rw2345590,The Judas Project (1990),3.5,3.2493055134804703
rw1438881,Talladega Nights: The Ballad of Ricky Bobby (2006),4.0,4.016229878482564
rw3456373,Invasion from Inner Earth (1974),1.5,3.281061633269054
rw6334790,Estômago (2007),5.0,3.5101924078418056
rw6272852,Chhalaang (2020),2.5,3.5416127491596865
rw1889552,Reality Bites (1994),5.0,2.069097884672254
rw0568430,Trixie (2000),3.5,3.319646934873372
rw1194656,*batteries not included (1987),2.0,4.002522773309777
rw2261857,And Then Came Lola (2009),0.5,3.248843315367045
rw5416915,Code M (2020– ),5.0,4.4369609456588535
rw4982811,Spider-Man: Far from Home (2019),3.0,2.9631935708741683
rw2293702,American Psycho (2000),3.5,3.827444783650204
rw1286043,The Coroner (1999),0.5,3.1589004175970667
rw0398495,Twister (I) (1996),2.5,3.4101650265262338
rw5711759,Into the Night (II) (2020– ),5.0,3.4483207218997127
rw2621766,Bram Stoker's Dracula (1992),0.5,2.7395396513648707
rw1703783,Yo (2007),4.0,3.4455693133679697
rw0122504,Everything You Always Wanted to Know About Sex * But Were Afraid to Ask (1972),3.0,3.432738964834812
rw4242491,Ant-Man and the Wasp (2018),4.5,3.305431878466996
rw6442332,Paurashpur (2020– ),5.0,3.718405659714959
rw5446580,National Treasure (2004),3.0,3.626205897792508
rw3296748,Alien Species (1996),4.0,3.224737358190093
rw4136010,Gun Shy (2017),1.0,3.1386376280867254
rw5638087,The Final Conflict (1981),3.5,3.128286023850093
rw5333867,STAR WARS：原力覺醒 (2015),0.5,3.006856005097813
rw5025456,Another Life (2019– ),5.0,2.988005883130945
rw0509007,The Matrix (1999),0.5,4.675860224251631
rw5799183,Ponmagal Vandhal (2020),5.0,3.391927554940247
rw0634130,Godzilla 2000 (1999),5.0,3.204674346973712
rw0334449,Alma's Rainbow (1994),4.5,3.2473000985441853
rw3282529,Night of the Wilding (1990 Video),3.5,3.3621117345553175
rw3667482,Beauty and the Beast (I) (2017),5.0,3.9945554735227184
rw5264804,The Mandalorian (2019– ),4.5,4.806246093314273
rw2858178,Star Trek Into Darkness (2013),3.5,2.6303225938384
rw4203056,Frankie and Johnny (1966),2.0,3.4833827168337916
rw3256542,Home (II) (2015),0.5,4.301839848202109
rw5141355,About Last Night... (1986),4.0,3.249151839450033
rw4925342,Rufus (2016 TV Short),4.0,3.420173920820082
rw2682785,Chernobyl Diaries (2012),4.0,2.8296037089423507
rw5422615,Basket Case (1982),5.0,3.043491585613843
rw4904816,Domino (I) (2019),0.5,3.231170134979431
rw1923674,La zona (2007),3.5,3.2557885727147293
rw4800504,Shazam! (2019),5.0,3.255911108167577
rw5842526,Mrs. Serial Killer (2020),5.0,4.013492850303185
rw6150473,Ali (2001),2.5,4.135194103231342
rw5877006,The Disaster Artist (2017),0.5,3.896027452048212
rw2215531,Fringe (2008–2013),1.0,3.292881947364493
rw2803572,Vertigo (1958),5.0,4.249864371782348
rw3307135,Absolute Power (1997),2.5,3.2742925835813033
rw4307225,Lad: A Yorkshire Story (2013),5.0,3.4279578692429884
rw5370166,Bridge of Spies (2015),4.0,3.5507707000329396
rw3756487,5150 (I) (2016),4.0,3.150284043641973
rw1417668,*batteries not included (1987),4.5,2.784600432694329
rw5595066,Straight Outta Compton (2015),4.0,4.246321070996389
rw6022701,Tenet (2020),5.0,3.7262979854496177
rw3584302,Into the Forest (2015),2.5,3.1523887264205466
rw0668842,Pokémon the Movie 2000 (1999),0.5,3.2871136142712722
rw5935938,Dil Bechara (2020),5.0,4.555965914068464
rw3031992,Giant (1956),4.0,3.388905114346353
rw1327089,Mortuary (I) (2005),4.0,3.4303781094228776
rw3404719,South Pacific (1958),3.0,3.5844802530945277
rw3346068,Fei lung mang jeung (1988),1.0,3.4083384742015497
rw5416119,Forbidden Cargo (1954),3.0,3.3729694636451333
rw2621566,John Carter (2012),4.5,3.323828908309616
rw4471186,Kojak: Fatal Flaw (1989 TV Movie),2.5,3.434880376351285
rw0835606,The Chronicles of Riddick (2004),4.0,3.187926700115161
rw2900291,Halloween III: Season of the Witch (1982),3.0,3.2135372122167514
rw6429470,Wasted Talent (2018),1.0,3.7131694871518395
rw5488241,Joker (2019),2.5,4.82518029392608
rw3485666,The Good Dinosaur (2015),1.0,3.1776618318932814
rw2175524,The Messengers (2007),1.0,2.526433937312877
rw4017722,Life Boat (2017),4.5,3.240151962009696
rw2064332,Superman III (1983),3.0,3.427872243741976
rw5550914,Military Wives (2019),3.0,3.394641432491049
rw5727941,Upload (2020– ),3.0,3.244115880092491
rw3269237,Night Falls on Manhattan (1996),5.0,3.443004229323811
rw2409668,The Sea Hawk (1924),4.5,3.3352742634945187
rw2081968,Taking Chance (2009 TV Movie),0.5,3.369889634177385
rw2745292,愛．慕 (2012),0.5,3.39933953464936
rw1466987,Pay It Forward (2000),5.0,3.428490691969776
rw0363106,La Haine (1995),5.0,3.1963221714623504
rw4628844,Nightflyers (2018),1.0,3.3377466552007333
rw3091871,Chronicle (2012),3.5,3.3321007871390167
rw5533102,Impractical Jokers: The Movie (2020),3.5,3.2782914863369585
rw3706054,Alien: Covenant (2017),3.5,2.138563757074867
rw2940605,Avatar (2009),1.0,4.138278991324231
rw3490928,The Island (2005),3.5,2.641687822672445
rw4385171,Seven Samurai (1954),4.0,4.027771788154615
rw2328422,Stone (2010),5.0,3.1367001006692474
rw1424690,Sole Survivor (1984),2.5,3.1674968648878385
rw5336091,獵魔士 (2019– ),5.0,3.275607020849437
rw1712329,Pet Sematary II (1992),3.5,3.3662708630132787
rw4728735,After Life (2019– ),5.0,4.206809260551163
rw0773694,Finding Nemo (2003),5.0,3.3811059285471488
rw2802932,Crash (1996),1.0,3.3359527391483
rw5747335,Dead to Me (2019– ),3.5,3.2922392919729293
rw4568623,Holiday High School Reunion (2012 TV Movie),3.0,3.2150834019241366
rw3598020,Serenity (2005),3.0,2.641292424299449
rw4174621,OK Kanmani (2015),3.0,3.349956829022668
rw3434043,Steamboat Willie (1928),4.0,3.377099308611711
rw4409616,Apostle (2018),1.5,3.356142900538261
rw1598916,歌劇魅影 (2004),0.5,4.406999919850365
rw1278720,Nanny McPhee (2005),5.0,3.5738673332900284
rw6079447,Mulan (2020),1.5,2.7947845211124167
rw2460812,Hall Pass (2011),0.5,3.1747377226755837
rw2786711,Invasion of the Body Snatchers (1978),4.0,3.260406278788566
rw5478913,Game Night (I) (2018),3.0,3.259716728601688
rw4457148,Rush (I) (2013),5.0,3.464744308553372
rw3363623,A Long Way Down (2014),4.5,3.764817639101183
rw2034105,Watchmen (2009),0.5,4.176831601880943
rw3670619,Eye for an Eye (1996),0.5,3.1442118539667083
rw4537914,The Shallows (2016),3.0,3.267602588958259
rw0056700,The Trouble with Harry (1955),5.0,3.4461432296825416
rw3533594,No Touching at All (2014),5.0,3.389515505417833
rw0672080,Amélie (2001),5.0,3.457702349145625
rw4478825,Medias Res (2017),4.0,3.172181803389777
rw6130346,A Patch of Fog (2015),4.5,3.1681617812074565
rw0459208,The Lord of the Rings: The Fellowship of the Ring (2001),4.5,3.557982440353054
rw2802198,Furious 6 (2013),5.0,3.5144206285765036
rw4157707,Vanilla Sky (2001),3.5,3.3435448470763505
rw1444133,The Lord of the Rings: The Return of the King (2003),4.5,4.6904103530400105
rw1978242,Tunes of Glory (1960),4.0,3.408760734320637
rw0894098,Troy (2004),1.5,4.659567050110802
rw3731382,Slap Happy Pappy (1940),3.5,3.3517373872040004
rw5517701,Thappad (I) (2020),4.5,4.240769453270804
rw1804238,Cloverfield (2008),4.5,1.1477603536514258
rw2752539,Blue Bloods (2010– ),4.0,3.2252619361912633
rw2437089,Red River (2011),1.5,3.542017585115638
rw5549674,Spenser Confidential (2020),5.0,1.8512317869117194
rw3270154,Terminator Genisys (2015),4.5,2.9789301739771523
rw6123701,Hereditary (2018),2.5,0.974666422325577
rw1891083,Prom Night (I) (2008),0.5,3.0129710841509
rw4244701,Brad's Status (2017),5.0,3.464273433972596
rw2096648,Harry Potter and the Half-Blood Prince (2009),5.0,3.4200777142670833
rw3452289,End of the World (1977),3.0,3.18652433430737
rw3790406,Checkmate (I) (2015),0.5,3.263743358477684
rw1299646,Dark Days (2000),5.0,3.2800235611046253
rw5430848,Jojo Rabbit (2019),4.5,4.24366237140152
rw5018200,Another Life (2019– ),4.0,2.054927615801832
rw4485810,Iron Jawed Angels (2004 TV Movie),1.0,3.2686380604203373
rw4824216,Dark by Noon (2013),0.5,3.094097861110107
rw4216244,Total Siyapaa (2014),2.5,3.4930918307576366
rw2707841,7 Seconds (2005 Video),0.5,3.2366121012793907
rw3098222,Rollerball (1975),5.0,3.2800353579752666
rw5932841,Dil Bechara (2020),5.0,4.470004317090254
rw0302630,92 Legendary La Rose Noire (1992),5.0,3.497862263692667
rw5654607,"Marines, Let's Go (1961)",3.5,3.302861044485284
rw5280067,The Hunt for Red October (1990),4.0,3.291782473568124
rw3139764,Bitten (2014–2016),4.5,3.7131694871518395
rw5061789,White Palace (1990),5.0,3.472390697496751
rw4158418,The Fighter (I) (2010),5.0,3.7031605692998837
rw3510302,Wild Tales (2014),4.5,3.326754450009403
rw5181671,Fixerr (2019– ),5.0,3.231874940049411
rw2368925,The Last Exorcism (2010),2.5,3.2928425982603384
rw5417036,Code M (2020– ),5.0,4.402385721897438
rw4462725,Bohemian Rhapsody (2018),5.0,4.755995427472285
rw1371473,Thank You for Smoking (2005),4.0,3.2400071401207327
rw1139993,Stealth (2005),0.5,3.1676515827279648
rw5196768,Fractured (I) (2019),2.5,4.183065688371549
rw3780442,Pandora (2016),5.0,3.3926940325410357
rw5052561,The Imitation Game (2014),2.0,4.391551111247553
rw5422075,Doctor Who (2005– ),0.5,3.5453511111277027
rw4661893,Rip Tide (2017),1.0,3.3105801928614476
rw6167682,Spontaneous (II) (2020),3.5,3.370062976780254
rw3747339,Svarta Madam (2017),3.0,3.182511989482485
rw5787201,Mrs. Serial Killer (2020),5.0,4.013492850303185
rw2882620,Warm Bodies (2013),3.5,3.361747722569821
rw0708514,The Tailor of Panama (2001),0.5,3.186257932581906
rw1857094,Valley Girl (1983),5.0,3.393899244373676
rw1084392,Star Wars: Episode III - Revenge of the Sith (2005),4.0,4.182891617137595
rw3217804,Panic Room (2002),4.5,3.116335327151688
rw5586621,Uncorked (I) (2020),0.5,3.135406170627281
rw3306508,San Andreas (2015),1.0,3.262260301586575
rw6355969,Terminator Salvation (2009),3.0,3.8431734336509527
rw4969344,Point Blank (1967),0.5,3.321193824954988
rw1385720,Breakfast on Pluto (2005),4.5,3.2766456473990524
rw4849592,The Meyerowitz Stories (2017),2.0,3.30466537951459
rw3740547,Alien: Covenant (2017),4.5,2.138563757074867
rw4411379,Train to Busan (2016),4.0,3.93752408909894
rw1811324,The Lord of the Rings: The Fellowship of the Ring (2001),4.5,3.557982440353054
rw1540355,Dead Man's Curve (1998),3.0,3.2108000118246367
rw4989851,Love Island (2015– ),0.5,3.2334655640242627
rw0870452,Spider-Man 2 (2004),5.0,4.074196135990006
rw1238169,Final Fantasy VII (1997 Video Game),5.0,2.4004692598989825
rw4457800,Smoke (2018–2019),4.0,4.269402670813792
rw1199984,North Country (2005),3.0,4.063092954185664
rw1991661,Dragon Wars: D-War (2007),0.5,3.2584990293451166
rw1878389,The Raven (1963),3.5,3.340168200447237
rw1253551,Escape Under Pressure (2000),3.0,3.2580951349007465
rw4294515,Mission: Impossible - Fallout (2018),1.0,4.051914101713276
rw5976183,Upgrade (2018),4.5,3.599712948230972
rw1543828,The Devil Wears Prada (2006),3.0,3.62584738369237
rw2061942,X-Men Origins: Wolverine (2009),4.0,3.2711048272539696
rw3169317,魔法黑森林 (2014),3.5,2.7192194396453675
rw2327679,Graffiti meissä (2006 Video),3.5,3.2732949964401676
rw6434378,The Tale of The Princess Kaguya (2013),3.5,3.5249246224859236
rw3104328,The Lion King (1994),5.0,4.5149078571461985
rw0187820,Neighbors (1981),5.0,3.423751427098245
rw0003574,Battleship Potemkin (1925),4.5,3.353652383349982
rw4920564,Steve Martin and Martin Short: An Evening You Will Forget for the Rest of Your Life (2018 TV Special),4.0,3.5742228899180803
rw4713091,Captain Marvel (2019),4.5,2.9569459461036316
rw2528985,Saw (2009 Video Game),3.5,3.2238312753567064
rw1925019,The Dark Knight (2008),5.0,4.736413875840815
rw2416886,Buried (2010),5.0,3.335234062695494
rw1033395,A Home at the End of the World (2004),5.0,3.1883517379187647
rw5856707,Eurovision Song Contest: The Story of Fire Saga (2020),3.0,3.3848911517546707
rw2375619,Casino (1995),4.0,3.9530805379409975
rw4130717,The Shape of Water (2017),1.5,3.9320932267945445
rw5103114,Strange But True (2019),5.0,3.1470908602185217
rw4301693,Ocean's Eight (2018),0.5,1.7161177186378056
rw0378428,Beautiful Thing (1996),5.0,3.396880811308173
rw0052666,Rear Window (1954),5.0,3.4372292135583433
rw4325602,Office Uprising (2018),0.5,3.314783756717367
rw4780237,Too Late to Die Young (2018),4.0,3.530374844122773
rw0635474,Shadow of the Vampire (2000),3.5,3.3099381799811396
rw4421896,Shaun of the Dead (2004),3.0,3.0620536027438416
rw2292669,Mrs. Miniver (1942),4.5,3.5772549683080164
rw1207452,Lumber Jerks (1955),1.5,3.3192910927371435
rw0994754,EuroTrip (2004),3.0,3.460834908381225
rw0467357,Practical Magic (1998),2.0,3.3333955694900346
rw0874341,Big Fish (2003),1.5,2.1382325620327847
rw6091179,The Social Dilemma (2020),0.5,3.3184116443822673
rw5651215,Beastars (2019– ),4.5,3.0860240601126767
rw0081201,Dr. Strangelove or: How I Learned to Stop Worrying and Love the Bomb (1964),5.0,3.4121178576872797
rw1907693,Confessions from the David Galaxy Affair (1979),0.5,3.167081049418409
rw5356690,CATS貓 (2019),4.0,1.9088075908472506
rw6116669,The Boys (2019– ),5.0,4.532518055102528
rw5334303,Gotti (2018),0.5,3.1375748580587888
rw5778311,Piranhas (2019),2.0,3.4407118145120843
rw6344652,American Murder: The Family Next Door (2020),4.0,3.2245042341509995
rw1708661,The Aryan Couple (2004),5.0,3.3054652448030066
rw5473182,The Kingdom (2007),3.0,3.234617529690145
rw4890232,Brendan Schaub: You'd Be Surprised (2019 TV Special),0.5,3.35275269603885
rw5813819,Jack the Giant Slayer (2013),3.5,3.32724776427453
rw5580036,Girls with Balls (2018),2.5,3.3015839817807104
rw4345024,Incident in a Ghostland (2018),0.5,3.1802360038186523
rw2672276,Premium Rush (2012),3.5,3.2664896908234344
rw4960531,Flood (2007),0.5,3.0696619069790976
rw5757643,Anne with an E (2017–2019),5.0,3.3812611113307964
rw2393677,Showgirls (1995),3.0,3.384095794943548
rw1034932,Timeline (2003),4.0,2.189585622268253
rw1978803,The Life and Times of Judge Roy Bean (1972),5.0,3.3243978627778414
rw1428866,B.T.K. Killer (2005 Video),1.0,3.2595204875666117
rw1975795,Saw V (2008),5.0,3.3369041191567095
rw2728677,Mammas pojkar (2012),2.5,3.4017183375089015
rw2740453,Pearlie (2008–2011),4.0,2.9194518409988715
rw4948757,"Asylum, the Lost Footage (2013)",3.5,3.1662589190898216
rw2973226,Run (1991),4.5,3.3190886788548135
rw2120375,Creator (1985),5.0,3.348735949491395
rw0893979,Troy (2004),5.0,2.88535764127512
rw2702426,The Brain from Planet Arous (1957),1.5,3.2563103538485483
rw3125219,La révolution française (1989),4.0,3.4410361713169615
rw3277853,Ascension (2014),0.5,3.3291530085756227
rw3701837,Handsome: A Netflix Mystery Movie (2017),3.0,3.5005379251898563
rw3522068,Super Size Me (2004),2.0,3.3431826812687935
rw1903381,The Thing with Two Heads (1972),3.5,3.2856799272790678
rw2113356,The Boondocks (2005–2014),5.0,2.065065020240398
rw4502248,Thor (2011),2.0,3.692902931282432
rw0648125,Noll tolerans (1999),3.0,3.4023434631309786
rw4770563,Shazam! (2019),4.5,3.3709924110883245
rw4525297,Second Act (2018),3.0,3.0562590416701436
rw5668093,Community (2009–2015),4.5,3.28329970330151
rw1789605,Aliens vs. Predator: Requiem (2007),4.0,3.0466320212489437
rw4216753,Craig of the Creek (2018– ),5.0,3.3063499802614627
rw3549685,Solaris (1972),3.5,3.3087246719709023
rw6021231,A Little Chaos (2014),4.5,3.3986227055926705
rw2248945,Hellbinders (2009),4.5,3.2139181339628538
rw6336255,Hillbilly Elegy (2020),3.5,3.39097388517127
rw0229561,Aliens (1986),4.5,4.232308649104039
rw0671353,Vengo (2000),3.5,3.436283040837629
rw0515616,The Talented Mr. Ripley (1999),0.5,2.795542875027801
rw3857578,Disjointed (2017–2018),4.0,3.5792624906821997
rw5245431,And Then We Danced (2019),5.0,3.3659629459935347
rw3022620,Leaving Home (2013),1.5,3.446009067012968
rw4811303,Fury (2014),3.5,2.644270594353467
rw5432311,Tokyo Tribe (2014),4.5,3.4282483907753436
rw0392518,Palookaville (1995),4.5,3.3092904134312358
rw6272755,The To Do List (2013),4.5,3.3820150123573876
rw3516310,Heart of Glass (1976),2.0,3.4811812358040113
rw1858250,La sconosciuta (2006),5.0,3.134922819720302
rw5389744,Groupers (2019),4.5,3.568340247378808
rw5365361,Lucy in the Sky (2019),3.5,3.310220645733198
rw1708476,Sin sostén (1998),4.0,3.467859368218679
rw3253663,She's Funny That Way (2014),4.0,3.197261567662313
rw2859773,The Amazing Spider-Man (2012),0.5,3.4811027082610426
rw2015534,Shredded (2000 Video),3.0,3.3757060986029286
rw4311582,The Boss (2016),5.0,3.3037493069873523
rw1832972,The Warlords (2007),4.5,3.4220521436033895
rw3772972,The Dark Tower (2017),4.5,3.9241519656039965
rw4637021,Hunter Killer (2018),3.5,2.715090386308036
rw1037783,Once Upon a Time in the West (1968),5.0,3.3360819594889097
rw4905049,Gremlins (1984),3.5,3.428618475039046
rw4738075,Guest in the House (1944),4.0,3.2526980096743885
rw0441915,American History X (1998),5.0,3.389291436591542
rw0676604,Hannibal (2001),4.5,4.120545870118752
rw3315865,Huevos: Little Rooster's Egg-cellent Adventure (2015),2.0,3.4600482275543554
rw3741149,Damaged (2014 TV Movie),1.0,3.1864802608935845
rw4370991,The Godfather (1972),5.0,4.714095144530524
rw6158451,Dead Still (2020– ),4.5,3.170297377343666
rw3828725,The Dark Tower (2017),3.5,4.207551611507272
rw5124915,The Frightened Man (1952),3.5,3.149350390524083
rw5770639,Dilwale (2015),5.0,3.1796449089144203
rw2890837,Ninja Death (1987),4.5,3.7131694871518395
rw5610585,Kill Bill: Vol. 1 (2003),2.0,4.227273450132947
rw2791466,Argo (2012),5.0,3.0878660145047863
rw0481674,Star Wars: Episode I - The Phantom Menace (1999),5.0,3.2341487750121223
rw2027931,Lost (2004–2010),5.0,3.4110991000086472
rw1689917,The Butterfly Effect (2004),3.0,4.292748682947228
rw5574251,Masameer the Movie (2020),0.5,3.5265174782429933
rw2586653,Wuthering Heights (2011),0.5,3.2064481196658234
rw4463384,Seema Raja (2018),2.0,3.647803080936834
rw3812466,Victoria & Abdul (2017),4.5,3.424451633729746
rw0387478,Independence Day (1996),3.5,3.1897688990702036
rw4525466,Titan A.E. (2000),3.0,4.105284240404077
rw6038140,Memento (2000),5.0,4.442596252890228
rw4577673,A Perfect World (1993),3.5,3.5401910701171686
rw0192583,E.T. the Extra-Terrestrial (1982),4.5,3.33318154209059
rw2952975,Aashiqui 2 (2013),3.0,3.418647272808507
rw2359939,Elle s'appelait Sarah (2010),4.0,3.4125068087006944
rw2505399,Red State (2011),5.0,3.4701576510159646
rw1119632,À la folie... pas du tout (2002),2.0,3.3802533489078654
rw5913350,Mafia (2020– ),2.0,3.2325471982224045
rw5301289,Bad Day for the Cut (2017),3.5,3.2822545567595403
rw2106548,Come and See (1985),5.0,3.3030002738181867
rw3732777,Bank Chor (2017),3.5,3.286047900990954
rw4659881,Escape Room (I) (2019),3.5,3.8988872184124905
rw1134766,A Very Long Engagement (2004),4.0,3.500744742196771
rw3315910,Tenacious D in the Pick of Destiny (2006),4.0,3.32855236559201
rw2441687,The Long and Short of It (2003),3.5,2.9864488828482707
rw4345983,Disenchantment (2018– ),2.0,3.502970101964677
rw1223115,Walk the Line (2005),3.5,3.3241956799402756
rw4325414,Penguins of Madagascar (2014),2.0,3.4701145586084876
rw5757711,The Last Kingdom (2015– ),5.0,3.40727339112351
rw0268313,Cyborg (1989),1.5,3.307084303856148
rw4484651,Shadow of a Doubt (1943),4.5,3.551663834151524
rw6383053,Titanic (1997),5.0,2.554837146172422
rw4366882,Little Women (2018),4.5,3.3890150264004357
rw0527047,Message in a Bottle (1999),4.0,2.214097761196905
rw3452641,Eddie the Eagle (2015),5.0,4.186746622491953
rw5415141,Instinct (2018–2019),4.5,3.4189801641984827
rw0778197,Adaptation. (2002),5.0,3.3776258803430177
rw4403137,A Star Is Born (2018),4.0,3.0865540830353737
rw4843837,John Wick: Chapter 2 (2017),4.0,3.1466626007689897
rw4559609,The First (2018),4.0,2.427976926585593
rw1835020,Swing Kids (1993),4.0,3.200967686363002
rw2218867,Confession (I) (2005),5.0,3.3303611062868197
rw4843500,Fleabag (2016–2019),5.0,4.204541773154837
rw5842584,You Should Have Left (2020),2.5,3.147485148527694
rw5956124,Shakuntala Devi (2020),0.5,4.300241892638289
rw1505565,Troll 2 (1990),0.5,3.316647555690503
rw6002369,2010: Moby Dick (2010 Video),0.5,3.193098874320156
rw1466744,Two Bits (1995),4.0,3.394469050641613
rw1672640,United 93 (2006),0.5,3.3365551862750666
rw4211998,Hannah Gadsby: Nanette (2018 TV Special),5.0,3.3498256022684134
rw2198570,阿凡達 (2009),2.5,3.451362466401263
rw1912722,The Dark Knight (2008),5.0,4.736413875840815
rw4231616,The Odyssey (1997),3.0,2.9522181615652903
rw3771429,Toxic Shark (2017 TV Movie),4.5,3.274428279114093
rw2872204,Hendrix on Hendrix (2013),5.0,3.6227444341169095
rw3637948,David Brent: Life on the Road (2016),2.5,3.2279728747403023
rw1847200,The Flirt (1917),3.0,3.5393409712410513
rw3739165,Nobody Speak: Trials of the Free Press (2017),4.0,3.406817227229698
rw3189939,Monkey Shines (1988),3.0,3.2375441683900443
rw0441317,Celebrity (1998),3.5,3.44117466155904
rw1805467,Sakuran (2006),4.0,3.645480184994733
rw3604980,How Sarah Got Her Wings (2015),3.5,3.3919188534265587
rw3673139,Bokeh (I) (2017),3.0,3.1305070616420436
rw5173479,Kuzgun (2019),5.0,3.3203497475402064
rw4515618,Insidious (I) (2010),3.0,3.1246007937788454
rw2066624,Beehive (2008– ),3.0,3.6227444341169095
rw0572770,City of Ghosts (2002),4.0,3.3244312716167395
rw4974728,Bob Lazar: Area 51 & Flying Saucers (2018),4.0,2.0412591699802984
rw3083177,Mr. Majestyk (1974),3.5,3.4318945974553228
rw5623947,Intersection (1994),3.5,3.2919233219977446
rw0552492,The Thomas Crown Affair (1999),3.5,3.5088223734226385
rw0995553,Shogun (1980),5.0,3.4160295189741903
rw0969603,Being Julia (2004),4.5,3.62937866426128
rw2624983,Paranoid Activity 2 (2011),4.0,3.6579175155535726
rw3783673,NOTFILM (2015),0.5,3.2732127666346176
rw2808738,Star Trek Into Darkness (2013),4.0,1.906947106422622
rw0116085,Diamonds Are Forever (1971),4.0,3.3523204774463293
rw5070157,The Staircase (2004–2018),0.5,3.4230124520379106
rw4489109,2.0 (2018),0.5,3.931547907808436
rw3489642,Warcraft (2016),5.0,3.4394301950606714
rw4280981,Flight (I) (2012),5.0,2.83269335629882
rw3309101,The Lazarus Effect (2015),3.5,3.00630464976055
rw5522338,Mr Inbetween (2018– ),4.5,3.2614142312434153
rw3270119,Terminator Genisys (2015),4.0,3.1929975946629927
rw3692065,Dead & Buried (1981),3.5,3.2520777009904065
rw0343304,Major Payne (1995),3.0,3.384816227829852
rw4835582,Ballon (2018),4.0,3.2374072229344755
rw3766398,Lionhearted (2012),4.0,3.3014045220048858
rw5490870,Starship Troopers (1997),3.5,3.2252710884833347
rw1597792,無間道 (2002),4.5,3.233605898567908
rw3046697,The Adventures of Sherlock Holmes (1939),5.0,3.4000704546830636
rw1212453,Gettin' Square (2003),4.5,3.2541612297592923
rw2080268,Hilda Crane (1956),2.5,3.3705390069718635
rw1043672,The Jacket (2005),1.5,3.3796781907061897
rw1550410,Rocky Balboa (2006),3.5,4.18957839245675
rw3522302,Il padre di famiglia (1967),2.5,3.3526836421861623
rw0776083,Spy Game (2001),4.0,3.3183440811490583
rw0065205,The Old Man and the Sea (1958),4.5,3.489320582757301
rw3628450,Underworld: Blood Wars (2016),4.0,1.8183914658885951
rw5237128,Ride with the Devil (I) (1999),4.5,3.32527844887999
rw1944980,Hell Ride (2008),1.0,3.3534766210563443
rw4362930,The Predator (2018),0.5,2.8097279846342067
rw5514901,Thappad (I) (2020),5.0,3.8526634964850173
rw5855080,No Escape (I) (2015),3.5,3.224856323330033
rw5283073,Diary of a Wimpy Kid: The Long Haul (2017),0.5,3.3668386922761098
rw0473959,The Thin Red Line (1998),5.0,3.3244660754725373
rw3702941,Wasp (2015),3.0,3.2223670083077582
rw1407675,Superman Returns (2006),1.5,3.8737429668831433
rw5413505,La rivolta degli schiavi (1960),3.5,3.343960648293855
rw0563569,The Story of Us (1999),4.5,3.275869967545342
rw3050869,Falang: Behind Bangkok's Smile (2005),4.0,3.3970623258130495
rw5256554,Disaster Movie (2008),0.5,3.459177296101445
rw5960659,Avengers: Endgame (2019),5.0,4.214504322835887
rw5931203,Dil Bechara (2020),5.0,4.935224299202723
rw3212495,The Umbrellas of Cherbourg (1964),3.0,3.355524325794087
rw6198383,Inside (I) (2016),0.5,3.141024489745039
rw2857515,Madras Cafe (2013),5.0,3.1689909818529904
rw6251238,Continuum (I) (2012–2015),0.5,3.5381887660399833
rw5356468,CATS貓 (2019),0.5,3.741029485793668
rw6095958,Away (2020),1.5,1.8167098349248076
rw2947673,Art School Confidential (2006),3.5,3.5502473402901993
rw3725799,Alien: Covenant (2017),2.5,3.8072964289403433
rw3714584,Blame! (2017),4.0,3.301338058677287
rw3591876,The Hound of the Baskervilles (1959),3.5,3.3713705330746064
rw3828084,Blade Runner 2049 (2017),1.0,4.386973204231408
rw5180071,Amy Schumer: The Leather Special (2017 TV Special),0.5,3.2946475545020406
rw5665252,Chappaquiddick (2017),3.0,3.47082777037217
rw3846590,Hocus Pocus (1993),5.0,3.3060107972048915
rw5810287,Entourage (2015),4.5,4.121286017741458
rw5059276,El Hijo (2019),0.5,3.2847628165764373
rw0236448,Platoon (1986),3.5,3.3007266374212123
rw2855240,King Priam (1985 TV Movie),5.0,3.3677350354382907
rw0774585,Kill Bill: Vol. 1 (2003),5.0,3.2405748177993674
rw0406470,Beverly Hills Ninja (1997),5.0,3.310234884778955
rw4705933,King Arthur: Legend of the Sword (2017),3.0,3.3032979241287017
rw1650883,Boxcar Bertha (1972),3.5,2.7525940163259297
rw4453400,Salomé (1922),5.0,3.2077209330152168
rw4217643,Won't You Be My Neighbor? (2018),5.0,3.3915425086653643
rw5526284,Two Weeks Notice (2002),5.0,3.236844188689062
rw5161197,Ratsasan (2018),5.0,4.161359907613211
rw5718107,The Lady Vanishes (1938),4.0,3.310551033783207
rw2069589,Batman Tech (2008 TV Short),4.0,3.1791501407414615
rw1265026,Brokeback Mountain (2005),5.0,4.392967582640045
rw4380149,Venom (2018),4.0,4.437095534546635
rw0983334,Armageddon (1998),2.5,3.1776900560189087
rw6344023,Ashes of Love (2018),5.0,3.211791160237129
rw2691088,The Ghost and Mrs. Muir (1947),3.5,3.379696520240526
rw4328516,Seven Psychopaths (2012),3.0,3.3769888990696475
rw6237432,Taish (2020),5.0,3.38202916446795
rw5607717,Apharan (2018– ),4.5,3.3899738522962686
rw4861972,Deux gouttes d'eau (2018 TV Movie),3.5,3.405156264355959
rw3400152,The Trap (1946),3.0,3.4712153776211823
rw0225880,The Return of the Living Dead (1985),5.0,3.912999369888394
rw0553880,Wishmaster 2: Evil Never Dies (1999 Video),4.0,3.242781436148846
rw2222673,Warner at War (2008 TV Movie),4.0,3.243480896975394
rw0496327,Shrek (2001),4.5,4.319891466791582
rw1671591,Knocked Up (2007),5.0,3.3321146992680934
rw3482286,Warcraft (2016),3.5,3.4394301950606714
rw3181213,Birdman or (The Unexpected Virtue of Ignorance) (2014),4.0,3.55803170461947
rw4409950,Next Gen (I) (2018),5.0,3.4324487989159076
rw3114363,Ave Maria (1953),3.0,3.3360071026632876
rw0583812,The Lord of the Rings: The Return of the King (2003),5.0,4.6904103530400105
rw4902446,Captive State (2019),1.0,2.317582035691634
rw3630106,T2 Trainspotting (2017),4.0,3.3702890172215674
rw6177161,Hereditary (2018),1.0,2.9275399108561966
rw5660611,Dark City (1998),5.0,3.887087150616182
rw4863857,The Equalizer 2 (2018),5.0,3.144347679443658
rw4810554,Braveheart (1995),5.0,3.430790557931084
rw6455849,Dave Made a Maze (2017),2.5,3.3003439765417735
rw1469237,V for Vendetta (2005),5.0,3.650280048586943
rw3736049,Dances with Wolves (1990),4.0,3.5129975727931546
rw5817260,Gulabo Sitabo (2020),4.5,3.3643335611908762
rw3307215,X-Men: Days of Future Past (2014),2.5,3.359116264924433
rw1362376,The Wedding Date (2005),3.0,3.3450886226721903
rw1201142,Second to Die (2002),4.0,3.2024539686268185
rw2974628,Stranger by the Lake (2013),3.0,3.60076149901609
rw6196900,The Witches (2020),5.0,1.7909514960776711
rw3023699,Lawrence of Arabia (1962),3.5,4.543813690200739
rw4944322,Plus One (I) (2019),0.5,3.229865485743101
rw0976796,The Red Badge of Courage (1951),5.0,3.462771703001597
rw1498010,The Last King of Scotland (2006),3.5,3.443851944942072
rw0253541,Above the Law (1988),2.0,3.320243341954538
rw3148885,怪獸大學 (2013),3.5,3.3602553779892386
rw5032302,Serenity (2019),0.5,3.877467704569026
rw4307667,Wet Hot American Summer (2001),5.0,3.214601008586396
rw0987074,The Phantom of the Opera (2004),4.0,3.493353618349421
rw1109456,The Killer Eye (1999),4.5,3.140961141084335
rw2931730,The Cheap Detective (1978),0.5,3.489526022081864
rw4312435,Skyscraper (2018),5.0,3.169559384080739
rw1591359,Music and Lyrics (2007),2.0,3.390877985373589
rw4025911,Hostiles (2017),3.5,1.7578524411651408
rw1829145,Eagle vs Shark (2007),5.0,3.3125355321899836
rw5019938,Batman: Hush (2019 Video),3.0,3.3411240521515317
rw5415620,DuckTales (1987–1990),4.5,3.46496519870973
rw0410522,Clockwatchers (1997),4.5,3.3891656565130948
rw6073958,The Barge People (2018),5.0,3.2385583391667034
rw2154654,Twins of Evil (1971),4.0,3.303531078166708
rw3193082,Running on Empty (1988),1.5,3.3296125644677477
rw4398259,Arctic (2018),4.0,2.5164986069462896
rw1534287,Don (I) (2006),5.0,3.2976798290101166
rw0891863,The Card Player (2004),2.0,3.2163780481176962
rw5418919,A Fall from Grace (2020),5.0,3.1198162872474615
rw0635247,Night Crawlers (1996 Video),0.5,3.2278746362950277
rw2145384,The Crystal Maze (1990–2020),4.5,3.6227444341169095
rw1844443,Final Equinox (1995),4.5,3.250379738056326
rw2436738,Daltry Calhoun (2005),0.5,3.225736897919642
rw6447314,Girl with a Pearl Earring (2003),4.5,3.3692903103608214
rw3628125,The Night Of (2016),4.5,3.281341689633909
rw5851702,The Clock (1945),4.0,3.4305520270529657
rw4853010,Riverdale (2017– ),0.5,3.468565447343689
rw4443248,Sarkar (2018),0.5,3.4189549098760303
rw3745108,Scream (1996),5.0,4.493370084463686
rw6090041,American Psycho (2000),4.0,3.639398776925741
rw4235382,Star Wars: Episode VIII - The Last Jedi (2017),2.0,3.2296501131655004
rw4435187,Wanderlust (2018– ),3.0,3.2752900794885127
rw4433525,Christmas List (2016 TV Movie),1.0,3.330906847108197
rw5922503,Toni Erdmann (2016),4.5,3.2265517645843014
rw1354423,Dreamer (2005),5.0,3.4637029531971946
rw5085506,Game Over (I) (2019),4.5,4.094015993123202
rw0581578,Detour (1998 Video),4.0,3.1923636986110284
rw6076329,I'm Thinking of Ending Things (2020),0.5,1.8502720994318211
rw4190408,Back Door to Hell (1964),3.0,3.2735162894949417
rw0665930,Memento (2000),5.0,4.463693263393488
rw3831664,Too Late the Hero (1970),3.5,3.374509320492146
rw6133413,Free Dance (2018),4.0,3.2781205900689105
rw4459530,Can't Complain (2007),5.0,3.4806202414954854
rw5264835,The Mandalorian (2019– ),5.0,4.637558187736597
rw1276735,Tristram Shandy: A Cock and Bull Story (2005),1.5,3.45794114598501
rw5044357,Girls (2012–2017),0.5,3.478268170827131
rw4966026,It's Kind of a Funny Story (2010),0.5,3.4732568830185984
rw2630891,Rock of Ages (2012),4.5,3.3478495105513795
rw3527893,Mad Max 2: The Road Warrior (1981),4.0,3.2759420854009544
rw4211726,Firestorm (1998),1.0,3.3655056907626903
rw1876930,Babel (I) (2006),4.0,3.3184543284782526
rw5051598,Memoirs of a Geisha (2005),5.0,3.200201067303318
rw5941933,Vikingane (2016– ),5.0,4.233356134119593
rw1110097,Batman Begins (2005),4.5,3.4546366160801734
rw4788641,Nosso Lar (2010),2.5,3.2654267792911
rw5889750,Pulp Fiction (1994),4.5,4.543427828754619
rw1696938,The Killing (1956),5.0,3.963770794404037
rw2066498,Star Trek (2009),2.0,3.31472325187766
rw0984518,Timeline (2003),0.5,3.4549458249074556
rw3127442,Interstellar (2014),5.0,3.929350045922533
rw3550931,Swiss Army Man (2016),4.0,3.249395484073316
rw2970914,Mom (2013– ),4.5,3.431868069626452
rw0468504,Resident Evil (2002),5.0,3.338860194064819
rw2489400,Up (2009),4.0,4.047469971206867
rw2752446,"The Bride's Bereavement; or, The Snake in the Grass (1932)",1.0,3.718405659714959
rw0294586,The Hard Way (1991),3.5,3.409553862397657
rw1292903,Solaris (2002),0.5,3.353961533437653
rw1704642,Dead Silence (2007),1.0,3.122387562423438
rw5091263,X-Men: Dark Phoenix (2019),0.5,3.5390402120983984
rw0909140,"I, Robot (2004)",2.5,3.667857084913276
rw1698774,I Now Pronounce You Chuck & Larry (2007),2.0,3.1696414088422737
rw6376705,Tenet (2020),4.0,4.413436096044564
rw3674986,Ek Tha Tiger (2012),4.5,3.5006003392890803
rw2875074,The Last Push (2012),5.0,3.224108710265565
rw5498783,Despicable Me (2010),4.0,3.9448974559166214
rw4058654,Peter Rabbit (2018),4.0,3.2897901970838874
rw6182478,The Poughkeepsie Tapes (2007),1.5,3.2181953705824946
rw5347364,寄生上流 (2019),5.0,4.150746382358836
rw3800106,A Return to Salem's Lot (1987),2.5,3.097311456575829
rw1277897,Cry Wolf (2005),0.5,3.4096839182355656
rw2001968,Golgo 13 (2008–2009),4.5,3.382569719105151
rw2215085,Little Big Soldier (2010),5.0,3.313701638426701
rw1428315,Superman Returns (2006),3.0,3.2950765320328457
rw4520516,Ralph Breaks the Internet (2018),4.0,2.921334241390535
rw2493120,The Lion King (1994),5.0,4.7324353174875435
rw5772164,Killing Eve (2018– ),4.0,4.075466060449261
rw4498674,The Great Gatsby (2013),5.0,3.3781702906970534
rw0449843,The 13th Warrior (1999),4.0,3.3388659552326767
rw5751010,Revenge for Jolly! (2012),3.0,3.3740876933743764
rw5186550,小丑 (2019),0.5,4.82518029392608
rw2620676,Rowdy Rathore (2012),4.0,3.325615335857203
rw2456162,Grown Ups (I) (2010),1.5,3.219710545515093
rw6066849,Raised by Wolves (2020– ),1.5,3.901717378317725
rw4902157,The Biggest Little Farm (2018),5.0,3.400716697798714
rw5341426,小丑 (2019),5.0,4.003046830563326
rw2372323,The Sickhouse (2008),4.0,3.230016231777027
rw0065979,Thunder Road (1958),3.5,3.4477442037468746
rw1510448,Suspiria (1977),4.5,4.237560528937107
rw0180843,Assassination Attempt (1981),5.0,3.7131694871518395
rw4067310,Black Panther (2018),1.5,2.766856613670852
rw5401072,Inception (2010),4.5,4.116370182038618
rw3212287,Dracula Untold (2014),2.0,3.682178344314068
rw1262844,Tango Charlie (2005),4.5,3.3464068136976275
rw2266433,Toy Story 3 (2010),4.5,3.3492870354212902
rw5439893,The Tradesmen (2011),4.5,3.6140606459386517
rw2620053,Wolfhound (2006),3.0,3.4478901230498242
rw1249129,The Bishop's Wife (1947),5.0,3.4684016233774106
rw1776998,Crying Freeman (1988– ),4.5,3.205013914263434
rw1686105,Love Comes to the Executioner (2006),3.5,3.6227444341169095
rw4374318,Lookin' to Get Out (1982),3.5,3.445961542643738
rw4124929,Eddie the Eagle (2015),4.0,4.186746622491953
rw4793682,Annie (2014),4.0,3.3213400444202286
rw3333073,Abbott and Costello Meet Captain Kidd (1952),2.5,3.508931591701635
rw1552517,Brick (2005),4.5,3.293223243036353
rw5246614,Last Christmas (2019),3.5,3.958956234808019
rw2096610,Bleach (2004–2012),5.0,3.3551216042036924
rw6407846,Coolie No. 1 (2020),0.5,0.9902084220056385
rw0966378,Small Time Crooks (2000),1.0,3.284021824960047
rw3829227,Alleycats (2016),3.5,3.3289312720001454
rw1264714,Hwiparam gongju (2002),3.0,3.393322342779294
rw2969918,Frozen (I) (2013),4.0,4.1769597775643375
rw4698628,Leaving Neverland (2019),0.5,1.829222638396326
rw3832139,Angels Wear White (2017),4.5,3.34602013692267
rw3869640,The Nile Hilton Incident (2017),4.5,3.238467474516089
rw0341542,Fist of Legend (1994),5.0,3.412726115169813
rw2311306,The Chosen One (2010),4.5,3.301476927216232
rw3051950,Deadly Eyes (1982),2.5,3.3460375757607883
rw1680558,Missing Persons (1990 TV Movie),3.0,3.3466401786685003
rw1060111,Hitch (I) (2005),0.5,2.2412876730888676
rw2516223,Tartarin de Tarascon (1934),3.5,3.5844411439190726
rw5876315,Uncle Tom (2020),5.0,4.149262629038911
rw1104265,Hook (1991),4.0,3.511108958188078
rw3249573,Midnight in Paris (2011),1.5,3.4058806703679587
rw0112339,MASH (1970),5.0,3.198271168179713
rw2624093,Spirited Away (2001),5.0,4.04960594157111
rw6215465,Over the Moon (2020),5.0,3.529003097469452
rw1480705,King of Burlesque (1936),3.0,3.336156823716522
rw2599244,Underworld: Awakening (2012),2.0,3.1690727511590135
rw1677617,Able Edwards (2004),4.0,3.4146679772931496
rw6011924,The Great Heist (2020– ),4.0,3.5193340542877642
rw5935254,Psychosynthesis (2020),4.5,3.423649946584074
rw1761994,Deep Water (2006),4.5,3.1334662298359497
rw1633731,The Lives of a Bengal Lancer (1935),4.0,3.463671509187793
rw3824028,Blade Runner 2049 (2017),5.0,3.7391930496332733
rw1130038,Wild at Heart (1990),5.0,3.713606507477047
rw2895743,Revolution (2012–2014),5.0,3.2105651189410134
rw5813413,The Shape of Water (2017),4.0,3.2222511243609118
rw0209696,Conan the Destroyer (1984),3.0,3.4360587072852793
rw5524519,Dark Waters (2019),5.0,3.234670132956977
rw1529990,The Notebook (2004),5.0,3.9333009777407715
rw3059222,The Purge: Anarchy (2014),4.0,3.2224360995424113
rw5451528,The Sky Is Pink (2019),3.0,3.506165380314711
rw0071814,Pepe (1960),2.0,3.5292611366019453
rw5782006,Star Wars: Episode II - Attack of the Clones (2002),2.5,3.2648437434533504
rw5116041,Nanny McPhee (2005),3.5,4.286017457405445
rw1813282,The War of the Worlds (1953),3.5,3.5841110941390197
rw2087299,Lenny (1974),5.0,3.409521828118554
rw6138587,Ghoomketu (2020),3.5,3.351130279293686
rw0188463,The House by the Cemetery (1981),4.0,3.3593207455975787
rw3534968,Don't Breathe (2016),4.0,3.036787489678584
rw3147236,Jericho (2006–2008),5.0,3.462207334624217
rw0432384,Soldier (I) (1998),5.0,3.3960761499301526
rw4355856,I Walk the Line (1970),4.0,3.407569607278564
rw1630425,Who Killed the Electric Car? (2006),2.5,3.4564463728970485
rw5408576,The Outsider (2020– ),5.0,3.432860982719399
rw5730478,The Last Dance (2020),5.0,3.649895538794083
rw2979439,August: Osage County (2013),3.5,3.205778211021695
rw4053382,Red Lights Ahead (1936),3.0,3.4112453306806736
rw5550131,Bloodshot (2020),4.5,2.9249446803173416
rw4676248,Patriot (II) (2015–2018),5.0,4.24164009631061
rw3333615,Uptown Saturday Night (1974),3.0,3.5001052291166532
rw2319732,Mâdadayo (1993),3.5,3.4632522140017112
rw2414341,Paul (2011),3.5,3.2512373398180716
rw3291942,Mamma Mia! (2008),4.0,3.385467361519584
rw2498102,The Killers (1946),3.5,3.3767949461090776
rw5963963,The Wolfman (2010),5.0,3.4125822284065643
rw5062320,The Boys (2019– ),5.0,4.571329329619634
rw3487057,Renegade (1992–1997),1.0,3.315926303842511
rw3267911,Bird on a Wire (1990),2.0,3.442246201248754
rw6374932,Hard Kill (2020),0.5,3.275805823004586
rw0865474,Hey Arnold! The Movie (2002),5.0,3.3627183811952306
rw1502517,Gladiator (2000),5.0,4.428781720808508
rw0408791,Bulworth (1998),4.5,3.3963758203700714
rw3076598,Prelude to Axanar (2014),5.0,3.1656623268973862
rw5584721,U-571 (2000),3.5,3.2895368683908357
rw0953215,"Ator, the Fighting Eagle (1982)",2.0,3.213305469339454
rw3274517,Strange Interlude (1932),3.5,3.3754907110946526
rw0494752,Man on the Moon (1999),4.5,3.504827330911011
rw6310972,Andhaghaaram (2020),4.5,4.2297979798923295
rw4682165,Mortal Engines (2018),1.0,3.1812550528717303
rw5802985,Chintu Ka Birthday (2020),2.5,3.455796892143714
rw3612306,Man of Steel (2013),3.0,3.2539320639655367
rw3473411,Our Kind of Traitor (2016),3.0,3.185508509261232
rw5025912,Shell (I) (2012),0.5,3.273586868689796
rw2092112,Transformers: Revenge of the Fallen (2009),1.5,1.2218184951955307
rw6313554,The New Mutants (2020),5.0,3.380138569311072
rw5484153,Last Christmas (2019),4.0,3.958956234808019
rw3371816,Vampire Academy (2014),0.5,3.0484550251855245
rw2812672,Man of Steel (2013),5.0,3.2539320639655367
rw0121711,Children Shouldn't Play with Dead Things (1972),3.0,3.246492948525518
rw2402179,Over the Edge (1979),3.5,3.3607261834843913
rw2556530,The Gorgeous Hussy (1936),1.5,3.4482190769015157
rw4359268,College Romance (2018– ),5.0,4.498039428841564
rw3686786,After Love (2016),3.0,3.35212417944188
rw1243887,The Five People You Meet in Heaven (2004 TV Movie),4.5,3.3047852282030177
rw3561715,Jesse Stone: Sea Change (2007 TV Movie),3.5,3.2024757204305767
rw0993994,Neredesin Firuze (2004),4.5,3.214571562419511
rw4835496,Arctic (2018),4.0,3.6489580537559987
rw1232030,The Dukes of Hazzard (2005),4.0,1.8353991097502764
rw2525053,Zombie Bloodbath (1993 Video),3.0,3.1018895789932124
rw0306405,The Crying Game (1992),5.0,3.4043229736689073
rw0596657,Nurse Betty (2000),2.0,3.3295021504211246
rw3315543,Fuss Over Feathers (1954),2.5,3.487665427215349
rw3163450,Jarhead 2: Field of Fire (2014 Video),0.5,3.1148244057557264
rw1867745,Iron Man (2008),3.5,3.1176484649278096
rw1509181,Burnt Offerings (1976),4.0,3.2842555752634306
rw5909800,Code Geass (2006–2012),4.5,3.31682604035722
rw3672009,Rake (2010–2018),5.0,3.1664009611384283
rw2224676,A Serious Man (2009),1.0,3.3835578512252034
rw3772854,Tale of Tales (2015),4.0,3.358682949208538
rw1953088,Youth Without Youth (2007),2.0,3.2308508489490055
rw2821725,How to Make Money Selling Drugs (2012),4.5,3.1211085819751254
rw4498448,Hunter Killer (2018),5.0,2.274276497154953
rw1745598,Secretary (2002),1.0,3.3211303710626985
rw3767791,The Promise (II) (2016),4.5,3.4891218063247464
rw3019430,Wedding Crashers (2005),5.0,3.1669854321248203
rw5740699,Disturbia (2007),2.0,3.1203948610293213
rw3227703,The Barrens (2012),1.5,3.2618574955082207
rw1340461,King Kong (2005),3.5,2.773978699027309
rw5726835,The Hollow (2018–2020),2.0,2.8985701607826773
rw1636072,Zero Day (2002),5.0,3.1058628942759428
rw5608234,Train to Busan (2016),4.0,3.93752408909894
rw1793665,The Mist (2007),1.0,3.1027883215896974
rw5856871,Unsubscribe (I) (2020),1.0,3.3172860330342377
rw5045538,Fast & Furious Presents: Hobbs & Shaw (2019),3.5,3.1538036286588653
rw2616015,The Avengers (2012),5.0,4.096670648268031
rw4253255,Bram Stoker's Dracula (1992),2.0,1.8232837783894724
rw0985965,Major Dundee (1965),2.0,3.2384783672042334
rw5126027,X-Men: Dark Phoenix (2019),4.5,2.2314561984457293
rw3246226,"Ron Jeremy, Life After the Buffet (2014)",0.5,3.7131694871518395
rw5287556,The Irishman (2019),1.5,3.2558935559628686
rw5866464,Dating Amber (2020),5.0,3.361561252604079
rw3398549,Homicycle (2014),1.5,3.408642048662096
rw4266596,Star Wars: Episode VI - Return of the Jedi (1983),5.0,3.3022594047650315
rw5717465,DC Super Friends: The Joker's Playhouse (2010 Video),5.0,3.445148483321905
rw4639506,Enaaya (2019– ),4.5,3.453978770589772
rw4278975,The Invitation (I) (2015),4.5,3.2254578980759727
rw4273581,A Wrinkle in Time (2018),2.5,3.779167682366623
rw2164883,Just My Luck (2006),1.0,4.136858932713574
rw1964224,Sleepy Hollow (1999),5.0,3.157433140334087
rw0219890,The Coca-Cola Kid (1985),4.0,3.2896954605817594
rw5749692,Venom (2018),5.0,3.856395393716607
rw2672278,屍樂園 (2009),5.0,4.046104971017756
rw3468515,American Ultra (2015),4.0,3.292916180245541
rw1565090,Master and Commander: The Far Side of the World (2003),4.5,3.286560782153513
rw6163152,The Finest Hours (2016),5.0,3.2292298074916808
rw3731626,Nuts (1987),4.5,3.262832700727567
rw6206445,Mirzapur (2018– ),5.0,3.7131694871518395
rw0584274,The Lord of the Rings: The Return of the King (2003),5.0,4.640046158833531
rw2289011,Battlefield Earth (2000),5.0,3.3288633380131656
rw5760880,Sheep Without a Shepherd (2019),4.0,3.3205565658362777
rw1145885,The Life Aquatic with Steve Zissou (2004),0.5,4.147873619805051
rw2733277,Faltu (2006),4.5,3.718405659714959
rw2370832,Despicable Me (2010),4.0,3.8886315902272672
rw3435952,The Midnight Man (I) (2016),5.0,3.0415833250432853
rw1605308,Dr. Chopper (2005 Video),5.0,3.183569246781825
rw3080539,De Lego Film (2014),4.5,3.417529272481013
rw6450591,The Wilds (2020– ),4.0,3.3421121999082293
rw5153773,El vampiro (1957),2.5,3.3976823519963926
rw4046875,Faith Under Fire (2018 TV Movie),4.5,3.2388225595927116
rw5946184,Carry on Screaming! (1966),4.0,3.377877524467059
rw1680216,1408 (2007),2.5,3.7206861167577743
rw1650231,Safe Men (1998),1.0,4.1170413436551225
rw5361717,The Flintstones in Viva Rock Vegas (2000),3.0,3.372495823006337
rw4009822,Redneck (1973),3.5,3.422794218001027
rw2199682,The Relief of Belsen (2007 TV Movie),3.5,3.2734500782342977
rw5016562,Hail Satan? (2019),4.0,3.416328844593045
rw4728485,The Queen's Corgi (2019),2.5,3.4786923235608
rw3601664,The Revenant (2015),2.0,3.374377914370099
rw5511110,Hunters (2020– ),1.0,3.687982194921984
rw6166613,Godless (2017),4.0,3.4746052595122605
rw2946695,Cadillac Ranch (1996),1.0,3.283749626900057
rw2842406,Ship of Theseus (2012),4.5,3.313857897191087
rw0525617,Cruel Intentions (1999),3.5,1.7946662676587304
rw5594932,Bad Boys for Life (2020),4.0,3.338100637736015
rw3796445,Tombstone (2017),0.5,3.3724465268352817
rw0311949,Reservoir Dogs (1992),5.0,3.2638091429586122
rw5037323,Once Upon a Time... in Hollywood (2019),3.5,4.063423880138142
rw0708876,Brotherhood of the Wolf (2001),5.0,3.3695377209825206
rw5472338,Once Upon a Time... In Hollywood (2019),3.0,3.7770264870509442
rw6119404,Bastille Day (2016),3.0,3.235566906417187
rw1824409,The Matrix Reloaded (2003),2.0,3.8568799293212086
rw5689936,You (2018– ),0.5,3.689943977479914
rw1624962,諾桑覺寺 (2007 TV Movie),4.5,3.4088537794340525
rw1660575,Gizelle (2006–2008),2.0,3.6227444341169095
rw2809688,Star Trek Into Darkness (2013),4.5,1.906947106422622
rw0683785,Gangs of New York (2002),1.0,3.2754438416731535
rw5043441,Yesterday (III) (2019),2.5,3.3210267433418057
rw1728269,I Now Pronounce You Chuck & Larry (2007),3.0,2.6548960452144215
rw0302932,Alien 3 (1992),4.5,1.5999443453560924
rw5567794,The Hunt (II) (2020),5.0,3.065129029520129
rw5989080,Gunjan Saxena: The Kargil Girl (2020),4.5,3.9731784882893266
rw4149303,LOL (2012),5.0,3.2504563310407413
rw4568177,Bad Times at the El Royale (2018),1.5,4.1417086697258405
rw5845245,The Last of Us: Part II (2020 Video Game),5.0,3.136149036151288
rw1838302,The Werewolf of Washington (1973),2.0,3.1576390324242434
rw4604241,IO (2019),3.5,3.2489983060441614
rw1764338,Weasels Rip My Flesh (1979),0.5,3.1027691863343057
rw5271743,About Endlessness (2019),3.5,3.4312962136140563
rw2391377,Hall Pass (2011),3.0,1.8599817673045955
rw5623350,Freakshow (2007 Video),3.5,3.24093003585663
rw1986911,Loser (2000),0.5,3.3263428657814296
rw1299088,House of the Dead (2003),2.5,1.7136267716079239
rw2959787,The Girl with the Dragon Tattoo (2009),4.5,3.190475401542678
rw3029314,Harsh Times (2005),1.5,1.7061878968839128
rw2264609,A Cry in the Night (1956),3.5,3.542031177004891
rw1710195,Hairspray (2007),4.0,3.331329794321686
rw3795699,The Deuce (2017–2019),0.5,3.2899623290048576
rw0515297,The Talented Mr. Ripley (1999),2.5,1.574343060981362
rw5070707,Fifty Shades of Black (2016),3.0,3.1438918278262107
rw2998198,The Raid 2 (2014),0.5,3.4235804796033786
rw6243841,Never Let Me Go (2010),5.0,3.307988027369019
rw1746225,Mr. Brooks (2007),3.5,3.7288481904975694
rw0717231,Harry Potter and the Sorcerer's Stone (2001),4.5,4.556538692146285
rw5597080,Belzebuth (2017),2.0,3.216097596399781
rw5447546,What's Your Number? (2011),3.0,3.4887912850754987
rw1422534,The Lion King (1994),5.0,4.5149078571461985
rw5556057,The Shining (1980),2.5,3.241799219385145
rw1115797,The War of the Worlds (2005 Video),3.0,3.335520747773897
rw2136680,Dorian Gray (1970),3.0,3.5412272955530275
rw6122331,The Chosen (2017– ),5.0,4.789802471031987
rw2288067,Mallrats (1995),4.5,3.1088592202418557
rw0908346,Tupac: Resurrection (2003),2.5,3.566573092132627
rw5489442,Lying and Stealing (2019),1.0,3.223205016981025
rw4401312,Disco Pigs (2001),5.0,3.033454224578123
rw0395228,Sgt. Bilko (1996),1.5,3.5171696900357983
rw1627262,龍騎士 (2006),5.0,1.9367252259912782
rw1575691,More Than a Secretary (1936),2.0,3.4302442938441677
rw3433966,And Then There Were None (2015),3.0,3.3077870695430267
rw0116056,The Devils (1971),0.5,3.2210990254831557
rw4853120,Happy Death Day 2U (2019),0.5,3.137127185662606
rw2779464,Deal of a Lifetime (1999),3.5,3.6579175155535726
rw3416043,Deadpool (2016),4.5,3.913881457054642
rw5658284,2001: A Space Odyssey (1968),4.0,3.8879021656486477
rw5444990,Queen & Slim (2019),4.5,3.4047301169072743
rw1613108,Estória do Gato e da Lua (1997),4.0,3.7131694871518395
rw1465851,Miracles (1986),4.5,3.382003621583248
rw3368346,5 to 7 (2014),2.5,3.460326662037904
rw1327447,Yathrakarude Sradhakku (2002),4.5,3.5051238139050263
rw5180495,Fractured (I) (2019),4.0,4.183065688371549
rw6143456,The Glorias (2020),5.0,3.2483828393677405
rw1124283,The Reflecting Skin (1990),5.0,3.3280512494699077
rw5473199,Grey's Anatomy (2005– ),2.5,3.2998357925754487
rw4737136,He's Out There (2018),1.5,3.2200295104581738
rw4006121,Backyard Ashes (2013),0.5,3.3914218980270605
rw3351892,The Collection (II) (2012),2.5,3.2225044779081102
rw1915493,Citizen Toxie: The Toxic Avenger IV (2000),3.0,4.175941106272108
rw3786646,Amelia 2.0 (2017),4.0,3.396412666809689
rw5404386,WWE Raw (1993– ),5.0,3.2535456295489045
rw5475705,Disturbing the Peace (2020),0.5,3.300028913105354
rw1978398,Planet Earth (2006),5.0,3.4554360801643775
rw2933941,The Past (2013),4.0,3.23868959646985
rw4331175,Nocturnal Animals (2016),4.5,3.9000589173390705
rw2631249,Iron Sky (2012),3.5,3.7995068604113444
rw3067186,The Notebook (2004),4.5,4.5110409915052925
rw2676738,Kennwort... Reiher (1964),5.0,3.7131694871518395
rw2640273,Red Rose of Normandy (2011 Video),5.0,3.3545253999568283
rw0055851,Oklahoma! (1955),5.0,3.42578224210126
rw2757760,Bloody Mama (1970),2.0,3.4943415858545976
rw1548248,Wild at Heart (1990),4.0,4.255221410770283
rw5855113,Life in Squares (2015– ),3.0,3.404072673777331
rw1249438,Babam ve Oglum (2005),5.0,3.409007159305953
rw3344869,The Subjects (2015),3.5,3.1958025359479167
rw0633139,Blade II (2002),4.0,4.160745703790048
rw4097977,The Beguiled (2017),1.5,3.236132693087195
rw2572864,The House of the Seven Gables (1940),3.0,3.5642448919836536
rw2752051,詭屋 (2011),3.5,3.3138537854757484
rw3140442,Rocky Mountain (1950),3.5,3.3747036967378907
rw2199690,The 39 Steps (1959),2.0,3.315286961497388
rw1345449,Spun (2002),4.5,3.2818995645422575
rw4709381,Star Wars: Episode VIII - The Last Jedi (2017),5.0,2.7964341462487847
rw4899843,Wide Sargasso Sea (1993),3.0,3.3770226701406547
rw4956314,The F Word (I) (2013),4.5,3.344651938170692
rw1006144,The Life Aquatic with Steve Zissou (2004),5.0,1.7522352903436142
rw5004703,The Blind Side (2009),3.5,3.286847067305686
rw1167249,Passion (1954),2.0,3.289314972215909
rw6064716,Usagi Drop (2011–2012),5.0,3.3588838986589544
rw3074636,Godzilla (I) (1998),3.5,2.342524640575114
rw1490264,Audition (1999),5.0,3.2879699754155856
rw3810472,Jurassic World (2015),3.0,3.108408534834455
rw0899715,The Passion of the Christ (2004),0.5,3.0644453677678865
rw6392504,The Midnight Sky (2020),2.0,2.893114970080041
rw4100211,Ask Me Anything (2014),3.5,3.2290051132162527
rw2061666,It Happened One Night (1934),4.5,3.4427139859149336
rw3488354,The Savage Five (1974),4.5,3.5234117508284104
rw3212878,Do You Believe? (2015),4.0,3.332805302424691
rw1316034,Cinderella (1950),1.5,3.5056556931323586
rw0272099,Lethal Weapon 2 (1989),4.5,1.705485069132351
rw0446692,The Mummy (1999),3.5,3.245148388525843
rw4098323,Martyrs of Marriage (2016),5.0,3.7131694871518395
rw3086190,Before I Go to Sleep (2014),3.5,2.9418021965684256
rw4174948,Kaleidoscope (II) (2016),2.0,3.2440484183546396
rw5789299,KD (A) Karuppudurai (2019),4.0,3.687982194921984
rw5535951,Her Name Was Christa (2020),4.5,3.3486536812852457
rw3780369,Annabelle: Creation (2017),3.5,3.326252813439415
rw1178238,Charlie and the Chocolate Factory (2005),3.5,4.239784550947418
rw0965683,...And God Created Woman (1956),3.5,3.4106575264375425
rw4468635,Alien Addiction (2018),5.0,3.2668378394127267
rw3726224,A Dog's Purpose (2017),5.0,3.406657905054064
rw0307010,Educating Peter (1992),5.0,3.6579175155535726
rw1324830,The Deadly Bees (1966),2.0,3.299145577849804
rw1079752,13 Seconds (2003 Video),3.0,3.0954936229854537
rw5984708,Toast (2010 TV Movie),1.5,3.4008301064573607
rw3222794,The Shawshank Redemption (1994),4.5,4.847796758927353
rw3024268,One Direction: This Is Us (2013),5.0,3.3490116851651486
rw0522900,The Astronaut's Wife (1999),1.0,3.233778055196019
rw5527474,Private Practice (2007–2013),4.5,3.416448462816128
rw3511506,Star Trek Beyond (2016),4.5,3.217311908899482
rw3457079,Adam's Rib (1949),2.0,4.075684637745476
rw5567016,The Girl with the Dragon Tattoo (2011),4.0,3.3487612597566123
rw1350713,Lucky Number Slevin (2006),4.0,3.2599946382905913
rw4298697,Extinction (2018),3.5,3.235205182210399
rw0793751,Not Another Teen Movie (2001),4.5,3.4003236425464003
rw5396763,Uncut Gems (2019),3.0,3.0101046505283504
rw0111810,The Interview (1970 TV Movie),3.5,3.4661264013044097
rw2962753,Idiocracy (2006),5.0,4.216697619423024
rw4055373,The Open House (2018),0.5,3.0752373100730828
rw2305118,The Boxer (2010),0.5,3.270306332657094
rw5619095,Contagion (2011),4.5,3.261636795427771
rw2666339,Keith Lemon: The Film (2012),0.5,3.531743240999583
rw5067705,Damages (2007–2012),4.0,3.2979570824877857
rw5978154,Work It (2020),4.0,3.187278112791771
rw3032550,Frozen (I) (2013),1.0,4.1769597775643375
rw2329405,Schindler's List (1993),3.5,1.7425899396320126
rw4686044,12 Angry Men (1957),5.0,4.548527407713522
rw5622670,The Invisible Man (I) (2020),1.5,3.407044536526973
rw6070494,Die Screaming Marianne (1971),2.0,3.3074828972754275
rw1980067,The Boy in the Striped Pajamas (2008),5.0,3.3572234661310243
rw0272016,Leningrad Cowboys Go America (1989),5.0,3.410425063991838
rw4553709,Vice (I) (2018),4.0,2.3033132068650497
rw2110695,The X Files: I Want to Believe (2008),3.5,3.238123590184981
rw3192718,Gone Girl (2014),4.0,3.1473656360364908
rw6082137,I's (2013),0.5,3.3490116851651486
rw1402503,Karas: The Prophecy (2005 Video),4.0,3.5440390348813757
rw2354973,Holiday from Rules? (1958),2.0,3.1559204873467173
rw2674023,4:44 Last Day on Earth (2011),1.0,3.101292637597259
rw2035187,Mr. Brooks (2007),3.5,3.7288481904975694
rw2372967,A Serbian Film (2010),4.5,3.1502481609624935
rw4442124,The Good Cop (2018),4.5,4.177145594853272
rw2895206,Office Space (1999),4.5,3.681979755107217
rw5044427,Pokémon: Detective Pikachu (2019),4.0,3.58077635337428
rw0969073,The Ten Commandments (1956),3.5,3.517310029368657
rw5236563,Watchmen (2019),4.5,2.4316312034002965
rw1973846,Quantum of Solace (2008),4.0,3.238114589897317
rw1788661,A Real Young Girl (1976),2.0,3.3488750956080926
rw2408311,La casa muda (2010),0.5,2.988177996021333
rw0962335,Once Bitten (1985),2.5,3.4484250668949064
rw0796697,Spider (2002),3.5,3.3717281989033694
rw0612176,Metal Gear Solid (1998 Video Game),5.0,3.6579175155535726
rw5885584,Pretty Woman (1990),3.5,3.2930997511545566
rw3831507,The Kid (1921),4.0,3.5193237850087944
rw1641318,Moby Dick (1956),3.5,3.27693386456571
rw3851470,The Holcroft Covenant (1985),1.5,3.303532440165608
rw3327252,The Martian (2015),4.0,3.2855783485418413
rw4110502,Showgirls (1995),2.5,3.384095794943548
rw5822496,Little Giants (1994),3.5,3.482182578772263
rw1056347,I Passed for White (1960),4.0,3.388682647154636
rw1833099,The Bank Job (2008),5.0,3.7589207657927255
rw0257960,Hellbound: Hellraiser II (1988),4.5,3.179056778658521
rw2577950,The New World (2005),4.0,3.28922262798842
rw3824817,Blade Runner 2049 (2017),5.0,3.6901617572007805
rw0669148,Clerks (2000–2001),4.0,3.4592806087458623
rw4812390,Avengers: Endgame (2019),3.0,4.214504322835887
rw6128596,The Shawshank Redemption (1994),5.0,4.606172111049922
rw2836509,Union Station (1950),4.0,3.4052846818007754
rw3379393,Star Wars: Episode VII - The Force Awakens (2015),3.0,2.4224359031302205
rw1253997,Terror Toons (2002 Video),0.5,1.7562682369070868
rw3458875,The A Word (2016– ),5.0,3.7131694871518395
rw0244815,The Hanoi Hilton (1987),2.0,3.4140112279157475
rw3001220,Captain America: The Winter Soldier (2014),4.0,2.885500433704787
rw1044311,Dogtown and Z-Boys (2001),5.0,3.2686208937165078
rw1807752,Anatomy Class (2000),3.5,3.102698677344357
rw5610045,Coffee & Kareem (2020),2.5,3.3176900390251145
rw0021193,The Big Premiere (1940),3.5,3.416000336010524
rw5683201,Interstellar (2014),5.0,4.379592122071484
rw5938431,Dil Bechara (2020),5.0,4.935224299202723
rw2369811,Mothlight (1963),5.0,3.3730362300838097
rw2994797,Boardwalk Empire (2010–2014),4.0,3.251432535835708
rw1701674,L.A.P.D.: To Protect and to Serve (2001),0.5,3.195245452364262
rw3655040,Logan (2017),5.0,3.6454696286171373
rw4205483,Ocean's Eight (2018),0.5,1.836689445887948
rw2098225,Titus (1999),3.5,3.2629846948917023
rw6242080,Sarah Cooper: Everything's Fine (2020 TV Special),1.5,3.2455039947932187
rw1066940,The Untouchables (1987),4.5,3.345890354838413
rw2551059,The Devil Inside (2012),0.5,3.1263036377669273
rw1232234,The Girl in the Café (2005 TV Movie),4.0,3.472204928173962
rw1564994,The Covenant (2006),1.0,1.876792235600127
rw3753076,Outlaws and Angels (2016),4.5,3.325803128688707
rw5590605,Pulp Fiction (1994),5.0,4.288225154362257
rw6075768,Mulan (2020),3.5,2.976445149911426
rw3376562,Star Wars: Episode VII - The Force Awakens (2015),4.0,2.4135571509593836
rw0871966,House of the Dead (2003),0.5,2.7253325773684294
rw0566869,Short Sharp Shock (1998),3.5,3.3002309659156355
rw2159282,What Ever Happened to Aunt Alice? (1969),3.5,3.1596454310866067
rw1083980,Nine Months (1995),4.0,3.3598712678657794
rw4222001,Call Me by Your Name (2017),4.0,3.3590044337875717
rw1121458,One Body Too Many (1944),2.5,3.366845182300318
rw0439975,Virus (1999),2.5,3.216288686882509
rw0975229,Wide Awake (1998),4.0,3.416578213116981
rw3189925,The Slap (2015),0.5,3.2906086727364707
rw0659633,Jaka Sembung (1981),3.0,3.46792790779823
rw5854737,Gladiator (2000),4.5,4.592097977544537
rw1204903,North Country (2005),5.0,3.1047747932071217
rw6450193,Honest Thief (2020),2.0,3.0556481079335898
rw1277674,Witchcraft X: Mistress of the Craft (1998 Video),4.5,3.1853109913287385
rw0509249,The Matrix (1999),5.0,3.520699504676457
rw4433902,Bohemian Rhapsody (2018),3.5,4.755995427472285
rw1576506,The Blue Max (1966),4.0,3.4734901821870645
rw3039068,Maleficent (2014),3.5,1.86593640570648
rw0898725,The Passion of the Christ (2004),5.0,1.211202225226402
rw5151294,唐頓莊園 (2019),4.5,3.2567852958970724
rw4924189,I Am Mother (2019),5.0,3.2887845592706353
rw3361436,The Pelican Brief (1993),4.5,3.2884968042647564
rw1982171,Killer Nurse (2008 Video),2.0,3.7131694871518395
rw1227703,Rent (2005),1.5,3.3280484522361897
rw2733622,Balak Palak (2013),5.0,3.4246572610919737
rw3183365,Fifty Shades of Grey (2015),0.5,4.350719734745789
rw2383966,The Killer Inside Me (2010),4.0,3.133683612827834
rw3404547,Põrgu (1983),4.0,3.687982194921984
rw3338076,Eaters (2015),0.5,3.392230576699099
rw2360661,Titanic (1997),3.0,2.554837146172422
rw2229529,Inglourious Basterds (2009),3.0,2.63214305059177
rw1758771,Dawn of the Dead (2004),4.0,3.0941781720775983
rw2384707,Das Boot (1981),2.5,3.2616485744431096
rw5310551,小丑 (2019),5.0,4.82518029392608
rw6278275,Hunter x Hunter (2011–2014),5.0,3.5510507815423566
rw0385421,From Dusk Till Dawn (1996),1.0,2.9884547971065434
rw4515638,Fantastic Beasts: The Crimes of Grindelwald (2018),2.5,3.408932272376556
rw1252261,Lady Vengeance (2005),3.0,3.316925159088439
rw3757277,The Boss Baby (2017),2.5,3.4574309593758663
rw6140502,Enola Holmes (2020),1.5,4.1057705985029385
rw2764975,Iron Sky (2012),2.5,3.7995068604113444
rw4019759,Stanley Ka Dabba (2011),4.0,3.395111949164773
rw1361544,Mission: Impossible III (2006),5.0,3.414458053727939
rw5288701,Happy Endings Sleepover (2019),5.0,3.323231076345048
rw1884591,American Hardcore (2006),2.0,3.34721465844892
rw4438779,Beautiful Boy (I) (2018),4.0,3.563139260928761
rw5222908,The Lion King (2019),0.5,4.212399907434444
rw0357741,The Brothers McMullen (1995),4.0,3.207089994872057
rw5975970,See No Evil (2014– ),4.0,3.0779025715868906
rw3535824,The Neon Demon (2016),1.5,3.338518470944293
rw3594001,This Time for Keeps (1942),3.0,3.4135972554543423
rw1438928,The Descent (2005),3.5,3.3443708090099618
rw3785169,The Private Affairs of Bel Ami (1947),5.0,3.467471887204106
rw4534690,Cold War (2018),3.5,3.3947350332927315
rw2639758,All the Boys Love Mandy Lane (2006),2.0,3.1713271427392224
rw5737388,South Park (1997– ),5.0,4.312740826575777
rw3729995,It Comes at Night (2017),0.5,3.1909313212674593
rw0760343,Don't Say a Word (2001),3.0,3.2753300846086706
rw0425448,Meet Joe Black (1998),1.5,3.3178985399762113
rw2310125,The Hills Have Eyes (2006),0.5,3.278228645282028
rw4995543,Stranger Than Fiction (2006),5.0,3.388475691313011
rw3605387,American Honey (2016),5.0,3.350725952928079
rw2855926,Portrait of a Zombie (2012),3.5,3.1006692729237284
rw0253898,Akira (1988),4.5,4.620869561463355
rw1361106,Extreme Ops (2002),0.5,3.26432043993678
rw5937438,Dil Bechara (2020),5.0,4.555965914068464
rw5494280,Thalaivaa (2013),2.0,3.3940102262520906
rw1181369,The Trigger Effect (1996),3.0,3.2333026515540277
rw0534365,American Psycho (2000),4.0,3.729287804719524
rw6362561,The Family Man (2000),5.0,3.374597926758422
rw0386891,House Arrest (1996),5.0,3.2622281220340703
rw4739425,Captive State (2019),1.5,1.9764220571456257
rw0950945,Waking Life (2001),5.0,3.415665682046567
rw6407882,Wonder Woman 1984 (2020),2.5,1.6887973115745354
rw5641827,The Golden Horde (1951),2.0,3.4286381762987865
rw2431717,La sombra del ciprés es alargada (1990),3.5,3.3397092268366406
rw5130727,Alita: Battle Angel (2019),4.0,4.322184197639175
rw3228896,Violence (2015),4.5,3.550522873311771
rw3206132,The Equalizer (2014),4.0,3.3443373239315144
rw6031149,Rango (2011),4.0,2.0732596488332455
rw4830564,Consumer 101 (2018– ),0.5,3.3551614602148283
rw4522884,Gremlin (2017),5.0,3.3164910116368214
rw3034717,Charlie Countryman (2013),2.0,3.246351316567716
rw5620205,Money Heist (2017– ),2.5,2.606214050443918
rw0730746,Die Another Day (2002),3.0,4.047004676330957
rw1734961,Wiseguys vs. Zombies (2003 Video),1.0,3.2496813188883986
rw3019349,One Humanity (2014),4.5,3.6227444341169095
rw3855218,The Purge: Election Year (2016),3.5,3.280022855487434
rw2033068,Watchmen (2009),5.0,2.517117952547083
rw0077952,Lawrence of Arabia (1962),5.0,3.4476898304478505
rw0115993,Demons of the Mind (1972),3.5,3.2527511523158563
rw1105161,Mr. & Mrs. Smith (2005),4.5,3.4081939640967667
rw1378485,The Da Vinci Code (2006),3.0,3.3590127602242927
rw2662424,The Perfect Husband: The Laci Peterson Story (2004 TV Movie),3.0,3.2306595817812696
rw5124456,The I-Land (2019),5.0,3.3132908378025236
rw3363129,Ben 10 (2005–2008),4.5,3.504141557087884
rw2848179,Chennai Express (2013),3.0,3.5387572920317774
rw4237602,Dallas Buyers Club (2013),5.0,3.7497325043019205
rw1795617,Ben-Hur: A Tale of the Christ (1925),3.5,3.3879932519593123
rw1575954,The Texas Chainsaw Massacre: The Beginning (2006),4.0,2.0814676074028298
rw4188364,Hamilton: One Shot to Broadway (2017),0.5,3.368708566944534
rw4761083,Captain Marvel (2019),4.5,3.742091016647749
rw1451447,FleshEater (1988),2.0,3.295936702719814
rw0992117,Alien vs. Predator (2004),5.0,3.2359103601159243
rw4386160,Venom (2018),4.5,3.9404391564435692
rw0882348,The Last Samurai (2003),5.0,3.3885770997322515
rw4549868,K.G.F: Chapter 1 (2018),5.0,4.230441900420607
rw0382526,Dream for an Insomniac (1996),5.0,3.2575150407970423
rw0699073,The Others (2001),5.0,3.7161479731775175
rw4259778,Mission: Impossible - Fallout (2018),5.0,3.182759577165425
rw1395238,Napoleon Dynamite (2004),5.0,3.54557355418724
rw3714860,Alien: Covenant (2017),2.5,3.8072964289403433
rw6351205,The Shawshank Redemption (1994),5.0,4.610286755071616
rw5383492,Unbelievable (2019),4.5,3.2277281171665004
rw4184689,The Lost Viking (2018),2.0,3.370118492373996
rw2234152,The Time Traveler's Wife (2009),3.5,3.275362328057071
rw2010183,Secrets (1924),5.0,3.235322246629575
rw2771597,Battleship (2012),1.0,3.2585440115586697
rw1682851,Eragon (2006),0.5,3.643665220694764
rw3631309,The Lost World: Jurassic Park (1997),4.5,3.745725111890138
rw0879788,RFK (2002 TV Movie),4.0,3.3322424003169635
rw5735469,Uncut Gems (2019),0.5,3.2218162428383565
rw5010230,Crawl (I) (2019),3.5,3.810273712676661
rw0902156,Eternal Sunshine of the Spotless Mind (2004),4.5,3.4881366949130883
rw2159644,J.T. (1969 TV Movie),4.5,3.276097106320456
rw6273157,Gunjan Saxena: The Kargil Girl (2020),0.5,3.9731784882893266
rw4271350,Fanney Khan (2018),2.0,3.474161521899074
rw1412935,L'année des méduses (1984),4.0,3.39365956987144
rw5836347,The Tiger (2015),4.0,3.4675720757668755
rw4838556,Maharshi (2019),5.0,3.402774532770713
rw4007652,The Road Is Jericho: Epic Stories & Rare Matches from Y2J (2015 Video),5.0,3.4048653704216814
rw2344470,Orange (2010),3.5,3.4849109317352083
rw1526082,Arabesque (1966),0.5,3.329635597870188
rw2503233,False Innocence (2009 TV Movie),3.5,3.718405659714959
rw4289001,Til Death Do Us Part (II) (2017),0.5,3.084607825910891
rw0983539,Gypsy 83 (2001),5.0,3.2036012060059735
rw4245819,Skyscraper (2018),3.0,3.169559384080739
rw1875375,Barbie Diaries (2006 Video),3.0,3.4023892768555664
rw4561312,The Bold and the Beautiful (1987– ),1.5,3.306748667253021
rw2025904,Pygmalion (1938),3.5,3.4508611629706474
rw6013597,The Patriot (2000),5.0,3.3555069434032507
rw5619757,Basic (2003),3.5,2.5424109389430543
rw6311339,Broadway Melody of 1940 (1940),4.5,3.4028928301528363
rw4864291,Pirates of the Caribbean: At World's End (2007),5.0,3.9702739234287603
rw3253253,Interstellar (2014),4.0,4.027130743261848
rw1713282,A Few Good Men (1992),3.0,3.2584813852141843
rw0063021,The Unearthly (1957),1.0,3.3021003412998766
rw3544810,Birdman or (The Unexpected Virtue of Ignorance) (2014),4.0,3.68391684322382
rw1343179,In the Mouth of Madness (1995),4.0,3.4195167609107413
rw4584483,The Blacklist (2013– ),3.0,3.316436881706358
rw3377664,The Ridiculous 6 (2015),3.5,3.314182447294779
rw0297712,Oscar (1991),4.5,3.477248812865609
rw2600181,A Separation (2011),5.0,3.365337459701194
rw6017273,Flesh (2020),5.0,3.843299547522973
rw0065721,She Demons (1958),1.5,3.2636935344939237
rw1304418,Women in Revolt (1971),5.0,3.439804443829045
rw0755321,Panic Room (2002),4.0,3.116335327151688
rw4736962,The Order (2019–2020),4.5,3.687982194921984
rw4063799,Get Out (I) (2017),4.5,3.15340248605883
rw0675304,A.I. Artificial Intelligence (2001),2.0,3.5211660696574305
rw6381093,The Godfather (1972),5.0,4.6519783503091885
rw4911948,Chernobyl (2019),5.0,4.599081915213517
rw3781509,Van Helsing (2016– ),2.5,2.837964699176455
rw0321180,Falling Down (1993),4.0,3.378338303406993
rw3080224,Lone Survivor (2013),1.5,3.1373590879842475
rw3034597,The Devil's Backbone (2001),5.0,3.485030300221931
rw2030346,Our Daily Bread (2005),0.5,3.3676321101057054
rw1829421,The Sopranos (1999–2007),4.5,4.0981118860633785
rw1636471,Kaw (2007),2.5,3.208072215797552
rw2200449,Shkola (2010),5.0,3.423095797426454
rw3816972,The Godfather (1972),5.0,4.544421269357256
rw2452695,The Experiment (2010),3.0,3.2096334988520985
rw3079487,A Disney Christmas Gift (1983 TV Special),4.5,3.5291852793389142
rw0627350,The Blair Witch Project (1999),3.5,3.68485675402888
rw1364586,Stinger (2005),0.5,3.330661906499848
rw1536833,Siegfried & Roy: The Magic Box (1999),3.0,3.2460673914946483
rw3863538,The Punisher (2017–2019),4.0,3.424083141617842
rw1947711,Righteous Kill (2008),1.5,2.4657826041949304
rw3832112,Justice (II) (2017),0.5,3.287234703984619
rw1074745,The Funhouse (1981),3.5,3.3155385746410557
rw1680693,The Lake House (2006),1.0,2.3059745591208007
rw3354008,The Stanford Prison Experiment (2015),4.0,3.4832411246926047
rw3765551,A Date for Mad Mary (2016),4.0,3.384494679829718
rw5307677,鋒迴路轉 (2019),3.5,3.4193978714086217
rw5743958,Life (I) (2017),2.5,3.2557863707175687
rw5453089,Get Hard (2015),5.0,3.2705184973968087
rw4524220,Zero (III) (2018),2.0,4.228851956328246
rw3103031,The Purge: Anarchy (2014),4.0,3.2224360995424113
rw1867942,Spy Kids 3: Game Over (2003),2.5,3.3421916537868253
rw4061690,Your Move (2017),4.5,3.1845792103958925
rw1932593,Welcome to the Jungle (2007 Video),1.5,3.127408056673548
rw4593404,Glass (2019),5.0,3.853034193097985
rw6279967,Mum Bhai (2020– ),5.0,3.041329398727249
rw0086533,"One Potato, Two Potato (1964)",5.0,3.267608962821626
rw1329154,Experiment (2005),4.0,3.1513300668274606
rw3806823,Snowden (2016),3.5,3.4275865596672093
rw0458954,The Lord of the Rings: The Fellowship of the Ring (2001),5.0,2.882402877896128
rw0779063,Thirteen Conversations About One Thing (2001),4.5,3.2377274276992836
rw3644886,The Founder (2016),3.5,3.2788064117838616
rw5448991,John Henry (2020),3.5,1.9006247618037915
rw4673701,Mary Queen of Scots (2018),0.5,3.323727713341247
rw1545854,Clash by Night (1952),3.0,3.2645334906980854
rw4850398,Matriarch (I) (2018),2.5,3.3278798318538705
rw6172688,Murder Mystery (2019),4.0,3.1017353920952844
rw5506067,Dungeon ni Deai wo Motomeru no wa Machigatteiru Darou ka (2015– ),5.0,3.303127879510453
rw0179358,Resurrection (1980),4.5,3.258018019772179
rw6171520,Bob the Builder: Mega Machines (2017),5.0,3.498856597426616
rw5231774,Fun with Dick and Jane (2005),0.5,3.27091340128937
rw2909548,Too Perfect (2011),1.5,3.6227444341169095
rw5805846,Deep Impact (1998),3.0,3.2145572088893584
rw4996939,Dark (2017–2020),4.0,3.804646555645278
rw1951765,The Thing (1982),5.0,3.130826937357447
rw1085936,Revelation (2001),2.0,3.297865227379046
rw5746340,John Henry (2020),0.5,3.5649084817002725
rw5717853,Hold the Dark (2018),1.5,1.8729101595238686
rw3724423,The Prophecy II (1998 Video),2.0,3.3374724191949614
rw0165011,1941 (1979),4.5,3.6227444341169095
rw1545829,Motel Hell (1980),5.0,3.064728559254765
rw5704447,Manifest (2018– ),0.5,2.2493893215080853
rw0363285,Halloween: The Curse of Michael Myers (1995),3.5,3.13470902877979
rw5352540,Hand of God (2014–2017),4.5,3.5894474295859027
rw3814017,Bushwick (2017),3.5,3.3170723746867785
rw2792903,Prometheus (I) (2012),2.5,1.1214392435808278
rw4512320,Destination Wedding (2018),1.0,3.2431359371041744
rw3098329,Catch-22 (1970),3.5,3.250914953689815
rw2864870,The Home Front (1943),3.5,3.6579175155535726
rw5373451,Messiah (2020),4.5,3.7131694871518395
rw1171748,Star Trek: Voyager (1995–2001),4.0,3.957031850365673
rw3585574,Mothers and Daughters (2016),3.0,3.307356610949487
rw2734674,金剛 (1933),5.0,3.4864295294997922
rw3352704,Love the Coopers (2015),1.0,3.3429979344883893
rw0326155,The Nightmare Before Christmas (1993),5.0,3.219519827799304
rw0867668,Bruce Almighty (2003),5.0,1.881607223479091
rw4104082,Blade Runner (1982),5.0,3.4193120574243454
rw3548353,Actor in Law (2016),4.0,3.372169872079244
rw1648579,Boys' Night Out (1962),1.5,3.4700961906366836
rw2766636,The Last Exorcism 2 (2013),3.0,1.9026808414556358
rw5972882,Love Is Blind (2020– ),2.5,3.283475188099161
rw0969418,The Godfather (1972),5.0,4.544421269357256
rw5456160,John Wick: Chapter 3 - Parabellum (2019),1.0,3.092384422382259
rw2794982,Gippi (2013),2.5,3.7133305136110555
rw2246584,Cannery Woe (1961),4.0,3.272789537147463
rw5724105,Satellite Shankar (2019),5.0,3.347863818947918
rw5979149,Out of Sight (1998),2.5,3.163920965020756
rw6138996,Star Trek First Frontier (2020),4.0,3.2321110668934034
rw5916126,Kal Ho Naa Ho (2003),5.0,3.1921875712154715
rw1004736,Sergeant York (1941),5.0,3.338473464020068
rw2451243,Transformers: Dark of the Moon (2011),3.5,1.8811749673123637
rw5304264,De Palma (2015),5.0,4.207315725833198
rw4181159,Sara's Notebook (2018),5.0,3.4226284735382815
rw5193244,God Friended Me (2018–2020),5.0,4.494812957999892
rw4185902,Bella and the Bulldogs (2015–2016),0.5,3.431757179765616
rw3233296,House of Cards (2013–2018),5.0,3.36700377033017
rw2423890,The Brute Man (1946),2.0,3.4809194962275147
rw4410478,Halloween (I) (2018),5.0,2.920386409287416
rw1340441,Drunken Master (1978),2.5,3.42176001527704
rw0328331,Schindler's List (1993),0.5,3.448783638039135
rw2352828,La faute à Fidel! (2006),3.5,3.4474086181279477
rw6332110,Black Christmas (2019),1.0,3.2770740556029927
rw4357787,Christopher Robin (2018),3.0,3.5310744659796103
rw3276374,Black Swan (2010),4.0,3.1063650379846384
rw1628228,Barbary Coast (1935),3.5,3.352540059871405
rw5547753,Aquaman (2018),4.0,2.642617887560159
rw2705809,Katalin Varga (2009),3.5,3.3389894048045288
rw5461471,Burn Notice (2007–2013),5.0,3.3721684497917734
rw0965941,National Treasure (2004),4.0,3.1085165730228073
rw0750688,Possession (2002),2.0,3.2638673996772494
rw1587402,Evil Dead II (1987),4.0,3.3707766504965555
rw2338596,The Odd Couple (1968),4.5,3.497280097505275
rw3462560,Bourek (2015),5.0,3.2699469301760358
rw1497701,We Who Are About to Die (1937),4.0,3.718405659714959
rw0048475,Ambush at Tomahawk Gap (1953),3.5,3.34765619695832
rw2081366,Riding Alone for Thousands of Miles (2005),5.0,3.491230562643768
rw6435044,Speed (1994),4.0,4.165005330598219
rw5604720,Meet the Parents (2000),5.0,3.4788772217204302
rw6283912,One of Our Aircraft Is Missing (1942),3.5,3.3747428123182353
rw5596669,Jay and Silent Bob Reboot (2019),3.5,3.298587778803354
rw0950776,Clueless (1995),4.0,3.2788003078379804
rw5905524,Goodfellas (1990),5.0,4.199141298565637
rw3785572,The Defenders (2017),3.0,3.403298286102108
rw5864115,Marco Polo (2014–2016),5.0,3.3101343915550197
rw4573080,The Sopranos (1999–2007),5.0,3.9880016226127637
rw5918128,The Other Lamb (2019),1.5,3.050258837365479
rw1755183,The Phantom of the Opera (1925),5.0,3.4742237028050167
rw1861259,A Night Out (I) (1915),3.0,3.5166032933880587
rw6156263,Daniel Sloss: X (2019 TV Special),5.0,3.2625135432622123
rw0792631,Dogville (2003),5.0,3.494271245871552
rw0666537,The Mummy Returns (2001),4.0,1.8891366048244
rw4615549,Spider-Man: Into the Spider-Verse (2018),4.5,4.443994857372394
rw6019842,The Gone Game (2020),4.0,3.718405659714959
rw3122717,Il mio viaggio in Italia (1999),2.0,3.361698134984397
rw5102645,Northern Pursuit (1943),1.5,3.4012537196510393
rw3456783,Everybody Wants Some!! (2016),4.5,3.392068294773048
rw3026448,A Million Ways to Die in the West (2014),3.0,4.285887078334909
rw4249086,Operazione Goldman (1966),3.5,3.3185749606913246
rw4430195,Nicotine (II) (2016),4.0,3.3075164609993255
rw5857724,Freaks (2018),4.0,3.3135233345526367
rw2080376,Me and You and Everyone We Know (2005),1.0,1.936270424246532
rw5875754,Fantastic Beasts and Where to Find Them (2016),0.5,3.2947486882072408
rw6131918,Bala (2019),3.5,3.4748819763801344
rw4857881,Home (II) (2015),5.0,2.953980868523231
rw5403003,A Killing in a Small Town (1990 TV Movie),3.5,3.3347685584767546
rw3869285,Shut Eye (2016–2017),4.0,3.718405659714959
rw2176182,阿凡達 (2009),5.0,3.203164889509853
rw2958170,Drishyam (2013),4.5,3.376878821120976
rw2607816,The Rose (1979),3.5,3.540005125351388
rw6272702,The Trial of the Chicago 7 (2020),4.0,3.2282756485819073
rw4554522,Annihilation (2018),4.5,4.028673901276339
rw2588584,The Hunger Games (2012),2.0,2.0771381303553933
rw2448241,Entourage (2004–2011),5.0,4.385862508960785
rw2069712,Skippy (1931),4.0,3.513616215208224
rw2123381,National Lampoon's Animal House (1978),4.0,3.450016662153059
rw0575468,Stuart Little (1999),0.5,3.4677887873163646
rw5139559,"Hello, Privilege. It's Me, Chelsea (2019 TV Movie)",0.5,3.3357408073260597
rw6289761,Northern Exposure (1990–1995),5.0,3.687982194921984
rw1477226,When a Stranger Calls (2006),5.0,2.3459980313937563
rw1544313,Waterloo Bridge (1931),4.0,3.420072468295072
rw3296144,Taxi Driver (1976),5.0,3.6594115463896286
rw4600150,United 93 (2006),3.5,1.686325041805691
rw2045351,Role Models (2008),4.0,3.9514875747086307
rw4299382,The Sea of Trees (2015),2.0,3.2069503711521796
rw3789949,Killing Ground (2016),3.0,3.345503871408188
rw4094328,The Thirteenth Chair (1929),1.0,3.426240024163798
rw4256946,Ready Player One (2018),2.5,3.213092921309969
rw2943290,Star Wars: Episode IV - A New Hope (1977),2.5,3.3632537039370707
rw1228683,Harry Potter and the Goblet of Fire (2005),4.0,3.202304402561866
rw5692042,Normal People (2020),4.5,3.718405659714959
rw2497653,"The Good, the Bad and the Ugly (1966)",4.5,3.4165372593101244
rw6204304,Books of Blood (2020),1.0,3.2778357449278293
rw1376479,X-Men: The Last Stand (2006),2.5,3.23795276151465
rw1794141,Love Actually (2003),2.5,3.435237364192511
rw5219607,Fractured (I) (2019),5.0,3.4669069514749946
rw1900279,The Last Big Thing (1996),0.5,3.3612708030258704
rw5261677,See (2019– ),3.0,2.246216013608332
rw2855147,Blue Jasmine (2013),5.0,3.3576629745641013
rw6092662,The Way I See It (2020),4.5,3.3457502689211456
rw0093392,Finders Keepers (1966),2.5,3.502175420580146
rw1835651,Hot Dog (II) (1930),1.5,3.3188873751092145
rw3401796,The Outlaw Michael Howe (2013 TV Movie),1.5,3.4416617590672756
rw4379061,The Disaster Artist (2017),4.5,1.8160419550802018
rw5328925,Le notti bianche (1957),5.0,3.367947876882576
rw0656824,Spiders (2000),3.0,3.121228920368928
rw4996126,The InBetween (2019),0.5,3.368205985181912
rw4578767,Joysticks (1983),2.0,3.1806939204002003
rw3044046,Kill List (2011),0.5,3.1285108575291676
rw6210851,The Whittler (2020),1.0,3.37621812102919
rw4590981,Nocturnal Animals (2016),4.0,3.9000589173390705
rw5037115,Gangs of Wasseypur (2012),5.0,3.396940252130974
rw2920399,The Parallax View (1974),3.5,3.366106796778711
rw1123813,Charlie and the Chocolate Factory (2005),4.0,3.9779732725840606
rw4041772,The Tradesmen (2011),4.0,3.995753986693148
rw1381504,Bad Education (2004),5.0,3.4127826172201576
rw2064583,Star Trek (2009),2.5,3.1393835409149884
rw1030978,Mark of the Devil (1970),2.0,3.146917372702959
rw2308443,Nikita (2010–2013),1.5,3.6120052649389573
rw1074665,The Thing About My Folks (2005),5.0,3.4585243781221484
rw2153401,The Men Who Stare at Goats (2009),4.0,3.456979286495373
rw2055285,American Violet (2008),2.5,3.3279477701793265
rw5920198,Love Life (2020– ),5.0,3.6227444341169095
rw3554195,Operation Mekong (2016),5.0,3.102811339718771
rw0065766,Some Came Running (1958),4.0,3.3507746706852437
rw4830136,The Blackcoat's Daughter (I) (2015),3.5,3.4045437516349493
rw4702138,Captain Marvel (2019),5.0,2.9569459461036316
rw1578195,The Covenant (2006),3.0,1.876792235600127
rw4080699,The Greatest Showman (2017),4.5,3.704515487108817
rw4344184,Game of Thrones (2011–2019),5.0,3.0398791600408823
rw1451112,The Apostle (1997),5.0,3.4635286524426125
rw0077264,Gigot (1962),5.0,3.535017694203847
rw6168068,Interreflections (2020),5.0,3.2798534168420392
rw0986620,Highlander (1986),4.5,3.3029532280140805
rw4425078,Shimmer Lake (2017),4.5,3.067595273253192
rw3100421,Haider (2014),4.5,3.581636329591552
rw4298139,Inbred (2011),0.5,3.2477923226215277
rw0913694,De-Lovely (2004),5.0,3.303895701127988
rw3024252,The Tingler (1959),3.5,4.1981338968408455
rw4910745,Absolutely Anything (2015),3.5,3.262299729887648
rw3611545,Knight of Cups (2015),1.0,3.51486020810899
rw5583578,The Amazing Mr. Williams (1939),4.0,3.3031244214412365
rw0202324,Liquid Sky (1982),4.5,3.538742778421936
rw1169663,Kansen (2004),3.0,3.185220266669019
rw1533869,American Dreamz (2006),4.0,3.199450574372803
rw1475931,The Seven Year Itch (1955),5.0,3.481969848987422
rw5987174,Super Monsters (2017– ),5.0,3.3544380803638996
rw0046321,Above and Beyond (1952),4.5,3.4238135458708387
rw2246823,The Deer Hunter (1978),4.0,4.266053655803733
rw5514732,Intelligence (2020– ),0.5,3.192311549918843
rw5880860,Daredevil (2015–2018),5.0,4.239212314375402
rw1659614,Children of Men (2006),3.0,4.234771245081797
rw0108754,Popi (1969),5.0,3.369134543242372
rw0786393,L'adversaire (2002),4.0,3.433361801500311
rw3293215,Star Wars: Episode II - Attack of the Clones (2002),3.5,2.9799067921381486
rw4063037,The Lincoln Lawyer (2011),2.0,3.3272543916473185
rw1171790,I Am Dina (2002),5.0,3.1501398270066066
rw1112051,Fullmetal Alchemist (2003–2004),4.5,3.563141369891662
rw6385910,Four Weddings and a Funeral (2019),4.0,4.1130688927853125
rw3559247,The Siege of Jadotville (2016),3.0,3.171686046017509
rw5192123,I Spit on Your Grave (2010),1.0,3.2409073696678083
rw2996291,Delivery Man (2013),5.0,3.1653078424592285
rw2208123,Fast & Furious (2009),4.0,3.358326635694818
rw0746462,The Pianist (2002),4.5,3.299962983649715
rw5880924,The Rookie (1990),3.5,3.103218012572003
rw1419562,The Shawshank Redemption (1994),4.5,4.847796758927353
rw5228312,John Wick (2014),3.0,4.142538208514436
rw1077041,Tarnation (2003),4.0,3.1917254669509596
rw1394388,The Devil's Rejects (2005),5.0,1.5367023903546346
rw1384107,Four Brothers (2005),4.0,4.144615792013847
rw6245533,Paranormal (2020– ),3.0,3.393178317559885
rw1401790,End Game (2006),2.5,3.4820203826068954
rw4336871,If Beale Street Could Talk (2018),4.5,3.358502771792235
rw4407290,The Haunting of Hill House (2018),5.0,3.9793338006190453
rw0993127,Super Fuzz (1980),1.0,3.3812231420536882
rw0693326,Mistress Madeleine (1986),2.0,3.6579175155535726
rw3411985,The Imitation Game (2014),3.0,4.391551111247553
rw0512230,Planet of the Apes (2001),1.5,2.256528459572369
rw2690618,Wrong Turn 5: Bloodlines (2012 Video),0.5,2.9760017129004077
rw3455897,The Pyramid (2014),3.0,3.7466640220382263
rw1715845,Family Guy (1999– ),3.0,3.4008818807389947
rw4771989,The Code (2019– ),1.5,3.2767142729622054
rw6128338,Enola Holmes (2020),4.5,2.742542602315043
rw5884219,Sufiyum Sujatayum (2020),5.0,3.294057375284375
rw2484026,The Book of Eli (2010),0.5,3.0619969423429976
rw5910231,The Invisible Man (I) (2020),4.0,3.407044536526973
rw2537067,The Adventures of Tintin (2011),5.0,4.015755861912632
rw5063930,Parey Hut Love (2019),1.0,3.7131694871518395
rw5486173,High Fidelity (2020),5.0,3.2182512303370956
rw1918631,The Swimmer (1968),4.5,3.0624413158917188
rw2879674,East of Shanghai (1931),3.5,3.168247671290981
rw3465543,Locke (2013),5.0,3.514908075775956
rw3818305,Baby Driver (2017),4.0,3.779386423403522
rw2623838,One More River (1934),5.0,3.343909869273776
rw0599069,Gladiator (2000),5.0,4.5134579142605205
rw5483577,The Goop Lab (2020– ),3.5,3.3349094303418756
rw4930415,Good Girls (2018– ),4.5,3.40972476058674
rw1958577,The Zombie Diaries (2006),5.0,3.295118262158114
rw2338791,Morning Glory (2010),4.0,3.3214450487484037
rw1795114,16 Blocks (2006),2.5,3.6184482594807745
rw2533992,Sout-e payan (2011),3.5,3.6227444341169095
rw3745101,Amore tra le rovine (2015),2.5,3.4292112969866366
rw2898839,Seven Years in Tibet (1997),4.0,3.447598942361523
rw1401493,Nuvvostanante Nenoddantana (2005),4.0,3.3531748079129486
rw3195286,Maps to the Stars (2014),0.5,3.878679128010064
rw1031835,All That Jazz (1979),4.5,3.2781417203552285
rw0461372,The Lord of the Rings: The Fellowship of the Ring (2001),4.0,3.8055939757848503
rw5467026,Parasite (2019),5.0,4.397840239917009
rw2435157,The Taint (2011),4.5,4.252024705071366
rw3663043,The Student (2016),4.0,3.137650347642932
rw5010326,Lewis Black: Black to the Future (2016 TV Special),0.5,3.3041660542610907
rw1030929,Inseminoid (1981),3.0,3.4131682907800407
rw2143842,Where the Wild Things Are (2009),5.0,3.273717879242936
rw4073315,Star Wars: Episode VIII - The Last Jedi (2017),0.5,4.076794732443018
rw0595866,The Haunting (1999),0.5,3.060820213595253
rw1965675,Octopus (2000 Video),2.0,3.2766597329101126
rw1291037,Æon Flux (2005),1.5,3.7029733319501035
rw3466811,Theri (2016),5.0,3.209283432635477
rw4290991,Blade Runner 2049 (2017),4.5,3.534023133323235
rw3449402,The Lady from Shanghai (1947),3.5,3.356165185823459
rw3414190,Fury (2014),2.0,2.908690110652633
rw1310638,Saw II (2005),1.5,3.2317454377721075
rw0431204,Scream 2 (1997),5.0,4.111242957462802
rw1913337,The Dark Knight (2008),5.0,4.259743631333662
rw0701043,The Fast and the Furious (2001),2.5,3.332994198851979
rw2692023,Trash Humpers (2009),0.5,3.2339263640444376
rw4952616,Zombieland (2009),4.5,4.213927750448662
rw2320925,Madrasapattinam (2010),4.0,3.321811152443819
rw6450385,Chasing the Rain (2020),0.5,3.6579175155535726
rw5632916,Resident Evil (2002),3.0,3.926142330291042
rw1339322,The Benchwarmers (2006),0.5,3.263170252538423
rw3013408,Omar (2013),3.0,3.2555383822849775
rw5139515,A Slight Case of Larceny (1953),3.0,3.299881374860519
rw1179775,Funny Man (1994),4.5,3.306836563859229
rw4012909,The Shape of Water (2017),5.0,2.9569169255774033
rw0310179,Memoirs of an Invisible Man (1992),4.0,3.457591231682837
rw3703514,3 Generations (2015),2.5,3.41262128392187
rw5256669,Maleficent: Mistress of Evil (2019),4.5,3.1684205682269226
rw5446863,Clerks (1994),2.0,4.160370407072343
rw3812477,Baby Driver (2017),4.0,3.712446745973734
rw2916195,Krrish 3 (2013),5.0,3.2167079243412275
rw5765722,Fantasy Island (2020),1.0,1.6938742099455508
rw2970432,Dallas Buyers Club (2013),4.0,4.564053388168153
rw1852086,Little Women (1933),3.5,3.3415652992182783
rw3842791,Kingsman: The Golden Circle (2017),0.5,4.194986701293246
rw1107418,Les petits fils (2004),5.0,3.1384292031073984
rw0348502,The Shawshank Redemption (1994),5.0,4.610286755071616
rw4615103,Charmed (2018– ),0.5,3.2707485371869294
rw1280968,Plankton (1994 Video),3.0,3.352450053766666
rw2937947,The Portal (I) (2010),0.5,3.0317237817736116
rw1085851,American Beauty (1999),5.0,3.342648549416904
rw0658819,Dr. T & the Women (2000),1.5,3.478975813198546
rw1075774,Kingdom of Heaven (2005),3.5,3.450503218133602
rw3194901,Kingsman: The Secret Service (2014),4.5,3.3585840697555143
rw4521272,The 12th Man (2017),4.0,3.182413671446377
rw2208178,Ninja (2009),3.0,3.305746062832481
rw0237339,White Slave (1985),3.0,3.4337298776166034
rw3066491,Kissing Darkness (2014),0.5,2.95576134577967
rw2803221,Star Trek Into Darkness (2013),1.0,3.1156740103049465
rw0656681,One Night at McCool's (2001),3.5,3.2339636047022253
rw3101519,Time Out of Mind (2014),0.5,3.268069585572092
rw4992211,El hombre de al lado (2009),4.5,3.4222134239923077
rw4684412,Bodyguard (2018),4.5,3.1964391988163876
rw1636728,Panic in the Streets (1950),3.5,3.4883858817054842
rw0981940,And Justice for All (1979),4.0,3.3690170513830657
rw2563560,The Tree of Life (2011),1.0,3.348919540654515
rw0553053,Jawbreaker (1999),2.5,3.3202657434963108
rw2672160,The Man Who Knew Too Much (1934),4.0,3.4958051993949164
rw5776149,Public Enemies (2009),4.0,3.179095034643731
rw3771586,Girlfriend Killer (2017 TV Movie),2.5,3.2628482544901845
rw2101708,Transformers: Revenge of the Fallen (2009),1.5,1.349606031659491
rw4290612,Heathers (2018),5.0,3.358667377333605
rw4230878,The First Purge (2018),4.0,2.522545177409765
rw1049570,What I Want My Words to Do to You: Voices from Inside a Women's Maximum Security Prison (2003),5.0,3.4742253935309
rw1789285,The Thing (1982),5.0,3.130826937357447
rw4803945,Shazam! (2019),0.5,3.3709924110883245
rw3524731,The Get Down (2016–2017),4.5,3.271608894469438
rw0247978,No Way Out (1987),5.0,3.4108157938650345
rw6226003,Endless Corridor (2014),5.0,3.6579175155535726
rw5735954,The Shawshank Redemption (1994),5.0,4.602033806101574
rw5501774,The Last Man on Earth (1964),3.0,3.3149426212119004
rw1932675,Two Thousand Maniacs! (1964),3.0,3.182983249528745
rw1913802,Hopalong Cassidy Returns (1936),5.0,3.361696429082327
rw5053252,The Giant Gila Monster (1959),2.0,3.43489446229527
rw1477934,I Am a Sex Addict (2005),0.5,3.290944000861659
rw1675965,Army Wives (2007–2013),5.0,3.6579175155535726
rw4299340,Suburban Commando (1991),3.5,3.5206004255803673
rw4125479,Murder on the Orient Express (2017),2.5,2.742239226435263
rw6403807,Godmothered (2020),2.0,3.3279207541174505
rw0752716,Road to Perdition (2002),4.0,3.473502489307039
rw4095525,Brimstone (2016),4.0,3.211568554839847
rw1138973,Charlie and the Chocolate Factory (2005),5.0,3.9779732725840606
rw2425686,The Love Parade (1929),3.5,3.5953197603592337
rw6302103,Cinema Paradiso (1988),5.0,3.4497256057461017
rw1529741,That's Carry On! (1977),2.5,3.4909176004386024
rw0848064,Barbershop (2002),2.5,3.4572269376610394
rw1779110,The Love Letter (1999),3.5,3.390935575074803
rw3662008,Logan (2017),3.0,4.09893813718526
rw0599875,Gladiator (2000),4.0,4.592097977544537
rw1139581,Sky High (2005),4.0,3.382974232305983
rw4685612,Suppose They Gave a War and Nobody Came (1970),2.5,3.5566461946689945
rw3176709,Holiday: A Soldier is Never Off Duty (2014),5.0,3.1458865904982933
rw0265830,The 'Burbs (1989),5.0,3.265019691136302
rw3123171,The Dorm That Dripped Blood (1982),3.5,3.495714154705311
rw2184324,Bad Reputation (2005),1.0,3.3269570339089722
rw2349105,The Extra Man (2010),2.5,3.3574833868070115
rw0679026,Pearl Harbor (2001),0.5,1.9416798545446334
rw6004446,The Tax Collector (2020),3.0,3.223648664313798
rw4731850,Battlestar Galactica (2004–2009),5.0,4.453872179540768
rw2784578,Adventures in Babysitting (1987),4.0,3.2660529620265164
rw2767351,S. Darko (2009),5.0,3.285581412004511
rw4202790,BrainDead (2016),3.5,3.3141196795524643
rw2736792,Blood and Lace (1971),1.5,3.4427063478029627
rw5600382,The Guilty (2018),3.5,3.2231356054871085
rw5943199,Arbitrage (2012),3.0,3.155398075714503
rw0495664,Shrek (2001),5.0,4.210939587044289
rw4611100,Polar (I) (2019),5.0,3.7037408577958213
rw1669343,Catch and Release (II) (2006),2.5,3.354260789861941
rw3451925,Star Wars: Episode VII - The Force Awakens (2015),3.5,2.4890835211821893
rw6090734,Constantine (2005),3.0,3.408124394516923
rw3679372,Looking for Ms. Locklear (2008),4.5,3.329607514706839
rw3715249,The Americans (2013–2018),2.5,3.6579175155535726
rw2105016,The Farmer Takes a Wife (1935),3.0,3.3793177836947472
rw0606727,Galaxy Quest (1999),2.0,3.3356910609805417
rw6325664,The Christmas Chronicles: Part Two (2020),5.0,3.727944726642642
rw3518657,An American Rhapsody (2001),1.0,3.2679373694020644
rw1706782,Jesus Camp (2006),4.5,1.736769809625581
rw1016406,A Man for All Seasons (1966),4.5,3.4914349069652855
rw1113343,The Jerk (1979),3.0,3.5150781380685885
rw3408802,Shoah (1985),2.0,3.4177060994635
rw2086813,Transformers: Revenge of the Fallen (2009),0.5,1.634918317053974
rw1081790,Chaplin (1992),5.0,3.635226152857081
rw1427765,Relative Strangers (2006),4.0,3.3018407290197938
rw5200994,Primal (2019– ),5.0,3.1567961502937703
rw5210126,Arctic (2018),0.5,3.6489580537559987
rw0864346,Runaway Jury (2003),1.0,3.4050820125450763
rw4043947,Step Sisters (2018),4.0,3.197533887229026
rw3556016,True Blood (2008–2014),5.0,3.409384693173966
rw5454110,It Chapter Two (2019),0.5,3.3068380015524403
rw2568445,Beginners (2010),1.5,3.2512080746548793
rw5682799,Brazil (1985),5.0,4.2436021340877526
rw4173001,Carter & June (2017),4.5,3.116642283172491
rw3726045,The Mummy (2017),3.0,3.287813568493959
rw5525869,A Wakefield Project (2019),0.5,3.0733005788962675
rw6180435,Affenkönig (2016),3.0,3.393651535219611
rw3302264,Straight Outta Compton (2015),5.0,3.665513340488054
rw4720177,Stratton (2017),4.0,3.1650767957998265
rw6394089,The Midnight Sky (2020),4.0,2.1694601114392964
rw3720752,Forsaken (I) (2015),3.0,3.2278736038104663
rw3116422,Starry Eyes (2014),3.5,3.420680809469449
rw4599211,What the Bleep!?: Down the Rabbit Hole (2006),1.5,3.2232132157593787
rw2250665,Transformers: Revenge of the Fallen (2009),1.0,1.4610185347848987
rw6272372,Bloody Ballet (2018),2.0,3.3078812805144606
rw3226823,The Cabin in the Woods (2011),3.0,3.2925035624261185
rw3102740,Meet the Mormons (2014),5.0,3.2218229035929022
rw2082641,Transformers (2007),4.0,2.955630832073523
rw4227449,Justin Bieber: Never Say Never (2011),5.0,3.449117810441165
rw3365532,8 Million Ways to Die (1986),3.0,3.351167637760421
rw5147231,Bard of Blood (2019– ),5.0,3.402620530206268
rw3857761,Murder on the Orient Express (2017),3.0,2.8192663201892203
rw4110928,The Titan (2018),2.0,3.279413955507533
rw4321195,Star Wars: Episode III - Revenge of the Sith (2005),4.0,4.20412212078232
rw5671042,Extraction (2020),0.5,3.1404367072584605
rw0722553,The Man Who Wasn't There (2001),3.5,3.2556606885014174
rw6430060,Paurashpur (2020– ),5.0,3.718405659714959
rw0825348,X-Men 2 (2003),4.5,3.872877949801695
rw1916395,Airplane II: The Sequel (1982),3.0,3.303043978229924
rw5011250,Ardaas Karaan (2019),5.0,3.2684883225682944
rw3552192,Mr. Church (2016),5.0,4.111968688505511
rw5499705,Patriot (II) (2015–2018),5.0,4.201469713646692
rw0869935,Spider-Man 2 (2004),5.0,4.067948114577095
rw4838830,iMurders (2008),2.5,3.391162666794688
rw3736679,Bo Burnham: Make Happy (2016 TV Special),0.5,3.1526911763152383
rw5888474,Two Lovers (2008),5.0,3.3951414933746715
rw4431254,A Star Is Born (2018),2.5,3.0865540830353737
rw2406003,Wallander (2008–2016),4.0,3.444710493868187
rw1308953,Hackers (1995),0.5,3.1921110070121648
rw4796730,Destined to Be Ingested (2008),1.5,3.090647273212589
rw1809376,The Art of Travel (2008),4.5,3.4812857794063086
rw4427843,Smoke (2018–2019),4.0,4.2222940261816575
rw1541138,Pulp Fiction (1994),5.0,4.288225154362257
rw0038742,Portrait of Jennie (1948),5.0,3.4842287615169902
rw0673841,Tully (2000),5.0,3.188012186672138
rw2598964,The Glass Key (1942),4.5,3.587510361574478
rw3201786,Exodus: Gods and Kings (2014),0.5,3.329229012356057
rw3377816,In the Heart of the Sea (2015),3.5,3.679741744256343
rw4202873,The Last Guest (2017),3.0,3.154587089206136
rw2161891,破碎的擁抱 (2009),3.5,3.3898036407847467
rw0032935,The Picture of Dorian Gray (1945),3.5,3.4224962597419326
rw0427454,Nightwatch (1997),4.0,3.4983823960573663
rw4324464,The Nun (2018),0.5,3.244550748699108
rw6063540,Infidelity in Suburbia (2017 TV Movie),1.0,3.3605702474112666
rw3621020,The Legend of Tarzan (2016),4.0,3.3282476250892765
rw4259731,The Hangover (2009),0.5,3.3361968592300726
rw0677891,Pearl Harbor (2001),5.0,1.9416798545446334
rw1527964,Guest House Paradiso (1999),3.0,3.3684048752462203
rw3523802,You Only Live Twice (1967),4.0,3.225518843972714
rw3856586,Death on the Diamond (1934),4.5,3.420762996704033
rw5566159,One Way (IV) (2016),1.0,3.3026551929906547
rw0565722,Cast Away (2000),2.5,4.179600837355875
rw6297984,Run (I) (2020),3.5,3.1874719605366963
rw0179341,Raise the Titanic (1980),0.5,3.251377148617018
rw1735247,The Bourne Ultimatum (2007),1.0,3.387289172777596
rw6222432,Christine (1983),4.0,3.235416710061484
rw5992272,Gunjan Saxena: The Kargil Girl (2020),4.5,3.9038503210493327
rw3800720,It (I) (2017),4.0,3.881169374372829
rw0727829,Windtalkers (2002),0.5,3.2575589170604564
rw6104404,Dolly Kitty and Those Twinkling Stars (2019),5.0,4.224539366811942
rw4380824,The Best Exotic Marigold Hotel (2011),4.0,3.351279551103832
rw5548468,Spenser Confidential (2020),0.5,4.113238865545496
rw0843009,Hero (2002),2.5,3.94387238546456
rw1566944,Boy-Next-Door (2004),5.0,3.258533196378973
rw2373555,Nowhere Boy (2009),3.5,3.480920838834442
rw0153028,Exorcist II: The Heretic (1977),2.5,3.2099238134164882
rw3527008,Little Devils: The Birth (1993),3.0,3.455406024276034
rw0978931,Close Your Eyes (2002),1.5,3.1250314488495166
rw3836107,Baby Driver (2017),4.0,3.712446745973734
rw3192644,Drive In Massacre (1976),1.0,3.1558327682550944
rw4311680,Mamma Mia! Here We Go Again (2018),2.0,3.43074339579707
rw3869971,Coco (I) (2017),5.0,3.711192833714776
rw1335214,Oldboy (2003),0.5,3.336888364136629
rw5853675,Rurouni Kenshin Part I: Origins (2012),4.5,3.2473084734916298
rw3402765,Ti guan (1979),5.0,3.6579175155535726
rw5719602,Crossroads (1986),3.5,3.381828463503874
rw4132009,Jumanji: Welcome to the Jungle (2017),3.5,3.4283699506768937
rw4417817,The Haunting of Hill House (2018),4.5,3.9793338006190453
rw3000831,The Amazing Spider-Man 2 (2014),0.5,3.78287566643381
rw0545078,The Legend of Bagger Vance (2000),0.5,3.910895480436882
rw2624133,Skew (2011),0.5,3.3985496729357147
rw3831404,Insidious (I) (2010),3.0,3.1246007937788454
rw5450769,Anveshanam (2020),4.0,3.6227444341169095
rw5458820,Registe (2014),5.0,3.687982194921984
rw3290560,Tag (2015),4.0,3.3682646110895904
rw3078831,The Prince (I) (2014),4.5,3.247755603014788
rw1201353,Finding Nemo (2003),1.0,3.3811059285471488
rw3444377,The Hateful Eight (2015),2.5,2.3431199779624343
rw4408998,Gone (I) (2012),2.5,3.2076922328775384
rw4405866,Titans (I) (2018– ),0.5,3.754055111998586
rw0393931,The Rock (1996),5.0,4.124572386592622
rw1464565,Mountain Patrol (2004),5.0,3.3788957651567113
rw5658224,Over the Hedge (2006),2.0,3.4433947458441967
rw5381109,Tõde ja õigus (2019),5.0,3.130611210460353
rw4257527,The Shawshank Redemption (1994),3.5,4.847796758927353
rw4480994,Ralph Breaks the Internet (2018),2.5,3.7181396184844715
rw5120592,Dream Girl (III) (2019),4.5,3.3083189163352094
rw2966782,Wreckage (I) (2010),3.5,3.1118094641808853
rw1783205,Transformers (2007),1.5,3.2478403798792526
rw6018679,The Perfect Storm (2000),4.0,3.25556564272998
rw5491619,Adults in the Room (2019),5.0,3.371435408463956
rw6271363,Knock Knock (I) (2015),4.0,3.4100146008236822
rw3666892,The Blood Is at the Doorstep (2017),5.0,3.112671302072421
rw5585472,Sling Blade (1996),4.0,4.1844954065652455
rw4717513,Captain Marvel (2019),3.0,2.9569459461036316
rw1912745,The Dark Knight (2008),5.0,4.259743631333662
rw2269190,Accepted (2006),4.0,3.4264407506480756
rw2246249,Iron Man 2 (2010),4.0,3.226962551740838
rw0162704,Night Cries (1978 TV Movie),5.0,3.4095682632873117
rw1128401,War of the Worlds (2005),3.5,3.7562481795669065
rw0654845,Moulin Rouge! (2001),5.0,2.9173781140892348
rw2908779,Steamboy (2004),2.0,3.4476002865878095
rw2009415,Life Is Beautiful (1997),4.0,3.973200698907212
rw1150239,Four Brothers (2005),5.0,3.8121773796922795
rw3331145,Money Train (1995),3.5,3.4679552835459706
rw4940737,All Roads Lead (2013),1.0,3.718405659714959
rw3344136,Steve Jobs (2015),2.5,3.307817660117071
rw3232699,Black or White (2014),4.0,3.438561973379685
rw5936040,Dil Bechara (2020),5.0,4.563911290595238
rw3340087,The Purge (I) (2013),2.5,3.212442466988441
rw5409403,Bumblebee (I) (2018),3.0,3.3031934236870777
rw1653006,FTV (1985– ),5.0,3.6227444341169095
rw2547621,Catwoman (2004),0.5,1.743044166420884
rw2135419,Eraserhead (1977),2.5,3.356816097657995
rw1456590,Mulholland Dr. (2001),3.5,2.7114607523947507
rw6083425,Away (2020),0.5,2.4474888391423892
rw2644412,黑店狂想曲 (1991),4.5,3.215291857471154
rw5220057,The War of the Worlds (2019),1.5,3.413442767442462
rw1913062,The Cradle (2007),2.5,3.0034665217810397
rw1889921,The Searchers (1956),5.0,3.363766756162518
rw0856192,Honogurai mizu no soko kara (2002),2.0,3.294976563775049
rw3239821,Project Almanac (2015),1.0,3.1285954338988216
rw3673835,Criminal Minds (2005–2020),1.0,4.146810696192627
rw6116956,The Invisible Man (I) (2020),3.5,2.863479386865833
rw4497454,The Fear Footage (2018),1.0,3.0608202758161194
rw0080840,Charade (1963),4.5,3.4023411284002067
rw0046337,Against All Flags (1952),3.0,3.4927411486016964
rw2748424,福爾摩斯與華生 (2012–2019),2.5,1.8018150829894721
rw5450605,Midsommar (2019),0.5,2.595391417162482
rw3528429,Tracks (I) (2013),3.5,3.2055364890940687
rw5464414,Monster-in-Law (2005),3.5,3.291271699937506
rw0103406,Night of the Living Dead (1968),5.0,3.8258081805316673
rw3748129,The Red Turtle (2016),4.5,3.3410737782609874
rw4507645,NXT TakeOver: Brooklyn IV (2018 TV Special),3.5,3.146439104795067
rw1692308,Opposite Sex (2000),5.0,3.2719602769415843
rw1487550,Heat Wave (1990 TV Movie),4.0,3.3293416996376695
rw4197971,Shooter (2016–2018),3.0,3.05865167177068
rw4738312,Beauty and the Beast (1991),5.0,3.7274030998749392
rw6339600,The Highwaymen (2019),4.5,3.74393187498211
rw2332177,"The Chronicles of Narnia: The Lion, the Witch and the Wardrobe (2005)",4.5,4.605812464855371
rw0897586,Lost in Translation (2003),3.5,3.9824406154270275
rw2451333,Hugs and Mugs (1950),3.5,3.687982194921984
rw1029985,Girl Fever (2002),3.5,3.7131694871518395
rw2909649,Intolerance: Love's Struggle Throughout the Ages (1916),4.0,3.4369192185458957
rw2239248,No Impact Man: The Documentary (2009),4.0,3.350812219389993
rw1110664,Land of the Dead (2005),5.0,3.169738263533291
rw3015080,The Flight of Dragons (1982 Video),4.5,3.426851726189484
rw4210590,Goliath (2016– ),4.5,3.476769333162478
rw3871900,The Viking Queen (1967),2.5,3.446661150469456
rw6130057,Tenet (2020),4.5,3.7262979854496177
rw3355066,Mr. and Mrs. North (1942),3.0,3.414802719294282
rw0469386,Safe Men (1998),5.0,2.071006065226648
rw4258456,Mission: Impossible - Fallout (2018),4.0,3.756202288640762
rw4155125,Deception (2018),2.5,3.334660284899676
rw3483580,X-Men: Apocalypse (2016),3.5,3.3068239532102135
rw3756003,Song of Scheherazade (1947),4.0,3.5322849689187428
rw5596257,Star Wars: Episode VII - The Force Awakens (2015),0.5,3.006856005097813
rw3450473,The Death of Superman Lives: What Happened? (2015),4.0,3.3104548602384294
rw5435673,Harley Street (2008– ),0.5,3.4054817303190386
rw5502597,The Pale Horse (2020),0.5,3.3214012336109495
rw2839730,Spring Breakers (2012),0.5,3.0164253960934855
rw0430001,Passion's Way (1999 TV Movie),3.0,3.362251952241483
rw5658393,Triple Frontier (2019),4.5,2.9453445524941912
rw1211273,Natural Born Killers (1994),5.0,3.4281197427113907
rw5278854,A Beautiful Day in the Neighborhood (2019),2.5,3.3586694819493355
rw3771923,Son of Bigfoot (2017),5.0,3.5374050338400718
rw4419373,The Killing of a Sacred Deer (2017),2.0,3.3992200030523403
rw4444928,Batman (1989),4.0,3.8875556323746845
rw5154379,Emergence (2019–2020),4.5,3.6583644117236735
rw0897072,Lost in Translation (2003),4.5,3.5483281618744322
rw2478693,Jonathan Livingston Seagull (1973),2.0,3.322946198734898
rw4805927,Avengers: Endgame (2019),3.0,4.105743211878115
rw0874169,Angels in America (2003),4.0,3.261081509143368
rw5620644,Shikara (2020),4.5,3.1884960957116393
rw2000882,Batman (1989),4.0,4.251900974575237
rw1466258,Cellular (2004),3.5,3.181156187305346
rw4368412,God Friended Me (2018–2020),5.0,4.542572631061754
rw2972913,X-15 (1961),2.5,3.257851416471801
rw4237348,How It Ends (2018),4.5,3.2538911865922273
rw1049324,Internal Affairs (1990),3.0,3.2587505810987096
rw5503960,Sanditon (2019),2.0,3.718405659714959
rw1895553,Hollywood Steps Out (1941),5.0,3.397968655861966
rw1679010,Mr. Brooks (2007),4.5,3.7288481904975694
rw5246788,Jojo Rabbit (2019),4.5,4.24366237140152
rw3211019,It Follows (2014),3.5,3.1565435066088683
rw2056589,The Adventures of Mark Twain (1944),3.5,3.4143658988551406
rw4199765,The Lesson (2015),1.5,3.1855940308285566
rw4203075,Incredibles 2 (2018),5.0,3.974688842657528
rw5895619,The Berlin Bride (2020),5.0,3.1849378002659012
rw4658115,Exorcist II: The Heretic (1977),3.0,3.2099238134164882
rw4101577,Life After Manson (2014),3.0,3.415359724613022
rw4098924,Jason Bourne (I) (2016),0.5,3.156466929985964
rw5529282,Sonic the Hedgehog (2020),5.0,3.215641827402385
rw3694611,The Penthouse (1967),3.5,3.6038180221801994
rw0424575,Ma vie en rose (1997),5.0,3.2642631239353586
rw1825406,I Met the Walrus (2007),3.0,3.4488457258194085
rw5840177,The Last of Us: Part II (2020 Video Game),2.5,3.136149036151288
rw4610271,Suicide Squad (2016),0.5,3.049154809571257
rw2614903,Department (2012),0.5,3.420048899134076
rw2773369,Money Movers (1978),3.5,3.282213920553249
rw2963090,Sirens (1994),4.0,3.03581095642133
rw3499405,The Admiral: Roaring Currents (2014),3.5,3.1576920771010544
rw0576772,Detroit Rock City (1999),4.0,3.63126522306466
rw1768338,Thompson (1988),5.0,3.7131694871518395
rw1781780,Merry Christmas Mr. Lawrence (1983),5.0,3.3212670999350773
rw4810530,Dumbo (2019),2.0,3.250925126733556
rw1566407,Windtalkers (2002),1.0,3.2575589170604564
rw1344585,Riki Riki (2005),4.0,3.6227444341169095
rw5067786,The Rebound (2009),5.0,3.2830147448417204
rw0148479,La marge (1976),5.0,3.4059882277712856
rw2063744,Star Trek (2009),4.0,2.559453693216477
rw6183002,Hot Mess (2018),5.0,3.242741057425831
rw3377634,The Cape Town Affair (1967),2.5,3.3374207179426456
rw1011833,Coward of the County (1981 TV Movie),2.5,3.4513878953121626
rw1686003,The Adventures of Buckaroo Banzai Across the 8th Dimension (1984),4.0,3.514796103744278
rw1615401,內陸帝國 (2006),4.5,3.193675872454847
rw3576900,The Hateful Eight (2015),0.5,2.9636203576652216
rw2565976,The Children (2008),3.5,3.1664022680450983
rw1312196,The Women of Charmed (2000 TV Movie),4.5,3.2772884562174003
rw1339160,Fahrenheit 9/11 (2004),4.0,3.4157410701640702
rw4982564,Midsommar (2019),3.0,1.9035307511260287
rw5984837,Three Colors: Red (1994),3.5,3.2624654949512295
rw4039774,Iron Sky (2012),4.0,3.056877313527105
rw3769011,Sylvia Scarlett (1935),2.0,3.4148256271997237
rw0200773,Eddie and the Cruisers (1983),5.0,3.432075084678369
rw1971156,The List (I) (2007),0.5,3.5082582172994954
rw0950476,Anything But Love (2002),4.5,3.2977230022456046
rw5815699,Godzilla: King of the Monsters (2019),2.5,3.254065539543374
rw0707438,Better Than Sex (2000),2.0,3.251331816993452
rw5410786,Resident Evil: Extinction (2007),3.5,3.257742322434787
rw4629015,Polar (I) (2019),4.0,3.7037408577958213
rw4127555,The Good Fight (I) (2017– ),4.0,3.2982050258171904
rw2640144,The Hill (1965),5.0,3.306632567877468
rw3202761,Interstellar (2014),4.0,3.836245975066413
rw5927777,Ad Astra (2019),5.0,2.0780577645089267
rw5817000,The Victims' Game (2020– ),4.5,3.3510869719138903
rw5220738,Gummo (1997),0.5,1.8764309690297591
rw4898832,Spider-Man: Into the Spider-Verse (2018),5.0,4.317902014154919
rw6226606,Endless Corridor (2014),5.0,3.6227444341169095
rw1699668,1408 (2007),5.0,2.8495322379033787
rw6104152,The Cabin in the Woods (2011),4.0,3.2925035624261185
rw1563722,Guilty by Association (2003 Video),0.5,3.3727927642889446
rw1162226,Titanic (1997),5.0,2.7743107685620885
rw0203125,Never Say Never Again (1983),3.0,4.184186856072621
rw2549246,Brideshead Revisited (2008),1.5,3.515355602633198
rw4794558,Forrest Gump (1994),5.0,4.801397830226057
rw3030409,Edge of Tomorrow (2014),4.0,3.2303951364756434
rw4575071,Uri: The Surgical Strike (2018),4.0,4.171906242531714
rw1386378,Molokai (1999),3.5,3.336032635253373
rw4608394,Unbreakable (2000),4.0,2.579247893195149
rw1772357,High School Musical (2006 TV Movie),0.5,2.465500278940309
rw3496527,De Palma (2015),5.0,4.150120644749138
rw5622239,Black Sabbath (1963),3.5,3.4102913343462116
rw6200781,Lady Bird (2017),3.5,3.4269125214352796
rw3231694,The Good Wife (2009–2016),5.0,3.481133707843266
rw2803804,Gregory Go Boom (2013),5.0,3.718405659714959
rw6012049,Sputnik (2020),3.5,3.1324829774374923
rw5665503,The Willoughbys (2020),5.0,2.623695235911218
rw1502416,The Cat in the Hat (2003),3.0,3.4548293215624772
rw4534933,Holmes & Watson (2018),0.5,2.9191512437099023
rw3069658,Kick-Ass 2 (2013),2.5,3.332674093780631
rw4355045,A Simple Favor (2018),0.5,3.0787272647370543
rw2806106,Father and Daughter (2000),3.5,3.6501002653756687
rw4447585,"Like, la leyenda (2018– )",0.5,3.4531475243249754
rw3677492,The Walking Dead (2010– ),5.0,2.2021943662944365
rw1615542,危機四伏 (2000),1.5,3.224520012889968
rw5984036,Anelka: Misunderstood (2020),0.5,3.308895013647658
rw0011687,The World Changes (1933),3.0,3.43884132043676
rw4993277,13 Graves (2019),4.0,3.096108806452648
rw5945346,Mrs. Serial Killer (2020),5.0,4.1646558166208445
rw2116667,The Mean Season (1985),3.5,3.4558229504319584
rw5978223,Mortal (I) (2020),3.5,3.0517694456331292
rw0663729,Çalikusu (1966),5.0,3.528667064668059
rw4306117,Slender Man (2018),5.0,3.1702211915075615
rw1783340,1408 (2007),2.5,2.8495322379033787
rw4370257,Halloween (1978),5.0,4.235254552698747
rw5557114,C Kkompany (2008),3.5,3.406380559462492
rw2243006,A Nightmare on Elm Street (2010),1.5,3.2073243625914687
rw2393668,The Big Trail (1930),3.5,3.3356647291535837
rw6218729,Strangerland (2015),4.0,3.198262242782194
rw2833163,Crossing Lines (2013–2015),3.5,3.718405659714959
rw1244917,King Kong (2005),4.0,2.4248829920478068
rw1592060,The Messengers (2007),2.0,1.9759065489087746
rw6047601,Blow the Man Down (2019),4.0,3.3360261080435745
rw5742703,The Farewell (I) (2019),3.0,3.487852173161976
rw3524267,Grimm (2011–2017),2.0,2.639249445599971
rw2246826,The Perfect Game (2009),4.5,3.498826444618865
rw1162247,Sahara (2005),3.5,3.202754267336427
rw2850672,Law Abiding Citizen (2009),2.5,3.4479646086371103
rw5607841,Resident Evil 6 (2012 Video Game),4.0,3.1188832267055258
rw5017918,Another Life (2019– ),0.5,2.988005883130945
rw1842331,Carver (2008 Video),3.5,3.3330144995903592
rw4758989,Ambulance (2016– ),5.0,3.573623469917379
rw3794198,Shot Caller (2017),2.5,3.283541206905722
rw4716672,Bad Lieutenant (1992),5.0,3.2110050129888945
rw1245816,A Christmas Carol (1984 TV Movie),5.0,3.3153230848561446
rw5092572,The Dead Don't Die (2019),4.5,3.240735579418398
rw5535347,Rebro Adama (1991),4.5,2.8805809861939338
rw4712073,Captain Marvel (2019),5.0,2.9569459461036316
rw2591887,Wrath of the Titans (2012),3.5,3.368444457209781
rw3005381,Elf (2003),4.0,3.1707758621059234
rw2967313,Filth (I) (2013),4.0,3.397659872054085
rw0659480,The Dish (2000),5.0,3.2897205700381966
rw6354012,The Invisible Guardian (2017),4.5,3.3238849236292975
rw3437920,Bennie Stout (2011),5.0,3.404668831628816
rw4483200,The Big Short (2015),5.0,3.3655948868814978
rw2475871,Reservation (2011),2.5,3.2124480002557054
rw4173762,Maps to the Stars (2014),4.5,1.648116327062953
rw4563771,Ricochet (1991),0.5,3.3939438112242644
rw1564354,Happily N'Ever After (2006),2.5,3.258836565607252
rw1505119,Torchwood (2006–2011),2.5,3.718405659714959
rw4894768,Fail Safe (1964),4.5,3.428824001464039
rw3413994,The Revenant (2015),0.5,3.4804699170466775
rw2297999,No Country for Old Men (2007),3.5,4.253894252592246
rw4159878,Not Suitable for Children (2012),4.0,3.388232584511203
rw4170059,Cargo (I) (2017),3.0,3.352221374800819
rw1888023,Guess Who's Coming to Dinner (1967),4.5,3.4936342633245445
rw3440234,Batman v Superman: Dawn of Justice (2016),4.5,3.536853560597951
rw3479693,Take Back Your Power (2013),3.0,3.718405659714959
rw5084535,Aliens (1986),5.0,4.210259083525719
rw4689208,Char Man (2019),0.5,3.439674511979433
rw1397049,Livelihood (2005),4.5,3.2390418656680096
rw4902236,The Angry Video Game Nerd (2004– ),5.0,3.428417536486751
rw4807536,The Orville (2017– ),4.5,4.215532797237418
rw5480229,Edge of the Axe (1988),1.0,3.2435775549960666
rw0278969,Awakenings (1990),5.0,3.303649445182884
rw3030019,Phantoms (1998),3.0,3.1687226150539725
rw5772346,Jason X (2001),0.5,3.179417072803726
rw3458522,Where to Invade Next (2015),5.0,3.2901961478240884
rw0460812,The Lord of the Rings: The Fellowship of the Ring (2001),1.0,2.882402877896128
rw4228118,Deceived (1991),3.5,3.0742830763125624
rw4547283,Santa Claus Conquers the Martians (1964),3.0,3.564945060487955
rw6424909,The Orville (2017– ),5.0,3.910578403618995
rw1170450,Kelly's Heroes (1970),4.5,3.4844520808952084
rw0160375,Halloween (1978),5.0,4.160320002368772
rw1640087,Long Way Round (2004–2010),1.0,3.558637022215265
rw3676478,RoboCop (1988),4.0,3.9133740721463623
rw1495321,The Evil of Frankenstein (1964),3.0,3.2631840139825994
rw4626603,Green Book (2018),4.5,3.479771307329406
rw4307500,Pieces (1982),3.5,3.3986291836470506
rw5702216,Wonderwall (1968),1.5,3.3942614924663896
rw3514880,Arnold (1973),1.0,3.3170706398871252
rw5839191,Detective Byomkesh Bakshy! (2015),5.0,3.239890725855591
rw5190383,Love Is Not Enough (I) (2019),5.0,3.3243836037101877
rw0455703,Halloween H20: 20 Years Later (1998),2.0,3.1422009014501073
rw2968131,Cloverfield (2008),0.5,2.6479970652218454
rw5890359,Fantasy Island (2020),0.5,1.9434999158557011
rw2247797,Simón del desierto (1965),4.0,3.393511930957135
rw5775746,Grant (2020),4.0,3.3488016953007924
rw5742117,Scoob! (2020),0.5,3.704368761358493
rw4610480,Silenced (2011),5.0,3.27663177469947
rw2307612,Once a Thief (1965),3.5,3.41646925004132
rw4228504,Marcella (2016– ),4.5,3.235133405357093
rw4056220,The Last Man on Earth (2015–2018),4.5,3.298154020788126
rw6332982,The Big Lebowski (1998),5.0,3.5169482162366714
rw1613759,The Return of Doctor X (1939),3.0,3.5484179767406165
rw0511165,The Matrix (1999),5.0,3.734402259794064
rw2918846,Turner & Hooch (1989),1.0,3.3858847459724815
rw3237396,Teenage Mutant Ninja Turtles (2014),2.5,2.96651343049679
rw1528920,Curse of the Demon (1957),4.5,3.476372822149011
rw6390103,Jett (2019– ),5.0,3.3448074438404363
rw4915276,Repossessed (1990),0.5,3.4440874657632423
rw4178130,A Quiet Place (2018),1.5,3.4339137442962433
rw2815005,Full Metal Jacket (1987),4.5,3.300822527577368
rw1451145,Snakes on a Plane (2006),3.0,3.2084197219495514
rw5827064,The Family (I) (2013),2.5,3.0616851755585506
rw6018630,The Babadook (2014),0.5,3.6536206371551896
rw4591592,Glass (2019),5.0,3.838991504073531
rw6224287,Endless Corridor (2014),0.5,3.7131694871518395
rw5699360,2 Guns (2013),5.0,3.224115224529013
rw2988640,The Green Mile (1999),4.5,4.339079723292143
rw0656981,Animal Factory (2000),4.0,3.5117216555259407
rw1143873,The Chumscrubber (2005),0.5,3.206441211959498
rw4718922,What Lies Ahead (2019),4.5,3.072330576429807
rw1366999,Curb Your Enthusiasm (2000– ),5.0,3.290905626336704
rw2072512,Meet the Spartans (2008),1.0,3.3637282777056257
rw5203210,The Haunting of Hill House (2018),5.0,4.215324223907012
rw4713172,Valerian and the City of a Thousand Planets (2017),5.0,3.2777492313450685
rw3030808,About Last Night (2014),2.5,3.3482492019408236
rw1843923,Hardcore (1979),3.5,3.253464497821257
rw4094131,Flower (I) (2017),0.5,3.399484818830447
rw2408098,True Heart Susie (1919),3.0,3.406731152836226
rw5315404,Playmobil: The Movie (2019),3.0,3.5800382561186392
rw4042921,Mountain (I) (2017),1.5,3.290585558986948
rw1990734,You Only Live Twice (1967),3.5,3.4016938247888047
rw0424032,L.A. Without a Map (1998),3.5,3.3606345199517813
rw3538543,Star Wars: Episode VII - The Force Awakens (2015),3.5,2.4890835211821893
rw2399103,Four Lions (2010),1.5,3.362092543673339
rw4278208,Fist of Fury (1972),5.0,3.432694275789293
rw3203352,The Pyramid (2014),4.0,3.1411321898073274
rw4165076,Monster Family (2017),0.5,3.426846930250021
rw5011697,Shazam! (2019),0.5,3.255911108167577
rw6420657,Wonder Woman 1984 (2020),0.5,2.7869823791289217
rw1558208,The Masque of the Red Death (1964),3.0,3.2420401926056193
rw2826794,Furious 6 (2013),3.0,3.7634908918940178
rw1796645,One Hour Photo (2002),4.0,3.2709097645756695
rw4515166,The Brass Teapot (2012),3.5,3.4574738780538756
rw0667047,The Mummy Returns (2001),0.5,3.2777345439027354
rw2295472,Eat Pray Love (2010),3.5,3.2604858830813033
rw6351361,Ava (IV) (2020),1.0,3.2751001094858228
rw5920934,WingMen (2016–2020),4.5,3.718405659714959
rw1690889,Harry Potter and the Order of the Phoenix (2007),3.0,3.316650339990068
rw2614295,The Dictator (2012),4.0,3.2736696347043748
rw4364570,Another Perfect Stranger (2007),5.0,3.3691666306975625
rw4110186,Brawl in Cell Block 99 (2017),1.5,3.317938621702247
rw2619823,Best Friends Forever (2012),5.0,3.4603948402503146
rw4757305,The Man from Earth: Holocene (2017),0.5,3.3174009013136767
rw6129282,The Leftovers (2014–2017),0.5,4.31750466898307
rw2731672,Project: Metalbeast (1995),2.5,3.2613703933146625
rw3033458,Absolute Zero (2006 TV Movie),0.5,3.281734267063894
rw5577371,I Dream of Jeannie (1965–1970),5.0,3.34199099064192
rw0950525,The Hard Way (1980 TV Movie),4.5,3.2686088828563813
rw1379938,Gunga Din (1939),2.5,3.6002428538979374
rw1262059,Jungle Assault (1989),0.5,3.7131694871518395
rw4135419,Lost in Space (2018– ),3.0,1.7480056621430085
rw2902764,The Clinic (I) (2003–2009),5.0,3.2637010188545217
rw1596224,The Last King of Scotland (2006),3.5,3.452440980485249
rw2255901,Inferno (II) (1999),2.0,3.20236780195277
rw2224037,This Is the Army (1943),4.0,3.3280705406616558
rw1964909,The Happening (2008),1.0,3.214393513690322
rw1347079,A Chorus Line (1985),3.0,3.309803890587637
rw3021724,Philomena (2013),4.0,3.3486827925395506
rw0040276,The Hidden Room (1949),4.5,3.2821101523164304
rw1264626,It Came from Outer Space (1953),4.0,3.3554238591459775
rw5567278,Amateur Night (2016),0.5,3.3904778381677234
rw1940680,The Dark Knight (2008),5.0,4.3358676976787
rw6228269,Guillermo Villas: Settling the Score (2020),2.5,3.3867206243926558
rw5256241,Alvin and the Chipmunks: The Road Chip (2015),5.0,3.341328785877803
rw0480360,Star Wars: Episode I - The Phantom Menace (1999),3.5,3.2341487750121223
rw6294359,Interstellar (2014),0.5,4.379592122071484
rw3134196,State of Affairs (2014–2015),5.0,3.3526695150423684
rw5390734,Demon Slayer: Kimetsu No Yaiba (2019– ),4.5,3.718405659714959
rw2899067,Free Birds (2013),3.0,3.395751228275365
rw6223904,Endless Corridor (2014),0.5,3.7131694871518395
rw1941093,Yateem (1988),4.0,3.2951009849431703
rw2172525,As Time Goes By (1992–2005),5.0,3.2935415225657034
rw1301993,The Eavesdropper (2004),5.0,3.174342788465627
rw5915662,The Stendhal Syndrome (1996),3.0,3.3087885300187625
rw2889536,Twice Born (2012),2.0,3.377388668780472
rw6125366,Mrs. Serial Killer (2020),5.0,4.013492850303185
rw3237989,The Burning Dead (2015),0.5,3.240370376989063
rw3255185,Scary Movie V (2013),2.5,3.2171497222766936
rw4749911,Stepfather III (1992 TV Movie),2.5,3.185093822744351
rw5236902,A Wrinkle in Time (2018),4.0,2.9992206086733892
rw2779897,Shopping (1994),5.0,3.262264853999735
rw2325312,Desire (1936),4.0,3.476275258714279
rw2140614,Camp Blood (2000 Video),2.0,3.2297981289402817
rw5875655,A Midsummer Night's Dream (I) (2019),5.0,3.33830608844903
rw1352622,Scary Movie 4 (2006),1.0,3.465485382246828
rw0699563,The Others (2001),4.0,4.093949139000199
rw2077330,Violent Saturday (1955),4.0,3.4152438892122237
rw1784547,Sweeney Todd: The Demon Barber of Fleet Street (2007),2.0,3.736652955059547
rw4168514,Black Panther (2018),2.5,3.0776650930075244
rw3305163,Wolf Hall (2015),3.5,3.3406388868407153
rw3757427,Free to Choose (1980– ),5.0,3.177727516792709
rw2523245,Scalpel (1977),3.5,3.2844442721279172
rw4772337,Iron Man (2008),5.0,3.1176484649278096
rw2413979,Deathrow Gameshow (1987),1.5,3.4226730277448616
rw0010613,Ever in My Heart (1933),5.0,3.4031461034286337
rw0988768,Pink Narcissus (1971),4.5,3.340541315522216
rw1275179,Hostel (2005),4.0,3.1192391177765084
rw0885642,Mystic River (2003),3.0,3.1935650029318814
rw2334981,Monsters (2010),0.5,3.2444135472767734
rw6362510,Transsiberian (2008),3.0,3.198405219338183
rw1801400,Jackass Number Two (2006),2.0,3.5087832593435517
rw2153761,Mercury Rising (1998),1.5,3.1085385602342055
rw5440225,Hell on Wheels (2011–2016),5.0,3.360828811349296
rw4544461,The Oath (2018),3.0,3.2279091104798048
rw0089669,The Human Duplicators (1965),1.5,3.3210395574005123
rw1685128,Aap Kaa Surroor: The Moviee - The Real Luv Story (2007),0.5,3.230782091110096
rw6423647,Black Widows (2020– ),5.0,3.279141428323608
rw3579419,The Exorcist (2016–2018),4.5,3.6579175155535726
rw4852992,Let the Right One In (2008),3.5,3.1605091646461383
rw0176673,The Gods Must Be Crazy (1980),4.5,3.3931746532590936
rw1982632,Twilight (I) (2008),0.5,3.059599100927631
rw2560315,Cars 2 (2011),4.5,3.5072770482717015
rw1563558,The Eddy Duchin Story (1956),4.0,3.299164640345059
rw6146921,Serious Men (2020),5.0,3.284449211350206
rw1415554,Pirates of the Caribbean: Dead Man's Chest (2006),1.0,2.12283437709843
rw4013646,The Hitter (1978),4.0,3.3534940574518464
rw1508890,Werewolf in a Girls' Dormitory (1961),2.0,3.3616826473945722
rw4895115,Viral Beauty (2018),4.5,3.3568640084862307
rw5964205,Whiplash (2014),4.5,3.432542125041942
rw3099666,Scream (1996),5.0,4.124489867571858
rw4713377,Captain Marvel (2019),3.0,2.9569459461036316
rw2824662,Fires Were Started (1943),2.5,3.4484687321643284
rw4993468,Super 30 (2019),5.0,3.1035386681108386
rw0791590,Amores Possíveis (2001),4.0,3.2876176074716796
rw1550961,Elf (2003),3.0,3.7764297088286853
rw2964523,Lawrence of Arabia (1962),5.0,3.4476898304478505
rw0161084,The Hobbit (1977 TV Movie),5.0,3.6286025151850017
rw5844464,Wasp Network (2019),3.5,3.3763793808714175
rw1200216,Wallace & Gromit: The Curse of the Were-Rabbit (2005),4.0,3.504180817514198
rw2808128,After Earth (2013),1.0,3.0615430984399716
rw1602258,Thirtysomething (1987–1991),5.0,3.287000256078407
rw2383331,MacGruber (2010),0.5,3.1934019014554345
rw5019390,K.G.F: Chapter 1 (2018),5.0,4.23936347380807
rw3776639,It Came from Outer Space (1953),2.0,3.3554238591459775
rw2101701,Drag Me to Hell (2009),3.0,4.10210581218391
rw0322485,Groundhog Day (1993),4.5,3.4141261613199045
rw2460871,The Undefeated (2011),5.0,3.1613911571720967
rw5157070,Sierra Burgess Is a Loser (2018),1.0,3.317217135417935
rw3285213,Wolf Warrior (2015),1.5,3.2893301777680715
rw4541610,Rapurasu no majo (2018),1.0,3.3857549215331413
rw0980842,Bridget Jones: The Edge of Reason (2004),3.5,3.1579315634969767
rw4505090,Hold the Dark (2018),3.5,1.8729101595238686
rw1539110,Rio Bravo (1959),4.0,3.529468786389295
rw0010202,Alice in Wonderland (1933),3.5,3.3536904008655086
rw2765799,Night Drive (1977 TV Movie),4.0,3.1979279188796252
rw0244008,Friendship's Death (1987),4.0,3.286319372418021
rw1287250,Dirty Dancing: Havana Nights (2004),5.0,3.195148400796695
rw4801547,Happy Anniversary (I) (2018),2.5,3.196892574904907
rw4779726,The Twilight Zone (2019– ),0.5,3.305128419080638
rw1035430,On the Riviera (1951),2.5,3.44325229560359
rw5678670,Coco (I) (2017),4.0,4.205271532242783
rw1636619,The Assassination of Richard Nixon (2004),1.5,3.229609938073761
rw6060715,Abhay (2019– ),5.0,4.600307770506503
rw3696791,Eloise (2016),0.5,3.2564345926242924
rw1639360,One Way (II) (2006),4.5,3.1610202267213627
rw5147636,Un amour impossible (2018),5.0,3.348362678988892
rw2897251,The Mortal Instruments: City of Bones (2013),2.5,3.3839736200383075
rw5663092,Ice Princess (2005),3.5,3.809602378147966
rw1297815,The Seventh Stream (2001 TV Movie),3.5,3.3376324810148725
rw4752852,Unplanned (I) (2019),5.0,3.196173227980456
rw1340981,Jackass: The Movie (2002),5.0,4.115169575570669
rw4825711,Vikings (2013–2020),5.0,4.549973294908367
rw4556922,The Invitation (I) (2015),5.0,3.2254578980759727
rw4043660,Padmaavat (2018),1.5,4.234541988147175
rw2539036,La donna del lago (1992 TV Movie),3.5,3.2342199659273554
rw1792494,Species (1995),3.0,3.1178599021067748
rw5790648,Clemency (2019),2.5,3.1571231855738295
rw2379572,One Flew Over the Cuckoo's Nest (1975),4.5,4.194175448144493
rw6306363,One for the Money (2012),0.5,3.4604963345155393
rw5441775,Judy (II) (2019),5.0,3.507563533030171
rw0992341,Riders of the Rio Grande (1943),3.5,3.3949324863054384
rw3724834,The Hunter (IV) (2011),4.0,3.2584102207646803
rw0237413,Sherman's March (1985),0.5,3.223725242491225
rw6120797,Enola Holmes (2020),4.5,2.742542602315043
rw3756340,Arrival (II) (2016),2.0,2.674333418755998
rw3497507,Hillbillys in a Haunted House (1967),1.5,3.485494993109475
rw2400783,Hereafter (2010),2.5,3.210720439492885
rw1842616,The Deaths of Ian Stone (2007),4.5,3.1634567705749777
rw5270068,After the Wedding (2019),4.5,3.25105167682961
rw3600987,London Has Fallen (2016),2.0,3.678479115462731
rw3385071,Star Wars: Episode VII - The Force Awakens (2015),4.0,2.4224359031302205
rw6273609,Come Next Spring (1956),3.0,3.4025834165123143
rw4915002,PM Narendra Modi (2019),5.0,3.421339750276757
rw4306483,Neon Genesis Evangelion: The End of Evangelion (1997),0.5,4.175434041686373
rw2859993,The Old Curiosity Shop (2007 TV Movie),3.5,3.4293945418366834
rw2995241,The Lorax (2012),3.0,3.4731805870039683
rw1454858,The Comeback (2005–2014),5.0,3.393787026545977
rw1586354,Apocalypto (2006),1.5,2.5233172897211267
rw2546082,L'important c'est d'aimer (1975),0.5,3.3568294248178323
rw3253932,Hercules (I) (2014),4.0,3.349475387684595
rw4207130,Picnic at Hanging Rock (2018),4.0,3.4640145036216237
rw5243447,Jack Ryan (2018– ),3.0,3.976331355669545
rw1119764,Dr. No (1962),2.5,3.5804318996346645
rw5375584,Men in Black: International (2019),4.5,3.3849838637537597
rw5920739,Dark (2017–2020),5.0,3.4818260178371596
rw5253349,Now You See Me 2 (2016),5.0,3.2567636915523064
rw2489551,City by the Sea (2002),4.0,3.299247471208294
rw6279009,His House (2020),3.0,3.258181655254605
rw0890415,Seabiscuit (2003),4.0,3.3278441498115368
rw3063502,Delirium (2014 TV Movie),1.0,3.149648131833463
rw4418110,An Hour to Kill (2018),5.0,3.281717918917166
rw0171914,The Warriors (1979),4.5,3.569791423293927
rw4007329,Star Wars: Episode VIII - The Last Jedi (2017),3.0,4.076794732443018
rw2016966,The President Is Coming (2009),1.0,3.718405659714959
rw6268146,Twilight (I) (2008),1.5,3.059599100927631
rw2549420,Rasputin (2011),1.5,3.4141462402665974
rw1748309,Veronica Mars (2004–2019),4.5,3.1709776264466285
rw2458640,Koyaanisqatsi (1982),5.0,4.129100166915627
rw1699132,Running with Scissors (2006),2.5,3.3705311048843365
rw4133138,For The People (2018–2019),4.0,3.1782648711741195
rw3335579,The Jokesters (2015),3.5,3.0835486220545056
rw3034917,Hara-Kiri (1962),4.0,3.4507462900645973
rw4211984,Lost in Space (2018– ),0.5,3.152585794153114
rw1563786,Batman (1989),5.0,3.8875556323746845
rw5112965,Brightburn (2019),5.0,3.241272973007211
rw3405002,Surviving Christmas (2004),3.0,3.3507619880743373
rw5262158,Serenity (2019),4.5,1.6265146055841018
rw6076699,Advokaten (2018– ),5.0,3.46717856579474
rw4745921,Rampage (2018),3.5,4.138809175947779
rw4532640,Bird Box (2018),2.0,2.965859899857389
rw5980860,Indiana Jones and the Temple of Doom (1984),4.5,3.481486723937564
rw3212458,Arrow (2012–2020),4.5,3.343253593060069
rw2499415,Transformers: Dark of the Moon (2011),0.5,3.504984146932832
rw2321273,Kangaroo Jack (2003),0.5,3.435505604007124
rw5325579,L'homme qui voulait vivre sa vie (2010),3.5,3.38510829960731
rw2426320,Annie Hall (1977),4.0,3.2568395696684096
rw6269373,The Cake General (2018),5.0,3.2517480250297464
rw1611612,Toward the Unknown (1956),4.0,3.3443589430184164
rw4386712,Eghantham (2018),5.0,3.3670251455412683
rw3317378,Harry Potter and the Sorcerer's Stone (2001),5.0,4.3365883231286535
rw1310377,Blunder Boys (1955),4.5,3.7131694871518395
rw4036559,Regression (I) (2015),4.0,3.1642342563845283
rw4729196,The Widow (I) (2019),2.5,3.1359982994804807
rw4768213,Star Wars: Episode II - Attack of the Clones (2002),2.5,2.9799067921381486
rw6188632,The Handmaid's Tale (2017– ),4.5,3.500542657264611
rw3812697,Zero Kelvin (1995),3.0,3.2539360766219563
rw3551711,ARQ (2016),4.5,3.282051433682961
rw3071914,Carlos (2010),5.0,3.439934839809326
rw4860273,Union Pacific (1939),2.5,3.244817322057922
rw6448461,Coolie No. 1 (2020),0.5,0.6080630099338425
rw6349431,The Christmas Chronicles: Part Two (2020),4.0,4.090737176083115
rw2717968,Mattie (2011),3.5,3.7467391334567006
rw0804137,The Good Thief (2002),3.5,3.6227444341169095
rw2203525,Broom-Stick Bunny (1956),5.0,3.7131694871518395
rw3813121,Bad Company (1995),2.5,3.29477980590734
rw0276592,Uncle Buck (1989),5.0,3.2147691584753466
rw3445109,Milk Money (1994),2.0,3.4254421497398675
rw1967076,Angel Face (1953),4.0,3.454214851323101
rw3372383,Black Christmas (1974),4.5,3.258144270540667
rw5984175,Another Woman (1988),3.0,3.3038837501929135
rw3522258,Daylight's End (2016),4.5,3.1567802702182455
rw2293647,Night Comes Too Soon (1948),3.0,3.7131694871518395
rw3420991,Penance (I) (2009),1.0,3.0841598984659426
rw0663620,Nuremberg (2000),2.0,3.4531562912351887
rw2935276,The Godfather: Part II (1974),4.5,3.5422924675133802
rw3375801,Supergirl (2015–2021),5.0,3.275388007535134
rw4144581,The Week Of (2018),0.5,3.2421789361173876
rw1726515,Eragon (2006),2.5,2.8289732261776566
rw1370635,Shane (1953),4.0,3.3198058268715696
rw2254231,The House on Sorority Row (1982),1.5,3.172357961607412
rw2691722,Fast Girls (2012),2.5,3.3181408750552275
rw3198767,Gone Girl (2014),4.0,3.1473656360364908
rw3010110,Transcendence (I) (2014),5.0,3.2084210891482274
rw4082619,Spirited Away (2001),5.0,3.8866361433522525
rw3199058,Man on the Moon (1999),5.0,3.504827330911011
rw1666328,Sahara (2005),3.5,3.202754267336427
rw4760020,The Decks Ran Red (1958),2.0,3.237637050585182
rw2598946,Titanic (2012),2.5,3.385250892255668
rw4090796,Winter Kills (1979),1.0,3.332027659698458
rw1480440,The Monster of Piedras Blancas (1959),3.5,3.3878255367174295
rw0253800,Akira (1988),5.0,4.620869561463355
rw1555888,The Return of the Living Dead (1985),4.5,4.229376183186695
rw4031421,Side Effects (I) (2013),3.5,3.3651140421129466
rw1686040,The Flying Scotsman (2006),4.5,3.328931085469716
rw6355149,Durgamati: The Myth (2020),0.5,3.09291374401626
rw1483365,V for Vendetta (2005),5.0,4.093130817265089
rw3321546,Limitless (2015–2016),2.5,3.321256121198459
rw0485829,Star Wars: Episode II - Attack of the Clones (2002),4.0,2.9615052907826938
rw3398568,Dickson Experimental Sound Film (1894),3.5,3.4200696458076583
rw5311116,BoBoiBoy Movie 2 (2019),2.5,3.4465936405279876
rw3104894,Haider (2014),3.5,3.907292371597262
rw1354068,Broken Flowers (2005),0.5,3.288937745006202
rw6368977,In Time (2011),3.5,3.233613896080273
rw1286984,Private Lessons (1981),3.5,3.453807055316351
rw2191499,神鬼尖兵 (1999),4.5,3.247850613242831
rw2310928,Drag Me to Hell (2009),4.0,4.10210581218391
rw0959388,Saw (2004),5.0,3.134163210405811
rw5780023,The House of Violent Desire (2018),0.5,3.135430579529074
rw1108975,Young Winston (1972),3.0,3.465281679236262
rw2076240,Pride and Glory (2008),3.0,3.3496029346866667
rw1431356,Easter Parade (1948),4.5,3.5280412459002632
rw4169335,Chevalier (2015),3.0,3.4805163915393367
rw5610383,Katha Sangama (2019),4.0,3.473158082412834
rw3056663,Hachi (2009),5.0,3.3157129288225775
rw2139277,The Chronicles of Narnia: Prince Caspian (2008),5.0,3.394678185562605
rw4372808,Live (IV) (2018),3.0,3.36074261451886
rw1522476,Harsh Times (2005),0.5,2.3472496631772817
rw3635877,Mr. Church (2016),5.0,4.5170821300817785
rw5465607,El Camino: A Breaking Bad Movie (2019),3.5,4.537870415273111
rw1985316,Che: Part Two (2008),5.0,3.3330895994246115
rw4136223,Riverdale (2017– ),4.0,1.7779410365893866
rw3556523,Shamitabh (2015),2.5,3.4100037452610112
rw6394630,The Midnight Sky (2020),4.5,2.1694601114392964
rw6323184,The Simpsons Movie (2007),4.5,3.387451920674737
rw1773574,The Golden Compass (2007),1.5,1.7261870293150336
rw3641615,The Americans (2013–2018),1.0,3.6579175155535726
rw2168411,Reign of the Gargoyles (2007 TV Movie),1.5,3.2018385308027555
rw2738723,Tôshô Daimos (1978–1979),5.0,3.3854691116573457
rw3868625,The Illusionist (2006),4.0,3.161008925081497
rw1691052,Battle Beyond the Stars (1980),5.0,3.228780834658762
rw2456984,The Company Men (2010),4.0,3.4894491218111394
rw4403253,My Life as a Zucchini (2016),4.5,3.2285614742220434
rw1042353,Ice Princess (2005),4.0,3.5001043708981525
rw2889784,Waar (2013),4.5,3.1231335748284903
rw2705402,暮光之城：破曉2 (2012),5.0,3.1653007767486607
rw3595307,La La Land (2016),3.0,3.077646112699867
rw1311301,House II: The Second Story (1987),3.5,3.2916560077789896
rw2174693,The Younger Generation (1929),3.0,3.6579175155535726
rw2023217,BloodRayne: Deliverance (2007 Video),0.5,3.2621990046135796
rw6342468,Intezaar (2020),4.5,3.260017582878943
rw6073022,After We Collided (2020),4.0,3.4138531017888876
rw0184804,Excalibur (1981),5.0,4.000022790646612
rw0406217,In the Mood for Love (2000),4.0,3.5018977706300456
rw3381894,Paper Towns (2015),4.0,3.4198757344590165
rw6446874,La llorona (2019),3.5,1.9181503474910833
rw4808290,Avengers: Endgame (2019),5.0,3.8218831559917024
rw3374308,Star Wars: Episode VII - The Force Awakens (2015),3.0,2.7553701805187445
rw1083203,Unleashed (2005),3.5,3.296181293569962
rw3275999,"It's the Easter Beagle, Charlie Brown! (1974 TV Movie)",2.0,3.376457294424865
rw3487478,Ace Ventura: When Nature Calls (1995),4.0,3.117582744389428
rw2377421,The Traveler (I) (2010),0.5,3.228202700111926
rw1691377,Die Hard 4.0 (2007),0.5,3.1632565205639094
rw6104963,The Devil All the Time (2020),5.0,3.2778389853781644
rw3360149,Gran Torino (2008),2.5,3.7080677663238872
rw1104674,Hitch (I) (2005),1.0,1.8324332871337958
rw0797097,Elling (2001),4.0,3.4236578854893
rw6021189,Stalker (1979),1.0,3.147477180588574
rw5242751,Parasite (2019),4.0,4.397840239917009
rw0599743,Gladiator (2000),4.0,4.5134579142605205
rw1782569,Aaja Nachle (2007),4.5,3.298227935145721
rw1332116,Kidon (2005),4.5,3.1820807836805396
rw0690602,Halloween: Resurrection (2002),0.5,3.2084642365741893
rw1674469,Mr. Brooks (2007),4.0,3.777684650144401
rw2338074,Unstoppable (2010),2.0,3.2796628483652137
rw4129122,Phantom Thread (2017),4.5,3.45350395803578
rw2526589,The Baby (1973),4.0,3.3678410588949435
rw5643154,Take Point (2018),4.0,3.1375818507303346
rw4343707,Fallen Angel (1945),4.5,3.4503684805018118
rw0999874,The Last Emperor (1987),5.0,3.5334004522760405
rw2904641,2 Guns (2013),3.0,4.121200470989949
rw4068260,Money Heist (2017– ),1.0,2.606214050443918
rw1025845,Bride & Prejudice (2004),5.0,3.4017962122323957
rw0548103,Children of the Corn V: Fields of Terror (1998 Video),1.5,3.4333801880010952
rw3459202,Star Wars: Episode VII - The Force Awakens (2015),2.0,2.4890835211821893
rw3479161,Ender's Game (2013),3.0,2.8871141994792935
rw3658446,Canvas of Death (2016),0.5,3.41674865196358
rw1360715,Star Trek: Insurrection (1998),3.0,3.223717629756785
rw2762434,Barb Wire (1996),1.5,3.316117552681886
rw2406391,Se7en (1995),4.5,4.142733779034309
rw5059574,The Banana Splits Movie (2019),4.5,3.4553510118192343
rw1881939,The Andromeda Strain (2008),0.5,3.3306041723806366
rw3147619,The Loved One (1965),5.0,3.335146217312036
rw1370517,Dangerous Assignment (1952– ),4.0,3.3937569938016616
rw1163024,Roller Boogie (1979),0.5,3.2821774104699677
rw3409350,Chhota Bheem Himalayan Adventure (2016),5.0,3.7131694871518395
rw1502596,Jarhead (2005),1.5,3.1652703930483086
rw6019933,2gether (2020),5.0,3.375403914163103
rw6276892,Soorarai Pottru (2020),5.0,4.339979381140888
rw0484334,Star Wars: Episode II - Attack of the Clones (2002),4.0,2.9799067921381486
rw0354996,American Job (1996),2.0,3.687982194921984
rw5492409,Sanditon (2019),5.0,3.7131694871518395
rw1157021,Supercross (2005),3.0,3.2840921682850084
rw2397284,Battle Los Angeles (2011),0.5,2.2134300545443564
rw0019618,Gone with the Wind (1939),5.0,4.290437717744301
rw2090015,Moon (2009),5.0,3.3902276112673593
rw5643497,Paris est à nous (2019),4.5,3.263779325903563
rw2828286,Knick Knack (1989),4.0,3.6165601305021204
rw1189600,Moog (2004),3.0,3.589227861263838
rw4788310,Escape Room (I) (2019),4.5,3.392590651456415
rw5303031,安眠醫生 (2019),5.0,4.089481875139039
rw4276365,2nd class (2018),3.5,3.3986440746796545
rw1453634,Night Stalker (2005– ),2.5,3.056882093834604
rw6146025,Apocalypse of Ice (2020),0.5,3.399423251034639
rw1713027,Cidade de Deus (2002),4.5,4.0459755931123595
rw4144738,The Walking Dead (2010– ),1.0,4.124592030695417
rw2593859,First Knight (1995),1.0,3.50875467657758
rw2158014,海盜電台 (2009),0.5,2.9956262715126973
rw0878370,Freaky Friday (2003),4.5,3.4007355468387277
rw3102109,End of the Line (II) (2007),4.5,3.209641851483554
rw1344092,Four Sided Triangle (1953),3.0,3.3599815582632497
rw4270235,Raazi (2018),1.0,3.224871871884906
rw1101658,Saint Ange (2004),0.5,3.2810872533672586
rw2376396,The Tourist (I) (2010),4.5,3.291028933359059
rw0336046,Clerks (1994),5.0,2.6314503694330322
rw1789139,Atonement (2007),1.0,3.204669939190536
rw5401610,Psycho Pike (1992 Video),3.0,3.340886019626722
rw0637469,"Crouching Tiger, Hidden Dragon (2000)",4.5,3.4923138632917348
rw0880365,Terror Toons (2002 Video),0.5,1.8501490374105396
rw4607458,Polar (I) (2019),4.0,4.206760349613649
rw2432462,Game of Thrones (2011–2019),0.5,4.327355054255435
rw6408536,Coolie No. 1 (2020),0.5,0.635537876629522
rw2556992,The Mask (1994),3.5,3.5135019109390493
rw1984859,Night of the Flesh Eaters (2008 Video),5.0,3.718405659714959
rw5958464,The Town That Dreaded Sundown (2014),4.0,3.1528592385701146
rw5072902,Parivar (1956),5.0,3.6579175155535726
rw0741357,Unfaithful (2002),5.0,2.8596380236285905
rw1755815,Phantom of the Paradise (1974),4.0,3.4158147082202097
rw2011559,Friday Foster (1975),4.5,3.2617664005618283
rw4223425,Hounds of Love (2016),4.5,3.2018629385098984
rw5669956,Hustle (2004–2012),3.0,3.2813685180056367
rw5467619,The Exterminating Angel (1962),1.5,3.316855599309194
rw3793062,Adam Had Four Sons (1941),2.0,3.359957076265169
rw2557362,Bad Teacher (2011),2.0,3.3300861960506234
rw4147821,Rampage (2018),5.0,3.408505980830054
rw0652346,Secrets (1992),2.0,3.4013563098615363
rw5053261,My Fair Lady (1964),4.0,3.4576883672894954
rw2207311,Transmorphers: Fall of Man (2009 Video),1.0,3.4631957816624213
rw1129018,Fantastic Four (I) (2005),3.5,3.2578633775416237
rw1665852,Pirates of the Caribbean: At World's End (2007),5.0,4.3828225949130974
rw4808789,Brave (2012),3.0,4.130870594498076
rw3618529,A Series of Unfortunate Events (2017–2019),4.5,3.307827334117602
rw2301536,L'appât (1995),3.5,3.4207920855892184
rw4555241,Bird Box (2018),3.5,2.7594666798982788
rw1395295,Just Friends (I) (2005),3.0,3.232739297457425
rw5380406,You (2018– ),5.0,1.962764420954
rw1717496,Lilies of the Field (1963),5.0,3.466172843930088
rw1700133,The Core (2003),3.0,3.1411214913215075
rw1909447,The Shawshank Redemption (1994),5.0,4.602033806101574
rw0413984,Almost Heroes (1998),5.0,3.466256343842769
rw5764158,Snowpiercer (2013),4.0,3.23962516017147
rw4929666,Electrick Children (2012),3.0,3.1521142963211846
rw0874711,Big Fish (2003),5.0,2.1382325620327847
rw5646923,Sweet Sunshine (2020),4.5,3.2963117365982644
rw6076531,Insomnia (2002),4.5,3.369674560069889
rw4612383,Bird Box (2018),2.0,2.7594666798982788
rw3685316,Major Grom (2017),4.0,3.210459276414498
rw1709771,Pee-wee's Big Adventure (1985),5.0,3.4742225381287857
rw0055258,The Ladykillers (1955),4.5,3.3979901848005243
rw3011331,Freeway (1996),5.0,3.367552606981605
rw2812266,Ringers: Lord of the Fans (2005),3.0,3.28925579643106
rw5983156,The Boys (2019– ),5.0,4.589222413820062
rw1071225,Sasori in U.S.A. (1997),1.5,3.1330049051034727
rw4676252,Hirugao (2017),0.5,3.355195413398931
rw1072847,Megalodon (2002 Video),0.5,3.248222857644096
rw1765107,Enough (I) (2002),3.0,3.2743877314006
rw3870273,Back to School (1986),3.5,3.372928435485305
rw1548795,Blood of a Champion (2005 Video),1.5,3.410090844850438
rw5200859,El Camino: A Breaking Bad Movie (2019),5.0,4.061744269172853
rw4264742,Skin Creepers (2018),3.5,3.015425712642653
rw0582302,The Lord of the Rings: The Return of the King (2003),5.0,4.640046158833531
rw2227453,The Devil on Horseback (1936),3.0,3.6227444341169095
rw5425344,Mother! (2017),0.5,2.52683075613148
rw6396829,The Midnight Sky (2020),2.5,2.7352811651356763
rw3045072,22 Jump Street (2014),4.5,3.3248333560391985
rw1839515,Faded Dreams (2007),4.0,3.2094976950155427
rw3161186,魔法黑森林 (2014),4.5,3.4378251857397073
rw4932058,X-Men: Dark Phoenix (2019),3.5,2.813065111706177
rw0246167,Leif (1987),5.0,3.376473268233602
rw1829289,Day of the Dead (2008 Video),4.0,3.238995611676777
rw4591888,A Star Is Born (2018),3.0,3.0000003845644
rw2060241,Se7en (1995),4.0,4.142733779034309
rw5255309,Batwoman (2019– ),3.0,3.3622990856049664
rw2174034,屍樂園 (2009),4.0,4.427617251334672
rw4618301,Felix in Hollywood (1923),4.0,3.2202813489083533
rw2871853,Oz the Great and Powerful (2013),1.5,4.262100453416425
rw6371946,Home Alone (1990),4.0,3.463499412548027
rw4917680,Kesari (2019),4.5,3.633097831897854
rw3375227,Bajirao Mastani (2015),5.0,3.2990523113182966
rw2919615,Sooper Se Ooper (2013),2.5,3.4010789999441764
rw0309269,The Last of the Mohicans (1992),5.0,3.450393399010787
rw4780176,"Ruben Brandt, Collector (2018)",5.0,3.3343427922819155
rw0468487,Resident Evil (2002),2.5,4.005899894186704
rw0203161,Never Say Never Again (1983),5.0,3.349193635631253
rw2898808,Captain Phillips (2013),4.5,2.8575983490793613
rw0003310,Hot Water (1924),3.5,3.4758321917194666
rw3352875,With These Hands (1950),2.5,3.435303366125671
rw4438692,Rings (2017),1.0,3.1362469861000273
rw1916751,The Palm Beach Story (1942),5.0,3.3095106616237357
rw6015076,Pareeksha (2020),5.0,3.4562261129234817
rw5607342,Danny Roane: First Time Director (2006),4.0,3.311523421186953
rw4126886,The Last O.G. (2018– ),1.0,3.6836245690436837
rw1018136,Safe House (1998),5.0,3.2384057582899812
rw5237883,The Game Changers (2018),5.0,3.0977560866647877
rw2785734,The Lords of Salem (2012),4.0,3.0857607394593285
rw3737171,Forrest Gump (1994),5.0,4.624258556696405
rw5212397,Parasite (2019),5.0,4.156060441636768
rw3614518,Burying the Ex (2014),3.0,3.0876186250915016
rw3694497,The Patience Stone (2012),3.5,3.3558674539157036
rw2035128,American Drug War: The Last White Hope (2007),3.5,3.292556620581815
rw1005104,The Village (2004),5.0,3.7374105889759566
rw1445412,South Park (1997– ),5.0,4.283563648256862
rw0536452,Nutty Professor II: The Klumps (2000),2.0,3.3801566669030314
rw3644033,The Great Wall (I) (2016),5.0,2.6631415773861384
rw0113352,Quiet Days in Clichy (1970),0.5,3.294263678199116
rw5983272,The Butterfly Effect (2004),5.0,4.292748682947228
rw1706870,Run Ronnie Run (2002),1.5,3.196176968431283
rw4356914,The Good Cop (2018),5.0,3.9057541631786368
rw1922812,Dad's Army (1971),5.0,3.486669327883
rw1707654,Hobgoblins (1988),1.0,3.2865609368458752
rw1283905,Brokeback Mountain (2005),5.0,4.439431587915171
rw1764312,Vampire Hunter D (1985),4.0,3.604108976134347
rw5807394,An Interview with God (2018),2.5,3.278977502660037
rw1348851,Silent Hill (2006),4.0,3.1599578554519834
rw5788711,Knights of the Zodiac: Saint Seiya (2019– ),5.0,3.3756527286073417
rw2792475,Grave Encounters 2 (2012),1.5,3.1173292423131445
rw3507623,Frankenstein's Castle of Freaks (1974),3.0,3.3290835215963965
rw5119722,Code of the Wild (2019– ),0.5,3.282699882983764
rw4574949,Master of Arms (2018– ),5.0,3.4405108811519702
rw3192342,"Two Days, One Night (2014)",5.0,3.3329649664440817
rw3063224,Get on Up (2014),4.5,3.3804549004425692
rw4081288,Out of the Shadows (I) (2017),1.0,3.0946154628927123
rw2926874,House of Good and Evil (2013),0.5,3.439408043025167
rw5357570,Masum (2017),4.0,3.4567109190774215
rw5220303,I'm Not There (2007),2.5,3.565067398071063
rw4233535,Moonlight (I) (2016),3.5,3.2680569051166
rw2327836,Despicable Me (2010),4.0,3.913004262837
rw2931078,Frozen (I) (2013),5.0,2.755367577150064
rw3036060,Borgman (2013),3.5,3.2228064891665564
rw2824363,The Lone Ranger (2013),2.5,3.1695276567882136
rw2347918,The Matrix Revolutions (2003),1.5,3.235136269427067
rw1419022,Syriana (2005),4.0,3.394148375498268
rw3307833,Home (II) (2015),5.0,4.301839848202109
rw1804247,Cloverfield (2008),0.5,2.6574250870857137
rw6089971,Rent-A-Pal (2020),4.5,3.221099745884816
rw3849941,Singularity (I) (2017),0.5,3.2887560687429565
rw1199699,Elizabethtown (2005),4.0,3.3192076853141814
rw4960342,Wonderful World (2009),3.0,3.3867616412184662
rw4057716,Eye in the Sky (2015),2.0,3.3912473553969966
rw1528841,Dhoom 2 (2006),4.5,3.318955601050175
rw2011169,Slumdog Millionaire (2008),0.5,3.525421391551531
rw5419978,Hero (III) (2019),2.5,3.3632012765031396
rw3625663,The Walking Dead (2010– ),5.0,4.124592030695417
rw2789025,Iron Man Three (2013),3.5,3.3989681549095407
rw3109848,The Last Will and Testament of Rosalind Leigh (2012),1.0,3.2419881318050323
rw0474693,U.S. Marshals (1998),3.5,3.3754380360389233
rw0329016,Sins of Desire (1993),3.5,3.321835577272847
rw0922421,Finding John Christmas (2003 TV Movie),4.0,3.171694578266177
rw4685447,Vikingane (2016– ),5.0,4.228471513552326
rw2495592,Gnomeo & Juliet (2011),4.5,3.3875347096696475
rw2976496,300: Rise of an Empire (2014),4.5,3.3099340145978013
rw0454949,The Green Mile (1999),5.0,4.220854328241162
rw3747531,Baby Driver (2017),3.5,3.959746008230731
rw2516956,J. Edgar (2011),4.0,3.5013438994964186
rw2137177,Scaramouche (1952),4.0,3.3447096082868315
rw3345958,The Man from U.N.C.L.E. (2015),4.5,3.3189786943294335
rw5660829,The Turning (2020),0.5,3.2878468038885007
rw0044454,The Day the Earth Stood Still (1951),5.0,3.389143548287484
rw2654468,Living with Wolves (2005 TV Movie),4.5,3.2751903599926857
rw0228245,Weird Science (1985),3.5,3.275168311090915
rw3606078,Assassin's Creed (2016),2.5,4.178236004615055
rw2039122,The Rocking Horse Winner (1949),3.5,3.3076639933449097
rw3644439,Ransom (2017–2019),5.0,3.434813921894664
rw5981766,Bad Boys (1995),3.5,3.4340096509048488
rw0431067,Scream 2 (1997),5.0,4.135097437260567
rw4991437,Spider-Man: Far from Home (2019),3.0,2.9508310684946397
rw6426816,Jojo Rabbit (2019),4.5,4.3223908710047105
rw0214773,Romancing the Stone (1984),4.0,3.308637219093686
rw4523973,Zero (III) (2018),5.0,2.5625105747160144
rw3596367,Spectral (2016),2.5,3.065278380191863
rw4357837,The Gifted (2017–2019),5.0,3.156152930729208
rw1640932,Criminal Minds (2005–2020),5.0,2.271514599005985
rw3495081,Independence Day: Resurgence (2016),2.0,3.3021623888096046
rw2833413,The Grifters (1990),3.0,3.398633703447089
rw6286361,Barbie Fairytopia: Mermaidia (2006 Video),4.5,3.4144400453598256
rw5031946,Rustum (2019),2.5,3.3607906830327536
rw3785181,Final Fantasy XV (2016 Video Game),4.5,3.343461715475641
rw4790107,Drunk Parents (2019),0.5,3.2934011674835224
rw3341059,Dante's Peak (1997),4.5,2.8993737703529163
rw6437941,Suits (2011–2019),4.0,3.3370752970966757
rw0156535,Suspiria (1977),5.0,3.676405875876797
rw5222604,A.I. Artificial Intelligence (2001),3.5,2.3472069667792743
rw2181593,阿凡達 (2009),4.0,3.451362466401263
rw3191594,Code Name: K.O.Z. (2015),0.5,3.2959022650885723
rw0778780,Ice Age (2002),5.0,3.393680833163089
rw0740286,Life with Judy Garland: Me and My Shadows (2001),4.5,3.4739186161474627
rw5280631,Ready or Not (I) (2019),5.0,3.20785471885586
rw1044227,Kiki's Delivery Service (1989),5.0,3.3135511833412736
rw1764562,Let's Get Tough! (1942),2.5,3.3577665118541473
rw4107855,Black Panther (2018),5.0,2.766856613670852
rw6333377,Hillbilly Elegy (2020),3.5,3.3602654268870786
rw2602461,Smiling Along (I) (1938),3.0,3.1188488785471358
rw3611793,Magpie (2014),3.5,3.2740693838208528
rw2180650,迷幻公園 (2007),3.5,3.303904315707223
rw4993907,Skyscraper (2018),3.0,3.169559384080739
rw3372423,Frontier (1935),2.5,3.293264516551458
rw3383514,Before We Go (I) (2014),1.5,3.473347882910583
rw5517321,Color Out of Space (2019),1.5,3.499023842608303
rw4520023,Travelers (2016–2018),5.0,3.687982194921984
rw5974436,Brave New World (2020),5.0,3.6579175155535726
rw3427851,Zootopia (2016),4.5,3.4815810953010016
rw2363248,The Town (2010),4.0,3.4144157889545204
rw2509530,The Missouri Breaks (1976),2.5,3.3464475691614433
rw3033295,Only the Brave (2006),3.5,3.246224230428883
rw2080468,He's Just Not That Into You (2009),2.5,3.312440225212404
rw2461685,Cyberbully (2011 TV Movie),4.5,3.3826681900936793
rw1424061,What's Eating Gilbert Grape (1993),5.0,3.2695046021539613
rw2741345,普羅米修斯 (I) (2012),3.0,1.1214392435808278
rw4506818,Four Hands Menu (2018– ),4.5,3.186091435114889
rw2221742,Inuyasha (2000–2004),4.0,3.5467904648120285
rw3245265,Tomorrowland (2015),5.0,3.2628582256047975
rw0790162,Wendigo (2001),5.0,2.540106924655478
rw3228799,Der ewige Jude (1940),0.5,3.394223886177503
rw3680710,Rendition (2007),2.0,3.20208218597218
rw4429334,Bravetown (I) (2015),1.0,3.5257418826065012
rw5581961,Paytakht (2011– ),4.5,3.4213739726923866
rw5156526,小丑 (2019),5.0,4.003046830563326
rw4972801,Agent Sai Srinivasa Athreya (2019),5.0,3.437174543152512
rw5483010,Blazing Saddles (1974),5.0,2.4578088681994013
rw5311371,My Christmas Love (2016 TV Movie),2.5,3.2669685269515765
rw6248469,Planet of the Apes (1968),4.0,4.255395878962539
rw2120855,Drag Me to Hell (2009),5.0,3.535718911040175
rw5053391,Spirited Away (2001),4.5,3.8866361433522525
rw4968568,Out of Blue (2018),1.0,3.31022343684313
rw3698683,The Space Between Us (I) (2017),3.0,3.3517703308177267
rw3679098,Beauty and the Beast (I) (2017),4.5,4.594976890134197
rw0425714,Metroland (1997),5.0,3.4415906980886377
rw0522523,Shakespeare in Love (1998),5.0,2.9061098458569123
rw0304138,The Bikini Carwash Company (1992),5.0,3.2795570785536503
rw4467231,God Friended Me (2018–2020),5.0,4.563262559802727
rw1261247,Vanishing Point (1971),5.0,3.2737578377258267
rw3567372,The Girl on the Train (2016),3.5,3.130968213304163
rw5220684,31 (2016),2.0,3.2426580405605474
rw1742323,Time Out (2001),2.5,3.3000183640525567
rw3701225,Forrest Gump (1994),5.0,4.582651367383332
rw2031123,Almost Blue (2000),4.0,3.3187740695205705
rw2895874,Kick-Ass 2 (2013),3.5,2.8497405501130464
rw3179802,Project Almanac (2015),3.0,1.9757749198462524
rw0482657,Star Wars: Episode I - The Phantom Menace (1999),4.5,3.2341487750121223
rw3007790,Mothra (1961),3.0,3.3294632529860864
rw1949145,The Best Years (2007– ),5.0,4.250101059694387
rw5845195,Floor is Lava (2020– ),4.5,3.4501404076668916
rw3221087,The Voices (2014),5.0,3.403873012668152
rw6051655,Agramon's Gate (2019),5.0,2.9960852710423813
rw0878868,Jackass: The Movie (2002),5.0,4.187276434386635
rw3510649,Kuroko's Basketball (2012–2015),4.5,3.5144450362887123
rw3361320,Inside (2007),4.0,3.941131884333717
rw5932335,Dil Bechara (2020),5.0,4.616497594554136
rw0545128,The Legend of Bagger Vance (2000),4.5,1.8273675606787037
rw4542685,Simmba (2018),0.5,3.4832531417993873
rw0201063,Geek Maggot Bingo or The Freak from Suckweasel Mountain (1983),0.5,3.262853389267516
rw1497115,The Texas Chainsaw Massacre: The Beginning (2006),1.0,3.22867276238499
rw5463892,Mr. Robot (2015–2019),5.0,3.6227444341169095
rw1443630,For Love of the Game (1999),5.0,3.4921240995624845
rw6341157,The Undoing (2020),2.0,3.253084796141828
rw3069238,Hoe Tem Je Een Draak 2 (2014),5.0,4.028317524561826
rw0496334,Shrek (2001),4.0,4.445259327953004
rw5654092,The Final Project (2016),1.0,3.122229248025124
rw4331535,John Wick (2014),5.0,3.086335368776025
rw5072972,The Snowman (2017),4.0,3.187122722907099
rw1750186,Why Did I Get Married? (2007),5.0,3.18810741887196
rw3001200,Bears (I) (2014),4.0,3.1101038388995437
rw2792225,Hider in the House (1989),3.5,3.260088210131891
rw2934914,Judge Dredd (1995),3.5,3.756001096535958
rw3475825,Knock Knock (I) (2015),3.5,3.735230200907208
rw1404446,Superman Returns (2006),5.0,2.583479665034454
rw0455053,The Green Mile (1999),4.0,4.220854328241162
rw4995092,Keeping Up with the Joneses (2016),2.5,3.3957017763097634
rw5538577,The Rat (II) (2019),5.0,3.418634606145404
rw2042264,Taboo (1999),4.0,3.454622377632229
rw2228408,Scoop (2006),3.5,3.372343952833812
rw4698421,Gone with the Wind (1939),5.0,4.157640701749163
rw4303929,Frankenweenie (1984),3.5,3.3172074052662195
rw5557262,The Day After Tomorrow (2004),5.0,3.317675608342124
rw0186026,Halloween II (1981),2.5,3.173043601549615
rw2228979,How to Train Your Dragon (2010),5.0,3.307899734312829
rw2499542,Inception (2010),1.5,4.573389552401004
rw5701528,City of Dreams (2019– ),3.0,3.3601627259325166
rw1791047,The Murder Game (2003– ),3.5,3.3060888078933255
rw6244654,Hangman (II) (2015),0.5,3.0859541948428646
rw4235919,The Outpost (2018– ),5.0,3.2531940187148987
rw5591515,Big Town After Dark (1947),2.5,3.3204502305008736
rw0909024,"I, Robot (2004)",4.0,2.9254958279717913
rw5518239,Columbus (I) (2017),1.5,3.5641751953740615
rw1336969,House of the Dead 2 (2005 TV Movie),1.5,2.9534456876034945
rw5750059,White Lines (2020),3.0,3.253692839992022
rw1443069,They Live (1988),5.0,3.1227488919476714
rw2359448,Jim Jefferies: I Swear to God (2009 TV Special),5.0,3.370501979613461
rw1835978,Stay Alive (2006),1.0,3.197010685031603
rw1623596,Mystery Science Theater 3000: The Movie (1996),3.0,3.2727141005553886
rw3223636,Transformers (2007),2.0,2.955630832073523
rw5238092,Gamer (2009),3.5,3.3132601043436996
rw5763782,Shaka Laka Boom Boom (2000–2004),4.0,3.2614414404906378
rw3105013,Godzilla (I) (1998),1.5,1.996536131705456
rw4575726,Kickboxer: Retaliation (2018),3.0,3.2852622958860818
rw3417655,Vinyl (2016),1.5,3.2216985728562015
rw2932938,Dredd (2012),3.0,2.849407403160955
rw6005347,Tiny Creatures (2020– ),0.5,3.307791076823428
rw5428470,Talladega Nights: The Ballad of Ricky Bobby (2006),4.5,3.754594980965723
rw1235257,"The Chronicles of Narnia: The Lion, the Witch and the Wardrobe (2005)",5.0,4.683666258609345
rw1280862,The Last of the Blonde Bombshells (2000 TV Movie),5.0,3.330231699072699
rw3324877,The Strain (2014–2017),1.5,3.6227444341169095
rw4706578,Cleaning Up (2019– ),4.0,3.480677104869302
rw4318747,Geetha Govindam (2018),0.5,3.427023039906
rw1531562,Mystic India (2005),3.5,3.5939946293781104
rw6426201,Battles Without Honor and Humanity: The Complete Saga (1980),4.0,3.286821671287909
rw0148558,The Message (1976),5.0,3.5752614307863664
rw2780386,Jack Reacher (2012),0.5,3.646699192857723
rw5746955,S.W.A.T.: Under Siege (2017),3.5,3.2610861013649126
rw3178797,Jupiter Ascending (2015),3.5,3.258140504243607
rw4664665,The Imitation Game (2014),5.0,2.665999192301468
rw5962846,Holy Hell (2016),3.5,3.301060713240831
rw2309083,The Other Guys (2010),3.0,3.2518218961022516
rw2942250,White Collar (2009–2014),5.0,3.2946700445796386
rw3762232,The One I Love (2014),3.0,3.268315748619053
rw0641019,Get Over It (2001),4.5,3.295097121218643
rw1728301,Blades of Glory (2007),3.5,3.4093072237950612
rw0867006,Battlestar Galactica (2003),5.0,4.472586181646238
rw3662797,47 Meters Down (2017),5.0,3.142907956407255
rw4548638,Aquaman (2018),5.0,2.9499656073739304
rw4345886,Solo: A Star Wars Story (2018),4.5,3.4773208530069617
rw0891036,Hollywood Homicide (2003),2.5,2.727102264915618
rw5429438,Aliens (1986),4.5,4.232308649104039
rw2755974,Rajneeti (2010),4.0,3.3271628174594903
rw3807134,Incendies (2010),4.5,2.958852173697363
rw6257015,A Very Charming Christmas Town (2020 TV Movie),4.0,3.328549185364486
rw2935691,Paranormal Activity: The Marked Ones (2014),4.0,3.1464103013932148
rw0508744,The Matrix (1999),5.0,3.520699504676457
rw1309819,Jarhead (2005),3.0,3.1652703930483086
rw2602349,Shoot the Moon (1982),4.5,3.3395196092139527
rw4717091,Baywatch (2017),3.5,3.8630311783396714
rw3094140,Outlander (2014– ),5.0,3.401559099667321
rw5921917,Greyhound (2020),4.5,2.747714139667254
rw4033339,Jim Jefferies: Freedumb (2016 TV Special),4.5,3.221513504804538
rw5809422,Ad Astra (2019),1.0,2.0780577645089267
rw1244916,Unknown World (1951),1.0,3.292843293691275
rw5410388,His Dark Materials (2019– ),3.5,3.2317971254206768
rw3324607,Get Rich or Die Tryin' (2005),3.0,3.230067522688394
rw6122523,London Confidental (2020),5.0,3.687982194921984
rw4584125,Star Wars: Episode VIII - The Last Jedi (2017),4.5,3.0859839845780965
rw0964832,Crooklyn (1994),2.5,3.4243854969215435
rw1966950,What a Girl Wants (2003),3.5,3.3609954904782438
rw5700915,The Dirty Dozen (1967),3.0,3.3684607753262825
rw4090576,The Lady Is Willing (1934),2.5,3.520596455573366
rw0871157,Cidade de Deus (2002),4.5,4.013968759478738
rw4350715,Jurassic World: Fallen Kingdom (2018),3.5,3.343132403138891
rw3379229,The Revenant (2015),5.0,2.609560393691847
rw0097718,The Graduate (1967),5.0,3.9545673688851983
rw4426429,Hunter Killer (2018),0.5,3.8995971202307502
rw0279959,Cry-Baby (1990),1.5,2.862654820441201
rw2480547,La casa muda (2010),3.0,1.5293484054880455
rw5116417,9/11 (2017),2.0,3.1759970752056756
rw3641196,Zootopia (2016),2.5,3.4815810953010016
rw1909956,Room 36 (2005),4.0,3.6227444341169095
rw2355074,Burlesque (I) (2010),4.5,3.125299388017286
rw5377672,The Pianist (2002),5.0,3.299962983649715
rw2424305,I Am Number Four (2011),1.0,3.3066889731122044
rw0514151,The Siege (1998),3.5,3.172990393799
rw6346094,The Crown (2016– ),3.5,3.4368921561225814
rw3185716,The Karate Kid (2010),4.5,3.383102367616962
rw2301838,Charlie Chan in Shanghai (1935),3.5,3.4523191228856507
rw0663856,The Contender (2000),3.5,3.1536487910012703
rw5588468,The Usual Suspects (1995),2.0,3.3771716976760286
rw1773777,Lou Grant (1977–1982),2.0,3.4411580526556804
rw1921202,Tout va bien (1972),4.0,3.5439210112678796
rw5729590,Weathering with You (2019),3.5,3.642006757656105
rw2118526,V for Vendetta (2005),2.5,4.732038759553494
rw3397163,Brave (2012),5.0,3.1936394181544165
rw2246652,The Last Thakur (2008),2.5,3.210421917090299
rw4009255,A Shadow World (2015),0.5,3.2476099543111863
rw5844033,Dead of Winter (1987),2.0,3.318256187206613
rw2699857,Extinction: The G.M.O. Chronicles (2011),2.0,3.1651520100544093
rw4163859,The Greatest Showman (2017),4.0,4.028691392423776
rw2282363,Blood Cult (1985 Video),3.0,3.2006624219051343
rw2729678,Brute Force (1947),4.0,3.2807128647731956
rw4701853,Leaving Neverland (2019),0.5,1.9844381786990386
rw1205008,Team America: World Police (2004),4.5,2.5156611355096494
rw6374127,Justice League (2017),2.5,2.4326176676280302
rw4655741,In Like Flynn (2018),3.0,3.4612134056944974
rw5913065,2001: A Space Odyssey (1968),4.5,3.7062056456933026
rw5472789,Insatiable (2018–2019),5.0,3.4022554396668183
rw1439063,The Brave (1997),1.5,3.2893312487401434
rw2347697,The Room (2003),2.5,4.148661831100678
rw0533540,The World Is Not Enough (1999),4.0,3.5547203084184407
rw6439065,It's a Wonderful Life (1946),5.0,3.473114038815041
rw0730223,Die Another Day (2002),4.5,3.4479903780185825
rw5746869,Guardians of the Galaxy (2015–2019),4.5,4.2789186204268965
rw0861273,Hitters (2002),5.0,3.174576764594749
rw0135391,The Front Page (1974),3.0,3.558121860850696
rw3116302,Teenage Mutant Ninja Turtles (2014),2.5,3.0386682127653986
rw6331870,Bob Lazar: Area 51 & Flying Saucers (2018),1.0,3.675193351393579
rw3401855,The Ten Commandments (1956),4.5,3.171114433542053
rw6175302,Wedding Crashers (2005),4.0,3.1669854321248203
rw4306329,Call Me by Your Name (2017),5.0,3.3590044337875717
rw4604161,Suits (2011–2019),5.0,3.3370752970966757
rw6262227,Paranormal (2020– ),3.5,3.0891046424858537
rw1565692,"Hamlet, Prince of Denmark (1980 TV Movie)",3.0,3.340823047943529
rw5900735,Greyhound (2020),2.0,3.742747883312823
rw3406194,R'ha (2013),2.0,3.2932542037172716
rw2056521,"Oh, Mr. Porter! (1937)",4.0,3.534409906456016
rw6219961,The Queen's Gambit (2020),4.5,3.525566867952743
rw1960941,Appaloosa (2008),3.5,3.3323206272122983
rw0583294,The Lord of the Rings: The Return of the King (2003),5.0,4.635086923003556
rw0722997,Bridget Jones's Diary (2001),5.0,3.298046323470078
rw6323364,Sher Dil (2019),5.0,3.6579175155535726
rw5424320,Hancock (2008),2.5,1.7785237174612283
rw3577269,Genius (2016),4.5,3.4432322008584424
rw0404288,Apt Pupil (1998),5.0,3.2996455382503678
rw4572742,Incredibles 2 (2018),4.0,3.974688842657528
rw2558292,Screamers: The Hunting (2009 Video),0.5,2.9842081042487227
rw3243249,Tanu Weds Manu Returns (2015),5.0,3.4917878869974666
rw0753219,Scary Movie 2 (2001),0.5,3.307034237140142
rw5029622,Thor: The Dark World (2013),3.0,3.2406930247944916
rw4897033,Valerian and the City of a Thousand Planets (2017),1.5,3.958440192739487
rw5753124,NCIS (2003– ),5.0,3.4183636787692766
rw4137927,A Quiet Place (2018),2.5,3.084840678597374
rw1219964,The End of the Affair (1999),5.0,3.361398010540639
rw1383083,Conspiracy Theory: Did We Land on the Moon? (2001 TV Movie),5.0,3.3112018549153923
rw6402590,The Midnight Sky (2020),1.5,2.1694601114392964
rw4232319,Shooter (I) (2007),2.0,3.2132891482357815
rw1529754,Monster in a Box (1992),4.5,3.1662968603181016
rw6214135,Uncut Gems (2019),1.5,3.3325960063276634
rw4731198,Thriller (1960–1962),5.0,3.2192609246510706
rw0005199,The Cameraman (1928),5.0,3.4819077524571935
rw1270890,High School Musical (2006 TV Movie),1.5,1.889717121085126
rw1339903,American Dreamz (2006),3.0,3.5501161714074247
rw4477110,The Christmas Chronicles (2018),5.0,3.4366648640080686
rw0394723,Scream (1996),5.0,4.124489867571858
rw1492607,The Big Lift (1950),4.5,3.348015207196222
rw1966965,War of the Worlds (2005),3.5,3.6958661749267976
rw5902517,The Old Guard (2020),4.0,4.319527501817135
rw5460372,The Da Vinci Code (2006),3.5,3.185449102005392
rw1349585,As Good as It Gets (1997),4.5,3.3801004637021532
rw5484404,The Will (2020),5.0,3.344007736509709
rw2581002,The Flying Squirrel (1954),4.0,3.4403191048811066
rw3628443,The Fall (I) (2013–2016),4.0,3.169069630239855
rw4364860,Tag (I) (2018),4.5,3.107377834179675
rw1442642,Pirates of the Caribbean: Dead Man's Chest (2006),1.5,1.9705898396596908
rw6126600,500 Days of Summer (2009),4.5,4.542438183113162
rw1627993,Severance (2006),3.0,3.542214650859556
rw4892276,Stronger (I) (2017),2.5,3.2118160293234843
rw5666293,Rosemary's Baby (1968),4.5,4.245069024569415
rw3049609,Dawn of the Planet of the Apes (2014),4.5,3.9399235306582776
rw3350992,Spectre (I) (2015),2.0,3.4964185220859623
rw4839131,Captain Marvel (2019),3.0,3.675805556315658
rw3594764,Santo in the Hotel of Death (1963),2.0,3.48524519807513
rw6197894,Strangers at the Door (2017),0.5,3.113420728887699
rw3146393,Santa Claus (1959),4.0,3.421012673515647
rw5702832,Mrs. Serial Killer (2020),5.0,4.601149791647996
rw0448310,"A Cool, Dry Place (1998)",2.5,3.3678467285548224
rw4970695,The Man Who Killed Don Quixote (2018),0.5,3.4523311991416614
rw1464894,Tank Girl (1995),4.0,3.2406156383673568
rw2210508,All About Eve (1950),4.5,3.4489534023227497
rw2049052,Cry-Baby (1990),2.5,2.244289376969532
rw5114542,The Man from Earth (2007),0.5,3.2726440296048027
rw1708980,The House Without a Christmas Tree (1972 TV Movie),5.0,3.5000546309966203
rw0478413,X-Men (2000),4.5,4.155413132179352
rw2813904,This Is the End (2013),0.5,1.2673374311126069
rw5132358,Rambo: Last Blood (2019),1.0,3.289248425247714
rw2788477,Dredd (2012),2.0,3.286541526052804
rw0793438,The Scorpion King (2002),4.0,3.4345320954402427
rw4948170,Jinn (2019– ),4.5,2.0437927570410888
rw2052675,The Fast and the Furious: Tokyo Drift (2006),1.0,2.970317601270679
rw1089360,The Big Stuffed Dog (1981 TV Movie),3.5,3.6579175155535726
rw3265517,Lava (2014),1.0,3.3357196230175985
rw3688562,Entertainment (2015),2.5,3.308202905082659
rw5903821,The Old Guard (2020),5.0,4.025565692255915
rw1133797,November (I) (2004),3.5,3.2366501257562676
rw0985630,Swades (2004),5.0,3.4527872357942764
rw0153576,The Mighty Peking Man (1977),4.5,3.2337634599909975
rw2610407,The Graduate (1967),4.0,4.221215624247983
rw2858510,Lucky Night (1939),5.0,3.5256157279762332
rw0174564,The Day After Trinity (1981),3.5,3.6579175155535726
rw6163766,Abhay (2019– ),5.0,4.756194581802966
rw2470077,Cowboys & Aliens (2011),4.0,3.29056537568879
rw0370402,Se7en (1995),5.0,4.007951765657133
rw1661004,Apocalypto (2006),2.0,2.305369636339962
rw2958999,The Wolf of Wall Street (2013),4.5,4.212345359657862
rw1675292,American Nightmare (2002 Video),4.5,3.3231951277493295
rw3187163,Fifty Shades of Grey (2015),3.5,3.4714297404083907
rw1100030,Mr. & Mrs. Smith (1941),2.5,3.3302553994454054
rw5958154,Deep Blue Sea 2 (2018 Video),1.0,3.342185885652082
rw5835681,Inspector Gadget (1999),3.5,3.306281656979009
rw5525111,Wonderland (2013–2015),5.0,3.3922562373705945
rw2381502,Attack on Darfur (2009),1.0,3.231635608880501
rw5414626,Giri/Haji (2019),2.0,2.6407667238398056
rw2934175,The Hobbit: The Desolation of Smaug (2013),1.0,3.4447430900274343
rw4823126,The Wandering Earth (2019),2.0,3.209863008965527
rw0088601,A Charlie Brown Christmas (1965 TV Movie),5.0,3.5528162763845916
rw6212093,The Little Vampire 3D (2017),5.0,3.497917159745271
rw1406431,Entourage (2004–2011),5.0,4.121286017741458
rw0574393,The Sum of All Fears (2002),4.0,3.213057785632487
rw0879254,Laws of Attraction (2004),2.5,3.106003140086348
rw2251298,Vicky Cristina Barcelona (2008),3.5,3.3039941195624145
rw1295734,Final Destination 2 (2003),4.0,3.2279933077008924
rw1599325,毀滅戰士 (2005),1.0,3.252535327708592
rw0304794,Braindead (1992),3.5,3.426248921102097
rw3577954,Scars of Dracula (1970),3.5,3.3295775133338568
rw2048630,Baghead (2008),1.0,3.1476643581858847
rw1320306,L'enfant secret (1979),5.0,3.2646990120458907
rw4561255,Shanghai Surprise (1986),1.0,3.4962303038836438
rw0904156,Two Brothers (2004),0.5,3.3939222430897575
rw4296986,Dinosaur (2000),5.0,3.439754306764691
rw6273327,Soorarai Pottru (2020),5.0,4.366749002555069
rw1855644,De erfgename (1949),4.5,3.310545794389456
rw6017578,Flesh (2020),5.0,3.836984356696166
rw1549080,Sideways (2004),1.0,3.5387777845743287
rw5210666,Tales of Found Footage (2019),0.5,3.3451005991392764
rw2382671,Mumbai Diaries (2010),4.5,2.6451336631881834
rw1729208,The Broken Hearts Club: A Romantic Comedy (2000),3.0,3.4030242231914345
rw4486371,Reunited at Christmas (2018 TV Movie),0.5,3.3219020349892876
rw3412391,The Comedians (1967),4.5,3.3294425003922834
rw0639181,"O Brother, Where Art Thou? (2000)",4.5,3.77458209321495
rw5857185,Eurovision Song Contest: The Story of Fire Saga (2020),3.5,3.0865319011387786
rw4183514,The Graduate (1967),4.0,4.221215624247983
rw5250346,The Fighter (I) (2010),4.0,4.176341036867684
rw4481049,Mirzapur (2018– ),4.5,3.718405659714959
rw4099840,Death Wish (2018),1.5,3.365952334364258
rw2042065,In Bruges (2008),5.0,3.39210604421731
rw0247445,Moonstruck (1987),5.0,3.4235495807488086
rw3354662,500 Days of Summer (2009),5.0,4.060584587313441
rw6450812,Sherlock (2010–2017),4.5,4.295266834467612
rw2785081,The Croods (2013),3.5,3.399082197543179
rw1822727,Lilly Turner (1933),3.5,3.4148359185384707
rw1977786,Anaconda 3: Offspring (2008 TV Movie),0.5,3.1706789892837306
rw2378098,Plan B (I) (2009),5.0,3.133128707319224
rw4691837,ImMATURE (2019– ),5.0,4.593307230283483
rw5033711,Quarries (2016),3.5,3.2187118253438354
rw5107286,Blade Runner 2049 (2017),3.5,3.7391930496332733
rw2221976,Green Zone (2010),3.5,3.2784121884637165
rw4117331,The Terror (2018– ),4.5,3.2673082537904197
rw0738876,Asterix & Obelix: Mission Cleopatra (2002),4.0,3.3419583841275946
rw1497728,Titanic (1997),2.0,4.207687622460994
rw3600931,REC (2007),3.0,3.3211216580382152
rw3664302,Chasing Leprechauns (2012 TV Movie),4.5,3.4491803738726894
rw5797267,Collision Earth (2020),0.5,3.101448938698801
rw4201102,Nancy (2018),3.5,3.338818737078206
rw4179136,The Leftovers (2014–2017),5.0,2.052211586552587
rw1361318,Final Fantasy VII: Advent Children (2005),2.0,4.080107162319126
rw3395802,Seventh Son (I) (2014),0.5,3.299199511372706
rw2462113,Mal día para pescar (2009),3.5,3.4176738354327583
rw1985733,The Happening (2008),1.0,3.214393513690322
rw0802543,My Little Eye (2002),3.5,3.1526145159966816
rw0764913,Basic (2003),3.5,2.5335762725938946
rw4936411,Jinn (2019– ),3.0,2.6384674553944825
rw4835696,The Dark Side of the Sun (1988),3.0,3.4678064374701356
rw1315836,Tutti i colori del buio (1972),4.5,3.249380590527598
rw2878923,This Is the End (2013),1.0,1.0418205104913312
rw6264094,Poison (2019– ),5.0,2.3339791563152947
rw0444310,Being John Malkovich (1999),5.0,3.2942928440389574
rw0075498,Something Wild (1961),4.5,3.3477566663190816
rw4440848,Bohemian Rhapsody (2018),5.0,4.0602332755459365
rw0538680,Spider-Man (2002),4.0,4.133231061431563
rw5305867,國王 (I) (2019),2.5,3.5140132641170174
rw4724373,Triple Frontier (2019),3.0,3.505596443418344
rw5811035,BlacKkKlansman (2018),4.0,3.3132041875435534
rw3849561,13 Minutes (2015),2.5,3.3438222540833182
rw3465991,The Avengers (2012),5.0,4.3406319076111775
rw6078171,Train to Busan (2016),4.5,3.8514221999731015
rw3014308,The Bag Man (I) (2014),4.0,3.6527941801069126
rw5093245,Heat (1995),5.0,3.144692834570349
rw0163352,Shalimar (1978),5.0,3.266465492773942
rw0529659,Mind Games (1998 TV Movie),1.5,3.2450044494421038
rw4301098,Mission: Impossible - Fallout (2018),4.5,3.182759577165425
rw0059959,12 Angry Men (1957),5.0,4.5014967101732335
rw3035894,The Client (2011),3.5,3.2602066566430423
rw0103463,Night of the Living Dead (1968),4.5,4.187091179131609
rw1254983,King Kong (2005),3.0,2.9468777853654293
rw3803839,War for the Planet of the Apes (2017),4.5,3.454121006539425
rw6101014,Pets United (2019),0.5,3.401890490685486
rw3772798,Valerian and the City of a Thousand Planets (2017),4.0,3.3848803699338936
rw1825791,Mou gaan dou II (2003),3.5,3.3017631839701016
rw2136849,Observe and Report (2009),2.0,3.316080995338371
rw5834711,Space Force (2020– ),5.0,3.849142603711569
rw5236645,Sunset Blvd. (1950),5.0,3.1969392371301586
rw0554038,Screwed (2000),4.0,3.324877367593242
rw2550483,The Adventures of Tintin (2011),4.0,4.431757189967453
rw6084952,Uncle Tom (2020),5.0,4.139030935471757
rw4144407,Avengers: Infinity War (2018),5.0,3.9885367445147306
rw6332787,Vikings (2013–2020),5.0,4.4734457880587675
rw0767235,Murder by Numbers (2002),3.0,3.338710301231276
rw0326888,The Piano (1993),3.5,3.501542814699277
rw2088434,The Freakmaker (1974),2.0,3.336478284070372
rw4774244,Dexter (2006–2021),4.0,3.396962443736388
rw3460669,Nina (I) (2016),4.0,3.3583261766266825
rw2536810,Mission: Impossible - Ghost Protocol (2011),2.0,3.170877812654509
rw3264622,Slap Shot 3: The Junior League (2008 Video),1.5,3.456426025469619
rw2764314,Sound City (2013),5.0,3.1810254894378835
rw6203260,Prison Break (2005–2017),1.0,3.155568697416047
rw5759148,Giri/Haji (2019),2.0,2.6167153164939743
rw5724109,Monsters (2017 Video),4.0,3.2967231881628667
rw5211178,The Lighthouse (I) (2019),5.0,3.2642536282818377
rw1769347,Beowulf (2007),3.0,3.293166833276883
rw4014896,Mother! (2017),5.0,1.4550405057967337
rw5698242,Hollywood (2020),4.0,3.8695259147090324
rw4191878,Shadowhunters (2016–2019),5.0,2.2293263035146818
rw1011587,Thirteen Days (2000),2.5,3.327484002299136
rw6031338,Flesh (2020),5.0,3.8432890982438512
rw5422720,Soundtrack (2019),5.0,3.3289858047473144
rw4375197,In the Heart of the Sea (2015),4.0,3.3880163594377146
rw3747517,Ghost in the Shell (2017),1.0,4.075121728138495
rw0075663,The Two Little Bears (1961),1.5,3.4728753091289746
rw3630657,K-Shop (2016),3.5,3.1733621669988894
rw0287827,Rosencrantz & Guildenstern Are Dead (1990),5.0,3.090348498319279
rw5221139,Sleeping with the Enemy (1991),5.0,3.353857293245107
rw3059509,Wow! Wow! Wubbzy! (2006–2010),1.5,3.4138953652911392
rw4480918,The Dark Knight Rises (2012),3.5,3.251361702098639
rw3229189,The Count of Monte Cristo (1934),3.0,3.2610420776126103
rw3868200,Nails (I) (2017),3.0,3.290043527878546
rw3596359,Office Christmas Party (2016),4.5,3.2272532101123543
rw0071933,Never on Sunday (1960),3.0,3.18851763249028
rw5259050,Love Is Blind (I) (2019),1.5,3.4112999703521263
rw6221826,The Long Hair of Death (1965),4.5,3.2835679713683965
rw0258201,Grave of the Fireflies (1988),5.0,4.094973692000529
rw4227906,The Bad Sleep Well (1960),2.5,3.248641023565304
rw0212472,Satomi hakken-den (1983),5.0,3.718405659714959
rw0931777,Kill Bill: Vol. 2 (2004),5.0,3.896366606180251
rw1048257,Million Dollar Baby (2004),0.5,3.511559138834896
rw2376852,Mumbai Diaries (2010),2.0,4.008254067658556
rw0071250,The Virgin Spring (1960),4.5,3.3179586176276024
rw5000111,TRON: Legacy (2010),5.0,3.444088497102389
rw3063208,Get on Up (2014),3.5,3.3804549004425692
rw1483377,The Proud Ones (1956),4.5,3.2687314266709886
rw3168526,鳥人 (2014),3.0,3.918296001753048
rw1851228,The Kite Runner (2007),3.0,3.5103872249454136
rw2978915,White Chicks (2004),4.0,3.272420324036227
rw5959280,Un ticket pour l'espace (2006),3.5,3.2096421587475903
rw5849161,Eric Andre: Legalize Everything (2020 TV Special),2.5,3.340007776612625
rw2556672,Jail (2007– ),4.0,3.251076505254556
rw2283448,The Book of Eli (2010),3.0,1.8814576603136008
rw4147933,Riverdale (2017– ),4.0,1.7779410365893866
rw5065214,The Hateful Eight (2015),2.0,2.521185932219099
rw0894189,Troy (2004),3.0,4.659567050110802
rw1645702,Gangs of New York (2002),4.5,1.9426843970713839
rw6033945,Nocturnal Animals (2016),4.5,4.0156268583166606
rw2268323,The Crazies (2010),1.0,3.2331521182709086
rw5484449,World Famous Lover (2020),4.0,3.4293045714876755
rw3650445,Moonlight (I) (2016),3.5,3.0592496623103664
rw5206999,The Hole in the Ground (2019),2.5,3.1784108215763247
rw2541083,A.N.T. Farm (2011–2014),0.5,3.060021599195812
rw5897010,The Old Guard (2020),4.0,4.298164093165119
rw3561692,Midnight in the Garden of Good and Evil (1997),3.5,3.245380315472289
rw3081792,The Killing (2011–2014),3.5,3.2047971053498077
rw5786530,Once Upon a Time... In Hollywood (2019),4.5,3.720428066350605
rw1742286,Dr. Giggles (1992),2.5,3.26382267610938
rw0292132,Cape Fear (1991),3.5,3.650120705732798
rw3048946,G.I. Joe: Retaliation (2013),0.5,3.1626252513543163
rw4375216,The Killing of a Sacred Deer (2017),1.0,3.3992200030523403
rw1820965,The Truth About Cats & Dogs (1996),3.5,3.4097501476304846
rw5669380,Parasite (2019),5.0,4.156060441636768
rw0863205,The Cat in the Hat (2003),3.5,3.4548293215624772
rw5616996,Jackson Durai (2016),5.0,3.687982194921984
rw0506309,Wing Commander (1999),2.0,3.3103596211832396
rw5602821,Sketchy Behaviour (2019 TV Movie),5.0,3.360886466419231
rw1782697,Enchanted (2007),4.0,3.432446366678101
rw6165443,Firewood (2019),4.0,3.687982194921984
rw5059875,Rocko's Modern Life: Static Cling (2019 TV Movie),1.0,3.4191508969378543
rw4641198,Wonder Woman (2017),3.0,2.051177849456565
rw3198298,Warpaint (2012),1.0,3.473090579986412
rw2288979,John Adams (2008),4.5,3.6579175155535726
rw0475339,Velvet Goldmine (1998),5.0,3.326863546763751
rw0583732,The Lord of the Rings: The Return of the King (2003),4.5,4.635086923003556
rw5196114,Steel Country (2018),4.0,3.718405659714959
rw6228570,Nicole (2019),5.0,3.1267799992552887
rw2267845,Boot Camp (2008),5.0,3.1785562830740153
rw5401391,Klaus (2019),1.5,4.308600010886553
rw0812652,Once Upon a Time in Mexico (2003),5.0,3.160020790366983
rw3805691,Slightly Daffy (1944),3.5,3.2703092176488444
rw3689269,iBoy (2017),3.0,3.264449228243206
rw6355981,The Reagans (2020– ),0.5,3.4041443292215625
rw4458942,The Price of Everything (2018),3.0,3.4074760506775528
rw4041360,Freak Show (2017),4.0,2.9263803309853276
rw5968584,Black Is King (2020),5.0,4.10292769451081
rw2774575,Big Fish (2003),1.0,3.7011634790692187
rw6328783,Tesla (I) (2020),0.5,3.245159098872758
rw4346942,American Made (2017),5.0,3.3826059535585777
rw4255847,The Dark Tower (2017),4.0,4.207551611507272
rw6070290,Children of Men (2006),5.0,3.091307411343673
rw1681748,Ladies in Retirement (1941),3.0,3.490086235870812
rw5376887,Pirate Radio (2009),2.5,1.8459367809774263
rw0245265,Wings of Desire (1987),5.0,3.276178091386325
rw2760649,Huang jia shi jie (1985),4.0,3.4854349569340863
rw5717133,Swallow (I) (2019),1.0,3.1853655426760694
rw1261174,Conflict (1945),3.5,3.3957626159746055
rw3150966,White Collar (2009–2014),5.0,3.2946700445796386
rw4188151,Mike and Dave Need Wedding Dates (2016),3.0,3.275902164636811
rw5540650,Miss Congeniality (2000),3.5,3.314847442881094
rw6155284,Star Wars: Episode VIII - The Last Jedi (2017),2.0,4.076794732443018
rw5085172,Blade Runner 2049 (2017),4.5,3.534023133323235
rw2674212,Somewhere (2010),0.5,3.195814102667512
rw4457866,Leningrad (2009),0.5,3.382783190681263
rw6190325,The Visit (I) (2015),4.5,3.220830148818359
rw2358065,TRON: Legacy (2010),3.5,4.220183346052425
rw1157931,Bloody Wednesday (1988),2.0,3.1178237139246496
rw3304980,Pixels (2015),4.0,3.400540100276651
rw0732257,Donnie Darko (2001),4.5,3.1292749108055693
rw3325134,Pan (2015),2.5,3.3313241569622987
rw1513327,Should Men Walk Home? (1927),3.0,3.37496121442988
rw0334678,Ava's Magical Adventure (1994),1.5,3.687982194921984
rw5444562,Kissed (1996),2.5,3.3033914677645386
rw5384837,The Grudge (2020),3.5,3.1053682578465702
rw5653388,Changeling (2008),2.5,3.40147045627213
rw1814602,Undersea Kingdom (1936),4.0,3.3304690800656824
rw4973143,The Dark Tower (2017),4.5,3.9144417651043732
rw4138887,The Death of Stalin (2017),4.5,3.2479114081771754
rw4801828,Dragonheart 3: The Sorcerer's Curse (2015 Video),3.0,3.4850191279548373
rw2308146,Tobacco Road (1941),4.0,3.4224879804261596
rw2190209,十誡 (1956),2.5,3.949467967757849
rw4775394,A Quiet Place (2018),4.5,2.2403093501742237
rw6172661,Breakaway (2011),4.0,3.4045562290973232
rw2977767,Anchorman 2: The Legend Continues (2013),2.0,3.3148369539287743
rw1589972,Murder-Set-Pieces (2004),2.0,3.242811572508515
rw0813406,Signs (2002),5.0,3.3679434672894697
rw4727303,Furious 6 (2013),2.5,3.5144206285765036
rw6172232,Red Sonja (1985),4.0,3.5334752764923274
rw0687910,Original Sin (2001),2.0,3.224616185493979
rw5532909,Villain (I) (2020),5.0,3.2533517361378963
rw4584144,Sex Education (2019– ),3.5,3.3814998246386527
rw4331195,Filmworker (2017),1.0,3.3468548322655542
rw1095056,Cinderella Man (2005),5.0,1.9034222179691442
rw6001769,La dernière vague (2019– ),3.0,3.687982194921984
rw5376044,Cats (2019),1.0,1.935203371269028
rw4943257,Monster (VIII) (2019),4.0,3.1205717028208944
rw4716621,After the Thin Man (1936),3.5,3.477151243534055
rw1782828,Behind Enemy Lines (2001),3.0,3.2934388211205117
rw1721234,Akutoreizâ (1990 Video Game),5.0,3.226214556402659
rw1873078,A Esteticista (2005),4.0,3.1559506833889297
rw6219540,I'm Thinking of Ending Things (2020),0.5,1.6950477241376096
rw2713767,The Way (I) (2010),4.0,3.399134867003982
rw4086628,Love Per Square Foot (2018),3.0,3.526361268122451
rw6014561,Bandish Bandits (2020– ),1.0,3.348600026517589
rw2412064,Blindness (2008),4.5,3.468958777247662
rw4222760,Incredibles 2 (2018),4.5,4.231402134728069
rw3198678,Parallels (I) (2015),4.5,3.253617738257232
rw4298278,Last Man Standing (2011– ),5.0,3.339278017156124
rw5373853,Gordon Lightfoot: If You Could Read My Mind (2019),3.5,3.348773963201153
rw3878617,Possession (1981),0.5,3.3750209342920403
rw3003197,The Tomorrow People (2013–2014),5.0,3.37974740984556
rw1099948,Song of the South (1946),4.0,3.4957218764265616
rw1901699,L: Change the World (2008),1.0,3.475969883239435
rw5668567,Another Life (2019– ),1.5,2.5904709199549423
rw3006369,Let's Kill Uncle (1966),3.0,3.389946817817109
rw3452006,Desk Set (1957),3.5,3.357826924748648
rw0450638,Eye of the Beholder (1999),4.5,4.173451615596501
rw3055204,The Monuments Men (2014),3.0,3.318072311703512
rw4244997,Suburban Commando (1991),3.5,3.5719029809992446
rw2602549,Captain America: The First Avenger (2011),0.5,3.4055649057197344
rw1219883,Derailed (I) (2005),0.5,3.1961540372057047
rw2162435,The Most Wonderful Time of the Year (2008 TV Movie),2.5,3.3641954287334213
rw0459198,The Lord of the Rings: The Fellowship of the Ring (2001),0.5,3.557982440353054
rw4218187,Avengers: Infinity War (2018),3.5,4.2556527895553895
rw3656094,Moonlight (I) (2016),4.0,3.0592496623103664
rw2142162,Diary of a Madman (1963),4.0,3.2514701230813823
rw0282496,Goodfellas (1990),5.0,4.199141298565637
rw3592958,Frost/Nixon (2008),5.0,3.3496514709700573
rw1373798,Arabela (1979– ),5.0,3.161734361784265
rw4513525,My Christmas Prince (2017 TV Movie),0.5,3.376615680413044
rw0228472,Year of the Dragon (1985),5.0,3.350053345569992
rw1973210,It's a Wonderful Life (1946),5.0,3.473114038815041
rw3340403,Dudes & Dragons (2015),5.0,3.3745458925204335
rw2454799,Gallipoli (1981),3.5,3.374896757175217
rw3877068,He Walked by Night (1948),4.0,3.3443358640099046
rw4627058,If Beale Street Could Talk (2018),0.5,3.358502771792235
rw1213597,Azumi (2003),4.0,3.1944875510721387
rw2340046,Chairman of the Board (1998),2.5,3.514773653733606
rw3629411,Lion (2016),4.5,3.4452444921492686
rw5915776,Given (2019– ),4.5,3.297225240575621
rw3010392,The Amazing Spider-Man 2 (2014),4.0,1.8045022404593858
rw3111893,Rango (2011),1.0,3.82425743647682
rw2729153,Shira: The Vampire Samurai (2005 Video),4.0,3.6579175155535726
rw5392050,Messiah (2020),5.0,3.718405659714959
rw3078290,Mad Money (2008),3.5,3.4122527667520024
rw1918024,The Dark Knight (2008),1.0,4.736413875840815
rw1634368,Baron Prásil (1962),5.0,3.4129711995084593
rw1647590,Vacancy (2007),2.5,1.9541341965880745
rw5414367,Haunt (I) (2019),5.0,2.9160800640303144
rw1983713,Mumbai Meri Jaan (2008),4.5,3.3701049620762475
rw2487374,Setup (I) (2011),0.5,3.2596800114771103
rw4338305,Bleach (2018),5.0,3.293215195056671
rw2388653,Dalaw (II) (2010),2.0,3.099349699619369
rw1477311,Analyze This (1999),4.0,3.4127443593069895
rw5410389,Tanhaji: The Unsung Warrior (2020),4.0,4.16225944642799
rw5091552,Trollied (2011–2018),4.0,3.38719478469801
rw0141555,Hester Street (1975),5.0,3.432297305924927
rw2296711,Into the Blue 2: The Reef (2009 Video),1.0,3.405594442306108
rw2169389,Tiger Bay (1959),4.5,3.40688654078354
rw3735282,Hollywood Homicide (2003),2.0,3.016698933332461
rw5987660,Gunjan Saxena: The Kargil Girl (2020),0.5,3.9038503210493327
rw0800512,Mr. Deeds (2002),0.5,3.308332846544673
rw5665042,The Willoughbys (2020),2.0,4.211656737660524
rw1948298,The Sound of Music (1965),3.5,3.5484975095209763
rw4642630,The Final Wish (2018),5.0,3.1856552328706322
rw3649334,Complete Unknown (2016),3.5,3.264409277279247
rw0201612,The Hunger (1983),4.5,3.3308412025891974
rw3737668,The Last Man on Earth (2015–2018),5.0,3.298154020788126
rw3323185,The Primary Instinct (2015),4.0,3.253669185009336
rw4706532,Absentia (2017– ),3.5,3.126658427480105
rw0736722,Ali (2001),5.0,2.9235987632195797
rw1093244,Tae Guk Gi: The Brotherhood of War (2004),4.5,3.2063059443295496
rw5422680,Bad Boys for Life (2020),5.0,3.338100637736015
rw4981944,Toy Story 4 (2019),4.0,3.379319586058227
rw4545629,Cargo (2013),3.0,3.3146651621354684
rw6419059,Coolie No. 1 (2020),0.5,0.9902084220056385
rw1808317,Lost in Beijing (2007),2.5,3.3627952470190667
rw1896347,I Am Legend (2007),2.5,3.2248862156860905
rw5378288,Messiah (2020),1.5,3.718405659714959
rw4435031,Venom (2018),4.5,3.9473049638051223
rw1207011,Saw II (2005),4.0,3.2317454377721075
rw4385472,Await Further Instructions (2018),2.0,3.1205802615675613
rw2287819,Trust (1990),5.0,3.254028817188653
rw4784266,The Killer Next Door (2018),0.5,3.136613055740601
rw6097584,Kilink: Strip and Kill (1967),3.5,3.305421979009925
rw0084859,Dr. Devil and Mr. Hare (1964),4.0,3.5459317572071094
rw5652200,Seed of Chucky (2004),5.0,3.4299230623669157
rw5382266,Fractured (I) (2019),4.0,3.7172403333953477
rw1489039,Call of Duty 2 (2005 Video Game),4.5,3.302776564439033
rw0070581,Can-Can (1960),2.5,3.4106581129385374
rw0633827,Birthday Girl (2001),4.5,3.0459089346077035
rw3476293,Attack the Block (2011),4.0,3.358744589839696
rw2220296,American Radical: The Trials of Norman Finkelstein (2009),4.5,3.3497756376445493
rw5416874,Grave of the Fireflies (1988),4.5,4.310004075292703
rw4549373,The Quake (2018),2.5,3.137652498192328
rw2413043,Return from the Ashes (1965),2.5,3.309290563194921
rw4256205,The Kissing Booth (2018),1.5,1.903543382225721
rw2641570,Un homme qui crie (2010),3.0,3.3172618628926585
rw2381436,Blue Valentine (2010),2.0,3.3066913926366888
rw1197262,Nudity Required (2003),4.0,3.2067822658944607
rw2318202,Machete (2010),4.5,3.3470950346084667
rw0103004,"Live a Little, Love a Little (1968)",4.0,3.386935091784866
rw3828313,"Just, Melvin: Just Evil (2000)",5.0,3.184847136524811
rw5475295,The Upside (2017),4.5,3.420305796059812
rw4298757,Hereditary (2018),0.5,2.9275399108561966
rw5433156,The Dead Lands (2020– ),4.5,3.4210241996817614
rw5459331,NBA 2k19 (2018 Video Game),3.5,3.370275424613303
rw2146157,Defying Gravity (2009),5.0,3.4664909270684494
rw0410185,"Crna macka, beli macor (1998)",4.5,3.557667224441788
rw6117983,Messiah (2020),5.0,3.718405659714959
rw2359778,True Grit (2010),3.5,3.261740733405978
rw3271590,I'm Not Racist... Am I? (2014),1.0,3.3094945073024644
rw4517007,"Le ventre, notre deuxième cerveau (2014 TV Movie)",4.0,3.326902276947542
rw3302668,Hot Pursuit (2015),1.0,3.278938222440011
rw5806550,Friday the 13th Part III (1982),3.5,3.1213527822866802
rw3747195,Rocktober Blood (1984),4.0,3.273749275134119
rw2911266,RamLeela (2013),2.5,3.33059158640935
rw1961734,Indiana Jones and the Kingdom of the Crystal Skull (2008),1.0,3.4692580528186325
rw3760115,The Children's Hour (1961),5.0,3.7419804849923115
rw1662652,Bug (2006),2.5,3.101441230026148
rw4773926,Il venditore di morte (1971),2.5,3.3303488253235702
rw1050290,Closer (I) (2004),5.0,3.2461196006664443
rw2954896,Gravity (2013),4.5,1.8433452994952346
rw2456434,The Devil Diamond (1937),2.5,3.718405659714959
rw5470826,Rogue One: A Star Wars Story (2016),4.0,2.721985235755992
rw3374164,Star Wars: Episode VII - The Force Awakens (2015),3.0,2.4224359031302205
rw0956059,The Motorcycle Diaries (2004),4.5,3.4988941397993893
rw3426263,Emelie (2015),2.5,3.718405659714959
rw5948488,You Me Her (2016– ),4.5,3.37287529378859
rw0984398,The Rundown (2003),5.0,3.2636072299706025
rw2411638,Your Highness (2011),3.5,3.4823050178124526
rw1760264,Frostbitten (2006),2.0,3.122955751538663
rw1596571,Who's Minding the Store? (1963),5.0,3.3762545140748657
rw0539822,Stigmata (1999),5.0,3.0757345579839983
rw2601540,Skeleton Man (2004 TV Movie),3.0,3.2556778896035925
rw3525329,Luminarias (1999),1.5,3.7131694871518395
rw0453749,Godzilla (I) (1998),0.5,2.342524640575114
rw0123973,High Plains Drifter (1973),5.0,3.3895927047084657
rw1526001,Blind Beast (1969),3.0,3.432485342547535
rw0797684,The Good Girl (2002),5.0,3.4148374602996943
rw5929305,Cursed (2020– ),1.0,3.687982194921984
rw1234423,Trainspotting (1996),4.5,3.376853129943209
rw1716833,Woodstock (1970),5.0,3.5260398815230825
rw2029273,The End of Poverty? (2008),5.0,3.4075636258455586
rw0272377,Listen to Me (1989),0.5,3.444911010058908
rw0195291,My Favorite Year (1982),0.5,3.658897674347849
rw5003913,Spider-Man: Far from Home (2019),2.5,3.208718035213771
rw5735110,Beastie Boys Story (2020),4.5,3.4741740730285025
rw2995443,Andre (1994),1.0,3.325966931751226
rw2549028,Ghostbusters (1984),4.0,3.398687990781081
rw1575228,Black Christmas (2006),2.0,2.8196948083025433
rw5316010,Kedi (2016),3.5,3.353798191306559
rw5582338,The Platform (2019),4.0,3.2703922809868127
rw1323352,River's Edge (1986),4.0,3.368473806638331
rw4067383,The Hunted (I) (2015),1.0,3.284138076428068
rw4053275,My Secret Valentine (2018 TV Movie),4.0,3.360679955320703
rw0662961,Snatch (2000),1.0,3.3231152665488377
rw5513006,My Hero Academia: Heroes Rising (2019),5.0,3.4078770956044164
rw1991432,The Seven Little Foys (1955),3.5,3.4442499272440945
rw4781595,Black Summer (2019– ),5.0,3.718405659714959
rw1574007,Perfume: The Story of a Murderer (2006),3.5,3.8771922630585376
rw1723854,Wrong Turn 2: Dead End (2007 Video),5.0,3.1567882926033595
rw5629822,Frozen II (2019),4.0,4.556245842182833
rw1783900,The Golden Compass (2007),0.5,2.2391988978595085
rw4309444,The Kissing Booth (2018),0.5,2.417724803068297
rw5921791,Saigon (1947),2.0,3.351512022220762
rw0648951,Kikujiro (1999),4.0,3.5378298392886056
rw6375141,Aquaman (2018),0.5,2.9499656073739304
rw4533774,Downsizing (2017),2.0,3.2500509298878906
rw3127593,Noah (2014),4.5,3.1845150706731578
rw4574250,Let's Be Evil (2016),3.0,3.122082740351106
rw4196985,Bates Motel (2013–2017),4.0,3.138045799315975
rw0167359,The Great American Girl Robbery (1979),5.0,3.3673828513269823
rw2810814,House of Dark Shadows (1970),5.0,3.132280446187048
rw0099901,You Only Live Twice (1967),2.5,3.745565161459765
rw4188967,Veere Di Wedding (2018),5.0,3.4238613039056425
rw2799251,Star Trek Into Darkness (2013),0.5,3.3151727298397975
rw4388469,Taking Earth (2017),4.0,3.3626687611579387
rw1495481,Link (1986),4.0,3.288544690627382
rw6399142,Teen Spirit (2018),0.5,3.4681596686508906
rw5797322,Crocodile Dundee (1986),4.0,3.3675943534094026
rw5564505,The Lady Vanishes (1979),2.5,3.5928760782919795
rw0910846,Avellaneda's Moon (2004),3.5,3.3110095172137535
rw0340880,Immortal Beloved (1994),3.0,3.4003615619107777
rw5093060,Murder on the Orient Express (2017),2.0,2.8192663201892203
rw4629884,Purl (2018),0.5,3.9267112415497656
rw2841987,Fullmetal Alchemist: Brotherhood (2009–2012),5.0,3.538398296265741
rw4263320,A Sniper's War (2018),0.5,3.22037172896307
rw2366922,Irresistible (2006),1.0,3.3149694534111793
rw5490962,Avenging Angel (1985),3.0,3.316505940208667
rw0681568,Enemy at the Gates (2001),4.5,3.4917428950290357
rw5094070,Emelie (2015),0.5,3.6579175155535726
rw5732687,Uri: The Surgical Strike (2018),5.0,3.6236761075340813
rw3294325,Cinderella (I) (2015),0.5,3.219337399003091
rw5579291,Shrek 2 (2004),3.0,3.5420981721489624
rw0931357,Kill Bill: Vol. 2 (2004),4.5,4.260171623751988
rw3206285,A Million Ways to Die in the West (2014),5.0,3.3310152127105277
rw6072132,Mulan (2020),4.0,2.0135627375700573
rw3713214,The Fate of the Furious (2017),3.5,3.304319193869479
rw5625007,Freaks (2018),3.5,3.3135233345526367
rw2079099,The Many Faces of Zorro (2000 Video),5.0,3.718405659714959
rw1355145,Indecent Proposal (1993),0.5,3.237396762365324
rw0548816,Show Me Love (1998),5.0,3.49849271338404
rw2478402,Chained for Life (1952),3.5,3.4430214005717072
rw6164666,Mr. Church (2016),5.0,4.111968688505511
rw4071776,Umberto D. (1952),4.0,3.463523812989737
rw1529808,Going Overboard (1989),2.0,3.376613304269641
rw3070823,Bears (I) (2014),3.0,3.64739438759566
rw5589177,Love in the Afternoon (1957),0.5,3.501589812170849
rw4669704,Nobody's Fool (2018),4.0,3.3667599349529054
rw2942816,The Bunglers (2012),5.0,3.2494074267181507
rw6042633,Love Leads the Way: A True Story (1984 TV Movie),4.5,3.09594064314616
rw4981147,Texicanas (2019– ),5.0,3.2692795021383487
rw4131414,Black Panther (2018),5.0,2.4437835449492873
rw1890039,À l'intérieur (2007),4.5,3.666821496550126
rw1976893,Election (1999),4.0,3.4836442894263357
rw1294715,Fingersmith (2005),4.5,3.6579175155535726
rw5115518,Mission Over Mars (2019– ),5.0,4.143121102084679
rw6374681,Holidate (2020),4.0,3.1663387700882586
rw5662768,For the Weekend (2020),4.0,3.2837297393270197
rw2580841,Black Magic (1992 TV Movie),4.0,3.310240714865059
rw3124852,Corpse Bride (2005),4.0,3.031160061567367
rw0185049,First Monday in October (1981),5.0,3.4390550270875524
rw3467961,24 (I) (2016),5.0,3.152542926369904
rw6043882,Parasite (2019),5.0,4.150746382358836
rw1300509,Dante's Peak (1997),2.5,3.9233853772167953
rw0347215,Texas Chainsaw Massacre: The Next Generation (1994),5.0,3.4202662094196494
rw6057508,Goodfellas (1990),5.0,4.199141298565637
rw4742320,The Invisible Guest (2016),5.0,3.0094060958445485
rw4479742,"Paul, Apostle of Christ (2018)",4.5,3.2582974104363926
rw4776170,Black Summer (2019– ),3.5,3.718405659714959
rw3572929,Lost Treasure (2003),2.0,3.2325417566760457
rw1934516,The Hunting Party (2007),3.5,3.199709968810101
rw1314960,Fright Night (1985),4.0,3.1660733981154086
rw1817014,The Savages (2007),4.5,3.40764230016447
rw1143709,Charlie and the Chocolate Factory (2005),4.0,4.133176375565928
rw6248582,The Queen's Gambit (2020),4.5,3.525566867952743
rw4548524,Star Trek II: The Wrath of Khan (1982),2.0,3.415271211493152
rw1806885,In the Woods (1999),0.5,3.3016123616615474
rw6175272,Banshee (2013–2016),5.0,3.034867525435947
rw4576212,Red Sparrow (2018),4.0,3.4882065090414307
rw5888703,Eyes Wide Shut (1999),2.0,3.3387777935278624
rw6294627,Mud (2012),3.5,3.341848584280979
rw0267266,Bill & Ted's Excellent Adventure (1989),4.0,3.4328738772523395
rw1589765,The Texas Chainsaw Massacre: The Beginning (2006),2.5,2.762751167111012
rw0943869,He Knows You're Alone (1980),4.5,3.301852064700561
rw4387897,Tian sheng chang ge (2018),4.5,3.48440223621343
rw3076084,City of Ember (2008),3.0,3.4099833395098513
rw2422167,Sapho (1917),2.5,3.3018794755428638
rw2072770,Bridge to Terabithia (2007),4.0,3.492153500741239
rw4933955,Killing Eve (2018– ),4.5,3.7314713844103236
rw3532088,Pandemic (2016),2.5,3.2240491794674364
rw2350263,Due Date (2010),3.0,3.2129700833084915
rw4629879,The LEGO Movie 2: The Second Part (2019),5.0,3.39491353234506
rw0284412,Jetsons: The Movie (1990),5.0,3.488425705697281
rw6385185,Braven (2018),0.5,3.2542213846186376
rw4342767,The Guardian (2001–2004),2.5,3.2537346752347776
rw2347419,Fatal (2010),4.5,3.4899294961656975
rw1425336,Pandora Machine (2004 Video),3.5,3.6227444341169095
rw1784072,Taare Zameen Par (2007),4.0,3.361303444899339
rw3169395,鳥人 (2014),4.0,3.55803170461947
rw4414753,The Super (2017),0.5,3.20278637803162
rw2098004,Ice Age: Dawn of the Dinosaurs (2009),3.0,3.4622241956653927
rw4500556,Scorched Earth (2018),2.5,3.123018518544758
rw5810333,Dumplings (2004),4.0,3.2893669099216316
rw1760658,The Stuff (1985),3.0,3.230695482371705
rw4300482,Ex Libris: New York Public Library (2017),3.0,3.507655313705587
rw2940435,Silent But Deadly (2011),0.5,3.2808215890075956
rw4071718,Shakespeare in Love (1998),2.5,3.6512754401284346
rw2620692,Running Free (1999),3.0,3.5379445151154583
rw2981295,Diamonds Are Forever (1971),3.5,3.3523204774463293
rw2815261,Flame & Citron (2008),4.0,3.455971714023015
rw0550801,Office Space (1999),4.0,4.023255828102956
rw0623673,All About My Mother (1999),5.0,3.4842208349902064
rw4335848,Grizzly Man (2005),3.5,3.2962023002606706
rw4658738,Alita: Battle Angel (2019),5.0,4.053794615259112
rw2859193,Longmire (2012–2017),5.0,3.34496973792886
rw4004411,Spliced (2009– ),5.0,3.4273377609979754
rw0817766,Now You Know (2002),4.5,3.334629302613325
rw4679147,The World's Best (2019),2.0,3.440824301319048
rw4002858,Star Wars: Episode VIII - The Last Jedi (2017),4.0,3.2296501131655004
rw2631031,The Ghost Writer (2010),4.0,3.41058054462978
rw1278674,Lifeboat (1944),4.0,3.4360216529771086
rw0121465,Cabaret (1972),5.0,3.3215379485384364
rw5308023,Shootout at Wadala (2013),4.5,3.2401574456770725
rw5768817,Uncivilized (2020),5.0,4.5725900543956675
rw5426875,The Mandalorian (2019– ),5.0,4.70285565752479
rw5881018,Bloodshot (2020),2.5,3.9029282888106294
rw2395154,The Wages of Fear (1953),4.0,3.4440603374423087
rw4991270,The Lion King (2019),5.0,2.77243100712442
rw6283645,"Love, Simon (2018)",5.0,3.3615255937820416
rw5332962,The Barbarians (1987),2.5,3.337742420305003
rw6435857,The Minimalists: Less Is Now (2021),2.5,3.358230780525042
rw4717161,Alita: Battle Angel (2019),4.5,4.053794615259112
rw1552120,The Monroes (1966–1967),3.0,3.399916562218779
rw1565642,Night at the Museum (2006),4.5,3.813345759130337
rw4594099,The Beautician and the Beast (1997),5.0,3.424368640071018
rw5497278,Ghostbusters: Answer the Call (2016),0.5,3.2991022048994414
rw4671847,First Reformed (2017),5.0,3.0959958375330237
rw5647996,Leprechaun (1993),1.5,3.4117143180653953
rw2840697,Memento (2000),5.0,4.458815995369212
rw6324541,Paths of Glory (1957),5.0,3.4337909982718826
rw3874906,The Good Doctor (2017– ),3.0,3.3162142389285565
rw5682683,The Chosen (2017– ),5.0,4.592310953463874
rw4753842,Us (II) (2019),1.0,3.265382963619025
rw1862023,Blood Simple (1984),4.0,3.2730127309218924
rw3636340,Singam 3 (2017),5.0,3.3572268298095485
rw3263629,Strange Magic (2015),5.0,3.4270082705233373
rw4243566,High School 911 (2016),4.5,3.4168819861712625
rw6012910,The Pearl of Death (1944),2.5,3.313204794322875
rw4631923,Everlasting (2016),4.5,3.246412932403452
rw5220991,Psycho (1960),4.5,4.0031819162441105
rw2616264,Film socialisme (2010),0.5,3.4759745225539835
rw5219568,Watchmen (2019),1.5,3.9817119011875715
rw0533481,The World Is Not Enough (1999),0.5,3.5547203084184407
rw3439408,Batman v Superman: Dawn of Justice (2016),3.5,3.850337788606906
rw1805453,Is Everybody Happy? (1943),2.5,3.590208729896958
rw3352630,Oz the Great and Powerful (2013),4.0,3.25593998742267
rw0272080,Lethal Weapon 2 (1989),3.0,1.705485069132351
rw2243253,Clash of the Titans (2010),3.0,2.8822528081895618
rw5056775,Shi ba ban wu yi (1982),4.5,3.7131694871518395
rw4428862,The Hobbit: An Unexpected Journey (2012),2.5,3.4009208143649925
rw0391442,Mojave Moon (1996),1.5,3.606471293899448
rw2514094,Simon Boccanegra (1998 TV Movie),3.0,3.534023990052102
rw2260713,Avatar (2009),4.5,3.203164889509853
rw1901422,Wanted (2008),2.5,3.1362132176169704
rw5409718,Chhapaak (2020),0.5,3.4910586211518537
rw5953794,Frontier(s) (2007),3.5,3.213775109431671
rw5275655,Frozen II (2019),5.0,3.8028824554421803
rw3350189,Goldfinger (1964),4.5,3.4977964919157203
rw1038165,The Ladykillers (2004),0.5,3.2174102547403165
rw0851501,Anger Management (2003),0.5,3.310963994499788
rw2772322,Ghostbusters II (1989),4.0,3.4442623288493444
rw2673839,Pure Country 2: The Gift (2010),0.5,3.317996029410228
rw1704425,Harry Potter and the Order of the Phoenix (2007),3.0,3.316650339990068
rw3313931,Mountains of the Moon (1990),5.0,3.2401561542686603
rw0023272,Blondie in Society (1941),4.5,3.5459855255565396
rw6425117,The Last Narc (2020– ),5.0,3.447484240887198
rw3268228,Incendies (2010),3.5,3.420325688633099
rw6098394,The Watermelon Woman (1996),1.5,3.2450816860085423
rw0913856,"Martha, Inc.: The Story of Martha Stewart (2003 TV Movie)",4.0,3.213603824408441
rw0116391,Duel (1971 TV Movie),4.5,3.3827083113539964
rw2727255,Terror Train (1980),4.0,3.423199416060417
rw3776148,Jezebel (1938),3.5,3.5055866817743735
rw1671595,Love at First Bite (1979),4.0,3.294972149429831
rw0267716,Casualties of War (1989),3.5,3.4188317433723183
rw3555680,Bananas (1971),3.5,3.517727059620346
rw5421409,Britannia (2017– ),4.0,3.226921826664474
rw6420754,Pose (2018– ),3.0,2.995681523834679
rw2569178,Band of Outsiders (1964),4.0,3.4061688889944928
rw4303853,Margarita 2 (2018),5.0,3.443287134796704
rw6075426,Raised by Wolves (2020– ),4.5,2.110874406189231
rw0005489,Plane Crazy (1928),4.0,3.487090547580071
rw6129554,Once Upon a Time in Anatolia (2011),0.5,3.4453290566975543
rw2345019,Prince of Players (1955),3.5,3.335731929107665
rw0027460,Saboteur (1942),3.5,3.3445050038567454
rw3416859,In Absentia (2000),2.0,3.4579034590441804
rw5627837,Genius at Work (1946),5.0,3.357338768989235
rw1213389,Strange Days (1995),4.0,4.186166295631967
rw0049502,Jeopardy (1953),4.5,3.3727531961542523
rw5853496,The Expanse (2015– ),1.0,4.502192132944922
rw4701693,Eighth Grade (2018),4.0,3.255811511575862
rw0525454,Cruel Intentions (1999),0.5,3.4298131589797474
rw4194633,Mulan (1998),4.5,3.4079545378589513
rw1569920,Six Feet Under (2001–2005),1.5,3.4888556408737164
rw1244813,Lone Wolf McQuade (1983),2.5,3.39283159540872
rw5697073,I.Q. (1994),3.0,3.4793982236995995
rw0378127,Bad Moon (1996),4.5,3.2228746105293995
rw4560411,Mary Poppins Returns (2018),4.0,3.5141331063972236
rw2531412,Hugo (2011),0.5,3.2784060403921984
rw4150058,The Stepford Wives (1975),3.5,3.2218345435522364
rw3072514,Captain America: The Winter Soldier (2014),2.5,3.724497383596689
rw4786974,Van Helsing (2016– ),2.5,2.6785530875955468
rw1762679,The Protector (I) (1998),2.0,3.1838066202478243
rw3545318,The Peanuts Movie (2015),4.0,3.5641748753087126
rw1587058,Rocky Balboa (2006),5.0,3.603896546293586
rw3595406,Vegucated (2011),4.0,3.208764137436638
rw5070057,Blood and Bone (2009),5.0,3.2312398079064817
rw2148398,The Last Resort (I) (2009),0.5,3.3287658817075165
rw0957718,The Incredibles (2004),5.0,3.394378393304785
rw4436449,Under The Wire (2018),5.0,3.2657470420822943
rw1562842,The Devil's Rejects (2005),0.5,4.158176649847294
rw5245565,The Tick (2016–2019),5.0,3.538921618566586
rw3768628,The Witch's Curse (1962),2.5,3.424563000383879
rw3218780,Locke (2013),2.5,3.514908075775956
rw4197970,Lost River (2014),1.0,3.6227444341169095
rw1320700,Fingersmith (2005),4.5,3.718405659714959
rw1138931,Zombiez (2005 Video),0.5,3.2163743039361936
rw4601203,Smallville (2001–2011),5.0,3.2409584200599246
rw5001343,Thru the Mirror (1936),4.5,3.566183112492316
rw2551839,Killer Elite (2011),1.0,3.122276099396711
rw2092850,Midnight Caller (1988–1991),3.5,3.4102917700614466
rw0134214,Busting (1974),2.5,3.2579433473019996
rw5139221,The Dead Files (2011– ),0.5,3.0379686585128813
rw3397451,The Hateful Eight (2015),4.0,1.824915322332469
rw1045582,Thelma & Louise (1991),4.5,3.168099602008018
rw1009427,The Rocky Horror Picture Show (1975),5.0,3.477108013604268
rw5101555,Pain and Glory (2019),3.5,3.3755419829332225
rw5129466,One Cut of the Dead (2017),4.5,3.2573329657983394
rw4521705,The Olympic Champ (1942),3.0,3.6739703117626537
rw2752706,3D食人魚 (2010),3.0,3.19755044420803
rw5257447,Lady and the Tramp (2019),4.0,3.401921938923576
rw1955853,An American Carol (2008),5.0,3.317025669484619
rw4179386,Get Shorty (2017– ),3.5,3.2980103254666893
rw5739830,Crawl (I) (2019),4.5,3.456457097538163
rw6064113,Abhay (2019– ),5.0,4.761775878114683
rw6358627,A Christmas Movie Christmas (2019 TV Movie),1.0,3.390186339542461
rw4844141,Student of the Year 2 (2019),0.5,3.303342531264951
rw2982006,Fresh Ham (1933),2.5,3.6579175155535726
rw2091543,Fun with Dick and Jane (1977),4.0,3.320324746965576
rw1399823,Blank Check (1994),3.5,3.350400702822534
rw6445491,Coolie No. 1 (2020),0.5,0.9902084220056385
rw5995297,Gunjan Saxena: The Kargil Girl (2020),5.0,3.9038503210493327
rw4240828,Delhi Belly (2011),5.0,3.1799934724508314
rw3630428,The Bucket List (2007),4.0,3.3551698274095494
rw5238638,See (2019– ),1.0,3.20647813891311
rw3527861,Panama Patrol (1939),2.0,3.420304364063885
rw4882070,Love & Other Drugs (2010),3.5,3.377496668398957
rw0538071,Spider-Man (2002),5.0,3.7273720481986428
rw5645312,Just Mercy (2019),4.5,3.223601841266921
rw6229348,An American Pickle (2020),0.5,3.259235718486665
rw2049267,Dragonball Evolution (2009),5.0,3.5701774564814137
rw5592548,The Letter for the King (2020– ),1.0,3.857066643903715
rw6288767,Four Weddings and a Funeral (1994),5.0,3.718168967075868
rw5810883,Peaky Blinders (2013– ),2.0,3.4405510323322632
rw2564674,Certified Copy (2010),1.0,3.5264543972851476
rw5063474,Hellboy (2019),3.5,3.293844965151141
rw1700571,Perfume: The Story of a Murderer (2006),4.5,3.371741264606613
rw4807556,Avengers: Endgame (2019),5.0,4.105743211878115
rw1041004,Constantine (2005),4.0,3.408124394516923
rw2441449,The Battle of Algiers (1966),3.5,3.428375855234148
rw4934750,Paranormal Investigation (2018),5.0,3.3206545774300062
rw5889747,Breaking Glass (1980),5.0,3.41888894437848
rw0156403,Sturmtruppen (1976),3.0,3.374356366347376
rw1712832,Steambath (1973 TV Movie),5.0,3.4640339250569254
rw2915318,Dom Hemingway (2013),2.5,3.3684519686387246
rw2101275,Stepsisters (1974),0.5,3.2776505039298063
rw4566614,Venom (2018),2.5,4.437095534546635
rw2961762,Speed (1994),5.0,3.6881510075448096
rw3820114,Quackerz (2016),2.0,3.6538817329938937
rw6105405,Violation (2020),5.0,3.3102794169279273
rw4980001,Thoroughbreds (2017),2.0,3.4519777983487643
rw5940515,Double World (2020),3.5,3.3010964919709647
rw5610450,I Am Not an Easy Man (2018),5.0,3.4359107117828693
rw4914220,Killing Ground (2016),3.5,3.093724312992216
rw1983352,Beneath the Planet of the Apes (1970),5.0,3.4201622141141557
rw4286028,Erased (2012),2.0,3.0838753411084454
rw1600026,Schröders wunderbare Welt (2006),5.0,3.7131694871518395
rw3762030,"Caltiki, the Immortal Monster (1959)",4.0,3.461148388096923
rw2975163,Ender's Game (2013),2.5,3.0958291752326477
rw1505671,Broken News (2005– ),4.5,3.283598597194471
rw5436181,Game of Thrones (2011–2019),4.0,3.300028618076018
rw1079637,All Fall Down (1962),3.0,3.3171183526957657
rw6032084,The 100 (2014–2020),5.0,1.841599114965887
rw2109572,Public Enemies (2009),3.0,3.179095034643731
rw4789191,Jawbreaker (1999),4.0,3.3202657434963108
rw5971426,Child's Play (2019),0.5,1.8044323522794048
rw5792095,Up the Academy (1980),1.5,3.5488427069916124
rw4598466,Zipi y Zape y el club de la canica (2013),0.5,3.488222856789756
rw5698106,Jennifer's Body (2009),4.0,3.2405703491501066
rw4049946,Soul Kitchen (2009),3.5,3.325190737408373
rw5254010,The Mandalorian (2019– ),5.0,4.672073517793291
rw3347790,Winter on Fire: Ukraine's Fight for Freedom (2015),5.0,3.2842630148490395
rw2251320,Pressure (1976),3.5,3.0713509718712277
rw5370070,Tokyo Vampire Hotel (2017),4.5,3.3421220666223603
rw0023410,Citizen Kane (1941),5.0,3.3879311654451834
rw1546061,Knight Rider 2010 (1994 TV Movie),4.0,3.0856948349280393
rw4519331,Blackmail (I) (2018),5.0,3.194969733118321
rw0350557,The Stöned Age (1994),5.0,3.328048576091943
rw4207194,Film Stars Don't Die in Liverpool (2017),4.5,3.256805782794408
rw1973141,The Greatest Story Ever Told (1965),2.0,3.3593815261663087
rw4708147,Senna (2010),4.0,3.353812822187956
rw4024077,"With Love, Christmas (2017 TV Movie)",2.5,3.1148742355001926
rw6000053,Khuda Haafiz (2020),4.5,3.4232742843347985
rw4841660,Pokémon Detective Pikachu (2019),3.5,4.075113371878393
rw5788578,WrestleMania XIV (1998 TV Special),4.0,3.297435406856469
rw6447601,The Hand That Rocks the Cradle (1992),5.0,3.3563171988123695
rw0345388,The Phoenix and the Magic Carpet (1995),5.0,3.271669868496967
rw4943388,The Next Hit (2008),0.5,3.308064705229298
rw6064550,Bad Genius (2020),4.5,3.501169314151194
rw2536756,Downfall (2004),5.0,3.319635975741057
rw4415083,New Amsterdam (2018– ),5.0,3.293670910240342
rw2326271,The New World (2005),3.0,3.743269847412689
rw0210718,Friday the 13th: The Final Chapter (1984),5.0,3.3387550065515508
rw6438464,History's Greatest Mysteries (2020– ),5.0,3.687982194921984
rw3074080,Afflicted (2013),1.5,3.125913300504328
rw5789614,Snatchers (2019),5.0,3.420554112716127
rw1881587,Space Jam (1996),4.5,3.3270104929587934
rw2556444,Titanic II (2010 Video),0.5,3.1680019173841902
rw1593835,The Veteran (2006 TV Movie),3.5,3.379252682613201
rw1716627,Communion (1976),4.5,3.221052702690685
rw1535894,A History of Violence (2005),4.5,3.3699940329847418
rw4053772,Chasing the Dragon (2017),4.0,3.3716351369393527
rw2727368,Student of the Year (2012),3.0,3.237967917218762
rw1770963,Thelma & Louise (1991),3.0,3.902876383796118
rw2531452,The Wild Party (1929),2.0,3.3878725179668385
rw5222749,Hazbin Hotel (2019– ),5.0,3.359708244728622
rw5988934,Gunjan Saxena: The Kargil Girl (2020),4.5,3.9731784882893266
rw0815072,Shaolin Soccer (2001),5.0,3.2831003377009136
rw0676424,Groove (2000),5.0,3.5100046356290004
rw1262774,The Breakfast Club (1985),4.5,3.3254651134387023
rw6290280,The Homesman (2014),2.0,3.284147982118697
rw5931605,Dil Bechara (2020),5.0,4.563911290595238
rw3109444,Fury (2014),2.0,2.644270594353467
rw2076966,Slow Burn (1986 TV Movie),3.5,3.1305155007576224
rw5216772,Wounds (2019),2.0,3.27987741250151
rw1704447,The Adventures of Ichabod and Mr. Toad (1949),3.5,3.4230981601561026
rw0815810,Bend It Like Beckham (2002),5.0,3.391231237439366
rw3715643,Raw (2016),5.0,3.1259205765166396
rw3420177,Miruthan (2016),5.0,3.289072651890664
rw3349962,A Matter of WHO (1961),4.0,3.4559443715287785
rw1005353,"Bertha, the Sewing Machine Girl (1926)",3.0,3.6227444341169095
rw2863888,Phantasm II (1988),2.0,3.2569102381593313
rw6021509,Mother's Child (2020),5.0,3.6227444341169095
rw4688689,Chicago Syndicate (1955),3.0,3.47325833932911
rw6133076,Archaon: The Halloween Summoning (2020),1.0,3.3095551539466923
rw4959918,Forest Man (2013),3.0,3.39705820446185
rw4788086,The Starving Games (2013),1.0,3.2186417304740296
rw3303147,Aloha (I) (2015),2.5,3.308487741522458
rw2135424,Lolita (1997),5.0,3.516706441338851
rw1433205,Monkey Business (1931),3.0,3.2076592844588303
rw5714134,Human Zoo (2020),4.0,3.032772664055327
rw1696481,Le vélo de Ghislain Lambert (2001),2.5,3.2679254413857906
rw1171670,The Phantom of the Opera (2004),5.0,2.4925666198687324
rw2358771,The King's Speech (2010),4.5,3.446693115905677
rw1756323,Critters (1986),3.0,3.0564079302361638
rw2031037,The Line (I) (2009– ),4.0,3.3397921259350687
rw1873056,Bound (1996),3.5,3.261922596075217
rw2062405,The Passion of Ayn Rand (1999 TV Movie),3.5,3.3884623246443244
rw4471164,Smoke (2018–2019),5.0,3.8721681433744752
rw0441710,54 (1998),5.0,3.2585989747451416
rw1806726,Grease 2 (1982),1.0,3.3525113594914346
rw0681211,Wives and Daughters (1999– ),4.5,3.4255514046210656
rw1685550,Village of the Damned (1960),3.5,3.65641910762139
rw5072944,The Lion King (2019),4.5,4.212399907434444
rw0075873,West Side Story (1961),4.0,3.495689149521187
rw1077545,Summer City (1977),1.5,3.2606042647821605
rw2007106,The Punisher (2004),3.5,3.6995698463777935
rw5808594,Knights of the Damned (2017),5.0,3.354104036812434
rw3066662,Guardians of the Galaxy (2014),5.0,3.9752304073405114
rw2898699,The To Do List (2013),3.0,3.3820150123573876
rw2080568,Gran Torino (2008),4.0,2.9341586254965333
rw2424715,Hoodwinked Too! Hood vs. Evil (2011),3.0,3.5397699152936712
rw1662192,The Tingler (1959),5.0,3.42674793611269
rw3346966,RoboCop (2014),4.5,3.709044187111278
rw6360280,Park Na-rae: Glamour Warning (2019 TV Special),4.0,3.718405659714959
rw5526315,Steel (I) (2015),2.5,3.1469047747312104
rw2463275,Serenity (2005),3.5,2.641292424299449
rw1411970,Eliza's Horoscope (1975),1.0,3.7131694871518395
rw4019603,Star Wars: Episode VIII - The Last Jedi (2017),4.5,4.076794732443018
rw3520930,Mad Money (2008),3.5,3.3857414759791964
rw2020743,Mildred Pierce (1945),2.5,3.473292681540699
rw3194413,The Wedding Ringer (2015),2.0,3.2677584588592206
rw1887619,A Nightmare on Elm Street (1984),4.5,3.0892915806665977
rw3065925,Infamous (2006),4.5,3.34183398467717
rw3220283,The Children's Hour (1961),4.0,4.239619424034742
rw3678125,Ghost in the Shell (2017),4.0,2.773857708290129
rw5978261,Suspect (1987),3.5,3.2842776480698133
rw4880397,A Dog's Way Home (2019),1.0,3.418261478916753
rw0034822,My Darling Clementine (1946),5.0,3.4713009650650712
rw1421420,Pirates of the Caribbean: Dead Man's Chest (2006),3.5,1.4214988884057878
rw5918445,The Exorcist (1973),5.0,4.168960751533009
rw3431450,Manipulation (1991),2.0,3.252243954072324
rw5475052,The Way Way Back (2013),4.0,3.340966463082002
rw2496362,50/50 (2011),4.0,3.4709381577025757
rw3233539,Fear No Fruit (2015),5.0,3.4068693839066775
rw4723382,Kim Possible (2019 TV Movie),5.0,3.3302487835960606
rw4525873,1987: When the Day Comes (2017),5.0,3.1533709887503276
rw6450157,The Mandalorian (2019– ),5.0,4.637558187736597
rw4074202,Discovering Bigfoot (2017 Video),3.0,3.3357288132613174
rw0059998,12 Angry Men (1957),5.0,4.515884216522036
rw1661694,Epic Movie (2007),1.0,3.402969353409388
rw2396305,Earthwork (2009),4.0,3.1486545073058614
rw3087443,The Intouchables (2011),5.0,3.2301224514702946
rw4179963,La La Land (2016),2.5,3.29631466467706
rw5988319,Gunjan Saxena: The Kargil Girl (2020),4.5,3.644884389075325
rw1106137,Eu Matei Lúcio Flávio (1979),2.0,3.336517476621222
rw2024987,The Wrestler (2008),3.5,3.2703681949382006
rw3693053,Wolves at the Door (2016),1.0,3.0215917903252034
rw1400471,X-Men (2000),5.0,3.842695286669421
rw3726253,Guardians of the Galaxy Vol. 2 (2017),1.0,3.4293624341868507
rw1973502,Stargate: Atlantis (2004–2009),4.5,3.1561315798107583
rw4118714,Eternal Sunshine of the Spotless Mind (2004),3.5,3.951241344449453
rw0979557,Conquest of Space (1955),2.5,3.2924001203183804
rw2328426,Inception (2010),5.0,4.0768845916658885
rw4584687,The Conspirators (1944),3.5,3.435187891016579
rw4441695,The Haunting of Hill House (2018),3.5,4.620810861028457
rw4980777,Mission: Impossible - Fallout (2018),3.0,3.756202288640762
rw5280979,Door in the Woods (2019),1.5,3.1032045479884265
rw6325104,Johnny English Strikes Again (2018),3.5,3.3106804992527943
rw0810932,Boat Trip (2002),1.0,3.324965446995423
rw5092145,Angel Has Fallen (2019),2.5,3.2567453081771993
rw2305023,Koyaanisqatsi (1982),5.0,4.160333588317949
rw4047143,Gangsta (2018),5.0,3.389940175844021
rw2091954,Bedtime Stories (2008),4.5,3.625023626306985
rw0187272,Cannibal Ferox (1981),2.5,3.1325161121165217
rw1348829,Silent Hill (2006),2.5,4.109527292810771
rw2690184,Jewel Robbery (1932),4.5,3.4377300979071626
rw4377219,The Houses October Built 2 (2017),0.5,3.2356783933467645
rw5629538,Two Against the World (1936),3.0,3.4430129320568352
rw3762896,Antboy 3 (2016),2.0,3.3702330120786166
rw4931754,X-Men: Dark Phoenix (2019),4.0,2.2314561984457293
rw5279405,Vanishing on 7th Street (2010),4.5,3.4346490700035863
rw0793134,I Am Sam (2001),4.0,3.5247375479629013
rw5485176,Jojo Rabbit (2019),4.5,4.33156112701405
rw1932176,Antônia (2006),4.5,3.4443398482486214
rw5492557,Forrest Gump (1994),5.0,4.624637941894444
rw2403404,Hot Fuzz (2007),4.5,4.102148227026098
rw5478170,March for Freedom (2019),5.0,3.3111735159454025
rw4815336,Avengers: Endgame (2019),5.0,3.8218831559917024
rw5909069,Breathe (2018– ),4.0,3.387389473757517
rw4818045,Avengers: Endgame (2019),3.5,4.167443005928963
rw2785590,The Hunger Games (2012),0.5,2.589647143677567
rw3705323,Ghost in the Shell (2017),4.5,2.7487873223323023
rw2831502,Accidents Happen (2009),0.5,3.2733145164979303
rw2745760,Vishwaroopam (2013),4.5,3.502820416618654
rw4710100,Captain Marvel (2019),3.0,2.9569459461036316
rw1507835,The Nightmare Before Christmas (1993),4.5,3.219519827799304
rw2900868,Babylon (1980),3.5,3.350430171453995
rw4230231,Jurassic World: Fallen Kingdom (2018),2.5,3.343132403138891
rw4513351,Aquaman (2018),5.0,2.642617887560159
rw5650283,High Society (2017),4.5,3.3102686700254162
rw2094186,Shortkut - The Con Is On (2009),2.0,3.398835758211482
rw5579642,Beach Road Chetan (2019),5.0,3.6579175155535726
rw2933763,Det gælder din frihed (1946),3.5,3.310336211704394
rw0248058,Pathfinder (1987),5.0,3.4386719032085993
rw2984732,Dr. Jekyll and Mr. Hyde (I) (1920),1.5,3.4172414851530064
rw5217549,Terminator: Dark Fate (2019),5.0,3.1775454278752893
rw1425223,Midnight Run (1988),4.0,3.302877722031576
rw3666012,Face/Off (1997),5.0,3.9970981619768007
rw3780423,Life (I) (2017),4.5,3.2557863707175687
rw4661267,In Harm's Way (2017),5.0,3.3607212498996457
rw4357117,I Am Not Your Negro (2016),4.5,3.3283346733051062
rw2893926,The East (2013),0.5,3.0632652982384467
rw2731021,Rok Sako To Rok Lo (2004),5.0,3.4753908326248037
rw3640158,"20,000 Years in Sing Sing (1932)",3.5,3.4601330640185015
rw6327165,Vulcania (2015),3.0,3.2957896631932573
rw3740507,Transformers: The Last Knight (2017),4.0,1.7472481867181073
rw3235893,Bully (2001),5.0,3.170381061359058
rw2294351,Yes Man (2008),1.5,3.385470872077911
rw1918751,The Dark Knight (2008),4.5,4.342160165076259
rw5840152,Winterherz: Tod in einer kalten Nacht (2018 TV Movie),2.0,3.718405659714959
rw5954960,Shakuntala Devi (2020),5.0,1.871107232830119
rw5584796,Once Upon a Time... In Hollywood (2019),5.0,3.7770264870509442
rw5688500,Money Heist (2017– ),4.0,2.606214050443918
rw4358856,College Romance (2018– ),5.0,4.156925935740056
rw6265922,Fifty Shades of Grey (2015),5.0,2.9604522907514643
rw2215059,Happy Feet (2006),1.0,3.344167665969809
rw0896142,Dil Vil Pyar Vyar (2002),4.0,3.4282185135902545
rw2927856,Closed Circuit (2013),2.5,3.1504584862104252
rw3114784,Dawn of the Planet of the Apes (2014),4.5,3.2962560209783036
rw2985360,Divergent (2014),2.5,3.109936366692177
rw3543195,Extraction (II) (2015),0.5,3.269281596660341
rw6199855,Rebecca (I) (2020),2.0,3.3136440499565
rw0078220,The Longest Day (1962),4.0,3.48472501762053
rw1398988,Zardoz (1974),0.5,3.2731508504394755
rw0901067,He Sees You When You're Sleeping (2002 TV Movie),2.5,3.147595226356621
rw5756833,Chernobyl (2019),5.0,4.719193066624349
rw4223627,Bees Make Honey (2017),3.5,3.5396460094820394
rw3026998,Keep It Up Downstairs (1976),2.0,3.479662862256734
rw2178757,西線無戰事 (1930),3.5,3.419744169685605
rw4256846,Sherlock (2010–2017),5.0,4.049910894827508
rw1627643,太陽浩劫 (2007),1.0,2.74907827544554
rw0668721,Could Be Worse! (2000),1.0,3.412581971791379
rw0173905,Caddyshack (1980),5.0,3.401827442510665
rw5880250,Slumdog Millionaire (2008),3.5,1.8433560503432849
rw4091531,Annihilation (2018),4.5,3.9291399489403966
rw2329073,Polizischt Wäckerli (1955),5.0,3.559188133179897
rw1981733,Familiar Strangers (2008),0.5,3.3628298291875285
rw4679675,The Bye Bye Man (2017),1.0,3.263203770537411
rw3397033,Shadowhunters (2016–2019),1.0,4.241496407740938
rw1408742,The Devil Wears Prada (2006),5.0,2.872610571272904
rw4582261,The Return of Superfly (1990),2.5,3.362335799212862
rw4679891,Spider-Man: Into the Spider-Verse (2018),5.0,4.322533012506904
rw6412444,Wonder Woman 1984 (2020),3.0,1.6887973115745354
rw0084822,Devil Doll (1964),0.5,3.263394185482523
rw2596210,Bad Ass (2012),1.5,3.4136491155845303
rw0158655,Dawn of the Dead (1978),5.0,3.334437633795814
rw2784055,Iron Man Three (2013),3.5,3.49379930224367
rw3107756,Under the Skin (1997),3.5,3.3989277024672155
rw1514600,Psycho II (1983),3.5,3.2710776998912166
rw5350503,維多利亞壹號 (2010),3.5,3.377685325518879
rw1953619,Death of a Ghost Hunter (2007),3.5,3.072916284260877
rw3545754,Dark City (1998),4.5,4.193476076853898
rw4786937,White Chamber (2018),1.5,3.1810170739333605
rw5759718,Money Heist (2017– ),2.0,2.5948666913845213
rw1817452,Pumpkinhead II: Blood Wings (1993 Video),3.0,3.4073527863292115
rw5814376,The Secret Place (1957),3.0,3.26000175306844
rw2204916,Inglourious Basterds (2009),2.0,3.2203282416859045
rw2676191,Slovenka (2009),0.5,3.2821363784466113
rw3467307,Batman v Superman: Dawn of Justice (2016),3.5,3.880329979581503
rw1610268,The Goddess (1958),5.0,3.2941727861135552
rw1662485,Shrek the Third (2007),2.5,3.5978973042262483
rw2105683,Satan's Baby Doll (1982),3.0,3.136283919052033
rw1017018,Sinful Deeds (2003 Video),2.0,3.2867205523447156
rw3471264,Dracula Untold (2014),4.0,2.5283957039738327
rw4454529,A Man Called Ahok (2018),4.0,3.4614582113092527
rw0492658,The Cider House Rules (1999),4.5,3.3197348430919575
rw4268029,Rogue One: A Star Wars Story (2016),0.5,4.0174622565188
rw5511741,We Have Always Lived in the Castle (2018),1.0,3.0942121601029045
rw2233164,Team America: World Police (2004),4.0,2.6488198119538593
rw0946203,Another Man's Poison (1951),2.5,3.4501124978185667
rw0806526,Bloom (I) (2003),0.5,3.489695196146902
rw2199601,爛兄爛弟 (2008),1.5,3.3945279652861298
rw5764598,Baptiste (2019– ),5.0,3.521656120778422
rw5247579,Poaching (2019),5.0,3.336359601885576
rw3496482,Independence Day: Resurgence (2016),1.5,3.3021623888096046
rw1960441,Mame (1974),3.5,3.3456036636017132
rw0675330,A.I. Artificial Intelligence (2001),2.0,3.5211660696574305
rw1520316,The Lather Effect (2006),4.5,3.3134600781092525
rw0867551,Bruce Almighty (2003),0.5,4.031367849110189
rw4132796,Redwood (2017),4.5,3.3704670937061767
rw2074399,Driven to Kill (2009 Video),3.0,3.1548346487837566
rw3178449,Seventh Son (I) (2014),2.0,3.299199511372706
rw3016245,Nurse 3D (2013),1.5,3.2967434292618423
rw3316963,The Exorcism of Emily Rose (2005),2.0,3.2106689356833407
rw6403106,Wonder Woman 1984 (2020),0.5,2.7869823791289217
rw5903264,Merlin (2008–2012),4.5,3.4126586600611475
rw2897378,Spookies (1986),5.0,3.3944637100995667
rw2618511,The Avengers (2012),4.0,4.096670648268031
rw2961493,Troy (2004),3.5,4.659567050110802
rw4546842,You (2018– ),2.5,3.0209915101701084
rw5784772,Life with Lucy (1986),5.0,3.408476509526148
rw0142187,Jaws (1975),4.5,4.158643022534703
rw0345990,Pulp Fiction (1994),4.5,4.569504138906659
rw3810221,Legend (1995),4.0,3.356744425601671
rw1423053,Funeral in Berlin (1966),3.5,3.52090989403458
rw1389197,Azumi (2003),3.0,3.737961467940354
rw1839835,Alien³ (1992),0.5,3.9400527383087924
rw6099228,Dorojka (2019),5.0,3.4783504159066974
rw6384968,Tin Star (2017–2020),2.0,3.257987055779176
rw4475541,Equals (2015),2.0,3.2491077036180043
rw2509977,The Forgiveness of Blood (2011),3.5,3.3709633532718746
rw4965286,Scanners (1981),3.5,3.3906089957869017
rw1635786,太陽浩劫 (2007),3.5,1.7163372082561057
rw0432808,Spawn (1997),2.0,3.2840714347722564
rw2173610,Reckless Kelly (1993),2.5,3.350541941125462
rw6267355,I Am Greta (2020),5.0,3.3203033680170275
rw1603228,The Covenant (2006),0.5,2.3469458958295495
rw5267914,Mother! (2017),1.5,2.2337196948253535
rw1639730,Asphalt jungle (1950),4.5,3.450897812893371
rw5414732,Uncut Gems (2019),5.0,3.2218162428383565
rw1794487,The Day After (1983 TV Movie),5.0,3.168350847899492
rw2619096,Prometheus (I) (2012),0.5,2.947310188894671
rw0836041,Garcea si oltenii (2001),0.5,3.6579175155535726
rw4787432,Interstellar (2014),5.0,3.836245975066413
rw1178623,The Killing (1956),4.5,4.17355204140128
rw2379102,Mad Men (2007–2015),0.5,3.444255176626232
rw6008016,The Darkness (I) (2016),2.0,3.0922315831951415
rw2590020,Fog Island (1945),0.5,3.423453621288095
rw1229623,The Black Cat (1934),4.0,3.7186102247978674
rw4503072,2.0 (2018),4.5,1.932373151686783
rw5095376,Occupation (2018),1.0,3.2722600920477904
rw0545525,Happiness (1998),5.0,3.4736332122656823
rw1097293,Bye Bye Braverman (1968),4.5,3.3497060749391996
rw3502118,Red Heat (1988),3.5,3.3995390214642223
rw3402135,Kyaa Kool Hain Hum 3 (2016),0.5,3.4572264340197485
rw4277029,Hostiles (2017),3.5,1.7578524411651408
rw0716893,Harry Potter and the Sorcerer's Stone (2001),5.0,4.39803136816385
rw3516284,The Inspector General (1949),3.5,3.502608073944906
rw4717627,Ben Is Back (2018),3.5,3.3527906389167037
rw1820267,Dead Man's Shoes (2004),0.5,3.378334170071098
rw1293692,The Boondock Saints (1999),1.0,4.1661454431599
rw5526105,Sonic the Hedgehog (2020),3.0,4.169960189878977
rw1173380,Shades of Gray (2005),4.5,3.7131694871518395
rw3523175,Allegiant (2016),3.5,3.100131991924416
rw0128797,The Exorcist (1973),5.0,4.138069103466826
rw6433949,Archive (2020),3.5,4.369841250255932
rw0043251,Self Made Maids (1950),5.0,3.718405659714959
rw2212933,The Devil's Tomb (2009),3.5,3.232734833656728
rw2857828,Cruising (1980),5.0,3.296108713945123
rw1463878,Lurkers (1988),1.5,3.3441584380160325
rw1033301,The Last Run (1971),4.5,3.4389521584821563
rw2773081,Alice Doesn't Live Here Anymore (1974),3.5,3.6130034614916706
rw5652773,#BlackAF (2020– ),2.5,3.8526462381540165
rw0859048,A Mighty Wind (2003),3.5,3.3317340747320103
rw5465143,The Expanse (2015– ),5.0,3.0495515275829903
rw6052921,I See You (II) (2019),3.5,3.347289669538893
rw5111349,It Chapter Two (2019),3.0,2.3610128637980647
rw3378882,Creed (II) (2015),3.5,3.244361580687572
rw1043824,Avanim (2004),5.0,3.425736008504271
rw4101896,Midnight Sun (2018),3.5,3.191222822193423
rw5056934,Eerie (2018),3.5,3.1108969335419943
rw0638754,"O Brother, Where Art Thou? (2000)",4.0,4.052822749046322
rw2356405,Nostalgia (1983),3.5,3.357647264618379
rw2596859,Scream 4 (2011),2.0,3.2495194895333896
rw2134083,À Nos Amours (1983),4.0,3.493471464772611
rw3735033,Iqaluit (2016),4.0,3.270351104724258
rw3353599,Conspiracy (2001 TV Movie),3.5,3.3356748079037692
