id,movie_title,y_true,y_image_pred
rw1668379,Mission: Impossible (1966–1973),4.0,3.9193191528320312
rw0704620,The Matrix Reloaded (2003),4.0,2.434668779373169
rw0481138,Star Wars: Episode I - The Phantom Menace (1999),3.0,3.92370867729187
rw2350502,The Mask of Zorro (1998),5.0,3.046395778656006
rw5075161,Ambili (2019),5.0,4.423949241638184
rw3809975,Mother! (2017),1.0,2.311089515686035
rw3054540,"Sinbad, the Sailor (1947)",3.5,4.194746017456055
rw4144651,Avengers: Infinity War (2018),4.0,3.7521286010742188
rw2682263,Upside Down (I) (2012),4.0,2.4473516941070557
rw1072383,Pearl Harbor (2001),1.0,1.7668976783752441
rw1507820,Stormbreaker (2006),4.0,2.823270559310913
rw3441405,Sahara (I) (1943),3.5,2.741023540496826
rw3701319,The Beast of Hollow Mountain (1956),3.0,3.258341073989868
rw4235288,Star Trek: Voyager (1995–2001),4.5,2.81392240524292
rw1778781,White Dog (1982),3.5,4.209996223449707
rw4285422,Their Purple Moment (1928),3.0,3.9991910457611084
rw2486516,Fright Night (2011),4.0,3.027754306793213
rw2452468,Contract Killers (2008),4.0,3.3560914993286133
rw0510926,The Matrix (1999),4.0,3.2988340854644775
rw3595309,Vertigo (1958),4.0,4.097448825836182
rw5424977,Cats (2019),0.5,2.7857348918914795
rw4431432,Snoopy Come Home (1972),4.0,3.5567893981933594
rw5610960,Incendies (2010),2.0,4.201977729797363
rw6192864,Tremors: Shrieker Island (2020 Video),3.0,3.1550140380859375
rw4906305,The Man in the Iron Mask (1939),1.5,3.620144844055176
rw3827518,Jay and Silent Bob Strike Back (2001),5.0,2.606616973876953
rw1940123,An American Crime (2007),3.0,3.8164560794830322
rw4458032,Person of Interest (2011–2016),4.0,3.9229416847229004
rw4576899,The Falling (2014),3.0,4.019618988037109
rw1552238,Joseph and the Amazing Technicolor Dreamcoat (1999 Video),3.5,3.771167039871216
rw2953735,The Counselor (2013),0.5,2.936367988586426
rw2434791,Surveillance (I) (2008),1.5,3.719770908355713
rw5064992,Crawl (I) (2019),3.5,3.538813829421997
rw0989173,Funeral Home (1980),2.0,3.6775994300842285
rw5932054,Warpath (2020),1.5,2.8022642135620117
rw1989291,Hancock (2008),0.5,3.470712661743164
rw2389529,Cousin cousine (1975),2.0,3.9091100692749023
rw0001585,The Heart of Texas Ryan (1917),5.0,2.7309327125549316
rw0034701,Lonesome Lenny (1946),5.0,3.8909261226654053
rw2787063,Thor (2011),4.0,2.102755069732666
rw1141336,Stranger Than Paradise (1984),0.5,4.218928337097168
rw5707404,Mrs. Serial Killer (2020),4.0,4.33843994140625
rw3209061,Western Mail (1942),4.5,3.703570604324341
rw5702779,Ex Machina (2014),4.0,3.7191905975341797
rw3733461,American Flyers (1985),3.5,4.844694137573242
rw6007269,Promised (2019),5.0,4.358180522918701
rw4881364,Nonsense (2018),4.5,4.925468921661377
rw0577133,Ghost Dog: The Way of the Samurai (1999),3.5,4.987786293029785
rw2331408,Robin Hood (2010),2.5,2.9203171730041504
rw5597159,The Drone (2019),1.5,2.802701950073242
rw3823038,The Bad Batch (2016),2.0,3.9003472328186035
rw1234514,"The Chronicles of Narnia: The Lion, the Witch and the Wardrobe (2005)",5.0,4.581823348999023
rw3149615,American Guinea Pig: Bouquet of Guts and Gore (2014),5.0,3.1962311267852783
rw5483444,Band of the Hand (1986),2.5,3.382154941558838
rw3734261,Beauty and the Beast (I) (2017),5.0,3.6435537338256836
rw6109568,The Scapegoat (1959),2.5,2.8315138816833496
rw5680677,Spirited Away (2001),3.0,4.594504356384277
rw2586273,The Thomas Crown Affair (1999),3.5,2.4704408645629883
rw3683843,Quo vado? (2016),3.5,2.8618838787078857
rw3313449,War Room (2015),5.0,3.5000693798065186
rw1846318,Play Dead (1983),1.0,2.7919349670410156
rw5710334,Love & Mercy (2014),2.5,4.941777229309082
rw1792133,Life as a House (2001),4.0,3.5134212970733643
rw5743435,Forbidden Planet (1956),3.5,2.9327688217163086
rw3877042,Eye See You (2002),1.5,2.950169563293457
rw6018527,Greyhound (2020),3.0,2.635727643966675
rw5266596,Hollywood Vice Squad (1986),3.5,5.0
rw4990199,Aziz Ansari: Right Now (2019 TV Special),3.5,5.0
rw6450596,Alice in Wonderland (1966 TV Movie),4.0,2.986330986022949
rw3324500,Standing on the Shoulders of Kubrick: The Legacy of 2001 (2007 Video),2.0,4.701074123382568
rw4666236,Alita: Battle Angel (2019),4.5,3.6948039531707764
rw6201224,Batman: Mask of the Phantasm (1993),4.0,4.06544828414917
rw6357668,Underworld: Blood Wars (2016),0.5,3.065206527709961
rw4351444,College Romance (2018– ),5.0,3.928708076477051
rw5883263,Hold the Dark (2018),0.5,3.649594306945801
rw1424814,Lady in the Water (2006),4.0,4.032248020172119
rw4794492,The Village (2004),4.0,3.481496572494507
rw3775567,The Guest Book (2017–2018),5.0,3.13521671295166
rw1251957,Nobody Knows (2004),2.5,3.644489288330078
rw4577912,The Accidental Prime Minister (2019),5.0,3.2577481269836426
rw3494730,Dying of the Light (2014),2.0,3.4394843578338623
rw1346430,La niña de la mochila azul (1979),3.5,5.0
rw2867447,This Is the End (2013),0.5,2.2151389122009277
rw0030514,Henry V (1944),4.0,4.461054801940918
rw0058555,The Man Who Knew Too Much (1956),3.0,3.4696602821350098
rw1751803,The Shadow (1940),3.0,3.3368711471557617
rw0450534,Enemy of the State (1998),5.0,1.5882830619812012
rw1552439,The Pursuit of Happyness (2006),5.0,2.138231039047241
rw6139005,The Mentalist (2008–2015),5.0,2.6473922729492188
rw2577648,Paan Singh Tomar (2012),5.0,1.9397293329238892
rw4278264,Interstellar (2014),5.0,3.9519381523132324
rw6107628,Witness for the Prosecution (1982 TV Movie),3.5,2.822484016418457
rw0627489,The Blair Witch Project (1999),4.0,2.3418638706207275
rw2478675,Assassin's Creed (2007 Video Game),5.0,2.65008544921875
rw6377744,Fishtales (2007),1.5,2.5501465797424316
rw5811617,Fifty Shades of Grey (2015),5.0,3.801133632659912
rw0960897,Kung Pow: Enter the Fist (2002),5.0,2.960439682006836
rw5317571,Tall Girl (2019),0.5,3.390976667404175
rw4727414,Badla (2019),1.5,4.347511291503906
rw4877476,Baby (I) (2015),4.5,5.0
rw5780311,The Last Dance (2020),4.0,4.356372833251953
rw5598316,Dia (2020),4.5,3.70585298538208
rw5175387,The Other End of the Line (2008),4.5,2.3657162189483643
rw4574764,Do You Trust This Computer? (2018),5.0,2.9133141040802
rw6222270,Leaving D.C. (2012),3.0,3.56679105758667
rw0668451,Ginger Snaps (2000),4.0,3.040740489959717
rw0789924,Crossroads (I) (2002),4.0,3.221717596054077
rw3748276,Snowfall (2017– ),4.0,2.6861276626586914
rw1551006,Holiday (1938),4.5,4.009098529815674
rw4339744,Bleach (2018),4.0,3.244507074356079
rw2556535,Take Shelter (2011),4.0,3.0614116191864014
rw6444544,Good Time (2017),4.5,3.5830037593841553
rw3543005,Night in Paradise (1946),3.5,5.0
rw0325642,Much Ado About Nothing (1993),5.0,3.7219338417053223
rw4005228,Equity (I) (2016),3.0,3.9728622436523438
rw6245111,The Shack (I) (2017),5.0,4.372100353240967
rw4939993,For The People (2018–2019),1.5,4.601628303527832
rw0495577,Shrek (2001),4.5,3.725186824798584
rw5184959,The Art of Self-Defense (2019),3.5,3.6401751041412354
rw1884218,Arroseur et arrosé (1896),3.0,5.0
rw0983249,Basic (2003),1.0,3.327937364578247
rw4863663,Ride (III) (2018),2.0,3.737685203552246
rw2350425,Louis Sullivan: the Struggle for American Architecture (2010),5.0,3.6109864711761475
rw2575921,Watch on the Rhine (1943),3.5,3.0392630100250244
rw4714701,The Order (2019–2020),5.0,3.6109864711761475
rw3506419,Boot Camp (2008),2.0,3.27618408203125
rw4548380,Insidious: The Last Key (2018),3.5,1.8767542839050293
rw4273335,The Room (2003),5.0,3.741024971008301
rw5170345,Baba Yaga (1973),1.0,2.776797294616699
rw1827367,Annabelle's Affairs (1931),4.0,2.932770252227783
rw2147318,Infestation (2009),3.0,2.6711912155151367
rw2491614,Sanctum (2011),0.5,4.520072937011719
rw1876194,The Forbidden Kingdom (2008),4.5,3.4127368927001953
rw2245208,Stepping Out (1991),1.5,3.9088664054870605
rw3799369,King Arthur: Legend of the Sword (2017),3.5,3.9980075359344482
rw0229518,Aliens (1986),4.0,3.3084590435028076
rw3001610,The Skeleton Key (2005),4.5,2.380720376968384
rw3559176,Lights Out (II) (2016),4.0,2.8441128730773926
rw0980290,The Perfect Pitch (2002 TV Short),5.0,1.8809876441955566
rw5125739,Mission Over Mars (2019– ),5.0,4.7091569900512695
rw2601383,Wolf (1994),3.0,3.3350133895874023
rw2542040,A Gifted Man (2011–2012),5.0,0.9528586864471436
rw1854242,Conversations with Other Women (2005),3.5,2.7915143966674805
rw2425778,Tere Bin Laden (2010),3.0,2.680297374725342
rw5521089,Ford v Ferrari (2019),3.5,2.6574344635009766
rw0853625,Cradle 2 the Grave (2003),0.5,2.2687296867370605
rw2850332,The Fosters (2013–2018),4.0,3.7165944576263428
rw4618317,The 5th Wave (2016),2.0,3.90602707862854
rw3127142,Love Is Strange (2014),3.5,4.114964008331299
rw3361158,Dick Tracy (1990),4.0,2.811739921569824
rw2965291,Rock 'n' Roll High School (1979),3.0,4.622379779815674
rw3557817,Turkey Shoot (1982),3.0,2.9363179206848145
rw4341450,The Red Pill (2016),3.5,4.587803840637207
rw0828919,The Rules of Attraction (2002),3.5,2.32624888420105
rw2123484,A Double Life (1947),4.5,3.2303242683410645
rw2376444,Akira (1988),5.0,4.0739593505859375
rw3234271,Avengers: Age of Ultron (2015),4.0,3.846132755279541
rw6289910,Merry In-Laws (2012 TV Movie),4.0,2.876922845840454
rw2255505,Reality Bites (1994),1.0,4.3601179122924805
rw5978361,Little Voice (2020– ),4.5,4.5504608154296875
rw2002203,American Gangster (2007),4.0,3.9918746948242188
rw2429807,As Tears Go By (1988),4.0,4.460424900054932
rw4573648,Roma (2018),4.0,2.9007585048675537
rw5931696,Dil Bechara (2020),5.0,4.339689254760742
rw5037750,We Belong Together (2018),0.5,3.4611129760742188
rw4164600,The Man from U.N.C.L.E. (2015),3.0,1.571183681488037
rw5889832,Escape from New York (1981),3.5,3.5426859855651855
rw4837924,Chernobyl (2019),5.0,4.444242477416992
rw1899749,Limbo (II) (2004),5.0,2.078920602798462
rw2522633,North by Northwest (1959),4.0,5.0
rw5754736,Alien (1979),5.0,3.1507174968719482
rw0504469,Dinosaur (2000),3.5,3.6054956912994385
rw1395413,Mozart and the Whale (2005),1.0,2.142367362976074
rw5415810,Raatchasan (2018),5.0,4.024385929107666
rw3631486,Woman of Straw (1964),3.5,2.8901023864746094
rw3417071,Eddie the Eagle (2015),5.0,3.961535930633545
rw0184808,Excalibur (1981),4.5,3.439415454864502
rw1129747,Dinner Rush (2000),4.5,3.6737353801727295
rw2558860,Apocalypse (2011),3.5,3.5475168228149414
rw0183619,Conan the Barbarian (1982),4.5,3.3435773849487305
rw4774034,Serpent (2017),1.5,2.40242600440979
rw3282112,Terminator Genisys (2015),3.5,3.04072904586792
rw4186510,The Place (2017),2.0,4.427261829376221
rw0467787,Pushing Tin (1999),2.5,4.462772369384766
rw2715665,Memorial Day (2012),5.0,1.8168575763702393
rw3536038,Badlapur (2015),3.0,3.229045867919922
rw2220798,Butterfly on a Wheel (2007),3.5,3.818744421005249
rw0479393,Fantasia 2000 (1999),5.0,4.325561046600342
rw1053190,Shadow of the Thin Man (1941),3.5,4.369656562805176
rw5754587,Rim of the World (2019),4.5,5.0
rw1302445,Dogville (2003),5.0,3.6275277137756348
rw2108866,The Awful Truth (1937),1.5,2.3262381553649902
rw3335668,The Ouija Exorcism (2015),1.0,2.0102181434631348
rw6261562,Ludo (2020),0.5,3.8848719596862793
rw2967922,Zoolander (2001),1.5,2.965219736099243
rw2058126,Unstable (2009 TV Movie),4.0,2.8966405391693115
rw1940366,Nim's Island (2008),3.5,3.9016966819763184
rw3632104,Show Girl in Hollywood (1930),3.0,3.8404927253723145
rw6161156,I Still See You (2018),3.0,2.709090232849121
rw3543917,Anthropoid (2016),4.0,2.438253402709961
rw4104300,Verónica (I) (2017),0.5,2.861553907394409
rw2567496,Grimm (2011–2017),2.0,3.0729410648345947
rw6135388,Unknown Origins (2020),3.0,3.0110116004943848
rw2746318,Annie Oakley (1894),3.5,3.7459096908569336
rw5313390,鋒迴路轉 (2019),1.5,4.178965091705322
rw5062610,When They See Us (2019),1.5,3.539555788040161
rw1086579,Star Wars: Episode III - Revenge of the Sith (2005),5.0,3.866832733154297
rw0655407,Sexy Beast (2000),4.0,1.6549277305603027
rw4318272,Jack Ryan (2018– ),4.5,2.9869260787963867
rw4027939,Modern Family (2009–2020),5.0,3.580613613128662
rw1041150,Heaven Can Wait (1943),4.0,3.010875940322876
rw4542762,Amityville: The Awakening (2017),4.5,2.9465713500976562
rw1815864,All the King's Men (1949),5.0,4.168537616729736
rw3540622,Your Name. (2016),5.0,3.379542589187622
rw4186664,Game of Thrones (2011–2019),4.5,2.8081212043762207
rw1790911,Sweeney Todd: The Demon Barber of Fleet Street (2007),4.0,3.0281734466552734
rw2844831,Michael Clayton (2007),5.0,4.870723247528076
rw5896733,Greyhound (2020),4.0,2.4298667907714844
rw2455131,Rubber (2010),0.5,2.3530209064483643
rw2853993,United (I) (2011),2.5,3.818941593170166
rw3115116,Reign (2013–2017),3.5,3.581561326980591
rw5344354,Togo (2019),4.5,4.662049293518066
rw3497582,Tremors (1990),5.0,5.0
rw5601145,Matrimony's Speed Limit (1913),3.5,3.3160436153411865
rw6112280,One Night in Bangkok (2020),0.5,3.505868911743164
rw5397200,Death in Paradise (2011– ),4.0,4.478938102722168
rw4960103,Dark (2017–2020),4.0,3.9526069164276123
rw0587758,The Sixth Sense (1999),5.0,3.383906841278076
rw1858991,Tara Road (2005),3.0,5.0
rw5848724,Underwater (2020),2.0,3.2641336917877197
rw5729788,Person of Interest (2011–2016),5.0,4.249056816101074
rw2263562,Splice (2009),1.5,2.7423434257507324
rw0589629,Pirates of Silicon Valley (1999 TV Movie),4.0,3.3760979175567627
rw5053294,Magnum P.I. (2018– ),4.0,2.1575820446014404
rw2236237,Ronin (1998),5.0,3.08856201171875
rw1530789,Bloodsport III (1996 Video),3.5,3.340496063232422
rw0712788,Mimic 2 (2001 Video),3.5,3.338521957397461
rw0366113,Last of the Dogmen (1995),4.5,3.0230798721313477
rw5711310,The Manxman (1929),3.0,3.002720832824707
rw1636805,Nobi (1959),5.0,2.0575811862945557
rw1687901,Zoom (2006),2.0,3.760345458984375
rw5797805,The Expanse (2015– ),5.0,3.0843405723571777
rw3610796,The Girl with All the Gifts (2016),4.5,4.158461570739746
rw2718501,異形奇花 (1986),4.0,3.6955463886260986
rw4425085,Werewolf in a Girls' Dormitory (1961),2.0,2.8602294921875
rw3677852,Unleashed (I) (2016),5.0,1.917138934135437
rw2197046,六壯士 (1961),4.0,2.58023738861084
rw0295623,JFK (1991),5.0,4.583894729614258
rw0416124,The Fifth Element (1997),5.0,3.9704153537750244
rw2194764,阿凡達 (2009),5.0,3.4163708686828613
rw4067235,Hell House LLC (2015),5.0,2.142483949661255
rw2164683,2012 (I) (2009),0.5,3.199301242828369
rw5327815,Wendigo (2001),2.0,3.9592251777648926
rw1044103,Hero (2002),4.5,3.2220754623413086
rw2802957,Max Payne (2001 Video Game),5.0,2.5495967864990234
rw1038380,Murder in the First (1995),5.0,3.356895923614502
rw1913757,The Dark Knight (2008),5.0,3.658961057662964
rw4083944,Oculus (2013),3.5,2.2185215950012207
rw0724113,Wit (2001 TV Movie),5.0,3.6005680561065674
rw5089440,The Lonely Guy (1984),1.0,3.1623013019561768
rw3395561,Peter Pan (1953),4.0,2.228447914123535
rw3737703,Pinched (2010),4.5,3.9375545978546143
rw5193385,口是心非 (2009),3.5,2.9795241355895996
rw6012145,Unfriended: Dark Web (2018),3.0,3.0030782222747803
rw5302882,The Christmas Club (2019 TV Movie),4.0,3.260824203491211
rw4275220,Mission: Impossible - Fallout (2018),4.0,3.9193191528320312
rw2928977,The Wolf of Wall Street (2013),5.0,4.8882904052734375
rw1105961,One Flew Over the Cuckoo's Nest (1975),5.0,3.9602391719818115
rw6411020,The Man Who Invented Christmas (2017),2.0,3.304955005645752
rw3463623,Beat the Clock (1950–1961),5.0,3.703570604324341
rw2326716,Role Models (2008),4.5,3.024979829788208
rw0664660,Fourplay (2001),5.0,3.594683885574341
rw3289764,Drishyam (2015),5.0,4.3513312339782715
rw5631317,Wes Craven's New Nightmare (1994),4.0,2.3226516246795654
rw4930578,Vice (2013– ),1.0,3.8173229694366455
rw4779999,The Silence (II) (2019),0.5,2.973466396331787
rw5986017,Gunjan Saxena: The Kargil Girl (2020),5.0,3.9770164489746094
rw1692452,Gosford Park (2001),5.0,3.7366464138031006
rw1666409,Eko eko azaraku III (1998),3.0,3.613595485687256
rw5289836,Zombie with a Shotgun (2019),5.0,3.6775994300842285
rw0212498,The Lift (1983),3.0,4.031849384307861
rw0027598,The Talk of the Town (1942),5.0,3.468111515045166
rw4907699,Pulp Fiction (1994),3.5,4.529486656188965
rw1571977,The Producers (2005),4.0,3.3849973678588867
rw0086068,Mary Poppins (1964),5.0,4.376766204833984
rw2875181,Vikingdom (2013),5.0,3.6181230545043945
rw6326350,Weekend at Dunkirk (1964),3.5,2.678645133972168
rw6272543,Twilight (I) (2008),3.0,1.9524672031402588
rw2024010,The Curious Case of Benjamin Button (2008),1.5,3.102625846862793
rw1684226,The Departed (2006),2.0,2.2588951587677
rw2251692,Pan's Labyrinth (2006),5.0,3.361624002456665
rw2365597,Exam (2009),4.0,2.016009569168091
rw6146878,Spider-Man 2 (2004),3.5,4.0063252449035645
rw2625269,Hangman's Knot (1952),3.5,2.5959222316741943
rw5290110,冰雪奇緣2 (2019),5.0,4.472377777099609
rw2775589,The Call (II) (2013),2.0,4.082687854766846
rw1429843,The Bong Connection (2006),5.0,2.528585910797119
rw5075296,#Followme (2019),1.0,2.328850746154785
rw2432258,The Human Experience (2008),5.0,3.358505964279175
rw3511217,The World's End (2013),5.0,3.7259774208068848
rw4897724,Wine Country (2019),1.0,4.364340782165527
rw0529442,Surrender Dorothy (1998),5.0,3.050661325454712
rw1051109,Feardotcom (2002),0.5,3.280851125717163
rw5576547,The Letter for the King (2020– ),4.0,3.190715789794922
rw5664860,Terminator Salvation (2009),4.0,3.803976058959961
rw1729754,3:10 to Yuma (2007),2.0,3.4140756130218506
rw1514347,The Odyssey (1997),2.5,3.4403889179229736
rw2917667,Murder by Numbers (2002),3.5,2.734215021133423
rw6040816,Tokyo Ghoul (2014),5.0,3.1105175018310547
rw2370333,P.S. I Love You (2007),3.0,2.526736259460449
rw6156583,Deadly Switch (2019),2.5,2.245260000228882
rw0737969,Billy Elliot (2000),4.5,3.0344817638397217
rw6276965,The Traitor (2019),5.0,3.0715436935424805
rw6057425,Mirzapur (2018– ),4.5,3.644489288330078
rw1286245,Kuffs (1992),0.5,2.167531967163086
rw5858787,The Predator (2018),2.5,2.705568790435791
rw3263566,The Wiz (1978),3.5,4.467929840087891
rw5198104,功夫熊貓2 (2011),2.5,4.1684675216674805
rw3209867,Pinocchio (1940),4.0,3.801840305328369
rw5515674,The Whistlers (2019),5.0,3.6254677772521973
rw5403977,Red Room (2017),0.5,4.096290588378906
rw5123002,Saaho (2019),2.0,3.2520875930786133
rw5603705,Yol (1982),3.5,4.296696186065674
rw4122127,Elements of Matter (2018),0.5,3.4034767150878906
rw2983047,Alpha and Omega 2: A Howl-iday Adventure (2013 Video),2.0,4.684759616851807
rw1593367,Old Joy (2006),1.5,3.5575406551361084
rw1163772,Army of Darkness (1992),0.5,4.791927337646484
rw1414760,Barney's Great Adventure (1998),4.0,4.7299699783325195
rw2228635,Final Solution (2004),5.0,4.65807580947876
rw3849882,No Man of Her Own (1950),5.0,2.842442750930786
rw4366097,Chekka Chivantha Vaanam (2018),0.5,3.86861515045166
rw2364934,Sullivan's Travels (1941),4.0,2.6477832794189453
rw1625787,Turistas (2006),4.0,3.276764154434204
rw5347148,Cash on Demand (1961),2.5,3.1482138633728027
rw4616516,Bright (I) (2017),3.0,3.0458784103393555
rw5910162,Rogue One: A Star Wars Story (2016),4.5,2.9902215003967285
rw4538491,Bird Box (2018),3.0,3.04533052444458
rw3373087,Barbara (I) (2012),3.5,3.6422970294952393
rw2164952,Ghoulies II (1987),2.5,4.426309585571289
rw0295679,JFK (1991),4.0,4.052161693572998
rw2237225,The Life and Death of Peter Sellers (2004),5.0,4.244449138641357
rw2481722,The Yin and the Yang of Mr. Go (1970),4.0,2.6343908309936523
rw4525363,Andhadhun (2018),5.0,3.5212459564208984
rw3414819,Pride and Prejudice and Zombies (2016),4.5,3.9901609420776367
rw4986115,Elmo Saves Christmas (1996 Video),0.5,2.9433844089508057
rw4966350,Child's Play (2019),0.5,2.2225990295410156
rw2110655,Nos jours heureux (2006),3.5,4.683685302734375
rw0846799,Old School (2003),5.0,2.733750343322754
rw0570877,American Pie (1999),4.5,3.4150331020355225
rw2145415,Edmond (2005),3.0,3.690760612487793
rw1500229,Marie-Martine (1943),4.0,3.6775994300842285
rw5690362,The Little Prince (1974),4.0,2.8992738723754883
rw3381495,The Revenant (2015),5.0,3.099180221557617
rw2982668,Dallas Buyers Club (2013),5.0,2.617708206176758
rw1876911,Clearing the Range (1931),3.0,5.0
rw0894507,Troy (2004),3.0,4.064154624938965
rw4448571,Daredevil (2015–2018),5.0,4.389654636383057
rw5258475,Toto le héros (1991),5.0,5.0
rw5909710,"Standing Up, Falling Down (2019)",3.5,3.270514726638794
rw2952456,Cloud Atlas (2012),5.0,2.7302019596099854
rw2884332,Oszukane (2013),3.0,3.6662659645080566
rw1070565,Calamity Jane (1953),5.0,4.612213134765625
rw1697614,Leopard Fist Ninja (1982),2.5,3.1722328662872314
rw1059116,Holy Smoke (1999),2.0,3.3726329803466797
rw1200996,Akira (1988),5.0,4.594180583953857
rw1269228,Swept Away (2002),3.5,5.0
rw2927046,American Pie (1972),3.5,3.461064338684082
rw0237252,Ruthless People (1986),3.5,4.429970741271973
rw2649818,Roadracers (1994 TV Movie),4.5,4.141399383544922
rw4751097,Scarface (1983),4.0,1.8752543926239014
rw5956736,Eden Lake (2008),1.5,4.229870796203613
rw0913136,Fei teng de qun shan (1976),5.0,2.5600552558898926
rw1242058,David & Layla (2005),5.0,2.618607997894287
rw2975787,Soccer Mom (I) (2008),3.0,2.0764825344085693
rw0113192,Scrooge (1970),5.0,2.8871538639068604
rw3272626,Pitch Perfect 2 (2015),4.0,3.165189504623413
rw4117289,Legion (2017–2019),2.5,3.2339653968811035
rw4826216,Avengers: Endgame (2019),3.5,4.078269958496094
rw6300821,Network (1976),4.5,4.605401515960693
rw5668846,Albion: The Enchanted Stallion (2016),3.5,3.237680673599243
rw2351801,Ichiban utsukushiku (1944),5.0,2.0629618167877197
rw2512855,Friday the 13th Part VII: The New Blood (1988),3.5,2.5511040687561035
rw1309462,La Terra Trema (1948),2.5,3.2273006439208984
rw1203689,Garden State (2004),4.0,3.642037868499756
rw4918218,Pokémon Detective Pikachu (2019),4.5,3.9167585372924805
rw1693691,Strike the Tent (2005),2.5,3.7165944576263428
rw6364878,Upload (2020– ),5.0,3.9517743587493896
rw4902265,"Love, Romance, & Chocolate (2019 TV Movie)",3.0,2.4465041160583496
rw0358145,Casino (1995),4.5,3.8930625915527344
rw5486287,Love Aaj Kal (2020),0.5,3.307624340057373
rw5691315,Journey of a Woman (2007),2.5,3.6772613525390625
rw1693328,The Four Horsemen of the Apocalypse (1962),2.5,2.327329158782959
rw4573620,The Shape of Water (2017),3.0,3.5284879207611084
rw1104677,My Blind Brother (2003),4.5,2.3987860679626465
rw3874065,Dark (2017–2020),2.5,4.328587532043457
rw0183686,Conan the Barbarian (1982),5.0,3.1721856594085693
rw3798548,Slaughter Daughter (2012),5.0,3.644489288330078
rw1272875,The Circle (2002),5.0,3.9380125999450684
rw3295000,Snoopy's Reunion (1991 TV Short),4.0,4.535000801086426
rw6318411,Happiest Season (2020),5.0,3.269392490386963
rw5513084,The Man Who Knew Too Much (1934),3.5,4.239625453948975
rw4600960,Dragon Ball Super: Broly (2018),5.0,2.710508346557617
rw3800060,Happy-Go-Nutty (1944),4.5,2.6169610023498535
rw1941478,A Woman Under the Influence (1974),2.0,4.783939361572266
rw1704334,Comet in Moominland (1992),4.0,4.1724138259887695
rw0630096,Silicon Towers (1999),0.5,3.5411322116851807
rw2075561,The Prophecy (1995),2.0,4.575119495391846
rw0544512,High Fidelity (2000),3.0,3.9769225120544434
rw4343242,Mandy (I) (2018),4.0,3.2857706546783447
rw5489892,War Machine (2017),1.5,2.3681819438934326
rw5316573,Mnemophrenia (2019),4.5,1.5277743339538574
rw2145942,Ecstasy (1933),4.5,4.250410556793213
rw0894002,Troy (2004),4.5,3.033782958984375
rw3664393,The Great Wall (I) (2016),2.0,4.8617448806762695
rw4359160,Memento (2000),4.0,4.488880634307861
rw2683627,The Only Way (1970),4.0,4.076091289520264
rw2624876,Y Tu Mamá También (2001),5.0,2.716151237487793
rw1844719,Incubus (2006),1.5,4.274169921875
rw2897195,500 Days of Summer (2009),4.0,3.7005929946899414
rw3248742,My Haunted House (2013– ),0.5,3.8102355003356934
rw1935282,Hamlet 2 (2008),5.0,0.5
rw0136448,The Lords of Flatbush (1974),2.5,3.3268039226531982
rw5796674,Inception (2010),5.0,3.935513973236084
rw0568947,Hanging Up (2000),3.0,3.392641544342041
rw5256323,Vaxxed II: The People's Truth (2019),0.5,4.999719142913818
rw0693752,Pay It Forward (2000),3.5,4.045644760131836
rw3296423,Se diu ying hung: Dung sing sai jau (1993),5.0,4.0575852394104
rw4462519,Climax (I) (2018),2.5,3.3504276275634766
rw3191120,The Imitation Game (2014),4.5,2.0154309272766113
rw5941860,Dil Bechara (2020),0.5,4.669468879699707
rw2376995,This Earth Is Mine (1959),2.0,4.055236339569092
rw2149620,The Magnificent Seven (1960),3.0,4.113847732543945
rw0150419,Taxi Driver (1976),5.0,3.7885818481445312
rw2159253,Adoration (2008),3.5,3.54404354095459
rw4718562,The Bra (2018),3.0,2.9370481967926025
rw4192443,The Sea Wolf (1941),4.0,3.681297779083252
rw5186892,Fractured (I) (2019),3.5,4.568244934082031
rw0245387,Hope and Glory (1987),4.5,3.7231855392456055
rw4796544,Captain Marvel (2019),2.0,3.7002077102661133
rw3218347,Robot Revolution (2015),0.5,2.938502550125122
rw3335782,Tomorrowland (2015),0.5,4.252973556518555
rw4098093,"Re: Zero, Starting Life in Another World (2016– )",5.0,2.91192626953125
rw0406227,In the Mood for Love (2000),5.0,2.8261430263519287
rw2125183,The Eagle Has Landed (1976),5.0,2.796325922012329
rw2079966,Barton Fink (1991),4.0,4.692104339599609
rw5029107,Aranyélet (2015–2018),5.0,4.437328815460205
rw2947258,Desert Sands (1955),4.0,2.2393107414245605
rw3319674,Total Recall (I) (2012),3.0,2.3924927711486816
rw5931011,Dil Bechara (2020),5.0,4.339689254760742
rw2535268,Life's Too Short (2011–2013),3.5,0.5
rw3222793,Mountain Monsters (2013– ),5.0,4.628323554992676
rw5457464,Altered Carbon (2018–2020),5.0,2.324864387512207
rw1321110,The Brain That Wouldn't Die (1962),1.5,2.98614501953125
rw2742405,U.F.O. (2012),2.0,1.9139297008514404
rw5188653,My Haunted House (2013– ),5.0,3.2403743267059326
rw1781992,Alvin and the Chipmunks (2007),3.5,3.1421706676483154
rw1791162,Planet of the Apes (1968),5.0,3.6994974613189697
rw1617125,The U.S. vs. John Lennon (2006),3.5,3.019686222076416
rw0598976,Gladiator (2000),5.0,4.4031524658203125
rw5700062,Mrs. Serial Killer (2020),0.5,4.138096809387207
rw4274691,Mulk (I) (2018),0.5,3.328577995300293
rw3149523,魔法黑森林 (2014),0.5,2.7535057067871094
rw5058749,The Great Hack (2019),5.0,5.0
rw1277296,Brokeback Mountain (2005),4.5,4.700545787811279
rw2985715,The Picture of Dorian Gray (1945),3.5,4.01405143737793
rw4658013,The Gunman (2015),1.5,3.4418420791625977
rw4145170,Avengers: Infinity War (2018),4.0,4.325616836547852
rw6251108,Laxmii (2020),0.5,2.9778056144714355
rw1618116,Chimera (1991– ),3.5,2.49403977394104
rw2827962,A Prophet (2009),5.0,2.6857974529266357
rw1485502,The Last Kiss (2006),2.5,2.6726176738739014
rw3760794,Jack Reacher: Never Go Back (2016),0.5,3.2963168621063232
rw5839909,Becky (II) (2020),4.0,3.210272789001465
rw2810899,A Way Back Home (2013 TV Movie),3.5,3.7365760803222656
rw1259238,Let's Do It Again (1975),2.5,2.807878017425537
rw0560284,Croupier (1998),3.5,3.4036247730255127
rw2328698,The Disembodied (1957),1.0,3.5342774391174316
rw6125399,Utopia (2020),5.0,4.1927409172058105
rw1553224,Marie Antoinette (2006),0.5,4.193730354309082
rw2059053,Summoner (2000 Video Game),2.0,2.6821634769439697
rw5525699,The Verdict (1982),2.5,2.845402717590332
rw4874021,Cool Cat Kids Superhero (2018),5.0,1.2133147716522217
rw1887873,The Adventures of Sharkboy and Lavagirl 3-D (2005),2.5,2.678187370300293
rw2863466,Rush (I) (2013),3.5,3.6621382236480713
rw2331952,Up (2009),4.5,2.433159589767456
rw6333967,Freaky (2020),2.5,2.6932597160339355
rw1212175,Little Big League (1994),3.5,3.3372464179992676
rw1570262,Canvas (2006),4.0,2.1465587615966797
rw2201807,House of 9 (2005),1.5,3.2170631885528564
rw0788078,24 Hour Party People (2002),4.0,3.772623300552368
rw3773955,When Strangers Marry (1944),4.0,2.8742101192474365
rw4056057,The Shawshank Redemption (1994),5.0,4.879538536071777
rw3371377,Into the Badlands (2015–2019),3.5,3.0832715034484863
rw3039728,Snow White and the Seven Dwarfs (1937),5.0,2.8564293384552
rw2537727,Ten Days in Paris (1940),2.5,2.0617663860321045
rw4554102,The Gallows (2015),2.5,3.40000581741333
rw4816360,Mulholland Dr. (2001),2.0,2.847165584564209
rw5228120,Angel of Mine (2019),2.0,3.269892930984497
rw6162031,28 Days Later... (2002),1.0,2.6050069332122803
rw0632814,Anatomy (2000),5.0,3.117246627807617
rw6136981,The Old Guard (2020),4.5,3.622492790222168
rw1610258,Timeline (2003),3.0,3.433396100997925
rw2573161,Top Hat (1935),4.5,2.7504944801330566
rw1358885,The Silence of the Lambs (1991),4.0,2.3058345317840576
rw1381176,Big Fish (2003),5.0,2.9441699981689453
rw2368195,Quantum of Solace (2008),3.0,3.692221164703369
rw2377939,One Fine Day (1996),3.5,3.4942805767059326
rw5515262,The Face of Another (1966),4.0,3.003049373626709
rw5988374,Gunjan Saxena: The Kargil Girl (2020),4.5,3.9770164489746094
rw4931447,The Beach Bum (2019),1.0,3.8927712440490723
rw5922294,X-Men: Dark Phoenix (2019),2.0,3.789174795150757
rw6415544,Devil's Bait (1959),4.5,3.6028459072113037
rw2937722,You're Next (2011),3.0,3.063166618347168
rw3658530,Inception (2010),5.0,4.365241527557373
rw1349560,Silent Hill (2006),5.0,3.0330142974853516
rw3675182,Kong: Skull Island (2017),3.0,2.1333861351013184
rw3522874,Die Pilgerin (2014– ),2.0,4.75996208190918
rw3715175,Attack on Titan Part 2 (2015),2.0,3.7158865928649902
rw5958387,Black Is King (2020),5.0,3.262239694595337
rw1595993,Derailed (2002),1.0,3.553295612335205
rw1433878,My Super Ex-Girlfriend (2006),4.5,1.2600066661834717
rw0382408,DragonHeart (1996),2.0,3.6905300617218018
rw5561630,Derry Girls (2018– ),5.0,3.8077902793884277
rw3843054,The Void (I) (2016),4.0,3.741321563720703
rw1553905,A Christmas Story (1983),4.0,3.6949944496154785
rw0469645,Saving Private Ryan (1998),2.0,3.1984291076660156
rw2546677,Justice League of America (1997 TV Movie),2.0,3.2033376693725586
rw5500098,Parasite (2019),3.5,3.8155832290649414
rw1304178,Gung Ho (1986),3.0,2.600797653198242
rw1893114,Vacancy (2007),0.5,2.839864730834961
rw2731844,Fly Away Baby (1937),2.5,3.267369270324707
rw5101549,Unforgettable (II) (2017),2.0,4.424093246459961
rw3745441,Snow Angels (I) (2007),4.0,3.1714582443237305
rw2597516,The Vampire Diaries (2009–2017),5.0,2.943145275115967
rw5561245,Jumanji: The Next Level (2019),4.0,4.838024616241455
rw0186905,Killjoy (1981 TV Movie),4.5,3.8742482662200928
rw4834043,Meteorites! (1998 TV Movie),1.0,3.789659023284912
rw6093390,Heroes Reborn (2015–2016),1.0,2.5131447315216064
rw5842239,The Green Mile (1999),4.5,3.777651309967041
rw2282130,Inception (2010),5.0,4.365241527557373
rw6336675,The Fury (1978),3.5,3.3260011672973633
rw3758236,What the Health (2017),5.0,5.0
rw0806448,Tuck Everlasting (2002),4.5,1.2349903583526611
rw1688436,Samouraïs (2002),2.5,3.4094085693359375
rw5181254,A Talent for Murder (1984 TV Movie),1.0,3.1041486263275146
rw2523148,Teenage Caveman (2002 TV Movie),1.5,3.746546983718872
rw5146245,Little Baby (2019),5.0,2.596240997314453
rw5164667,小丑 (2019),5.0,3.3085169792175293
rw1662768,Pirates of the Caribbean: At World's End (2007),4.5,3.7960686683654785
rw0801217,Final Stab (2001 Video),2.0,2.9125819206237793
rw1952258,Bang Bang Kid (1967),1.0,3.323279857635498
rw0582546,The Lord of the Rings: The Return of the King (2003),5.0,3.68117094039917
rw1794031,There Will Be Blood (2007),5.0,3.852525472640991
rw1341921,Till Human Voices Wake Us (2002),5.0,3.0309574604034424
rw2392202,Classroom 216 (2011),5.0,3.644489288330078
rw6315163,12 Pups of Christmas (2019),1.0,3.9602646827697754
rw1932506,Batman Returns (1992),2.5,4.239060401916504
rw4197043,Forever My Girl (2018),1.0,3.1817679405212402
rw1157300,Creep (I) (2004),3.5,2.5261311531066895
rw5704236,Planet of the Humans (2019),5.0,2.794567584991455
rw2962407,The Dark Knight (2008),5.0,3.801696538925171
rw5907107,Archive (2020),4.5,4.270143985748291
rw5167554,The K2 (2016),1.0,3.9586997032165527
rw0593399,American Beauty (1999),1.5,3.838338851928711
rw4087322,Nikita (2010–2013),4.0,2.8171515464782715
rw0300300,Terminator 2: Judgment Day (1991),4.5,5.0
rw3354802,Bloodsucking Freaks (1976),1.0,1.9319205284118652
rw4843550,Spare Parts (I) (2015),5.0,3.3455638885498047
rw1158903,Trancado por Dentro (1989),5.0,4.179567813873291
rw1444659,Raw Deal: A Question of Consent (2001),3.5,2.3588767051696777
rw3277155,From Dusk Till Dawn (1996),2.5,3.1034624576568604
rw2633910,西雅圖夜未眠 (1993),5.0,5.0
rw3747448,Agonie (I) (2016),2.0,1.304326057434082
rw5641053,Funny Games (2007),5.0,3.3009495735168457
rw1930428,Kibakichi: Bakko-yokaiden (2004),0.5,2.754499912261963
rw0992431,Bridget Jones: The Edge of Reason (2004),1.0,3.6184608936309814
rw1192732,Fight Club (1999),5.0,2.4057810306549072
rw2548060,Bicycle Thieves (1948),5.0,3.3366713523864746
rw0300290,Terminator 2: Judgment Day (1991),4.5,4.194272994995117
rw6020670,Flesh (2020),5.0,4.2612762451171875
rw4984002,Article 15 (2019),4.5,4.7559051513671875
rw3016214,The Frightened Man (1952),3.0,4.324038028717041
rw5190636,Artifice (I) (2019),4.5,2.2709567546844482
rw4636484,Nautanki Saala! (2013),4.5,3.613862991333008
rw0669099,The Weight of Water (2000),2.5,4.637172222137451
rw1286133,Something New (I) (2006),5.0,4.107606410980225
rw2523585,Greenberg (2010),4.0,3.2225518226623535
rw5870645,Vice (I) (2018),3.0,4.031411647796631
rw1725919,Superman II: The Richard Donner Cut (1980 Video),4.0,4.175624370574951
rw1598007,Berlin - Ecke Schönhauser (1957),3.0,4.692058563232422
rw0791318,Lilo & Stitch (2002),3.0,4.220240592956543
rw1365934,Misery (1990),4.5,3.559251546859741
rw1744838,An Inconvenient Truth (2006),0.5,4.147420883178711
rw2519351,My Sassy Girl (2008– ),5.0,3.6265931129455566
rw1533816,Beethoven's 4th (2001 Video),1.5,1.9000040292739868
rw3708071,Snatched (2017),3.0,3.648470163345337
rw2174150,Hakuôki (1959),4.0,3.2429003715515137
rw2547798,Men in Black II (2002),3.0,2.6448676586151123
rw2716247,Khiladi 786 (2012),1.0,3.188767910003662
rw6453516,Mosaic (2007 Video),4.0,5.0
rw1376156,The Island (2005),2.0,3.524229049682617
rw4205051,Upgrade (2018),4.0,4.064966678619385
rw4323560,Chicken Girls (2017– ),5.0,2.0245304107666016
rw1930985,Crazy (II) (2008),4.5,2.0043818950653076
rw0834029,xXx (2002),2.0,3.350602626800537
rw2362275,"Naval Cadets, Charge! (1988– )",5.0,2.10217547416687
rw1275463,The Graduate (1967),4.0,3.677293300628662
rw2049971,Ken Park (2002),1.0,3.664957046508789
rw6117355,Better Man (2013),0.5,4.1792755126953125
rw0910927,The Cat Returns (2002),2.0,3.3994650840759277
rw2378377,Ju-on: The Curse (2000 Video),5.0,2.6807312965393066
rw1790266,Jesus Camp (2006),0.5,4.068449020385742
rw1908567,Rambo (2008),5.0,2.460331439971924
rw4344192,All This Mayhem (2014),4.5,4.717866897583008
rw3355685,All the Time in the World (2014),5.0,4.2259521484375
rw4528385,Sabrina (2018),0.5,1.7250595092773438
rw2604918,The Avengers (2012),4.5,4.604475498199463
rw3606318,Apollo 13 (I) (1995),4.5,3.3675007820129395
rw3284333,Younger (2015– ),4.5,3.868351459503174
rw4623474,Lethal Weapon (2016–2019),0.5,3.02641224861145
rw3400263,Bolishopping (2013),4.0,3.6109864711761475
rw1941531,Firing Line (1966–2020),3.5,4.946841239929199
rw4015205,Scenes from the Class Struggle in Beverly Hills (1989),1.5,2.5808815956115723
rw4800661,Book Club (I) (2018),0.5,3.9973866939544678
rw5663451,Gang of Roses (2003),1.5,3.3257064819335938
rw6370939,Wonder Woman 1984 (2020),5.0,2.439321994781494
rw1312484,Goodfellas (1990),5.0,4.936440944671631
rw2144086,"I Love You, Man (2009)",4.5,2.3343827724456787
rw6286910,The Corporation (2003),3.5,4.3900251388549805
rw4989250,Documental (2016– ),5.0,3.703570604324341
rw0704443,The Matrix Reloaded (2003),4.0,2.434668779373169
rw2332895,Saw 3D (2010),4.0,3.130825996398926
rw5436129,Time Lapse (2014),2.5,1.505846619606018
rw6407166,Wonder Woman 1984 (2020),0.5,3.04720139503479
rw2064003,"Same Time, Next Year (1978)",5.0,1.8243547677993774
rw1609417,十月的天空 (1999),4.5,2.9646754264831543
rw6386884,Unlocking Christmas (2020 TV Movie),5.0,2.228004217147827
rw1073584,The Best Years of Our Lives (1946),5.0,4.65579080581665
rw4535782,Master Z: The Ip Man Legacy (2018),4.0,4.541164398193359
rw3049370,Reykjavík-Rotterdam (2008),2.5,3.8588294982910156
rw5434780,Vis a vis (2015–2019),5.0,3.644489288330078
rw1977547,Mother of Tears (2007),4.0,2.8723082542419434
rw3466195,London Has Fallen (2016),4.0,2.9103991985321045
rw0734712,In the Bedroom (2001),4.5,4.0167012214660645
rw2259893,I Love You Phillip Morris (2009),0.5,3.804281711578369
rw4674943,The Autopsy of Jane Doe (2016),3.5,3.2275474071502686
rw4425110,Tomb Raider (2018),4.5,2.680464029312134
rw1955386,Beauty and the Beast (1987–1990),5.0,3.904183864593506
rw2958792,La Jetée (1962),5.0,3.2744593620300293
rw4440954,The Resident (2018– ),5.0,2.3804068565368652
rw2141324,Play It to the Bone (1999),3.5,4.356911659240723
rw0676312,Citizen Toxie: The Toxic Avenger IV (2000),5.0,3.4092164039611816
rw5531479,Anna (II) (2019),2.5,3.4300458431243896
rw4244305,The Girl Next Door (2007),1.5,2.8088128566741943
rw5102198,It Chapter Two (2019),3.5,3.9807910919189453
rw3677125,The Accountant (2016),3.5,2.30658221244812
rw4268703,Father of the Year (2018),2.0,2.3012261390686035
rw4319256,The Con is On (2018),5.0,2.812561273574829
rw4233478,Guest in the House (1944),3.0,3.1351025104522705
rw2233513,Harmony Trail (1944),3.5,3.2165088653564453
rw2867762,The Case for a Creator (2006 TV Movie),5.0,3.644489288330078
rw2304815,Heavy Metal in Baghdad (2007),4.0,3.5652883052825928
rw1295887,A History of Violence (2005),1.0,3.2204391956329346
rw4619267,Miss Bala (2019),4.0,3.520641803741455
rw0121166,Bad Company (1972),3.5,5.0
rw6107480,L'ultimo guerriero (1984),2.0,3.522278308868408
rw1743440,Moonlight (2007–2008),4.5,3.4754598140716553
rw2291075,Inception (2010),3.5,4.365241527557373
rw4113216,Your Name. (2016),3.5,3.5951197147369385
rw1710448,Panic in Year Zero (1962),1.5,3.1274142265319824
rw5861764,Batman (1989),4.0,3.6793227195739746
rw4706078,Captain Marvel (2019),2.5,3.813786268234253
rw3745079,Guardians of the Galaxy (2014),4.0,3.856203079223633
rw4753266,The Highwaymen (2019),4.0,3.714366912841797
rw5729051,Midnight Special (2016),4.0,4.873479843139648
rw3296707,Shaun the Sheep Movie (2015),4.0,4.415583610534668
rw5875683,Kaali (2020– ),5.0,2.6151628494262695
rw2706887,迷魂記 (1958),5.0,3.3313472270965576
rw5374241,Avane Srimannarayana (2019),4.0,4.341619491577148
rw4091839,Mayumi (1990),4.5,3.6109864711761475
rw4096546,The Shawshank Redemption (1994),5.0,4.719992637634277
rw1554226,When a Stranger Calls (2006),1.5,3.762765645980835
rw2831832,Me and You and Everyone We Know (2005),0.5,2.7808420658111572
rw0299493,The Silence of the Lambs (1991),0.5,3.0324764251708984
rw3843687,Bokeh (I) (2017),0.5,2.4900803565979004
rw4966327,Kabir Singh (2019),0.5,2.8937249183654785
rw6387972,The Hound of the Baskervilles (1939),3.5,2.1514382362365723
rw5260840,Angel Has Fallen (2019),2.0,3.4395127296447754
rw2877423,Xi Yang Yang Yu Hui Tai Lang Zhi Niu Qi Chong Tian (2009),0.5,3.7165944576263428
rw3866303,Billy Lynn's Long Halftime Walk (2016),3.0,3.5329947471618652
rw4523940,The Wolf of Wall Street (2013),3.5,4.8882904052734375
rw4557288,Aquaman (2018),2.0,3.2477054595947266
rw3170860,The Dead of Night (2010 Video),1.5,2.4007554054260254
rw1725132,Death Sentence (2007),0.5,2.52632737159729
rw3097641,The Giver (2014),0.5,3.7532432079315186
rw2912344,The Hunger Games: Catching Fire (2013),3.0,2.5331807136535645
rw0764247,Men with Brooms (2002),1.0,2.6062660217285156
rw5261451,Dickinson (2019– ),4.0,2.928102493286133
rw3039265,Batman Returns (1992),5.0,3.8716208934783936
rw3518544,Good Will Hunting (1997),5.0,3.8856797218322754
rw4745590,Deadly Class (2018–2019),5.0,2.939312219619751
rw3001960,The Bag Man (I) (2014),4.0,2.6190741062164307
rw1184083,Serenity (2005),2.0,2.3338639736175537
rw2009113,Shakespeare in Love (1998),2.5,3.602790117263794
rw3014480,Heat (1995),3.0,1.78524911403656
rw1708828,Transformers (2007),2.0,2.674252510070801
rw5783947,Uncivilized (2020),5.0,3.353064775466919
rw4360434,Footsteps in the Night (1957),2.5,4.906683444976807
rw6112537,Chernobyl (2019),5.0,4.062324523925781
rw5729089,Janara (2015),1.5,4.238649368286133
rw1943793,Baby Mama (2008),2.0,3.863999605178833
rw5391109,A Star Is Born (2018),2.0,3.447794198989868
rw4975094,Julie (1956),3.0,3.2284486293792725
rw2607027,Schlafkrankheit (2011),4.0,2.759413242340088
rw0995892,Two Lords (2002),5.0,5.0
rw4608273,Somewhere Between (2017),4.0,3.6266965866088867
rw2288016,Dinner for Schmucks (2010),4.5,3.029038429260254
rw5377755,In the Shadow of the Moon (2019),4.0,2.581831455230713
rw3629746,Life (I) (2015),3.0,3.460387945175171
rw0523756,Intolerable Cruelty (2003),1.5,2.918661117553711
rw5743778,Home Education (2016),3.0,2.1944007873535156
rw3686783,Terminator Genisys (2015),3.5,3.04072904586792
rw1768375,American Gangster (2007),2.5,3.9918746948242188
rw2428396,Man on the Moon (1999),3.5,3.770271062850952
rw1332244,Hung (2005),4.0,2.9583890438079834
rw3361619,The Smurfs: A Christmas Carol (2011),3.0,2.4967868328094482
rw5703584,The Godfather (1972),4.5,4.961665153503418
rw3428335,All This and Rabbit Stew (1941),1.5,3.0511999130249023
rw1691397,Mortal Kombat: Annihilation (1997),1.5,4.1337738037109375
rw2363706,Rage (I) (2009),3.0,3.773388147354126
rw5671375,The Corpse of Anna Fritz (2015),3.5,2.301753520965576
rw6354648,Left Behind (I) (2014),1.0,3.920412540435791
rw6097110,3 Idiots (2009),5.0,3.3943357467651367
rw6351659,Case 39 (2009),5.0,2.495398998260498
rw5327704,Don't Let Him In (2011),0.5,3.2488744258880615
rw2880892,Gravity (2013),1.0,3.7568535804748535
rw4628114,The Captain (2017),3.5,2.5408434867858887
rw1552205,Home Alone 2: Lost in New York (1992),4.5,4.0728020668029785
rw5794260,Sexy Beast (2000),1.0,1.6549277305603027
rw2032051,Watchmen (2009),4.0,3.8703789710998535
rw1788951,Blue Velvet (1986),5.0,1.7664263248443604
rw4757003,Traitors (2019– ),4.0,3.3449738025665283
rw0948664,Team America: World Police (2004),0.5,3.3393712043762207
rw0719001,Exit Wounds (2001),4.0,3.7146034240722656
rw4094444,Poltergeist (1982),5.0,4.155996322631836
rw6164945,Running with Beto (2019),5.0,2.8819940090179443
rw2318773,Queen of the Damned (2002),3.0,3.8625011444091797
rw0113639,The Touch of Satan (1971),0.5,3.3786134719848633
rw4732710,Strike Back (2010–2020),5.0,2.883176565170288
rw0479364,Fantasia 2000 (1999),5.0,4.090670585632324
rw4338501,Get the Gringo (2012),4.5,4.5150556564331055
rw2780076,There Will Be Blood (2007),3.0,4.19523811340332
rw0148770,Murder by Death (1976),4.5,2.672168016433716
rw4248632,The Hurricane Heist (2018),0.5,4.30037784576416
rw1256069,Wagon Master (1950),5.0,2.198533535003662
rw6208230,Ad Astra (2019),1.0,3.9001874923706055
rw6032788,Flesh (2020),0.5,4.2612762451171875
rw4568708,When Angels Sleep (2018),0.5,3.124844551086426
rw2689913,普羅米修斯 (I) (2012),0.5,3.5240907669067383
rw1283828,Harry Potter and the Prisoner of Azkaban (2004),5.0,3.3855419158935547
rw4181792,The Delta Force (1986),2.5,2.688795328140259
rw1882040,Runaway Bride (1999),5.0,2.886530637741089
rw1260765,The Opposite Sex (1956),5.0,1.9712510108947754
rw1616871,"Lex, the Wonder Dog (1973)",3.5,3.6775994300842285
rw2969175,The Missing Scarf (2013),3.5,3.2426514625549316
rw5493259,Birds of Prey (2020),5.0,3.3518762588500977
rw2791453,Brazil (1985),5.0,4.423543453216553
rw3492606,Sunday Bloody Sunday (1971),4.0,5.0
rw6165682,Dolly Kitty and Those Twinkling Stars (2019),5.0,2.911921501159668
rw0657345,The Iceman Cometh (1960 TV Movie),5.0,3.339672088623047
rw4308916,Hereditary (2018),0.5,3.945466995239258
rw5859231,Mrs. Serial Killer (2020),4.0,4.33843994140625
rw1532454,The Silencers (1966),3.5,3.415644407272339
rw3117528,Tammy (2014),2.0,2.0629446506500244
rw4338848,Summer of 84 (2018),0.5,4.721330165863037
rw2327078,Night of the Demons (2009),4.0,2.6390933990478516
rw6424890,Soul (2020),4.5,4.47893762588501
rw1680959,Blood and Chocolate (2007),3.5,2.085796594619751
rw1248492,Animal Farm (1954),4.5,3.264193296432495
rw1880078,Choose Me (1984),0.5,4.437868118286133
rw4683746,Spider-Man: Into the Spider-Verse (2018),4.0,4.358282566070557
rw0053435,Seven Samurai (1954),4.5,4.694437026977539
rw2424129,Abbott and Costello Go to Mars (1953),2.5,2.4410810470581055
rw5639828,Tiger King (2020),2.5,4.308826923370361
rw6213412,The Fast and the Furious: Tokyo Drift (2006),2.5,3.735219717025757
rw4603413,Downrange (2017),4.0,2.1789205074310303
rw2000105,The Passion of the Christ (2004),1.0,3.435927152633667
rw6141107,Khaali Peeli (2020),1.0,2.7798800468444824
rw5427792,Kingsman: The Golden Circle (2017),5.0,2.4105162620544434
rw3874835,Chronesthesia (2016),5.0,3.6109864711761475
rw3365146,Spectre (I) (2015),5.0,3.605268716812134
rw3079700,Dawn of the Planet of the Apes (2014),2.0,2.950483798980713
rw4582492,The Waltons (1972–1981),5.0,4.237525939941406
rw5405881,Chernobyl Diaries (2012),2.5,3.4657669067382812
rw6355992,We Are Who We Are (2020),3.5,2.8409533500671387
rw2605710,Zodiac (2007),3.0,3.3022189140319824
rw0762402,Empire (2002),1.5,3.6719298362731934
rw1820179,The Way of All Flesh (1940),4.5,3.0587592124938965
rw4110987,The Outsider (I) (2018),5.0,2.745972156524658
rw1001374,Billy Elliot (2000),3.0,3.7472341060638428
rw3127135,The Fountain (2006),5.0,4.5364532470703125
rw2152522,Taken (I) (2008),3.0,4.196205139160156
rw4938598,Jinn (2019– ),0.5,3.0664896965026855
rw4215177,Climax (I) (2018),4.5,2.865015983581543
rw3280074,Terminator Genisys (2015),3.0,3.861914873123169
rw0878283,La fleur du mal (2003),1.5,3.8426523208618164
rw3117438,Forrest Gump (1994),4.0,4.27159309387207
rw5733010,The Prestige (2006),5.0,2.946828842163086
rw1650724,Deja Vu (2006),5.0,2.903594493865967
rw4297743,Grown Ups (I) (2010),3.0,2.829733371734619
rw1503113,The People Under the Stairs (1991),3.0,2.8426663875579834
rw5585668,Licence to Kill (1989),2.5,3.871713161468506
rw1530815,Devon's Ghost: Legend of the Bloody Boy (2005 Video),0.5,2.840505361557007
rw2427815,Dracula (1931),4.0,3.641386032104492
rw0159019,Death Dimension (1978),3.0,2.6508898735046387
rw5441815,Tall Girl (2019),1.5,2.748469829559326
rw3726111,Before the Flood (2016),3.5,2.59733247756958
rw5889500,Suzi Q (2019),5.0,2.3193342685699463
rw1931287,The Deer Hunter (1978),5.0,2.5838985443115234
rw1712805,Hannah Montana (2006–2011),5.0,3.7330360412597656
rw0468191,Resident Evil (2002),4.5,3.5191762447357178
rw2967288,Gunday (2014),3.5,4.347825050354004
rw3673186,Altered Hours (2016),4.5,2.083754062652588
rw0124323,Junior Bonner (1972),5.0,2.903045892715454
rw4438781,Andhadhun (2018),5.0,3.29315185546875
rw5291873,玩命關頭 (2001),1.5,5.0
rw2985123,Pirates of the Caribbean: Dead Man's Chest (2006),1.0,2.6101760864257812
rw3540665,Kill Bill: Vol. 1 (2003),4.5,2.7428717613220215
rw6306432,Oldboy (2013),0.5,4.60654354095459
rw4011869,Bright (I) (2017),4.0,3.0458784103393555
rw5270712,Humans (2015–2018),2.0,3.7165944576263428
rw2026303,Identity Theft (2004 TV Movie),2.0,2.513274669647217
rw4600760,Glass (2019),3.0,3.571772813796997
rw4962659,Breath (I) (2017),2.5,4.821245193481445
rw6331816,"Sacred Cow: The Nutritional, Environmental and Ethical Case for Better Meat (2020)",5.0,2.634201765060425
rw1541783,Robinson Crusoe (1997),1.5,1.9507296085357666
rw4198554,The Great Train Robbery (1978),3.0,4.17657995223999
rw0334597,Anjaam (1994),5.0,4.25313663482666
rw1781026,Little Man Tate (1991),4.0,4.303649425506592
rw5354276,2036 Origin Unknown (2018),0.5,2.747187376022339
rw1213790,Deewaar (1975),4.5,4.082993030548096
rw2258169,District 9 (2009),4.5,3.215635299682617
rw1541015,Bobby (I) (2006),2.5,3.165915012359619
rw4508167,Aquaman (2018),0.5,3.4939286708831787
rw3668871,Your Name. (2016),4.5,3.637723922729492
rw4710042,Captain Marvel (2019),5.0,3.265042781829834
rw6415089,The Midnight Sky (2020),1.5,2.810734748840332
rw2845948,The Purge (I) (2013),3.0,2.5392396450042725
rw2001413,Secret Honor (1984),4.0,3.7204811573028564
rw5663357,The Quatermass Xperiment (1955),4.0,1.828635811805725
rw0906097,Mix (I) (2004),3.5,3.7596449851989746
rw5457485,A Twelve-Year Night (2018),3.0,3.9498887062072754
rw0193015,The Evil Dead (1981),5.0,3.237687349319458
rw5926139,Fairy Tail (2009–2019),4.5,5.0
rw5787738,Mrs. Serial Killer (2020),5.0,3.939056396484375
rw3310198,Les témoins (2014– ),3.5,3.2362866401672363
rw0321790,The Fugitive (1993),5.0,4.41688346862793
rw2462832,200 Cigarettes (1999),4.5,3.111536741256714
rw5263571,Mutant (1984),3.5,4.476517677307129
rw0910170,Sky Captain and the World of Tomorrow (2004),5.0,1.921059489250183
rw3827191,Joseph Smith: Prophet of the Restoration (2005),2.5,2.880176544189453
rw4947113,Murder Mystery (2019),3.0,3.6715469360351562
rw3271012,Maggie (I) (2015),5.0,3.368250608444214
rw2412263,Pie in the Sky (1994–1997),4.0,4.000507354736328
rw5121357,It Chapter Two (2019),3.5,3.0634162425994873
rw4290761,Deadpool 2 (2018),3.5,2.0785253047943115
rw5023376,The Blue Elephant 2 (2019),5.0,2.5435872077941895
rw5197464,Emergence (2019–2020),4.0,4.90311861038208
rw4730000,Triple Frontier (2019),2.5,3.107071876525879
rw4881096,Lucifer (2016– ),5.0,3.6109864711761475
rw5502180,Sweethearts (2019),1.0,2.6906847953796387
rw5557691,The Pale Horse (2020),1.5,2.9376704692840576
rw0838554,Shrek 2 (2004),3.5,4.047972679138184
rw0789508,Stranded (2002 Video),1.0,3.4292516708374023
rw5125536,Carrie (1976),4.5,3.553919792175293
rw1943102,Battlestar Galactica (2004–2009),5.0,3.171337842941284
rw4049065,Vodka Diaries (2018),5.0,3.9847819805145264
rw5508452,The House of Exorcism (1975),1.0,3.8648669719696045
rw4282505,Dog Days (I) (2018),5.0,3.7880172729492188
rw3448028,The Wild Wild West (1965–1969),0.5,4.133473873138428
rw1241417,King Kong (2005),0.5,3.0105183124542236
rw4455237,Hanum & Rangga: Faith & The City (2018),0.5,2.5347373485565186
rw0840614,In America (2002),5.0,2.740535259246826
rw5133125,Last Knights (2015),5.0,2.2219293117523193
rw4433401,Crime Boss (1972),1.5,4.497808933258057
rw4183517,The Raid: Redemption (2011),3.0,2.7788398265838623
rw3123722,The Last Ship (2014–2018),5.0,3.703570604324341
rw4331759,'The Day of the Purple Sun': Part I (2017),5.0,4.05272102355957
rw5954319,Tribal Get Out Alive (2020),3.5,4.767563819885254
rw1291050,Daniel the Wizard (2004),0.5,3.294002056121826
rw5819192,First Kill (2017),5.0,3.0992374420166016
rw2058378,Night on Earth (1991),4.5,2.425196409225464
rw2804759,Djúpið (2012),3.0,5.0
rw4983898,Midsommar (2019),4.0,2.767559051513672
rw5396407,Blade: Trinity (2004),4.0,3.057154893875122
rw3777986,Salvation (2017–2018),3.5,3.681060314178467
rw5337503,華爾街之狼 (2013),4.5,4.5713043212890625
rw4392359,De ollas y sueños (2009),3.5,3.6109864711761475
rw5416008,Forrest Gump (1994),5.0,4.526072978973389
rw2249332,Please Give (2010),4.5,3.6543612480163574
rw3182802,The Golden Fish (1959),5.0,3.201768398284912
rw2306562,2:22 (2008),0.5,3.163963794708252
rw2097357,The Private Lives of Pippa Lee (2009),4.0,3.3822383880615234
rw1725327,This Is England (2006),4.5,3.47135591506958
rw2752010,Unforgiven (2009),3.5,5.0
rw2105262,The Towering Inferno (1974),4.0,4.093827724456787
rw0633388,Doug's 1st Movie (1999),5.0,4.019589424133301
rw4766927,Shazam! (2019),4.5,2.6593241691589355
rw5031291,The Children Act (2017),3.5,4.950250148773193
rw4552348,The Equalizer 2 (2018),3.0,3.5908260345458984
rw3152723,"Location, Location, Location (2000– )",4.0,3.6338088512420654
rw0271449,Indiana Jones and the Last Crusade (1989),4.0,3.049696922302246
rw5107569,Chhichhore (2019),4.5,3.353064775466919
rw3511896,Stranger Things (2016– ),3.5,3.703570604324341
rw1062810,The Amityville Horror (2005),3.5,4.268240451812744
rw1853282,Tomorrow (1972),2.5,4.226807594299316
rw5757140,Jarhead: Law of Return (2019 Video),0.5,4.071433067321777
rw0174681,The Dogs of War (1980),3.5,1.788368821144104
rw6201879,SOS Kolkata (2020),5.0,3.363469123840332
rw1106006,Blue Car (2002),3.5,2.823931932449341
rw2535340,The Girl Who Played with Fire (2009),4.0,2.927236318588257
rw0963767,Voor een verloren soldaat (1992),5.0,3.594573974609375
rw2735989,Jesus Henry Christ (2011),5.0,3.1771702766418457
rw4581960,Sex Education (2019– ),4.5,2.663911819458008
rw6172894,David Attenborough: A Life on Our Planet (2020),5.0,1.8921892642974854
rw5280074,Joker (2019),5.0,3.0568161010742188
rw1991062,The Strangers (2008),0.5,2.1405911445617676
rw3502839,Candyman (1992),3.5,2.4146296977996826
rw4235658,Arif V 216 (2018),4.0,4.242083549499512
rw4643749,Satan's Blade (1984),0.5,5.0
rw4774399,Gloria Bell (2018),3.5,2.1215531826019287
rw0388105,Jake's Women (1996 TV Movie),5.0,4.67454719543457
rw3717064,Temple Grandin (2010 TV Movie),4.5,2.911190986633301
rw4195289,Horror House on Highway Five (1985),3.0,1.898075819015503
rw4137646,Super Troopers 2 (2018),3.0,3.895130157470703
rw0698180,Bartleby (2001),3.0,2.597034215927124
rw4786698,How to Train Your Dragon 2 (2014),4.5,3.6490590572357178
rw1842028,The Bank Job (2008),4.0,3.8716676235198975
rw5220296,Mr. Right (I) (2015),3.5,2.3081774711608887
rw1363799,Unfaithful (2002),2.5,3.27571702003479
rw3173631,Legion (2010),4.0,2.1618294715881348
rw4329594,The Children Act (2017),4.0,4.950250148773193
rw4109593,Dave Chappelle: Equanimity (2017 TV Special),3.5,2.685053586959839
rw2073120,Where I Stand: The Hank Greenspun Story (2008),5.0,3.7165944576263428
rw2864081,Confessions (2010),3.5,3.6420555114746094
rw6184067,The Three Deaths of Marisela Escobedo (2020),5.0,3.3801121711730957
rw5947640,Cursed (2020– ),1.0,3.7165944576263428
rw0461290,The Lord of the Rings: The Fellowship of the Ring (2001),5.0,3.464139223098755
rw1354388,Casual Sex? (1988),3.0,2.8609063625335693
rw4222030,The Needle Drop (2009– ),3.5,2.8123886585235596
rw5610581,X2: X-Men United (2003),4.5,3.021843194961548
rw0408965,Life Is Beautiful (1997),4.5,4.451134204864502
rw2334338,Gods and Generals (2003),0.5,3.0147764682769775
rw4030122,Mary and the Witch's Flower (2017),4.0,2.549139976501465
rw0242832,Dirty Dancing (1987),3.5,4.111212730407715
rw5707089,Mrs. Serial Killer (2020),5.0,4.138096809387207
rw1879853,Lions for Lambs (2007),0.5,3.5279455184936523
rw5705631,Hollywood (2020),5.0,3.5413119792938232
rw4387144,Beyond the Edge (2018),4.0,3.134793281555176
rw2645090,The Killing of a Chinese Bookie (1976),3.5,4.549050807952881
rw2822938,Planet of the Apes (2001),1.5,2.2663941383361816
rw1742246,Face/Off (1997),4.5,3.697800874710083
rw3704586,Moonlight (I) (2016),1.0,4.072731971740723
rw3709816,Manhattan Tower (1932),3.0,4.445430278778076
rw3563827,Bad Boys (1995),5.0,3.8578107357025146
rw6066314,JL50 (2020– ),5.0,3.644489288330078
rw4394216,Somewhere (2010),3.0,2.4271178245544434
rw3799341,The Fox and the Hound (1981),4.0,2.9346160888671875
rw4990196,Broken Ghost (2017),1.0,4.3849687576293945
rw2698942,The Legend of Hell House (1973),4.0,2.6219964027404785
rw3099960,Hannibal (2013–2015),5.0,3.4901459217071533
rw5123724,500 Days of Summer (2009),5.0,4.198723316192627
rw5689323,One Night Stand (I) (2016),0.5,4.141932010650635
rw2400064,Bir Avuç Deniz (2011),2.0,3.712916135787964
rw2225201,The International (I) (2009),3.0,3.4394989013671875
rw4100708,We Love Paleo (2016),1.0,3.7165944576263428
rw6436850,See No Evil (2014– ),3.0,2.665170192718506
rw5936270,Dil Bechara (2020),5.0,4.669468879699707
rw6163300,The Lie (2018),2.0,0.9849083423614502
rw2261075,Ginger Snaps III: The Beginning (2004),1.5,2.499326705932617
rw1078248,David's Mother (1994 TV Movie),4.5,4.361781120300293
rw5712275,Mother (2009),3.5,3.6223931312561035
rw2603789,Phenomena (1985),5.0,4.471729755401611
rw4565146,Thugs of Hindostan (2018),4.0,3.7566046714782715
rw1930602,Lake Placid 2 (2007 TV Movie),3.5,3.879009485244751
rw4636178,Mortal Engines (2018),3.0,4.126729965209961
rw3085907,"As Above, So Below (2014)",1.0,3.8608529567718506
rw1135628,War of the Worlds (2005),4.0,3.365431785583496
rw0639376,Pokémon: The First Movie - Mewtwo Strikes Back (1998),4.5,3.026548385620117
rw4043402,Arjun Reddy (2017),1.5,3.017101287841797
rw3388024,Star Wars: Episode VII - The Force Awakens (2015),0.5,2.491412878036499
rw5764735,The Wave (2019),3.0,2.834611415863037
rw6424526,Death to 2020 (2020 TV Special),0.5,3.0565948486328125
rw1946400,Righteous Kill (2008),2.0,2.101273536682129
rw3397174,The Transporter Refueled (2015),3.5,1.0101172924041748
rw4841762,Don Juan DeMarco (1994),2.5,4.623579502105713
rw6162240,Abhay (2019– ),5.0,4.172846794128418
rw3049954,Maleficent (2014),0.5,2.706953287124634
rw2359491,Spike (2008),0.5,3.4387147426605225
rw1639672,The Browning Version (1951),3.5,2.040121078491211
rw1800020,Sunshine (2007),1.5,2.7483105659484863
rw0621224,A Knight's Tale (2001),1.0,2.6421194076538086
rw2553629,Ace Ventura: Pet Detective Jr. (2009 TV Movie),0.5,3.2605276107788086
rw5286768,Solver (2017),2.5,3.6123287677764893
rw0223573,Lifeforce (1985),3.5,3.7039170265197754
rw3048904,Transformers (2007),4.5,2.282240390777588
rw6059782,Daddy (III) (2017),5.0,2.819394111633301
rw0480190,Titan A.E. (2000),3.0,3.8161096572875977
rw2544070,New Kids Nitro (2011),1.5,2.670897960662842
rw1559212,Pan's Labyrinth (2006),4.0,3.8678641319274902
rw0225151,Pray for Death (1985),1.0,1.579174518585205
rw4851663,Flip (2019– ),5.0,3.644489288330078
rw3073194,Ringer (2011–2012),2.0,4.1740288734436035
rw4271737,The Artist (I) (2011),3.5,3.282644748687744
rw0460861,The Lord of the Rings: The Fellowship of the Ring (2001),4.5,3.464139223098755
rw2661990,普羅米修斯 (I) (2012),3.0,2.992570638656616
rw0603017,Scary Movie (2000),3.5,3.7443435192108154
rw4111182,Ready Player One (2018),3.0,2.273895263671875
rw0342288,The Lion King (1994),5.0,4.827335834503174
rw1209553,Birth (2004),1.0,2.7292633056640625
rw0023274,Blood and Sand (1941),5.0,4.23989200592041
rw5018039,Another Life (2019– ),0.5,2.620284080505371
rw4424845,The Christmas Card (2006 TV Movie),5.0,3.2436535358428955
rw2205569,Fix (I) (2008),4.0,3.7247872352600098
rw0214994,Sheena (1984),2.0,3.700061082839966
rw1760924,Lions for Lambs (2007),4.0,2.4957895278930664
rw5542940,The Lord of the Rings: The Fellowship of the Ring (2001),5.0,3.464139223098755
rw4559779,Father Figures (2017),1.0,4.077945232391357
rw3194031,Badlapur (2015),5.0,3.174398183822632
rw4267370,Attack of the Killer Tomatoes! (1978),5.0,2.9169394969940186
rw4332018,Solo: A Star Wars Story (2018),2.5,3.775080919265747
rw2278429,Wild Target (2010),3.0,2.6075587272644043
rw5940703,Legacy (IV) (2020),0.5,4.795802116394043
rw0966904,Cube²: Hypercube (2002),1.5,2.8378655910491943
rw4196939,El Camino Christmas (2017),3.5,4.669727325439453
rw4160470,Sleepers (1996),4.5,4.140661239624023
rw2900845,Jersey Shore (2009–2012),5.0,2.4778270721435547
rw4165774,Clash of the Titans (2010),2.5,3.228214979171753
rw1986195,Milk (I) (2008),3.5,1.5831494331359863
rw2916958,Dialogues with Madwomen (1994),3.5,3.6775994300842285
rw1228792,Harry Potter and the Goblet of Fire (2005),3.0,3.2459206581115723
rw1198205,Brokedown Palace (1999),0.5,3.661249876022339
rw4227619,The Land Before Time (1988),5.0,3.4802803993225098
rw2791487,Unconditional (IV) (2012),3.0,2.7196238040924072
rw4838109,Lucifer (2016– ),4.5,3.6775994300842285
rw0946510,One Missed Call (2003),3.5,3.278820037841797
rw2350909,13 (I) (2010),5.0,3.180398941040039
rw4582928,Logan (2017),4.5,2.4806196689605713
rw2540177,Doli Saja Ke Rakhna (1998),3.5,3.897627353668213
rw6395817,The Boy and the World (2013),2.0,5.0
rw6439404,This Woman Is Mine (1941),3.0,3.4249541759490967
rw1724631,A Lot Like Love (2005),5.0,2.478983163833618
rw4274219,Blackmark (2018),1.0,3.8167431354522705
rw2455837,Battle Los Angeles (2011),1.5,2.1921215057373047
rw3150349,The Guilt Trip (2012),3.0,3.855613946914673
rw4995429,Keeper of the Flame (1942),4.5,5.0
rw6178652,The Thing About Harry (2020 TV Movie),3.5,2.250253200531006
rw5703335,Hollywood (2020),3.0,3.5413119792938232
rw5348704,獵魔士 (2019– ),4.0,5.0
rw1972611,King of Hearts (1966),5.0,4.905574798583984
rw4503886,Gold Diggers of 1933 (1933),4.5,4.006254196166992
rw4976170,Toy Story 4 (2019),3.0,4.651110649108887
rw0344212,Natural Born Killers (1994),3.5,3.855276346206665
rw1345640,The Wild (2006),3.5,3.367553472518921
rw0203047,National Lampoon's Vacation (1983),3.0,2.499917507171631
rw0014058,Phantom Ship (1935),2.5,3.448580265045166
rw5394047,Klaus (2019),5.0,2.872765302658081
rw3506502,Glitter (2001),1.0,5.0
rw1350824,Silent Hill (2006),3.5,3.5760316848754883
rw3609956,V/H/S/2 (2013),1.0,2.3150644302368164
rw2904498,Cape Fear (1991),4.0,3.5922632217407227
rw1656782,No Country for Old Men (2007),5.0,2.7412543296813965
rw2352978,Rabbit Hole (2010),5.0,4.281581878662109
rw3447582,Dredd (2012),3.5,3.280122756958008
rw2530170,Sombrero (1953),3.5,3.386524200439453
rw6002137,Peppa Pig (2004– ),3.5,3.620861053466797
rw5325503,War (2019),1.0,2.8193860054016113
rw2265749,Rampage (2009),3.5,1.5157876014709473
rw4864055,Send Me No Flowers (1964),4.0,2.922302722930908
rw5915503,American Sniper (2014),2.5,2.398763656616211
rw4106302,The Fool (II) (2014),4.0,4.681797981262207
rw0117189,Harold and Maude (1971),4.5,2.891122817993164
rw2703395,Apollo 18 (2011),1.0,2.094717264175415
rw3765970,Valerian and the City of a Thousand Planets (2017),4.0,3.720433235168457
rw1749880,The Invasion (I) (2007),3.5,4.416059970855713
rw4114137,All American (1953),3.5,3.4531688690185547
rw4270753,The Wrestler (2008),3.0,4.938474655151367
rw3873468,Bordertown (2016–2020),4.5,3.0500736236572266
rw2434921,Cross (2011 Video),2.5,3.4162044525146484
rw1735592,3:10 to Yuma (2007),3.5,3.0541014671325684
rw0132216,Tongue (1976),4.0,2.04559326171875
rw5196187,凶兆 (I) (2012),4.5,4.252542972564697
rw5489593,Parasite (2019),2.5,3.7869210243225098
rw1186102,Lord of War (2005),4.0,3.759871244430542
rw2326231,Shivers (1975),3.5,2.1459412574768066
rw3457732,Across to Singapore (1928),2.5,4.048428535461426
rw4599934,Bohemian Rhapsody (2018),5.0,4.330208778381348
rw4556226,Foodfight! (2011),0.5,3.879006862640381
rw6250947,Laxmii (2020),0.5,2.17207407951355
rw6008057,Most Wanted (I) (2020),2.5,2.987602472305298
rw5005446,The Curse of La Llorona (2019),0.5,3.281700372695923
rw1036011,Robots (2005),5.0,3.7063961029052734
rw0395901,Sling Blade (1996),5.0,4.0901689529418945
rw1324718,Napoleon Dynamite (2004),3.5,3.0046489238739014
rw5914239,Mafia (2020– ),5.0,3.070010185241699
rw3434099,Fracture (2007),1.0,2.5996055603027344
rw4983617,Titanic (1997),0.5,4.578780174255371
rw1309335,16 Blocks (2006),4.0,1.4598077535629272
rw2853386,Lovelace (2013),3.0,2.918525218963623
rw0007508,City Lights (1931),5.0,4.205204486846924
rw2293283,Winds of the Wasteland (1936),3.5,2.318032741546631
rw0654694,Moulin Rouge! (2001),2.5,4.246192932128906
rw1502693,N (Io e Napoleone) (2006),4.5,2.032041549682617
rw5008623,A Star Is Born (2018),4.0,3.7399585247039795
rw5406488,Tanhaji: The Unsung Warrior (2020),5.0,3.304194927215576
rw0028891,Lady of Burlesque (1943),4.0,2.7031893730163574
rw2229986,Der Barbier von Sevilla (1959 TV Movie),5.0,3.809864044189453
rw4526581,Educating Rita (1983),5.0,2.6150546073913574
rw0371914,Strange Days (1995),5.0,3.0816121101379395
rw1496169,Return of the Living Dead II (1988),4.0,2.2595255374908447
rw5799272,Brenda (2015),5.0,3.7165944576263428
rw4282758,Get Out (I) (2017),3.0,2.9513003826141357
rw1993819,Planet Terror (2007),3.5,2.1215620040893555
rw1144723,Charlie and the Chocolate Factory (2005),4.5,2.747882843017578
rw4672590,The Darkest Minds (2018),3.5,3.037055492401123
rw4036622,The Great Gabbo (1929),2.5,2.995288133621216
rw3858410,The Square (2017),3.5,4.313539505004883
rw3758411,King Arthur: Excalibur Rising (2017),1.0,3.28102445602417
rw0482526,Star Wars: Episode I - The Phantom Menace (1999),5.0,3.229336738586426
rw1918649,"Runaway, Runaway (1972)",5.0,3.1756343841552734
rw0247353,The Monster Squad (1987),5.0,2.2945876121520996
rw6183570,The Unicorn (2019– ),5.0,3.2707433700561523
rw4413011,Bad Times at the El Royale (2018),5.0,3.7977817058563232
rw0529707,American Reel (2003),4.0,2.834193468093872
rw6455986,Taxi Driver (1976),2.5,4.138395309448242
rw1599940,Inferno (1980),5.0,2.668477773666382
rw0241868,Bloodsport (1988),5.0,4.568210601806641
rw5003916,Ambuli (2012),3.5,3.682312250137329
rw0138032,Sweet Movie (1974),4.5,1.7098804712295532
rw1253583,"The Chronicles of Narnia: The Lion, the Witch and the Wardrobe (2005)",5.0,4.774255275726318
rw1961476,Argo (2004),0.5,4.276163101196289
rw5376946,Spinning Out (2020),0.5,2.1598353385925293
rw0744736,Beeper (2002),3.5,3.436126947402954
rw3681098,Fathom (1967),2.5,2.5409042835235596
rw2433458,American Beauty (1999),0.5,3.1578269004821777
rw2290202,Grandma's Boy (2006),3.5,3.3010361194610596
rw2420986,House on Haunted Hill (1959),4.0,1.868952751159668
rw5280315,Whisper of the Heart (1995),5.0,5.0
rw0414232,Eve's Bayou (1997),0.5,3.777601480484009
rw4741456,Triple Threat (2019),2.0,3.4340922832489014
rw2217887,Taken (I) (2008),3.5,3.946650266647339
rw6259296,What Happens Next (I) (2011),1.5,3.588062286376953
rw2870821,Derek Zoolander: Male Model (1996 TV Short),2.0,2.4651477336883545
rw4108866,Cars 3 (2017),4.0,3.4593567848205566
rw3232267,The Wolfman (2010),3.5,4.271808624267578
rw2237380,Idiocracy (2006),5.0,3.9155025482177734
rw5418956,The Heist of the Century (2020),4.0,1.6033313274383545
rw4638003,Dynasty (2017– ),4.0,5.0
rw1703129,You Kill Me (2007),4.0,4.652852535247803
rw5485614,Love Aaj Kal (2020),5.0,3.307624340057373
rw4603144,M.S. Dhoni: The Untold Story (2016),5.0,4.561404228210449
rw0312505,Romper Stomper (1992),2.5,3.077923536300659
rw1185276,Four Brothers (2005),4.0,2.9467713832855225
rw3503803,The Maze Runner (2014),3.0,2.516541004180908
rw6039337,Bulbbul (2020),5.0,2.251208782196045
rw1468714,Madagascar (2005),4.5,2.5678822994232178
rw3849874,Outside the Law (1930),3.5,2.9617834091186523
rw2124162,Close Encounters of the Third Kind (1977),5.0,4.663576602935791
rw2237754,Creature of Darkness (2009),3.5,2.119457721710205
rw5437088,The Mandalorian (2019– ),4.5,4.141599655151367
rw4782229,Indiscreet (1958),0.5,4.681240081787109
rw3242722,Fat Slags (2004),2.5,2.783806562423706
rw0867738,Bruce Almighty (2003),3.5,1.8878591060638428
rw4397864,12 Kilometers (2016),5.0,2.410745143890381
rw2363338,Sid and Nancy (1986),4.0,4.338658809661865
rw2057355,Sure Fire (1990),4.5,3.6775994300842285
rw4908361,Fleabag (2016–2019),5.0,3.6071889400482178
rw3157870,Gummo (1997),0.5,3.168234348297119
rw4324003,Pyewacket (2017),3.0,2.8322558403015137
rw5646437,Manifest (2018– ),0.5,2.2345643043518066
rw4712014,Bohemian Rhapsody (2018),5.0,4.330208778381348
rw6424908,Bridgerton (2020– ),0.5,3.6775994300842285
rw3480060,Avengers: Age of Ultron (2015),3.5,2.672668695449829
rw1019162,Darr (1993),5.0,3.204893112182617
rw0791485,Lilo & Stitch (2002),5.0,3.0058391094207764
rw6138689,Conspiracy Theory (1997),2.5,3.5494678020477295
rw5284358,A Time to Kill (1996),0.5,3.3704376220703125
rw3091858,The Mist (2007),0.5,3.3068408966064453
rw3382602,Carol (2015),2.0,2.888141393661499
rw0869956,Spider-Man 2 (2004),4.0,3.450505495071411
rw0683859,Gangs of New York (2002),2.0,2.6747074127197266
rw4879925,It (I) (2017),4.5,3.558086395263672
rw2854617,Chinatown (1974),4.5,4.427501678466797
rw6070570,Love Fraud (2020),0.5,2.4225199222564697
rw3719314,Wonder Woman (2017),1.0,4.332738399505615
rw4952775,Blazing Saddles (1974),1.5,3.7475926876068115
rw5908703,Rosemary's Baby (1968),5.0,3.718947649002075
rw4146665,Avengers: Infinity War (2018),4.5,3.6580686569213867
rw2873847,Jobs (2013),3.5,3.805556058883667
rw2393550,Gojira (1954),2.5,2.8466849327087402
rw5322837,In Harm's Way (1965),5.0,4.6176652908325195
rw2695807,Chasing Mavericks (2012),5.0,3.9643187522888184
rw6102788,Dave (1993),3.5,5.0
rw4444103,Sausage Party (2016),4.5,3.666797161102295
rw1643260,Das Leben der Anderen (2006),4.0,3.3776910305023193
rw5955678,Hostile (I) (2017),0.5,3.375933885574341
rw1967933,The Mentalist (2008–2015),4.0,3.2352781295776367
rw2580154,Special (2006),2.5,2.548933506011963
rw5014697,The Babysitter (1995),1.0,4.273324012756348
rw3264839,The Adventures of Sharkboy and Lavagirl 3-D (2005),0.5,3.686217784881592
rw5778164,Ouija Shark (2020),2.5,2.264754056930542
rw3026099,Vampires Suck (2010),4.5,3.2351791858673096
rw0355685,Babe (1995),5.0,3.6996355056762695
rw0340318,Heavyweights (1995),1.0,4.214410305023193
rw3857545,School Life (2016),4.0,4.109012603759766
rw6324716,Saved by the Bell (2020– ),0.5,4.695639610290527
rw4527271,Bird Box (2018),3.0,3.413766860961914
rw3219220,Danny Collins (2015),4.5,4.064488887786865
rw2529369,Puss in Boots (2011),3.5,3.1820456981658936
rw6435395,Muck (I) (2015),3.5,3.2410728931427
rw2846712,A Good Day to Die Hard (2013),0.5,1.6360548734664917
rw5702914,After Life (2019– ),5.0,3.6604695320129395
rw4214570,The Wizard of Lies (2017 TV Movie),4.0,3.419839859008789
rw0272884,Meet the Feebles (1989),5.0,5.0
rw0982004,Garden State (2004),4.5,3.71053409576416
rw5243505,Doctor Sleep (2019),5.0,3.9692273139953613
rw1711356,The Steel Trap (1952),4.0,2.7787508964538574
rw4568769,The Shawshank Redemption (1994),4.5,4.719992637634277
rw5584366,Mad Max: Fury Road (2015),2.0,4.730769634246826
rw4094304,I Can Only Imagine (2018),5.0,1.751068115234375
rw2413378,An Invisible Sign (2010),4.0,3.770176649093628
rw5020687,Midsommar (2019),0.5,2.767559051513672
rw5735750,Wanted (2016– ),3.0,3.1478383541107178
rw4883953,The Poison Rose (2019),1.5,2.864908456802368
rw2090814,Blood Feast (1963),3.5,3.2990565299987793
rw4914139,Nervous Translation (2017),4.0,4.627542495727539
rw1857056,Cast Away (2000),5.0,3.3666317462921143
rw6164376,Castle Freak (1995 Video),4.0,3.548506498336792
rw5224053,Solo: A Star Wars Story (2018),4.5,3.188901901245117
rw3811286,Breaking Bad (2008–2013),5.0,3.9887869358062744
rw2794566,Jack Reacher (2012),4.0,1.9487159252166748
rw3346467,Terminator Genisys (2015),3.0,3.416640043258667
rw1790833,National Treasure: Book of Secrets (2007),2.5,2.7387399673461914
rw2676887,Mother's Day (I) (2010),2.5,2.557286262512207
rw1958049,Appaloosa (2008),4.0,2.8727385997772217
rw3027144,Fantastic 4: Rise of the Silver Surfer (2007),2.5,4.546123027801514
rw4742033,Us (II) (2019),4.0,5.0
rw3129498,Eight O'Clock Walk (1954),2.5,4.315794467926025
rw3181112,Suspiria (1977),3.0,4.061305522918701
rw2233633,Brother Orchid (1940),3.5,2.32768177986145
rw5920486,Hearts and Flowers (1930),1.5,4.268274307250977
rw2237565,Repo Men (2010),3.0,1.4242937564849854
rw4722710,Captain Marvel (2019),2.5,3.813786268234253
rw2587888,The Hunger Games (2012),1.5,2.9583890438079834
rw1523812,Plymouth Adventure (1952),3.5,4.327747821807861
rw1970221,The Strangers (2008),1.5,2.1405911445617676
rw1810596,Firefly (2002–2003),5.0,4.264675140380859
rw0767970,Black Hawk Down (2001),0.5,3.805699348449707
rw1433255,The Dukes of Hazzard (2005),0.5,3.7185544967651367
rw5862219,Andes Mágicos (2019– ),2.0,4.295693397521973
rw3219290,Go Naked in the World (1961),4.0,3.8820416927337646
rw2761246,Django Unchained (2012),4.5,4.135685443878174
rw2082849,The Mummy: Tomb of the Dragon Emperor (2008),1.5,3.8323307037353516
rw5693961,A Secret Love (2020),4.5,3.9053244590759277
rw0625544,Little Nicky (2000),5.0,3.423340082168579
rw6304035,The Witches (2020),0.5,2.69507098197937
rw1955772,Nights in Rodanthe (2008),4.0,3.8884103298187256
rw4165273,Parasites (I) (2016),4.0,3.8169262409210205
rw0450819,Eye of the Beholder (1999),5.0,3.548814535140991
rw3324656,Gotham (2014–2019),0.5,2.728501319885254
rw1149670,Catwoman (2004),0.5,3.350909471511841
rw3823333,Session 9 (2001),3.5,3.025531530380249
rw2511850,Paranormal Activity 3 (2011),0.5,2.14439058303833
rw2105896,The Cell (2000),2.5,2.361416816711426
rw1097087,Five Star Final (1931),4.5,3.03031587600708
rw0031978,Brief Encounter (1945),5.0,2.431992530822754
rw2566578,The Experiment (2010),2.5,1.8830711841583252
rw5540197,21 Bridges (2019),5.0,2.0963916778564453
rw4126719,The Crown (2016– ),4.0,3.969475746154785
rw6352457,The Turin Horse (2011),5.0,3.2639927864074707
rw5964364,Deadpool (2013 Video Game),4.5,3.8925604820251465
rw0842143,Chicago (2002),1.5,2.8820817470550537
rw1609174,Tajja (2006),4.0,2.334199905395508
rw5791475,Alice in Wonderland (I) (2010),3.5,2.705843448638916
rw5329412,李察朱威爾事件 (2019),5.0,4.012956619262695
rw5411181,Blue Mountain State (2010–2011),5.0,3.11234188079834
rw1497844,Judge Dredd (1995),4.0,3.735039710998535
rw4812121,Iron Man (2008),3.0,3.343557834625244
rw5437533,The Specials (2019),4.0,3.7829689979553223
rw5382589,Uncut Gems (2019),5.0,2.875866413116455
rw2292589,Road Train (2010),0.5,4.226443767547607
rw6142109,Enola Holmes (2020),3.5,3.7198266983032227
rw0469652,Saving Private Ryan (1998),2.5,2.7667622566223145
rw2053281,Black Christmas (2006),2.5,4.030701637268066
rw4878701,My Way (2011),4.5,4.473810195922852
rw1555419,Santa Claws (1996),3.0,1.910995364189148
rw4967027,Star Wars: Episode VIII - The Last Jedi (2017),1.5,3.589708089828491
rw4298536,9-1-1 (2018– ),0.5,3.124117851257324
rw3316810,The Rawhide Years (1956),3.0,2.790177345275879
rw0527035,Message in a Bottle (1999),1.5,3.952141046524048
rw4374865,Terror on Tour (1980),1.5,4.363954544067383
rw0510344,The Matrix (1999),4.5,3.2988340854644775
rw2109616,Funny People (2009),1.0,3.363302707672119
rw1050604,Star Wars: Episode II - Attack of the Clones (2002),3.0,3.0058846473693848
rw5777517,Tajkun (2020– ),4.5,3.891511917114258
rw6452902,Uncle Buck (1989),3.0,4.190762519836426
rw2778668,Olympus Has Fallen (2013),2.0,3.731923818588257
rw4465859,Mirzapur (2018– ),3.5,3.703570604324341
rw6208963,Spell (I) (2018),5.0,2.5513269901275635
rw3833864,Chris Brown: Welcome To My Life (2017),3.0,5.0
rw0027130,Mystery of Marie Roget (1942),3.0,2.537734031677246
rw3609902,The Search (III) (2014),3.5,4.291255474090576
rw3449982,Deadpool (2016),5.0,4.076179504394531
rw5042352,Assimilate (I) (2019),3.0,3.014329433441162
rw3713237,Arrival (II) (2016),4.5,2.2472786903381348
rw3085754,The Babadook (2014),4.0,3.7115519046783447
rw2510672,Dweebs (1995),4.0,1.849901556968689
rw4693676,Mine Games (2012),1.0,3.097695827484131
rw1122432,Chopping Mall (1986),5.0,3.480034589767456
rw5219478,Bigil (2019),5.0,1.778904676437378
rw0594031,Neon Genesis Evangelion: The End of Evangelion (1997),5.0,2.564753532409668
rw6101173,Mulan (2020),0.5,2.532517194747925
rw1109687,The Mummy Returns (2001),2.5,3.600578784942627
rw1806016,Young Guns (1988),2.5,3.4589366912841797
rw5676229,Manifest (2018– ),3.0,2.1125435829162598
rw1361347,Doctor Zhivago (1965),3.5,4.281475067138672
rw5133193,The Girl in the Fog (2017),2.0,3.640855073928833
rw2993781,The Carpenters (1941),3.0,1.1679656505584717
rw4243836,Baywatch (2017),4.5,2.9202632904052734
rw1416440,The Devil Wears Prada (2006),2.5,3.9011077880859375
rw5244537,She Walks the Woods (2019),4.0,3.383216619491577
rw3156656,The Devil's Violinist (2013),4.5,2.7945055961608887
rw3769686,Alien: Covenant (2017),1.0,3.158440113067627
rw1752788,We Own the Night (2007),3.5,3.1997430324554443
rw2233057,Lost and Delirious (2001),5.0,3.429676055908203
rw3626829,Arrival (II) (2016),0.5,3.365734100341797
rw1371270,Grandma's Boy (2006),2.0,3.425323247909546
rw1239363,The 40-Year-Old Virgin (2005),4.5,3.414147138595581
rw5412752,Star Wars: The Rise Of Skywalker (2019),1.0,2.707386016845703
rw2767164,Some Like It Hot (1959),4.5,3.949235439300537
rw4184504,Lucifer (2016– ),5.0,3.6109864711761475
rw1018538,Before Sunset (2004),5.0,4.066707611083984
rw3735935,Power Rangers (2017),1.5,4.556074142456055
rw2443025,Haunted Collector (2011– ),0.5,3.703570604324341
rw5009534,Super 30 (2019),4.0,4.354457855224609
rw4543643,Titans (I) (2018– ),4.0,1.7974787950515747
rw0409362,Life Is Beautiful (1997),4.5,4.006329536437988
rw6383874,We Are the Champions (2020– ),5.0,4.216159820556641
rw3634828,The Defiant Ones (1958),4.5,4.087422847747803
rw3114568,Nightcrawler (2014),4.0,3.5285019874572754
rw2404103,Sucker Punch (2011),3.0,3.095672130584717
rw3369828,The Sissy Duckling (1999 TV Movie),3.0,4.9395904541015625
rw0842504,Gigli (2003),0.5,3.530467987060547
rw0161892,The Last Waltz (1978),5.0,4.847407341003418
rw1383873,Madonna: Truth or Dare (1991),5.0,1.6716094017028809
rw6218269,Joker (2019),5.0,3.286529064178467
rw6334691,The Stalker (III) (2020),1.0,4.139488220214844
rw3061403,The Catechism Cataclysm (2011),0.5,1.2591514587402344
rw5429734,The Capture (2019– ),3.0,4.274104118347168
rw3402079,When Calls the Heart (2014– ),5.0,2.68320369720459
rw1505773,Almost Famous (2000),5.0,3.2910354137420654
rw3058568,Hot Moves (1984),2.5,2.111743450164795
rw2642626,Köprü (1975),2.0,4.049818992614746
rw5397799,Last Christmas (2019),4.5,3.704336643218994
rw3031035,Mr. Fraud (2014),0.5,2.2044811248779297
rw0142855,It Can't Be! (1975),5.0,1.9808088541030884
rw6070985,Upside-Down Magic (2020 TV Movie),0.5,1.5739408731460571
rw3253574,Pyaar Ke Side Effects (2006),3.0,4.261314392089844
rw6161360,Creepozoids (1987),1.5,2.4149832725524902
rw3372018,Terminator Genisys (2015),1.5,3.861914873123169
rw2120352,The Maid (2009),4.0,2.7774016857147217
rw2032436,Æon Flux (2005),4.0,2.5369930267333984
rw4911268,Burning (2018),4.0,4.277605056762695
rw1346245,12 Monkeys (1995),5.0,4.286692142486572
rw5812379,Top Gun (1986),5.0,2.9858407974243164
rw2533749,Tin sang yat dui (2006),4.5,4.143050193786621
rw2957257,Inequality for All (2013),5.0,2.079228401184082
rw3694718,Furious 6 (2013),4.0,3.3303303718566895
rw3175045,An Unexpected Love (2003 TV Movie),1.5,3.8774490356445312
rw4806278,Psycho (1960),4.5,4.969940185546875
rw3772713,Valerian and the City of a Thousand Planets (2017),3.0,3.720433235168457
rw3603095,The Affair (2014–2019),4.0,3.703570604324341
rw0039803,Beyond the Forest (1949),2.0,3.8224704265594482
rw4666181,The Favourite (2018),2.0,3.2016053199768066
rw5491526,The Phantom of Crestwood (1932),2.5,2.1238675117492676
rw4532980,Transformers: The Last Knight (2017),0.5,3.7097926139831543
rw5400353,Treadstone (2019),1.5,3.703570604324341
rw3873999,She's Gotta Have It (2017–2019),1.5,2.8166942596435547
rw3044794,The 100 (2014–2020),0.5,5.0
rw3649086,A Cure for Wellness (2016),4.5,4.1250715255737305
rw3377342,Star Wars: Episode VII - The Force Awakens (2015),3.5,2.4507339000701904
rw4277877,Deadpool 2 (2018),0.5,3.763256549835205
rw4928376,The Chef Show (2019– ),4.0,2.9847114086151123
rw0972252,Rudolph the Red-Nosed Reindeer (1964 TV Movie),1.0,2.445284605026245
rw4559815,The Bridge on the River Kwai (1957),5.0,4.569292068481445
rw1962823,Village of the Damned (1960),4.0,3.602921485900879
rw5614717,Panchayat (2020– ),3.5,3.147005319595337
rw4118782,The Last Movie Star (I) (2017),5.0,3.0365383625030518
rw5101984,Chal Mera Putt (2019),4.0,5.0
rw3611311,A Billion Lives (2016),5.0,3.1424615383148193
rw1111398,King of the Corner (2004),5.0,3.0541915893554688
rw5747617,Eden Lake (2008),4.0,3.3433117866516113
rw4260485,The Proposal (I) (2009),3.0,2.6923251152038574
rw5414157,Code M (2020– ),4.5,3.6718716621398926
rw1871845,Before the Devil Knows You're Dead (2007),0.5,4.001396179199219
rw0915829,Belly of the Beast (2003 Video),0.5,3.796753168106079
rw2769316,Cloud Atlas (2012),0.5,2.967881441116333
rw4012029,Justice League (2017),1.5,3.4589362144470215
rw6266711,Soorarai Pottru (2020),4.5,4.312923908233643
rw4119452,Day of the Dead: Bloodline (2017),0.5,4.282528400421143
rw0222922,Police Story (1985),1.5,3.9556808471679688
rw4381440,Long Lost Daughter (2018 TV Movie),1.0,3.820486068725586
rw1194630,Out of Season (2004),2.5,2.270690441131592
rw2167499,Honeymoon of Horror (1964),1.5,2.8503518104553223
rw3467053,It (1990),4.5,2.150798797607422
rw4544960,Cherokee Creek (2018),5.0,3.166952133178711
rw0850225,Kermit's Swamp Years (2002 TV Movie),1.0,3.7896406650543213
rw2534229,Hugo (2011),1.5,1.945410132408142
rw4128395,Superjail! (2007–2014),3.0,3.411919355392456
rw0725026,Swordfish (2001),0.5,4.379394054412842
rw5044809,Thackeray (2019),4.0,2.371460437774658
rw5800136,Space Force (2020– ),4.0,4.725566864013672
rw2614124,Cargo (2009),1.0,4.591357231140137
rw2342375,The Black Cat (1934),4.0,3.04306960105896
rw0126293,Super Fly (1972),4.0,3.866372585296631
rw0085026,Father Goose (1964),3.5,2.8142898082733154
rw0480245,Titan A.E. (2000),5.0,2.7574427127838135
rw5495112,A Long Way Down (2014),4.0,3.668626308441162
rw3331064,The Hunger Games: Mockingjay - Part 1 (2014),3.0,2.7931032180786133
rw4271111,Hot Fuzz (2007),5.0,2.7264692783355713
rw1132702,The Notebook (2004),5.0,3.2565629482269287
rw4988594,The Edge of Democracy (2019),5.0,4.603654861450195
rw5164965,小丑 (2019),5.0,3.0568161010742188
rw0142011,Jaws (1975),5.0,2.917543411254883
rw4198754,Before Midnight (2013),1.5,3.5156972408294678
rw4289318,Riverdale (2017– ),2.5,2.5666017532348633
rw2951811,An Affair to Remember (1957),3.5,4.082649230957031
rw0633219,Blade II (2002),5.0,4.195600986480713
rw4789228,Thor: Ragnarok (2017),5.0,4.4742751121521
rw1012881,Gods and Generals (2003),0.5,3.116220474243164
rw3009926,Green Lantern (2011),1.5,3.132265567779541
rw2107575,Slumber Party Massacre II (1987),3.0,2.148582696914673
rw4547376,Your Name. (2016),4.5,3.637723922729492
rw1155446,Supercross (2005),2.0,2.8324878215789795
rw5621012,The Chosen (2017– ),5.0,4.448729515075684
rw5232206,Superstore (2015– ),5.0,3.3625290393829346
rw0360014,The Demolitionist (1995),0.5,4.621464729309082
rw6166540,The King of Staten Island (2020),5.0,4.100401401519775
rw5427353,The Americans (2013–2018),4.5,3.6775994300842285
rw5076957,Game Over (I) (2019),5.0,3.937556505203247
rw4823777,Playdate (2012 TV Movie),1.5,3.421381950378418
rw1902942,Hot Rod (2007),5.0,2.806577682495117
rw1113951,Zabriskie Point (1970),3.0,2.5359504222869873
rw1422536,Dead Man's Shoes (2004),5.0,3.789175271987915
rw2840192,Wild Strawberries (1957),5.0,4.954418659210205
rw6345474,Padmaavat (2018),5.0,3.334000825881958
rw5161710,3 from Hell (2019),3.5,5.0
rw5115927,State of the Union (2019– ),0.5,2.9937405586242676
rw1293244,Raging Bull (1980),5.0,3.666818857192993
rw5650741,Hasmukh (2020– ),1.5,4.407603740692139
rw4500902,Thunderball (1965),3.5,3.3017632961273193
rw4311509,Cool Air (1999),5.0,4.330220699310303
rw3080044,Guardians of the Galaxy (2014),4.5,3.856203079223633
rw5519012,Star Wars: The Rise Of Skywalker (2019),1.0,1.9622023105621338
rw5261222,Last Christmas (2019),5.0,3.032721757888794
rw5267473,Pulp Fiction (1994),5.0,4.447929382324219
rw5369128,Cliffhanger (1993),5.0,2.911438465118408
rw0879597,Out for a Kill (2003 Video),1.0,3.430224895477295
rw0828086,The Lost World: Jurassic Park (I) (1997 Video Game),4.0,4.02071475982666
rw3797414,XX (2017),0.5,3.15618634223938
rw1435993,The High Crusade (1994),4.0,4.100839614868164
rw5425946,The Butterfly Effect (2004),5.0,3.4690237045288086
rw1682919,Transformers (2007),3.5,2.282240390777588
rw4768313,Us (II) (2019),0.5,5.0
rw3372652,I'll Be Home for Christmas (1998),1.5,4.433250904083252
rw4080012,Black Panther (2018),0.5,3.932201385498047
rw0289718,Dreams (1990),5.0,2.710113048553467
rw2288579,The Rock (1996),5.0,2.9485082626342773
rw4120760,Churchill (2017),3.0,3.9229021072387695
rw3796316,Bug Crawls (2008),3.0,3.1355199813842773
rw5047086,Egg (I) (2018),4.5,3.0444743633270264
rw1067195,Troy (2004),5.0,3.033782958984375
rw5720077,Shirkers (2018),5.0,5.0
rw1318785,V for Vendetta (2005),5.0,3.2485175132751465
rw6271226,Disappearance at Clifton Hill (2019),2.0,4.502511024475098
rw4455674,The God Inside My Ear (2017),5.0,4.74992561340332
rw2392743,Nosso Lar (2010),5.0,3.5957908630371094
rw0459828,The Lord of the Rings: The Fellowship of the Ring (2001),0.5,4.008378505706787
rw3369135,Soaked in Bleach (2015),4.5,2.1307907104492188
rw1506609,Murders in the Rue Morgue (1932),1.5,2.382089614868164
rw1662359,Pirates of the Caribbean: At World's End (2007),3.0,2.926730155944824
rw3704218,Cable Girls (2017–2020),5.0,3.2408666610717773
rw4287707,Slender Man (2018),4.5,1.5632586479187012
rw5115824,Deep Freeze (2002),0.5,2.751863479614258
rw0465589,The Opposite of Sex (1997),2.0,3.0974926948547363
rw5898452,Archive (2020),5.0,4.161881446838379
rw3320860,Cooties (2014),4.0,5.0
rw0049412,Invaders from Mars (1953),4.0,4.083515644073486
rw4371939,Jumanji: Welcome to the Jungle (2017),3.5,3.1957805156707764
rw2538326,War Horse (2011),4.5,3.074697732925415
rw3243337,Final Destination (2000),2.0,3.5510852336883545
rw2378548,The Boondock Saints II: All Saints Day (2009),3.5,4.038996696472168
rw5914093,Unsolved Mysteries (2020– ),1.5,3.644489288330078
rw0075677,Two Rode Together (1961),4.0,3.055845260620117
rw2319943,Song of Texas (1943),2.5,4.890480041503906
rw2947336,A Perfect Man (2013),1.5,2.762474536895752
rw0107877,The Madwoman of Chaillot (1969),2.5,4.231213569641113
rw5189319,In the Tall Grass (2019),0.5,2.1409897804260254
rw1040908,Godzilla 1985 (1985),5.0,2.7199361324310303
rw5781831,Flight (I) (2012),2.5,4.132094383239746
rw5773403,Man of Steel (2013),5.0,2.573896884918213
rw5241393,"Love, Life and Laughter (1923)",4.0,2.2451460361480713
rw3000032,Devil's Due (2014),5.0,0.5
rw4340468,Death Note (I) (2017),2.5,2.8579626083374023
rw1494943,Freedomland (2006),2.5,3.6131114959716797
rw5934540,Dil Bechara (2020),5.0,4.339689254760742
rw1427781,Pieces of April (2003),3.5,2.2438507080078125
rw1139304,What the #$*! Do We (K)now!? (2004),0.5,0.7279064655303955
rw3206191,Alice in Wonderland (I) (2010),3.5,3.0202016830444336
rw2376329,American Beauty (1999),5.0,3.0461108684539795
rw3444078,Aliens vs. Predator: Requiem (2007),2.5,2.053868293762207
rw3584258,Boxcar Bertha (1972),1.5,3.6458210945129395
rw2592118,Joey (1997),3.5,2.494356155395508
rw5003544,The Wrong Boy Next Door (2019 TV Movie),3.5,3.8682351112365723
rw3398216,Panic Button (2011),2.0,3.226018190383911
rw2371561,Covert Affairs (2010–2014),3.0,3.2491774559020996
rw3222197,State of Grace (1990),3.5,3.6847922801971436
rw2131822,Valkyrie (2008),4.0,2.7324280738830566
rw6200934,House on Haunted Hill (1959),2.0,3.0297398567199707
rw6290812,Supernatural (2005–2020),5.0,3.7165944576263428
rw0750188,Baby Boy (2001),5.0,3.700455665588379
rw4247822,Cloak & Dagger (2018–2019),3.0,4.234555721282959
rw3423832,Becoming Mike Nichols (2016),3.5,4.061904430389404
rw2099834,Amos & Andrew (1993),4.0,4.049525737762451
rw2955062,Captain Phillips (2013),2.5,3.3377277851104736
rw1818058,Boot Hill (1969),1.5,4.212068557739258
rw1440468,Pulp Fiction (1994),5.0,4.045896053314209
rw0984100,The Phantom of the Opera (2004),5.0,2.594085693359375
rw1435744,The War at Home (2005–2007),5.0,3.5587267875671387
rw3365998,The Walking Dead (2010– ),0.5,4.127268314361572
rw6088599,The Horseman on the Roof (1995),3.5,2.5895447731018066
rw5066233,Blood & Treasure (2019– ),3.5,3.653852939605713
rw4417181,Vada Chennai (2018),4.0,2.5624759197235107
rw4505508,Rudolph and Frosty's Christmas in July (1979 TV Movie),4.0,2.5187644958496094
rw2855332,Blackfish (2013),4.5,2.5771284103393555
rw0903994,Stuck on You (2003),4.0,4.034299373626709
rw2779094,Curfew (1989),0.5,2.8600168228149414
rw2908362,Dracula (2013–2014),4.0,2.4855780601501465
rw4030188,Free Eats (1932),3.5,4.565372467041016
rw1529961,Borat: Cultural Learnings of America for Make Benefit Glorious Nation of Kazakhstan (2006),1.0,2.846874237060547
rw4554542,We'll Meet Again (2018– ),5.0,3.2243618965148926
rw2826685,The Parent Trap (1998),3.0,4.222682952880859
rw0078617,Moon Pilot (1962),5.0,3.6149330139160156
rw1149101,Junebug (2005),3.5,2.439303159713745
rw1248309,King Kong (2005),3.5,2.6343579292297363
rw6436086,Once Upon a Main Street (2020 TV Movie),2.5,3.1235594749450684
rw3339847,The Oath (2010),3.5,0.964214563369751
rw3048753,Godzilla (I) (1998),1.5,2.9745333194732666
rw3309362,The Silence of the Lambs (1991),5.0,3.0324764251708984
rw3259515,Madagascar 3: Europe's Most Wanted (2012),2.5,3.5088741779327393
rw0856704,Revolution OS (2001),5.0,4.611119270324707
rw5340268,Rangbaaz (2018– ),5.0,3.6775994300842285
rw4523838,StartUp (2016–2018),4.5,2.6849265098571777
rw0749224,The Piano Teacher (2001),4.0,2.7654523849487305
rw1169679,Sky High (2005),4.0,2.706064224243164
rw3531225,The Thing (I) (2011),5.0,3.8315579891204834
rw1232361,Cinderella Man (2005),0.5,4.003937244415283
rw1866128,Return to Zork (1993 Video Game),1.5,2.1481728553771973
rw5826347,Back to the Future (1985),4.5,2.6420767307281494
rw6320590,Andhaghaaram (2020),5.0,4.012246131896973
rw5231182,In the Shadow of the Moon (2019),2.5,2.581831455230713
rw2598815,The Color of Money (1986),4.5,4.099170684814453
rw3636612,In the Heat of the Night (1967),4.5,2.1563634872436523
rw5080383,Medium (2005–2011),4.0,3.7165944576263428
rw5759731,Inheritance (I) (2020),4.0,3.218691349029541
rw2621884,Snow White and the Huntsman (2012),3.5,4.067750453948975
rw4499373,Intensive Care (II) (2018),2.0,2.488501787185669
rw6210186,Blues Brothers 2000 (1998),1.0,2.520369529724121
rw3831423,American Gothic (2017),2.0,2.5522189140319824
rw2507051,My Babysitter's a Vampire (2011–2012),0.5,4.634199142456055
rw6130078,The Chosen (2017– ),5.0,4.205840110778809
rw2944022,My Soul to Take (2010),1.5,5.0
rw2764545,Oz the Great and Powerful (2013),5.0,3.828547477722168
rw2125697,Van Helsing (2004),2.5,3.559018850326538
rw4424381,Lucky (VI) (2016),4.0,4.220981597900391
rw6415394,Monster Hunter (I) (2020),3.5,2.883580207824707
rw3237596,Maggie (I) (2015),5.0,2.672377109527588
rw2766979,The Last Exorcism 2 (2013),1.0,3.416917085647583
rw3611196,The OA (2016–2019),5.0,2.4958653450012207
rw2769269,Django Unchained (2012),1.0,5.0
rw6149835,Batman (1966–1968),3.5,3.2917542457580566
rw1954021,Call of Duty 4: Modern Warfare (2007 Video Game),5.0,3.703570604324341
rw4577613,The Truth About Killer Robots (2018),3.5,2.7281768321990967
rw6414591,Ready to Wear (1994),1.5,2.923755168914795
rw5183263,The Gulf (2019– ),4.5,3.6128718852996826
rw2072070,Terminator Salvation (2009),4.0,4.486636161804199
rw6361963,Your Honor (II) (2020– ),5.0,3.0120227336883545
rw2784056,The Trespassers (2012),4.0,3.7165944576263428
rw1692239,The Last Mimzy (2007),4.5,3.989950656890869
rw6243673,The Slumber Party Massacre (1982),1.0,2.110814094543457
rw1978462,Airplane! (1980),3.5,4.372023582458496
rw0685196,Unbreakable (2000),2.0,3.015871524810791
rw5030929,Kimi no na wa. (2016),2.0,3.637723922729492
rw1024679,Tomb of the Werewolf (2004 Video),2.5,2.9857559204101562
rw5440876,Escape (1940),3.5,3.175865650177002
rw4262563,Leverage (2008–2012),4.5,3.5955262184143066
rw1348984,Scary Movie 4 (2006),3.5,2.5422558784484863
rw1419271,The Lake House (2006),1.5,2.4357919692993164
rw0484674,Star Wars: Episode II - Attack of the Clones (2002),2.0,3.5092756748199463
rw2667277,Brutal (II) (2012),5.0,2.614736557006836
rw5584226,Kim (1950),4.0,5.0
rw4997488,Montparnasse Bienvenüe (2017),4.0,3.75994873046875
rw1282195,Strictly Ballroom (1992),5.0,4.368538856506348
rw6311976,"Sacred Cow: The Nutritional, Environmental and Ethical Case for Better Meat (2020)",5.0,2.634201765060425
rw2345590,The Judas Project (1990),3.5,2.5581624507904053
rw1438881,Talladega Nights: The Ballad of Ricky Bobby (2006),4.0,4.575057506561279
rw3456373,Invasion from Inner Earth (1974),1.5,1.8110556602478027
rw6334790,Estômago (2007),5.0,3.964308977127075
rw6272852,Chhalaang (2020),2.5,3.382657051086426
rw1889552,Reality Bites (1994),5.0,3.3464653491973877
rw0568430,Trixie (2000),3.5,2.8010058403015137
rw1194656,*batteries not included (1987),2.0,2.362381935119629
rw2261857,And Then Came Lola (2009),0.5,0.8050096035003662
rw5416915,Code M (2020– ),5.0,4.104052543640137
rw4982811,Spider-Man: Far from Home (2019),3.0,3.611746072769165
rw2293702,American Psycho (2000),3.5,3.2748467922210693
rw1286043,The Coroner (1999),0.5,3.3632168769836426
rw0398495,Twister (I) (1996),2.5,4.04659366607666
rw5711759,Into the Night (II) (2020– ),5.0,4.832165718078613
rw2621766,Bram Stoker's Dracula (1992),0.5,2.3107149600982666
rw1703783,Yo (2007),4.0,2.971541166305542
rw0122504,Everything You Always Wanted to Know About Sex * But Were Afraid to Ask (1972),3.0,3.7937400341033936
rw4242491,Ant-Man and the Wasp (2018),4.5,3.289754867553711
rw6442332,Paurashpur (2020– ),5.0,3.7165944576263428
rw5446580,National Treasure (2004),3.0,3.89469051361084
rw3296748,Alien Species (1996),4.0,3.6602091789245605
rw4136010,Gun Shy (2017),1.0,2.8239612579345703
rw5638087,The Final Conflict (1981),3.5,2.9252071380615234
rw5333867,STAR WARS：原力覺醒 (2015),0.5,2.750143051147461
rw5025456,Another Life (2019– ),5.0,2.620284080505371
rw0509007,The Matrix (1999),0.5,3.2988340854644775
rw5799183,Ponmagal Vandhal (2020),5.0,3.0886313915252686
rw0634130,Godzilla 2000 (1999),5.0,2.672452449798584
rw0334449,Alma's Rainbow (1994),4.5,2.329784870147705
rw3282529,Night of the Wilding (1990 Video),3.5,3.2989144325256348
rw3667482,Beauty and the Beast (I) (2017),5.0,3.6435537338256836
rw5264804,The Mandalorian (2019– ),4.5,4.141599655151367
rw2858178,Star Trek Into Darkness (2013),3.5,2.5925698280334473
rw4203056,Frankie and Johnny (1966),2.0,2.380173444747925
rw3256542,Home (II) (2015),0.5,4.893134117126465
rw5141355,About Last Night... (1986),4.0,2.878540515899658
rw4925342,Rufus (2016 TV Short),4.0,3.9701285362243652
rw2682785,Chernobyl Diaries (2012),4.0,3.053433895111084
rw5422615,Basket Case (1982),5.0,2.4620838165283203
rw4904816,Domino (I) (2019),0.5,3.953604221343994
rw1923674,La zona (2007),3.5,2.1679182052612305
rw4800504,Shazam! (2019),5.0,3.3251423835754395
rw5842526,Mrs. Serial Killer (2020),5.0,3.652965784072876
rw6150473,Ali (2001),2.5,4.348166465759277
rw5877006,The Disaster Artist (2017),0.5,3.366832971572876
rw2215531,Fringe (2008–2013),1.0,4.652030944824219
rw2803572,Vertigo (1958),5.0,3.580152988433838
rw3307135,Absolute Power (1997),2.5,2.4700851440429688
rw4307225,Lad: A Yorkshire Story (2013),5.0,3.1618289947509766
rw5370166,Bridge of Spies (2015),4.0,2.122283935546875
rw3756487,5150 (I) (2016),4.0,1.6224782466888428
rw1417668,*batteries not included (1987),4.5,1.6317592859268188
rw5595066,Straight Outta Compton (2015),4.0,3.1093480587005615
rw6022701,Tenet (2020),5.0,3.2533721923828125
rw3584302,Into the Forest (2015),2.5,3.90179181098938
rw0668842,Pokémon the Movie 2000 (1999),0.5,5.0
rw5935938,Dil Bechara (2020),5.0,4.472648620605469
rw3031992,Giant (1956),4.0,2.40545916557312
rw1327089,Mortuary (I) (2005),4.0,3.0469789505004883
rw3404719,South Pacific (1958),3.0,4.358560562133789
rw3346068,Fei lung mang jeung (1988),1.0,4.241255760192871
rw5416119,Forbidden Cargo (1954),3.0,3.722574234008789
rw2621566,John Carter (2012),4.5,3.6147077083587646
rw4471186,Kojak: Fatal Flaw (1989 TV Movie),2.5,3.893232822418213
rw0835606,The Chronicles of Riddick (2004),4.0,2.0402467250823975
rw2900291,Halloween III: Season of the Witch (1982),3.0,2.306147575378418
rw6429470,Wasted Talent (2018),1.0,3.703570604324341
rw5488241,Joker (2019),2.5,4.060236930847168
rw3485666,The Good Dinosaur (2015),1.0,3.455472946166992
rw2175524,The Messengers (2007),1.0,2.7491416931152344
rw4017722,Life Boat (2017),4.5,2.472135543823242
rw2064332,Superman III (1983),3.0,3.9036648273468018
rw5550914,Military Wives (2019),3.0,3.7128214836120605
rw5727941,Upload (2020– ),3.0,3.9517743587493896
rw3269237,Night Falls on Manhattan (1996),5.0,3.5898537635803223
rw2409668,The Sea Hawk (1924),4.5,3.3061699867248535
rw2081968,Taking Chance (2009 TV Movie),0.5,3.2254416942596436
rw2745292,愛．慕 (2012),0.5,3.980600357055664
rw1466987,Pay It Forward (2000),5.0,3.7205142974853516
rw0363106,La Haine (1995),5.0,3.703359603881836
rw4628844,Nightflyers (2018),1.0,5.0
rw3091871,Chronicle (2012),3.5,4.466041088104248
rw5533102,Impractical Jokers: The Movie (2020),3.5,3.0492825508117676
rw3706054,Alien: Covenant (2017),3.5,1.8957834243774414
rw2940605,Avatar (2009),1.0,3.725515842437744
rw3490928,The Island (2005),3.5,2.470093011856079
rw4385171,Seven Samurai (1954),4.0,4.558027267456055
rw2328422,Stone (2010),5.0,2.659041166305542
rw1424690,Sole Survivor (1984),2.5,1.7745153903961182
rw5336091,獵魔士 (2019– ),5.0,5.0
rw1712329,Pet Sematary II (1992),3.5,4.642559051513672
rw4728735,After Life (2019– ),5.0,3.863394260406494
rw0773694,Finding Nemo (2003),5.0,3.673158645629883
rw2802932,Crash (1996),1.0,2.731609344482422
rw5747335,Dead to Me (2019– ),3.5,3.3557848930358887
rw4568623,Holiday High School Reunion (2012 TV Movie),3.0,3.7255444526672363
rw3598020,Serenity (2005),3.0,2.05902099609375
rw4174621,OK Kanmani (2015),3.0,4.862752914428711
rw3434043,Steamboat Willie (1928),4.0,4.449963569641113
rw4409616,Apostle (2018),1.5,3.520214796066284
rw1598916,歌劇魅影 (2004),0.5,3.6287474632263184
rw1278720,Nanny McPhee (2005),5.0,4.574965000152588
rw6079447,Mulan (2020),1.5,2.9147558212280273
rw2460812,Hall Pass (2011),0.5,3.511014223098755
rw2786711,Invasion of the Body Snatchers (1978),4.0,4.144935131072998
rw5478913,Game Night (I) (2018),3.0,3.6829161643981934
rw4457148,Rush (I) (2013),5.0,3.1934432983398438
rw3363623,A Long Way Down (2014),4.5,2.8372414112091064
rw2034105,Watchmen (2009),0.5,4.773795127868652
rw3670619,Eye for an Eye (1996),0.5,2.284036636352539
rw4537914,The Shallows (2016),3.0,4.991519927978516
rw0056700,The Trouble with Harry (1955),5.0,3.1489830017089844
rw3533594,No Touching at All (2014),5.0,3.7051825523376465
rw0672080,Amélie (2001),5.0,5.0
rw4478825,Medias Res (2017),4.0,1.0183079242706299
rw6130346,A Patch of Fog (2015),4.5,1.9981045722961426
rw0459208,The Lord of the Rings: The Fellowship of the Ring (2001),4.5,3.715517997741699
rw2802198,Furious 6 (2013),5.0,3.4712142944335938
rw4157707,Vanilla Sky (2001),3.5,1.9530344009399414
rw1444133,The Lord of the Rings: The Return of the King (2003),4.5,3.873457193374634
rw1978242,Tunes of Glory (1960),4.0,2.8117809295654297
rw0894098,Troy (2004),1.5,4.064154624938965
rw3731382,Slap Happy Pappy (1940),3.5,2.7278127670288086
rw5517701,Thappad (I) (2020),4.5,3.2656054496765137
rw1804238,Cloverfield (2008),4.5,2.235630512237549
rw2752539,Blue Bloods (2010– ),4.0,3.399441719055176
rw2437089,Red River (2011),1.5,3.2908902168273926
rw5549674,Spenser Confidential (2020),5.0,1.4933825731277466
rw3270154,Terminator Genisys (2015),4.5,3.04072904586792
rw6123701,Hereditary (2018),2.5,2.0780301094055176
rw1891083,Prom Night (I) (2008),0.5,3.1886467933654785
rw4244701,Brad's Status (2017),5.0,4.343173027038574
rw2096648,Harry Potter and the Half-Blood Prince (2009),5.0,2.7813057899475098
rw3452289,End of the World (1977),3.0,3.9710817337036133
rw3790406,Checkmate (I) (2015),0.5,3.6724374294281006
rw1299646,Dark Days (2000),5.0,3.7131266593933105
rw5430848,Jojo Rabbit (2019),4.5,4.5255866050720215
rw5018200,Another Life (2019– ),4.0,2.324401378631592
rw4485810,Iron Jawed Angels (2004 TV Movie),1.0,3.597073554992676
rw4824216,Dark by Noon (2013),0.5,3.2703189849853516
rw4216244,Total Siyapaa (2014),2.5,3.2567877769470215
rw2707841,7 Seconds (2005 Video),0.5,3.212069511413574
rw3098222,Rollerball (1975),5.0,2.9353394508361816
rw5932841,Dil Bechara (2020),5.0,4.339689254760742
rw0302630,92 Legendary La Rose Noire (1992),5.0,3.3142194747924805
rw5654607,"Marines, Let's Go (1961)",3.5,2.3794121742248535
rw5280067,The Hunt for Red October (1990),4.0,5.0
rw3139764,Bitten (2014–2016),4.5,3.703570604324341
rw5061789,White Palace (1990),5.0,5.0
rw4158418,The Fighter (I) (2010),5.0,4.156403541564941
rw3510302,Wild Tales (2014),4.5,3.470613956451416
rw5181671,Fixerr (2019– ),5.0,1.0740745067596436
rw2368925,The Last Exorcism (2010),2.5,3.2265114784240723
rw5417036,Code M (2020– ),5.0,3.990304708480835
rw4462725,Bohemian Rhapsody (2018),5.0,4.834676742553711
rw1371473,Thank You for Smoking (2005),4.0,2.9052891731262207
rw1139993,Stealth (2005),0.5,4.764411449432373
rw5196768,Fractured (I) (2019),2.5,4.568244934082031
rw3780442,Pandora (2016),5.0,3.8881592750549316
rw5052561,The Imitation Game (2014),2.0,4.032111167907715
rw5422075,Doctor Who (2005– ),0.5,5.0
rw4661893,Rip Tide (2017),1.0,3.2059805393218994
rw6167682,Spontaneous (II) (2020),3.5,3.4125075340270996
rw3747339,Svarta Madam (2017),3.0,1.631174087524414
rw5787201,Mrs. Serial Killer (2020),5.0,3.652965784072876
rw2882620,Warm Bodies (2013),3.5,3.0594449043273926
rw0708514,The Tailor of Panama (2001),0.5,3.871399402618408
rw1857094,Valley Girl (1983),5.0,3.4030039310455322
rw1084392,Star Wars: Episode III - Revenge of the Sith (2005),4.0,4.564542293548584
rw3217804,Panic Room (2002),4.5,4.72208309173584
rw5586621,Uncorked (I) (2020),0.5,2.7623789310455322
rw3306508,San Andreas (2015),1.0,2.987361431121826
rw6355969,Terminator Salvation (2009),3.0,4.858887195587158
rw4969344,Point Blank (1967),0.5,2.6290230751037598
rw1385720,Breakfast on Pluto (2005),4.5,3.293055534362793
rw4849592,The Meyerowitz Stories (2017),2.0,4.410826683044434
rw3740547,Alien: Covenant (2017),4.5,1.8957834243774414
rw4411379,Train to Busan (2016),4.0,3.891158103942871
rw1811324,The Lord of the Rings: The Fellowship of the Ring (2001),4.5,3.715517997741699
rw1540355,Dead Man's Curve (1998),3.0,3.807054042816162
rw4989851,Love Island (2015– ),0.5,1.8721590042114258
rw0870452,Spider-Man 2 (2004),5.0,3.272850513458252
rw1238169,Final Fantasy VII (1997 Video Game),5.0,2.929266929626465
rw4457800,Smoke (2018–2019),4.0,3.766476631164551
rw1199984,North Country (2005),3.0,4.318103790283203
rw1991661,Dragon Wars: D-War (2007),0.5,3.1071510314941406
rw1878389,The Raven (1963),3.5,3.5388197898864746
rw1253551,Escape Under Pressure (2000),3.0,3.084728717803955
rw4294515,Mission: Impossible - Fallout (2018),1.0,4.042697906494141
rw5976183,Upgrade (2018),4.5,3.6317992210388184
rw1543828,The Devil Wears Prada (2006),3.0,3.563469648361206
rw2061942,X-Men Origins: Wolverine (2009),4.0,3.143497943878174
rw3169317,魔法黑森林 (2014),3.5,2.5308432579040527
rw2327679,Graffiti meissä (2006 Video),3.5,3.4133472442626953
rw6434378,The Tale of The Princess Kaguya (2013),3.5,3.281471014022827
rw3104328,The Lion King (1994),5.0,4.455984115600586
rw0187820,Neighbors (1981),5.0,3.6251847743988037
rw0003574,Battleship Potemkin (1925),4.5,3.3588027954101562
rw4920564,Steve Martin and Martin Short: An Evening You Will Forget for the Rest of Your Life (2018 TV Special),4.0,3.5210559368133545
rw4713091,Captain Marvel (2019),4.5,3.265042781829834
rw2528985,Saw (2009 Video Game),3.5,3.0286028385162354
rw1925019,The Dark Knight (2008),5.0,4.000891208648682
rw2416886,Buried (2010),5.0,3.113217830657959
rw1033395,A Home at the End of the World (2004),5.0,2.86506724357605
rw5856707,Eurovision Song Contest: The Story of Fire Saga (2020),3.0,2.4922266006469727
rw2375619,Casino (1995),4.0,3.986729621887207
rw4130717,The Shape of Water (2017),1.5,3.970414638519287
rw5103114,Strange But True (2019),5.0,3.2057576179504395
rw4301693,Ocean's Eight (2018),0.5,3.4680750370025635
rw0378428,Beautiful Thing (1996),5.0,5.0
rw0052666,Rear Window (1954),5.0,3.803755521774292
rw4325602,Office Uprising (2018),0.5,1.5952177047729492
rw4780237,Too Late to Die Young (2018),4.0,2.5070180892944336
rw0635474,Shadow of the Vampire (2000),3.5,3.3691139221191406
rw4421896,Shaun of the Dead (2004),3.0,2.2284939289093018
rw2292669,Mrs. Miniver (1942),4.5,4.526126384735107
rw1207452,Lumber Jerks (1955),1.5,3.9113051891326904
rw0994754,EuroTrip (2004),3.0,4.416497707366943
rw0467357,Practical Magic (1998),2.0,3.4722020626068115
rw0874341,Big Fish (2003),1.5,2.9441699981689453
rw6091179,The Social Dilemma (2020),0.5,3.832019090652466
rw5651215,Beastars (2019– ),4.5,3.3668761253356934
rw0081201,Dr. Strangelove or: How I Learned to Stop Worrying and Love the Bomb (1964),5.0,4.1248064041137695
rw1907693,Confessions from the David Galaxy Affair (1979),0.5,2.620579719543457
rw5356690,CATS貓 (2019),4.0,4.345254898071289
rw6116669,The Boys (2019– ),5.0,4.295392990112305
rw5334303,Gotti (2018),0.5,1.8610968589782715
rw5778311,Piranhas (2019),2.0,3.844269037246704
rw6344652,American Murder: The Family Next Door (2020),4.0,5.0
rw1708661,The Aryan Couple (2004),5.0,2.99849271774292
rw5473182,The Kingdom (2007),3.0,2.9972493648529053
rw4890232,Brendan Schaub: You'd Be Surprised (2019 TV Special),0.5,2.4961133003234863
rw5813819,Jack the Giant Slayer (2013),3.5,4.001407623291016
rw5580036,Girls with Balls (2018),2.5,3.6136274337768555
rw4345024,Incident in a Ghostland (2018),0.5,2.680116653442383
rw2672276,Premium Rush (2012),3.5,1.3339388370513916
rw4960531,Flood (2007),0.5,3.9997966289520264
rw5757643,Anne with an E (2017–2019),5.0,4.158984184265137
rw2393677,Showgirls (1995),3.0,2.4468271732330322
rw1034932,Timeline (2003),4.0,3.0413029193878174
rw1978803,The Life and Times of Judge Roy Bean (1972),5.0,4.521421909332275
rw1428866,B.T.K. Killer (2005 Video),1.0,3.1558761596679688
rw1975795,Saw V (2008),5.0,3.1848838329315186
rw2728677,Mammas pojkar (2012),2.5,3.89046573638916
rw2740453,Pearlie (2008–2011),4.0,2.1516120433807373
rw4948757,"Asylum, the Lost Footage (2013)",3.5,0.5
rw2973226,Run (1991),4.5,3.8185019493103027
rw2120375,Creator (1985),5.0,2.0919952392578125
rw0893979,Troy (2004),5.0,3.033782958984375
rw2702426,The Brain from Planet Arous (1957),1.5,3.5697498321533203
rw3125219,La révolution française (1989),4.0,2.122859239578247
rw3277853,Ascension (2014),0.5,2.5982956886291504
rw3701837,Handsome: A Netflix Mystery Movie (2017),3.0,4.756404876708984
rw3522068,Super Size Me (2004),2.0,3.0098254680633545
rw1903381,The Thing with Two Heads (1972),3.5,3.4972734451293945
rw2113356,The Boondocks (2005–2014),5.0,2.1659350395202637
rw4502248,Thor (2011),2.0,2.290903329849243
rw0648125,Noll tolerans (1999),3.0,5.0
rw4770563,Shazam! (2019),4.5,3.100066900253296
rw4525297,Second Act (2018),3.0,3.692067861557007
rw5668093,Community (2009–2015),4.5,4.31904411315918
rw1789605,Aliens vs. Predator: Requiem (2007),4.0,2.053868293762207
rw4216753,Craig of the Creek (2018– ),5.0,3.6669297218322754
rw3549685,Solaris (1972),3.5,3.0250186920166016
rw6021231,A Little Chaos (2014),4.5,3.0009071826934814
rw2248945,Hellbinders (2009),4.5,2.5230283737182617
rw6336255,Hillbilly Elegy (2020),3.5,3.0081849098205566
rw0229561,Aliens (1986),4.5,3.3470373153686523
rw0671353,Vengo (2000),3.5,2.265977382659912
rw0515616,The Talented Mr. Ripley (1999),0.5,2.982163906097412
rw3857578,Disjointed (2017–2018),4.0,2.728188991546631
rw5245431,And Then We Danced (2019),5.0,1.7637603282928467
rw3022620,Leaving Home (2013),1.5,5.0
rw4811303,Fury (2014),3.5,3.5853536128997803
rw5432311,Tokyo Tribe (2014),4.5,3.8085410594940186
rw0392518,Palookaville (1995),4.5,3.5384416580200195
rw6272755,The To Do List (2013),4.5,4.888359546661377
rw3516310,Heart of Glass (1976),2.0,4.70456075668335
rw1858250,La sconosciuta (2006),5.0,3.087740898132324
rw5389744,Groupers (2019),4.5,3.395608901977539
rw5365361,Lucy in the Sky (2019),3.5,3.2832655906677246
rw1708476,Sin sostén (1998),4.0,2.9569146633148193
rw3253663,She's Funny That Way (2014),4.0,4.072147846221924
rw2859773,The Amazing Spider-Man (2012),0.5,3.9646801948547363
rw2015534,Shredded (2000 Video),3.0,1.3749771118164062
rw4311582,The Boss (2016),5.0,3.17885684967041
rw1832972,The Warlords (2007),4.5,3.8368163108825684
rw3772972,The Dark Tower (2017),4.5,3.3174009323120117
rw4637021,Hunter Killer (2018),3.5,1.5712556838989258
rw1037783,Once Upon a Time in the West (1968),5.0,2.9198520183563232
rw4905049,Gremlins (1984),3.5,3.9461140632629395
rw4738075,Guest in the House (1944),4.0,3.3186559677124023
rw0441915,American History X (1998),5.0,2.7213990688323975
rw0676604,Hannibal (2001),4.5,3.939753293991089
rw3315865,Huevos: Little Rooster's Egg-cellent Adventure (2015),2.0,5.0
rw3741149,Damaged (2014 TV Movie),1.0,4.149372100830078
rw4370991,The Godfather (1972),5.0,4.669694900512695
rw6158451,Dead Still (2020– ),4.5,2.171623706817627
rw3828725,The Dark Tower (2017),3.5,3.9433741569519043
rw5124915,The Frightened Man (1952),3.5,3.2966818809509277
rw5770639,Dilwale (2015),5.0,2.175151824951172
rw2890837,Ninja Death (1987),4.5,3.703570604324341
rw5610585,Kill Bill: Vol. 1 (2003),2.0,2.7428717613220215
rw2791466,Argo (2012),5.0,2.7809598445892334
rw0481674,Star Wars: Episode I - The Phantom Menace (1999),5.0,3.229336738586426
rw2027931,Lost (2004–2010),5.0,4.404151439666748
rw1689917,The Butterfly Effect (2004),3.0,3.085707187652588
rw5574251,Masameer the Movie (2020),0.5,3.707000494003296
rw2586653,Wuthering Heights (2011),0.5,1.9997400045394897
rw4463384,Seema Raja (2018),2.0,4.824939250946045
rw3812466,Victoria & Abdul (2017),4.5,3.470046043395996
rw0387478,Independence Day (1996),3.5,3.404090404510498
rw4525466,Titan A.E. (2000),3.0,3.8161096572875977
rw6038140,Memento (2000),5.0,4.516916275024414
rw4577673,A Perfect World (1993),3.5,4.247800350189209
rw0192583,E.T. the Extra-Terrestrial (1982),4.5,4.5094780921936035
rw2952975,Aashiqui 2 (2013),3.0,4.13505220413208
rw2359939,Elle s'appelait Sarah (2010),4.0,3.866807460784912
rw2505399,Red State (2011),5.0,3.928813934326172
rw1119632,À la folie... pas du tout (2002),2.0,3.5720601081848145
rw5913350,Mafia (2020– ),2.0,3.070010185241699
rw5301289,Bad Day for the Cut (2017),3.5,3.504934787750244
rw2106548,Come and See (1985),5.0,2.9398460388183594
rw3732777,Bank Chor (2017),3.5,2.9649081230163574
rw4659881,Escape Room (I) (2019),3.5,4.210799217224121
rw1134766,A Very Long Engagement (2004),4.0,3.235992908477783
rw3315910,Tenacious D in the Pick of Destiny (2006),4.0,2.4423069953918457
rw2441687,The Long and Short of It (2003),3.5,1.900512933731079
rw4345983,Disenchantment (2018– ),2.0,5.0
rw1223115,Walk the Line (2005),3.5,1.9624340534210205
rw4325414,Penguins of Madagascar (2014),2.0,2.5527820587158203
rw5757711,The Last Kingdom (2015– ),5.0,3.3232953548431396
rw0268313,Cyborg (1989),1.5,4.067655563354492
rw4484651,Shadow of a Doubt (1943),4.5,4.879698753356934
rw6383053,Titanic (1997),5.0,3.1820859909057617
rw4366882,Little Women (2018),4.5,2.69673752784729
rw0527047,Message in a Bottle (1999),4.0,2.71448016166687
rw3452641,Eddie the Eagle (2015),5.0,4.07265567779541
rw5415141,Instinct (2018–2019),4.5,4.27972936630249
rw0778197,Adaptation. (2002),5.0,4.156639575958252
rw4403137,A Star Is Born (2018),4.0,3.4628243446350098
rw4843837,John Wick: Chapter 2 (2017),4.0,3.702273368835449
rw4559609,The First (2018),4.0,3.435577392578125
rw1835020,Swing Kids (1993),4.0,3.551103115081787
rw2218867,Confession (I) (2005),5.0,3.302034616470337
rw4843500,Fleabag (2016–2019),5.0,3.169624090194702
rw5842584,You Should Have Left (2020),2.5,2.7928884029388428
rw5956124,Shakuntala Devi (2020),0.5,3.541139841079712
rw1505565,Troll 2 (1990),0.5,5.0
rw6002369,2010: Moby Dick (2010 Video),0.5,3.250849962234497
rw1466744,Two Bits (1995),4.0,4.635530471801758
rw1672640,United 93 (2006),0.5,2.844479560852051
rw4211998,Hannah Gadsby: Nanette (2018 TV Special),5.0,2.451878309249878
rw2198570,阿凡達 (2009),2.5,3.4163708686828613
rw1912722,The Dark Knight (2008),5.0,4.000891208648682
rw4231616,The Odyssey (1997),3.0,2.768172264099121
rw3771429,Toxic Shark (2017 TV Movie),4.5,3.897002696990967
rw2872204,Hendrix on Hendrix (2013),5.0,3.6109864711761475
rw3637948,David Brent: Life on the Road (2016),2.5,3.6642532348632812
rw1847200,The Flirt (1917),3.0,5.0
rw3739165,Nobody Speak: Trials of the Free Press (2017),4.0,3.166799306869507
rw3189939,Monkey Shines (1988),3.0,3.5384044647216797
rw0441317,Celebrity (1998),3.5,3.6569807529449463
rw1805467,Sakuran (2006),4.0,3.910006046295166
rw3604980,How Sarah Got Her Wings (2015),3.5,3.644011974334717
rw3673139,Bokeh (I) (2017),3.0,2.4900803565979004
rw5173479,Kuzgun (2019),5.0,3.7007710933685303
rw4515618,Insidious (I) (2010),3.0,4.023672580718994
rw2066624,Beehive (2008– ),3.0,3.6109864711761475
rw0572770,City of Ghosts (2002),4.0,3.8635246753692627
rw4974728,Bob Lazar: Area 51 & Flying Saucers (2018),4.0,1.0868728160858154
rw3083177,Mr. Majestyk (1974),3.5,3.217820644378662
rw5623947,Intersection (1994),3.5,2.272411823272705
rw0552492,The Thomas Crown Affair (1999),3.5,1.7726401090621948
rw0995553,Shogun (1980),5.0,3.0423269271850586
rw0969603,Being Julia (2004),4.5,3.8472251892089844
rw2624983,Paranoid Activity 2 (2011),4.0,3.644489288330078
rw3783673,NOTFILM (2015),0.5,2.644462823867798
rw2808738,Star Trek Into Darkness (2013),4.0,1.9148831367492676
rw0116085,Diamonds Are Forever (1971),4.0,3.4834423065185547
rw5070157,The Staircase (2004–2018),0.5,5.0
rw4489109,2.0 (2018),0.5,3.2537238597869873
rw3489642,Warcraft (2016),5.0,1.9792430400848389
rw4280981,Flight (I) (2012),5.0,3.224029302597046
rw3309101,The Lazarus Effect (2015),3.5,2.625030279159546
rw5522338,Mr Inbetween (2018– ),4.5,2.083653688430786
rw3270119,Terminator Genisys (2015),4.0,3.4025580883026123
rw3692065,Dead & Buried (1981),3.5,2.642024040222168
rw0343304,Major Payne (1995),3.0,3.3040828704833984
rw4835582,Ballon (2018),4.0,2.246711254119873
rw3766398,Lionhearted (2012),4.0,2.949954032897949
rw5490870,Starship Troopers (1997),3.5,2.910954236984253
rw1597792,無間道 (2002),4.5,3.557253122329712
rw3046697,The Adventures of Sherlock Holmes (1939),5.0,3.041005849838257
rw1212453,Gettin' Square (2003),4.5,1.9175388813018799
rw2080268,Hilda Crane (1956),2.5,3.8393685817718506
rw1043672,The Jacket (2005),1.5,3.6212401390075684
rw1550410,Rocky Balboa (2006),3.5,3.6111087799072266
rw3522302,Il padre di famiglia (1967),2.5,4.90938663482666
rw0776083,Spy Game (2001),4.0,4.627471923828125
rw0065205,The Old Man and the Sea (1958),4.5,3.416140079498291
rw3628450,Underworld: Blood Wars (2016),4.0,2.624823808670044
rw5237128,Ride with the Devil (I) (1999),4.5,3.3268330097198486
rw1944980,Hell Ride (2008),1.0,4.634921073913574
rw4362930,The Predator (2018),0.5,3.0928311347961426
rw5514901,Thappad (I) (2020),5.0,2.485427141189575
rw5855080,No Escape (I) (2015),3.5,1.3508498668670654
rw5283073,Diary of a Wimpy Kid: The Long Haul (2017),0.5,4.634682655334473
rw0473959,The Thin Red Line (1998),5.0,3.738088607788086
rw3702941,Wasp (2015),3.0,1.7017656564712524
rw1407675,Superman Returns (2006),1.5,4.063902854919434
rw5413505,La rivolta degli schiavi (1960),3.5,2.1938581466674805
rw0563569,The Story of Us (1999),4.5,2.760129928588867
rw3050869,Falang: Behind Bangkok's Smile (2005),4.0,1.2218387126922607
rw5256554,Disaster Movie (2008),0.5,4.034923076629639
rw5960659,Avengers: Endgame (2019),5.0,4.078269958496094
rw5931203,Dil Bechara (2020),5.0,4.669468879699707
rw3212495,The Umbrellas of Cherbourg (1964),3.0,5.0
rw6198383,Inside (I) (2016),0.5,3.804445266723633
rw2857515,Madras Cafe (2013),5.0,2.3496482372283936
rw6251238,Continuum (I) (2012–2015),0.5,5.0
rw5356468,CATS貓 (2019),0.5,5.0
rw6095958,Away (2020),1.5,2.5070929527282715
rw2947673,Art School Confidential (2006),3.5,4.380044937133789
rw3725799,Alien: Covenant (2017),2.5,3.158440113067627
rw3714584,Blame! (2017),4.0,4.903528690338135
rw3591876,The Hound of the Baskervilles (1959),3.5,2.9766788482666016
rw3828084,Blade Runner 2049 (2017),1.0,4.016374588012695
rw5180071,Amy Schumer: The Leather Special (2017 TV Special),0.5,2.1783554553985596
rw5665252,Chappaquiddick (2017),3.0,4.267648220062256
rw3846590,Hocus Pocus (1993),5.0,1.8467048406600952
rw5810287,Entourage (2015),4.5,3.9373064041137695
rw5059276,El Hijo (2019),0.5,2.8306198120117188
rw0236448,Platoon (1986),3.5,2.651670217514038
rw2855240,King Priam (1985 TV Movie),5.0,2.1367523670196533
rw0774585,Kill Bill: Vol. 1 (2003),5.0,2.2636985778808594
rw0406470,Beverly Hills Ninja (1997),5.0,3.644221067428589
rw4705933,King Arthur: Legend of the Sword (2017),3.0,3.9980075359344482
rw1650883,Boxcar Bertha (1972),3.5,3.9065823554992676
rw4453400,Salomé (1922),5.0,2.552126884460449
rw4217643,Won't You Be My Neighbor? (2018),5.0,3.646252155303955
rw5526284,Two Weeks Notice (2002),5.0,1.891721248626709
rw5161197,Ratsasan (2018),5.0,4.115968704223633
rw5718107,The Lady Vanishes (1938),4.0,3.2862677574157715
rw2069589,Batman Tech (2008 TV Short),4.0,3.017542839050293
rw1265026,Brokeback Mountain (2005),5.0,5.0
rw4380149,Venom (2018),4.0,3.937995433807373
rw0983334,Armageddon (1998),2.5,3.249964952468872
rw6344023,Ashes of Love (2018),5.0,2.297301769256592
rw2691088,The Ghost and Mrs. Muir (1947),3.5,2.6597304344177246
rw4328516,Seven Psychopaths (2012),3.0,1.8662644624710083
rw6237432,Taish (2020),5.0,2.857421875
rw5607717,Apharan (2018– ),4.5,4.610960960388184
rw4861972,Deux gouttes d'eau (2018 TV Movie),3.5,2.511549949645996
rw3400152,The Trap (1946),3.0,2.109314441680908
rw0225880,The Return of the Living Dead (1985),5.0,3.955843448638916
rw0553880,Wishmaster 2: Evil Never Dies (1999 Video),4.0,3.7625885009765625
rw2222673,Warner at War (2008 TV Movie),4.0,4.469845771789551
rw0496327,Shrek (2001),4.5,3.497501850128174
rw1671591,Knocked Up (2007),5.0,2.965179204940796
rw3482286,Warcraft (2016),3.5,1.9792430400848389
rw3181213,Birdman or (The Unexpected Virtue of Ignorance) (2014),4.0,3.8261475563049316
rw4409950,Next Gen (I) (2018),5.0,2.7747511863708496
rw3114363,Ave Maria (1953),3.0,2.1362428665161133
rw0583812,The Lord of the Rings: The Return of the King (2003),5.0,3.873457193374634
rw4902446,Captive State (2019),1.0,2.259267807006836
rw3630106,T2 Trainspotting (2017),4.0,3.74577260017395
rw6177161,Hereditary (2018),1.0,3.945466995239258
rw5660611,Dark City (1998),5.0,3.7511966228485107
rw4863857,The Equalizer 2 (2018),5.0,2.7248339653015137
rw4810554,Braveheart (1995),5.0,3.8395466804504395
rw6455849,Dave Made a Maze (2017),2.5,2.4215660095214844
rw1469237,V for Vendetta (2005),5.0,3.2485175132751465
rw3736049,Dances with Wolves (1990),4.0,2.973568916320801
rw5817260,Gulabo Sitabo (2020),4.5,3.311734199523926
rw3307215,X-Men: Days of Future Past (2014),2.5,3.9937310218811035
rw1362376,The Wedding Date (2005),3.0,2.199462890625
rw1201142,Second to Die (2002),4.0,3.9510111808776855
rw2974628,Stranger by the Lake (2013),3.0,3.3507676124572754
rw6196900,The Witches (2020),5.0,1.6549057960510254
rw3023699,Lawrence of Arabia (1962),3.5,3.428844451904297
rw4944322,Plus One (I) (2019),0.5,2.8578057289123535
rw0976796,The Red Badge of Courage (1951),5.0,3.6061758995056152
rw1498010,The Last King of Scotland (2006),3.5,4.1769890785217285
rw0253541,Above the Law (1988),2.0,3.128753423690796
rw3148885,怪獸大學 (2013),3.5,4.10152006149292
rw5032302,Serenity (2019),0.5,4.170987129211426
rw4307667,Wet Hot American Summer (2001),5.0,4.102809429168701
rw0987074,The Phantom of the Opera (2004),4.0,2.808398962020874
rw1109456,The Killer Eye (1999),4.5,1.6340900659561157
rw2931730,The Cheap Detective (1978),0.5,2.784837007522583
rw4312435,Skyscraper (2018),5.0,3.370281934738159
rw1591359,Music and Lyrics (2007),2.0,3.0555918216705322
rw4025911,Hostiles (2017),3.5,2.2532403469085693
rw1829145,Eagle vs Shark (2007),5.0,3.385054588317871
rw5019938,Batman: Hush (2019 Video),3.0,3.5123746395111084
rw5415620,DuckTales (1987–1990),4.5,4.325547695159912
rw0410522,Clockwatchers (1997),4.5,2.9375557899475098
rw6073958,The Barge People (2018),5.0,3.6094069480895996
rw2154654,Twins of Evil (1971),4.0,2.970640182495117
rw3193082,Running on Empty (1988),1.5,2.692986011505127
rw4398259,Arctic (2018),4.0,3.155280113220215
rw1534287,Don (I) (2006),5.0,3.4593780040740967
rw0891863,The Card Player (2004),2.0,3.093438148498535
rw5418919,A Fall from Grace (2020),5.0,2.6887435913085938
rw0635247,Night Crawlers (1996 Video),0.5,5.0
rw2145384,The Crystal Maze (1990–2020),4.5,3.6109864711761475
rw1844443,Final Equinox (1995),4.5,3.806568145751953
rw2436738,Daltry Calhoun (2005),0.5,3.491504669189453
rw6447314,Girl with a Pearl Earring (2003),4.5,4.815782070159912
rw3628125,The Night Of (2016),4.5,3.8167026042938232
rw5851702,The Clock (1945),4.0,4.781383514404297
rw4853010,Riverdale (2017– ),0.5,3.735478401184082
rw4443248,Sarkar (2018),0.5,3.2396702766418457
rw3745108,Scream (1996),5.0,4.883683681488037
rw6090041,American Psycho (2000),4.0,3.138576030731201
rw4235382,Star Wars: Episode VIII - The Last Jedi (2017),2.0,3.405461072921753
rw4435187,Wanderlust (2018– ),3.0,3.680267095565796
rw4433525,Christmas List (2016 TV Movie),1.0,2.857001304626465
rw5922503,Toni Erdmann (2016),4.5,3.360288381576538
rw1354423,Dreamer (2005),5.0,3.235654354095459
rw5085506,Game Over (I) (2019),4.5,3.568387031555176
rw0581578,Detour (1998 Video),4.0,2.1505179405212402
rw6076329,I'm Thinking of Ending Things (2020),0.5,2.239464282989502
rw4190408,Back Door to Hell (1964),3.0,2.1803085803985596
rw0665930,Memento (2000),5.0,4.30893087387085
rw3831664,Too Late the Hero (1970),3.5,3.4889168739318848
rw6133413,Free Dance (2018),4.0,3.873124837875366
rw4459530,Can't Complain (2007),5.0,4.0692338943481445
rw5264835,The Mandalorian (2019– ),5.0,4.276010513305664
rw1276735,Tristram Shandy: A Cock and Bull Story (2005),1.5,5.0
rw5044357,Girls (2012–2017),0.5,4.547936916351318
rw4966026,It's Kind of a Funny Story (2010),0.5,4.139894485473633
rw2630891,Rock of Ages (2012),4.5,2.9581971168518066
rw3527893,Mad Max 2: The Road Warrior (1981),4.0,2.404040575027466
rw4211726,Firestorm (1998),1.0,5.0
rw1876930,Babel (I) (2006),4.0,2.022963047027588
rw5051598,Memoirs of a Geisha (2005),5.0,3.7756295204162598
rw5941933,Vikingane (2016– ),5.0,3.4224729537963867
rw1110097,Batman Begins (2005),4.5,3.9529170989990234
rw4788641,Nosso Lar (2010),2.5,3.5957908630371094
rw5889750,Pulp Fiction (1994),4.5,4.4825944900512695
rw1696938,The Killing (1956),5.0,3.417848587036133
rw2066498,Star Trek (2009),2.0,2.3818304538726807
rw0984518,Timeline (2003),0.5,3.5003809928894043
rw3127442,Interstellar (2014),5.0,3.348115921020508
rw3550931,Swiss Army Man (2016),4.0,2.8815274238586426
rw2970914,Mom (2013– ),4.5,4.303566932678223
rw0468504,Resident Evil (2002),5.0,3.099074125289917
rw2489400,Up (2009),4.0,3.683501958847046
rw2752446,"The Bride's Bereavement; or, The Snake in the Grass (1932)",1.0,3.7165944576263428
rw0294586,The Hard Way (1991),3.5,3.4725325107574463
rw1292903,Solaris (2002),0.5,3.223726272583008
rw1704642,Dead Silence (2007),1.0,4.077063083648682
rw5091263,X-Men: Dark Phoenix (2019),0.5,3.701277256011963
rw0909140,"I, Robot (2004)",2.5,3.6167984008789062
rw1698774,I Now Pronounce You Chuck & Larry (2007),2.0,3.874919891357422
rw6376705,Tenet (2020),4.0,3.6500988006591797
rw3674986,Ek Tha Tiger (2012),4.5,4.28476095199585
rw2875074,The Last Push (2012),5.0,2.719008207321167
rw5498783,Despicable Me (2010),4.0,3.566086769104004
rw4058654,Peter Rabbit (2018),4.0,4.530604362487793
rw6182478,The Poughkeepsie Tapes (2007),1.5,1.931535243988037
rw5347364,寄生上流 (2019),5.0,3.4524760246276855
rw3800106,A Return to Salem's Lot (1987),2.5,4.871049404144287
rw1277897,Cry Wolf (2005),0.5,3.7193517684936523
rw2001968,Golgo 13 (2008–2009),4.5,4.7410430908203125
rw2215085,Little Big Soldier (2010),5.0,4.505743026733398
rw1428315,Superman Returns (2006),3.0,3.7464709281921387
rw4520516,Ralph Breaks the Internet (2018),4.0,2.9423606395721436
rw2493120,The Lion King (1994),5.0,4.737860679626465
rw5772164,Killing Eve (2018– ),4.0,2.810999631881714
rw4498674,The Great Gatsby (2013),5.0,4.142919540405273
rw0449843,The 13th Warrior (1999),4.0,3.397163152694702
rw5751010,Revenge for Jolly! (2012),3.0,4.775918960571289
rw5186550,小丑 (2019),0.5,4.060236930847168
rw2620676,Rowdy Rathore (2012),4.0,2.75703763961792
rw2456162,Grown Ups (I) (2010),1.5,3.461441993713379
rw6066849,Raised by Wolves (2020– ),1.5,4.58615779876709
rw4902157,The Biggest Little Farm (2018),5.0,3.9354939460754395
rw5341426,小丑 (2019),5.0,2.9866905212402344
rw2372323,The Sickhouse (2008),4.0,4.396005630493164
rw0065979,Thunder Road (1958),3.5,4.241204261779785
rw1510448,Suspiria (1977),4.5,4.061305522918701
rw0180843,Assassination Attempt (1981),5.0,3.703570604324341
rw4067310,Black Panther (2018),1.5,4.222441673278809
rw5401072,Inception (2010),4.5,4.122994422912598
rw3212287,Dracula Untold (2014),2.0,2.9996109008789062
rw1262844,Tango Charlie (2005),4.5,2.885270833969116
rw2266433,Toy Story 3 (2010),4.5,2.221449851989746
rw5439893,The Tradesmen (2011),4.5,3.516429901123047
rw2620053,Wolfhound (2006),3.0,4.178909778594971
rw1249129,The Bishop's Wife (1947),5.0,3.8892526626586914
rw1776998,Crying Freeman (1988– ),4.5,1.9925243854522705
rw1686105,Love Comes to the Executioner (2006),3.5,3.6109864711761475
rw4374318,Lookin' to Get Out (1982),3.5,2.1868534088134766
rw4124929,Eddie the Eagle (2015),4.0,4.07265567779541
rw4793682,Annie (2014),4.0,2.762079954147339
rw3333073,Abbott and Costello Meet Captain Kidd (1952),2.5,3.054736614227295
rw1552517,Brick (2005),4.5,3.0906429290771484
rw5246614,Last Christmas (2019),3.5,3.032721757888794
rw2096610,Bleach (2004–2012),5.0,2.9075450897216797
rw6407846,Coolie No. 1 (2020),0.5,2.3478856086730957
rw0966378,Small Time Crooks (2000),1.0,3.782426357269287
rw3829227,Alleycats (2016),3.5,3.333118438720703
rw1264714,Hwiparam gongju (2002),3.0,3.574744462966919
rw2969918,Frozen (I) (2013),4.0,3.79386043548584
rw4698628,Leaving Neverland (2019),0.5,2.2349863052368164
rw3832139,Angels Wear White (2017),4.5,3.3741981983184814
rw3869640,The Nile Hilton Incident (2017),4.5,1.751755952835083
rw0341542,Fist of Legend (1994),5.0,3.6247763633728027
rw2311306,The Chosen One (2010),4.5,2.5943408012390137
rw3051950,Deadly Eyes (1982),2.5,3.4566121101379395
rw1680558,Missing Persons (1990 TV Movie),3.0,3.854623317718506
rw1060111,Hitch (I) (2005),0.5,2.484074831008911
rw2516223,Tartarin de Tarascon (1934),3.5,2.7984249591827393
rw5876315,Uncle Tom (2020),5.0,3.177809000015259
rw1104265,Hook (1991),4.0,5.0
rw3249573,Midnight in Paris (2011),1.5,4.57585334777832
rw0112339,MASH (1970),5.0,3.8062074184417725
rw2624093,Spirited Away (2001),5.0,4.6832194328308105
rw6215465,Over the Moon (2020),5.0,4.095196723937988
rw1480705,King of Burlesque (1936),3.0,3.532738208770752
rw2599244,Underworld: Awakening (2012),2.0,2.5845460891723633
rw1677617,Able Edwards (2004),4.0,3.6520981788635254
rw6011924,The Great Heist (2020– ),4.0,3.0501656532287598
rw5935254,Psychosynthesis (2020),4.5,3.236245632171631
rw1761994,Deep Water (2006),4.5,3.437272310256958
rw1633731,The Lives of a Bengal Lancer (1935),4.0,3.928292751312256
rw3824028,Blade Runner 2049 (2017),5.0,3.9407174587249756
rw1130038,Wild at Heart (1990),5.0,2.9317283630371094
rw2895743,Revolution (2012–2014),5.0,2.7539358139038086
rw5813413,The Shape of Water (2017),4.0,3.5284879207611084
rw0209696,Conan the Destroyer (1984),3.0,3.6638619899749756
rw5524519,Dark Waters (2019),5.0,3.375964641571045
rw1529990,The Notebook (2004),5.0,3.2565629482269287
rw3059222,The Purge: Anarchy (2014),4.0,0.9299933910369873
rw5451528,The Sky Is Pink (2019),3.0,3.8837151527404785
rw0071814,Pepe (1960),2.0,3.1239962577819824
rw5782006,Star Wars: Episode II - Attack of the Clones (2002),2.5,3.0058846473693848
rw5116041,Nanny McPhee (2005),3.5,4.399797439575195
rw1813282,The War of the Worlds (1953),3.5,3.1464684009552
rw2087299,Lenny (1974),5.0,3.546074628829956
rw6138587,Ghoomketu (2020),3.5,2.6067612171173096
rw0188463,The House by the Cemetery (1981),4.0,2.0431010723114014
rw3534968,Don't Breathe (2016),4.0,2.770265579223633
rw3147236,Jericho (2006–2008),5.0,4.681077003479004
rw0432384,Soldier (I) (1998),5.0,3.1112396717071533
rw4355856,I Walk the Line (1970),4.0,2.5932772159576416
rw1630425,Who Killed the Electric Car? (2006),2.5,4.589869022369385
rw5408576,The Outsider (2020– ),5.0,3.9972496032714844
rw5730478,The Last Dance (2020),5.0,3.494065761566162
rw2979439,August: Osage County (2013),3.5,0.5
rw4053382,Red Lights Ahead (1936),3.0,3.4702911376953125
rw5550131,Bloodshot (2020),4.5,3.535168170928955
rw4676248,Patriot (II) (2015–2018),5.0,3.601231813430786
rw3333615,Uptown Saturday Night (1974),3.0,3.5273964405059814
rw2319732,Mâdadayo (1993),3.5,4.893711090087891
rw2414341,Paul (2011),3.5,3.0895133018493652
rw3291942,Mamma Mia! (2008),4.0,1.2883198261260986
rw2498102,The Killers (1946),3.5,4.754934310913086
rw5963963,The Wolfman (2010),5.0,3.721341371536255
rw5062320,The Boys (2019– ),5.0,4.531835556030273
rw3487057,Renegade (1992–1997),1.0,4.86568546295166
rw3267911,Bird on a Wire (1990),2.0,3.420884609222412
rw6374932,Hard Kill (2020),0.5,2.189301013946533
rw0865474,Hey Arnold! The Movie (2002),5.0,3.384089469909668
rw1502517,Gladiator (2000),5.0,4.596814155578613
rw0408791,Bulworth (1998),4.5,3.66729998588562
rw3076598,Prelude to Axanar (2014),5.0,2.7107062339782715
rw5584721,U-571 (2000),3.5,1.9554301500320435
rw0953215,"Ator, the Fighting Eagle (1982)",2.0,1.6802297830581665
rw3274517,Strange Interlude (1932),3.5,3.8571324348449707
rw0494752,Man on the Moon (1999),4.5,3.379045009613037
rw6310972,Andhaghaaram (2020),4.5,3.8858914375305176
rw4682165,Mortal Engines (2018),1.0,4.126729965209961
rw5802985,Chintu Ka Birthday (2020),2.5,5.0
rw3612306,Man of Steel (2013),3.0,2.573896884918213
rw3473411,Our Kind of Traitor (2016),3.0,2.3327512741088867
rw5025912,Shell (I) (2012),0.5,3.9568965435028076
rw2092112,Transformers: Revenge of the Fallen (2009),1.5,1.6972720623016357
rw6313554,The New Mutants (2020),5.0,4.061834335327148
rw5484153,Last Christmas (2019),4.0,3.032721757888794
rw3371816,Vampire Academy (2014),0.5,3.53092098236084
rw2812672,Man of Steel (2013),5.0,2.573896884918213
rw0121711,Children Shouldn't Play with Dead Things (1972),3.0,2.9263877868652344
rw2402179,Over the Edge (1979),3.5,4.190877914428711
rw2556530,The Gorgeous Hussy (1936),1.5,4.283788204193115
rw4359268,College Romance (2018– ),5.0,4.067686080932617
rw3686786,After Love (2016),3.0,3.84761381149292
rw1243887,The Five People You Meet in Heaven (2004 TV Movie),4.5,3.42474102973938
rw3561715,Jesse Stone: Sea Change (2007 TV Movie),3.5,3.2139339447021484
rw0993994,Neredesin Firuze (2004),4.5,2.323263168334961
rw4835496,Arctic (2018),4.0,3.7591958045959473
rw1232030,The Dukes of Hazzard (2005),4.0,2.9983017444610596
rw2525053,Zombie Bloodbath (1993 Video),3.0,2.938666343688965
rw0306405,The Crying Game (1992),5.0,2.254351854324341
rw0596657,Nurse Betty (2000),2.0,3.5208537578582764
rw3315543,Fuss Over Feathers (1954),2.5,4.566008567810059
rw3163450,Jarhead 2: Field of Fire (2014 Video),0.5,3.0327956676483154
rw1867745,Iron Man (2008),3.5,3.024545431137085
rw1509181,Burnt Offerings (1976),4.0,3.452266216278076
rw5909800,Code Geass (2006–2012),4.5,4.222031116485596
rw3672009,Rake (2010–2018),5.0,3.9161486625671387
rw2224676,A Serious Man (2009),1.0,4.549595355987549
rw3772854,Tale of Tales (2015),4.0,2.9710640907287598
rw1953088,Youth Without Youth (2007),2.0,2.3571677207946777
rw2821725,How to Make Money Selling Drugs (2012),4.5,1.2222723960876465
rw4498448,Hunter Killer (2018),5.0,1.0630741119384766
rw1745598,Secretary (2002),1.0,2.211341142654419
rw3767791,The Promise (II) (2016),4.5,3.4344985485076904
rw3019430,Wedding Crashers (2005),5.0,2.6319360733032227
rw5740699,Disturbia (2007),2.0,2.840618133544922
rw3227703,The Barrens (2012),1.5,3.316948890686035
rw1340461,King Kong (2005),3.5,2.954817771911621
rw5726835,The Hollow (2018–2020),2.0,3.0073249340057373
rw1636072,Zero Day (2002),5.0,4.429164886474609
rw5608234,Train to Busan (2016),4.0,3.891158103942871
rw1793665,The Mist (2007),1.0,3.3068408966064453
rw5856871,Unsubscribe (I) (2020),1.0,3.5220460891723633
rw5045538,Fast & Furious Presents: Hobbs & Shaw (2019),3.5,2.612525463104248
rw2616015,The Avengers (2012),5.0,4.604475498199463
rw4253255,Bram Stoker's Dracula (1992),2.0,2.7132232189178467
rw0985965,Major Dundee (1965),2.0,4.90261173248291
rw5126027,X-Men: Dark Phoenix (2019),4.5,3.1710917949676514
rw3246226,"Ron Jeremy, Life After the Buffet (2014)",0.5,3.703570604324341
rw5287556,The Irishman (2019),1.5,1.9674690961837769
rw5866464,Dating Amber (2020),5.0,2.5804548263549805
rw3398549,Homicycle (2014),1.5,4.6285080909729
rw4266596,Star Wars: Episode VI - Return of the Jedi (1983),5.0,3.0506672859191895
rw5717465,DC Super Friends: The Joker's Playhouse (2010 Video),5.0,3.616408348083496
rw4639506,Enaaya (2019– ),4.5,4.4063310623168945
rw4278975,The Invitation (I) (2015),4.5,5.0
rw4273581,A Wrinkle in Time (2018),2.5,4.961319923400879
rw2164883,Just My Luck (2006),1.0,3.002551555633545
rw1964224,Sleepy Hollow (1999),5.0,3.302767753601074
rw0219890,The Coca-Cola Kid (1985),4.0,3.105203151702881
rw5749692,Venom (2018),5.0,3.645498275756836
rw2672278,屍樂園 (2009),5.0,3.2297003269195557
rw3468515,American Ultra (2015),4.0,1.3790507316589355
rw1565090,Master and Commander: The Far Side of the World (2003),4.5,4.111316204071045
rw6163152,The Finest Hours (2016),5.0,2.78135085105896
rw3731626,Nuts (1987),4.5,3.2386245727539062
rw6206445,Mirzapur (2018– ),5.0,3.703570604324341
rw0584274,The Lord of the Rings: The Return of the King (2003),5.0,3.6865122318267822
rw2289011,Battlefield Earth (2000),5.0,4.739047050476074
rw5760880,Sheep Without a Shepherd (2019),4.0,3.363170623779297
rw1145885,The Life Aquatic with Steve Zissou (2004),0.5,3.336009979248047
rw2733277,Faltu (2006),4.5,3.7165944576263428
rw2370832,Despicable Me (2010),4.0,3.8461830615997314
rw3435952,The Midnight Man (I) (2016),5.0,2.361921787261963
rw1605308,Dr. Chopper (2005 Video),5.0,2.351284980773926
rw3080539,De Lego Film (2014),4.5,4.190495491027832
rw6450591,The Wilds (2020– ),4.0,4.253533363342285
rw5153773,El vampiro (1957),2.5,3.076990842819214
rw4046875,Faith Under Fire (2018 TV Movie),4.5,3.645083427429199
rw5946184,Carry on Screaming! (1966),4.0,2.091184377670288
rw1680216,1408 (2007),2.5,3.532986640930176
rw1650231,Safe Men (1998),1.0,3.7280726432800293
rw5361717,The Flintstones in Viva Rock Vegas (2000),3.0,3.7234950065612793
rw4009822,Redneck (1973),3.5,2.420773506164551
rw2199682,The Relief of Belsen (2007 TV Movie),3.5,2.9386940002441406
rw5016562,Hail Satan? (2019),4.0,3.0690019130706787
rw4728485,The Queen's Corgi (2019),2.5,3.6562581062316895
rw3601664,The Revenant (2015),2.0,3.06374454498291
rw5511110,Hunters (2020– ),1.0,3.6775994300842285
rw6166613,Godless (2017),4.0,3.298827648162842
rw2946695,Cadillac Ranch (1996),1.0,3.4692158699035645
rw2842406,Ship of Theseus (2012),4.5,2.9117345809936523
rw0525617,Cruel Intentions (1999),3.5,2.6159539222717285
rw5594932,Bad Boys for Life (2020),4.0,4.4990997314453125
rw3796445,Tombstone (2017),0.5,2.8269615173339844
rw0311949,Reservoir Dogs (1992),5.0,2.5541796684265137
rw5037323,Once Upon a Time... in Hollywood (2019),3.5,3.2433979511260986
rw0708876,Brotherhood of the Wolf (2001),5.0,4.058874607086182
rw5472338,Once Upon a Time... In Hollywood (2019),3.0,3.1878557205200195
rw6119404,Bastille Day (2016),3.0,5.0
rw1824409,The Matrix Reloaded (2003),2.0,2.9592695236206055
rw5689936,You (2018– ),0.5,3.7338576316833496
rw1624962,諾桑覺寺 (2007 TV Movie),4.5,2.112645149230957
rw1660575,Gizelle (2006–2008),2.0,3.6109864711761475
rw2809688,Star Trek Into Darkness (2013),4.5,1.9148831367492676
rw0683785,Gangs of New York (2002),1.0,2.9308841228485107
rw5043441,Yesterday (III) (2019),2.5,2.989354372024536
rw1728269,I Now Pronounce You Chuck & Larry (2007),3.0,4.175074577331543
rw0302932,Alien 3 (1992),4.5,2.1458349227905273
rw5567794,The Hunt (II) (2020),5.0,3.103311538696289
rw5989080,Gunjan Saxena: The Kargil Girl (2020),4.5,3.7800190448760986
rw4149303,LOL (2012),5.0,5.0
rw4568177,Bad Times at the El Royale (2018),1.5,3.5536186695098877
rw5845245,The Last of Us: Part II (2020 Video Game),5.0,2.1295504570007324
rw1838302,The Werewolf of Washington (1973),2.0,3.0915632247924805
rw4604241,IO (2019),3.5,2.654730796813965
rw1764338,Weasels Rip My Flesh (1979),0.5,1.3691058158874512
rw5271743,About Endlessness (2019),3.5,2.9183454513549805
rw2391377,Hall Pass (2011),3.0,3.273458242416382
rw5623350,Freakshow (2007 Video),3.5,3.5548593997955322
rw1986911,Loser (2000),0.5,2.0588064193725586
rw1299088,House of the Dead (2003),2.5,1.3000388145446777
rw2959787,The Girl with the Dragon Tattoo (2009),4.5,3.194824695587158
rw3029314,Harsh Times (2005),1.5,3.1598141193389893
rw2264609,A Cry in the Night (1956),3.5,4.317078113555908
rw1710195,Hairspray (2007),4.0,4.3252387046813965
rw3795699,The Deuce (2017–2019),0.5,2.4695239067077637
rw0515297,The Talented Mr. Ripley (1999),2.5,2.5296690464019775
rw5070707,Fifty Shades of Black (2016),3.0,4.15079402923584
rw2998198,The Raid 2 (2014),0.5,4.708580017089844
rw6243841,Never Let Me Go (2010),5.0,4.036632537841797
rw1746225,Mr. Brooks (2007),3.5,4.521706581115723
rw0717231,Harry Potter and the Sorcerer's Stone (2001),4.5,3.7392287254333496
rw5597080,Belzebuth (2017),2.0,3.1340770721435547
rw5447546,What's Your Number? (2011),3.0,2.7344608306884766
rw1422534,The Lion King (1994),5.0,4.455984115600586
rw5556057,The Shining (1980),2.5,2.634263038635254
rw1115797,The War of the Worlds (2005 Video),3.0,2.818652629852295
rw2136680,Dorian Gray (1970),3.0,2.7239041328430176
rw6122331,The Chosen (2017– ),5.0,3.750034809112549
rw2288067,Mallrats (1995),4.5,3.1227738857269287
rw0908346,Tupac: Resurrection (2003),2.5,5.0
rw5489442,Lying and Stealing (2019),1.0,1.1420409679412842
rw4401312,Disco Pigs (2001),5.0,2.703639030456543
rw0395228,Sgt. Bilko (1996),1.5,3.088170289993286
rw1627262,龍騎士 (2006),5.0,2.2022900581359863
rw1575691,More Than a Secretary (1936),2.0,3.5891525745391846
rw3433966,And Then There Were None (2015),3.0,3.8373050689697266
rw0116056,The Devils (1971),0.5,2.6658377647399902
rw4853120,Happy Death Day 2U (2019),0.5,3.1032910346984863
rw2779464,Deal of a Lifetime (1999),3.5,3.644489288330078
rw3416043,Deadpool (2016),4.5,4.076179504394531
rw5658284,2001: A Space Odyssey (1968),4.0,3.0690314769744873
rw5444990,Queen & Slim (2019),4.5,4.131102561950684
rw1613108,Estória do Gato e da Lua (1997),4.0,3.703570604324341
rw1465851,Miracles (1986),4.5,3.125380039215088
rw3368346,5 to 7 (2014),2.5,4.532607078552246
rw1327447,Yathrakarude Sradhakku (2002),4.5,4.930209159851074
rw5180495,Fractured (I) (2019),4.0,4.568244934082031
rw6143456,The Glorias (2020),5.0,3.589461326599121
rw1124283,The Reflecting Skin (1990),5.0,4.388421535491943
rw5473199,Grey's Anatomy (2005– ),2.5,4.103490829467773
rw4737136,He's Out There (2018),1.5,3.105574369430542
rw4006121,Backyard Ashes (2013),0.5,3.983144998550415
rw3351892,The Collection (II) (2012),2.5,3.4279403686523438
rw1915493,Citizen Toxie: The Toxic Avenger IV (2000),3.0,4.5435309410095215
rw3786646,Amelia 2.0 (2017),4.0,3.6546132564544678
rw5404386,WWE Raw (1993– ),5.0,3.2326478958129883
rw5475705,Disturbing the Peace (2020),0.5,4.331733703613281
rw1978398,Planet Earth (2006),5.0,4.144092082977295
rw2933941,The Past (2013),4.0,2.4391865730285645
rw4331175,Nocturnal Animals (2016),4.5,3.3427419662475586
rw2631249,Iron Sky (2012),3.5,2.626798629760742
rw3067186,The Notebook (2004),4.5,3.4165384769439697
rw2676738,Kennwort... Reiher (1964),5.0,3.703570604324341
rw2640273,Red Rose of Normandy (2011 Video),5.0,4.002414703369141
rw0055851,Oklahoma! (1955),5.0,4.032272815704346
rw2757760,Bloody Mama (1970),2.0,4.777426719665527
rw1548248,Wild at Heart (1990),4.0,3.8672127723693848
rw5855113,Life in Squares (2015– ),3.0,4.861484527587891
rw1249438,Babam ve Oglum (2005),5.0,4.7082624435424805
rw3344869,The Subjects (2015),3.5,3.73240327835083
rw0633139,Blade II (2002),4.0,4.060906887054443
rw4097977,The Beguiled (2017),1.5,2.8483567237854004
rw2572864,The House of the Seven Gables (1940),3.0,3.0925216674804688
rw2752051,詭屋 (2011),3.5,3.180391311645508
rw3140442,Rocky Mountain (1950),3.5,4.71672248840332
rw2199690,The 39 Steps (1959),2.0,4.469757080078125
rw1345449,Spun (2002),4.5,3.662785291671753
rw4709381,Star Wars: Episode VIII - The Last Jedi (2017),5.0,3.0365383625030518
rw4899843,Wide Sargasso Sea (1993),3.0,2.6435914039611816
rw4956314,The F Word (I) (2013),4.5,3.6811108589172363
rw1006144,The Life Aquatic with Steve Zissou (2004),5.0,2.4039158821105957
rw5004703,The Blind Side (2009),3.5,5.0
rw1167249,Passion (1954),2.0,2.3847012519836426
rw6064716,Usagi Drop (2011–2012),5.0,2.7787725925445557
rw3074636,Godzilla (I) (1998),3.5,2.9745333194732666
rw1490264,Audition (1999),5.0,3.5056846141815186
rw3810472,Jurassic World (2015),3.0,2.923956871032715
rw0899715,The Passion of the Christ (2004),0.5,3.627410411834717
rw6392504,The Midnight Sky (2020),2.0,2.7468459606170654
rw4100211,Ask Me Anything (2014),3.5,3.8212971687316895
rw2061666,It Happened One Night (1934),4.5,3.7333383560180664
rw3488354,The Savage Five (1974),4.5,2.7403883934020996
rw3212878,Do You Believe? (2015),4.0,3.149512767791748
rw1316034,Cinderella (1950),1.5,3.9528231620788574
rw0272099,Lethal Weapon 2 (1989),4.5,2.5568370819091797
rw0446692,The Mummy (1999),3.5,3.474121570587158
rw4098323,Martyrs of Marriage (2016),5.0,3.703570604324341
rw3086190,Before I Go to Sleep (2014),3.5,4.429581165313721
rw4174948,Kaleidoscope (II) (2016),2.0,4.8396711349487305
rw5789299,KD (A) Karuppudurai (2019),4.0,3.6775994300842285
rw5535951,Her Name Was Christa (2020),4.5,2.7612111568450928
rw3780369,Annabelle: Creation (2017),3.5,1.556854248046875
rw1178238,Charlie and the Chocolate Factory (2005),3.5,3.700242519378662
rw0965683,...And God Created Woman (1956),3.5,3.5582354068756104
rw4468635,Alien Addiction (2018),5.0,3.459449291229248
rw3726224,A Dog's Purpose (2017),5.0,4.088579177856445
rw0307010,Educating Peter (1992),5.0,3.644489288330078
rw1324830,The Deadly Bees (1966),2.0,3.30340576171875
rw1079752,13 Seconds (2003 Video),3.0,1.6213810443878174
rw5984708,Toast (2010 TV Movie),1.5,1.634087085723877
rw3222794,The Shawshank Redemption (1994),4.5,5.0
rw3024268,One Direction: This Is Us (2013),5.0,4.090563774108887
rw0522900,The Astronaut's Wife (1999),1.0,2.925408363342285
rw5527474,Private Practice (2007–2013),4.5,3.0515098571777344
rw3511506,Star Trek Beyond (2016),4.5,2.9022626876831055
rw3457079,Adam's Rib (1949),2.0,3.3706111907958984
rw5567016,The Girl with the Dragon Tattoo (2011),4.0,3.288900852203369
rw1350713,Lucky Number Slevin (2006),4.0,3.203176259994507
rw4298697,Extinction (2018),3.5,1.8709837198257446
rw0793751,Not Another Teen Movie (2001),4.5,4.141218185424805
rw5396763,Uncut Gems (2019),3.0,3.3098530769348145
rw0111810,The Interview (1970 TV Movie),3.5,4.071717739105225
rw2962753,Idiocracy (2006),5.0,4.188570022583008
rw4055373,The Open House (2018),0.5,3.871192455291748
rw2305118,The Boxer (2010),0.5,3.1878373622894287
rw5619095,Contagion (2011),4.5,4.1791157722473145
rw2666339,Keith Lemon: The Film (2012),0.5,3.197127342224121
rw5067705,Damages (2007–2012),4.0,2.5771093368530273
rw5978154,Work It (2020),4.0,3.111177921295166
rw3032550,Frozen (I) (2013),1.0,3.79386043548584
rw2329405,Schindler's List (1993),3.5,2.4521448612213135
rw4686044,12 Angry Men (1957),5.0,3.7577579021453857
rw5622670,The Invisible Man (I) (2020),1.5,3.944912910461426
rw6070494,Die Screaming Marianne (1971),2.0,1.714686632156372
rw1980067,The Boy in the Striped Pajamas (2008),5.0,5.0
rw0272016,Leningrad Cowboys Go America (1989),5.0,4.662657737731934
rw4553709,Vice (I) (2018),4.0,3.2409300804138184
rw2110695,The X Files: I Want to Believe (2008),3.5,3.653383255004883
rw3192718,Gone Girl (2014),4.0,3.4640583992004395
rw6082137,I's (2013),0.5,4.090563774108887
rw1402503,Karas: The Prophecy (2005 Video),4.0,3.2124860286712646
rw2354973,Holiday from Rules? (1958),2.0,3.5374717712402344
rw2674023,4:44 Last Day on Earth (2011),1.0,2.0633039474487305
rw2035187,Mr. Brooks (2007),3.5,4.521706581115723
rw2372967,A Serbian Film (2010),4.5,3.15751314163208
rw4442124,The Good Cop (2018),4.5,3.4621598720550537
rw2895206,Office Space (1999),4.5,3.602518081665039
rw5044427,Pokémon: Detective Pikachu (2019),4.0,3.9167585372924805
rw0969073,The Ten Commandments (1956),3.5,3.0194196701049805
rw5236563,Watchmen (2019),4.5,2.510261058807373
rw1973846,Quantum of Solace (2008),4.0,3.8178906440734863
rw1788661,A Real Young Girl (1976),2.0,3.452885389328003
rw2408311,La casa muda (2010),0.5,3.20719051361084
rw0962335,Once Bitten (1985),2.5,2.529315948486328
rw0796697,Spider (2002),3.5,3.4532217979431152
rw0612176,Metal Gear Solid (1998 Video Game),5.0,3.644489288330078
rw5885584,Pretty Woman (1990),3.5,2.9306466579437256
rw3831507,The Kid (1921),4.0,3.533907890319824
rw1641318,Moby Dick (1956),3.5,2.1120519638061523
rw3851470,The Holcroft Covenant (1985),1.5,3.9613189697265625
rw3327252,The Martian (2015),4.0,2.5211658477783203
rw4110502,Showgirls (1995),2.5,2.4468271732330322
rw5822496,Little Giants (1994),3.5,2.1136224269866943
rw1056347,I Passed for White (1960),4.0,2.543455123901367
rw1833099,The Bank Job (2008),5.0,3.903052568435669
rw0257960,Hellbound: Hellraiser II (1988),4.5,2.614640235900879
rw2577950,The New World (2005),4.0,3.1632676124572754
rw3824817,Blade Runner 2049 (2017),5.0,3.980454683303833
rw0669148,Clerks (2000–2001),4.0,4.220417499542236
rw4812390,Avengers: Endgame (2019),3.0,4.078269958496094
rw6128596,The Shawshank Redemption (1994),5.0,4.879538536071777
rw2836509,Union Station (1950),4.0,2.795921802520752
rw3379393,Star Wars: Episode VII - The Force Awakens (2015),3.0,2.0572397708892822
rw1253997,Terror Toons (2002 Video),0.5,2.056321144104004
rw3458875,The A Word (2016– ),5.0,3.703570604324341
rw0244815,The Hanoi Hilton (1987),2.0,4.512380123138428
rw3001220,Captain America: The Winter Soldier (2014),4.0,3.4914727210998535
rw1044311,Dogtown and Z-Boys (2001),5.0,3.1541552543640137
rw1807752,Anatomy Class (2000),3.5,0.6102471351623535
rw5610045,Coffee & Kareem (2020),2.5,3.008671283721924
rw0021193,The Big Premiere (1940),3.5,3.6143760681152344
rw5683201,Interstellar (2014),5.0,3.9519381523132324
rw5938431,Dil Bechara (2020),5.0,4.669468879699707
rw2369811,Mothlight (1963),5.0,1.7685050964355469
rw2994797,Boardwalk Empire (2010–2014),4.0,2.865482807159424
rw1701674,L.A.P.D.: To Protect and to Serve (2001),0.5,3.2347753047943115
rw3655040,Logan (2017),5.0,3.145174026489258
rw4205483,Ocean's Eight (2018),0.5,2.6996536254882812
rw2098225,Titus (1999),3.5,5.0
rw6242080,Sarah Cooper: Everything's Fine (2020 TV Special),1.5,2.663140058517456
rw1066940,The Untouchables (1987),4.5,3.9882020950317383
rw2551059,The Devil Inside (2012),0.5,2.0780153274536133
rw1232234,The Girl in the Café (2005 TV Movie),4.0,3.079902172088623
rw1564994,The Covenant (2006),1.0,2.010143280029297
rw3753076,Outlaws and Angels (2016),4.5,3.158048152923584
rw5590605,Pulp Fiction (1994),5.0,4.447929382324219
rw6075768,Mulan (2020),3.5,2.532517194747925
rw3376562,Star Wars: Episode VII - The Force Awakens (2015),4.0,2.4507339000701904
rw0871966,House of the Dead (2003),0.5,2.0592219829559326
rw0566869,Short Sharp Shock (1998),3.5,3.25481915473938
rw2159282,What Ever Happened to Aunt Alice? (1969),3.5,3.454136371612549
rw1083980,Nine Months (1995),4.0,3.6321489810943604
rw4222001,Call Me by Your Name (2017),4.0,4.135857582092285
rw1121458,One Body Too Many (1944),2.5,2.9578239917755127
rw0439975,Virus (1999),2.5,3.5205798149108887
rw0975229,Wide Awake (1998),4.0,2.622528076171875
rw3189925,The Slap (2015),0.5,3.3155903816223145
rw0659633,Jaka Sembung (1981),3.0,4.727909088134766
rw5854737,Gladiator (2000),4.5,4.226567268371582
rw1204903,North Country (2005),5.0,3.7107338905334473
rw6450193,Honest Thief (2020),2.0,2.619849681854248
rw1277674,Witchcraft X: Mistress of the Craft (1998 Video),4.5,3.2000770568847656
rw0509249,The Matrix (1999),5.0,2.878618001937866
rw4433902,Bohemian Rhapsody (2018),3.5,4.834676742553711
rw1576506,The Blue Max (1966),4.0,2.5409085750579834
rw3039068,Maleficent (2014),3.5,2.1821346282958984
rw0898725,The Passion of the Christ (2004),5.0,2.4972805976867676
rw5151294,唐頓莊園 (2019),4.5,1.8394684791564941
rw4924189,I Am Mother (2019),5.0,2.167888641357422
rw3361436,The Pelican Brief (1993),4.5,4.828046798706055
rw1982171,Killer Nurse (2008 Video),2.0,3.703570604324341
rw1227703,Rent (2005),1.5,3.126131057739258
rw2733622,Balak Palak (2013),5.0,2.762716770172119
rw3183365,Fifty Shades of Grey (2015),0.5,3.8821325302124023
rw2383966,The Killer Inside Me (2010),4.0,2.6397910118103027
rw3404547,Põrgu (1983),4.0,3.6775994300842285
rw3338076,Eaters (2015),0.5,4.799994468688965
rw2360661,Titanic (1997),3.0,3.1820859909057617
rw2229529,Inglourious Basterds (2009),3.0,3.0220296382904053
rw1758771,Dawn of the Dead (2004),4.0,4.5395379066467285
rw2384707,Das Boot (1981),2.5,4.471811771392822
rw5310551,小丑 (2019),5.0,4.060236930847168
rw6278275,Hunter x Hunter (2011–2014),5.0,3.571474552154541
rw0385421,From Dusk Till Dawn (1996),1.0,3.6703991889953613
rw4515638,Fantastic Beasts: The Crimes of Grindelwald (2018),2.5,3.0103323459625244
rw1252261,Lady Vengeance (2005),3.0,5.0
rw3757277,The Boss Baby (2017),2.5,3.2004311084747314
rw6140502,Enola Holmes (2020),1.5,3.911571979522705
rw2764975,Iron Sky (2012),2.5,2.626798629760742
rw4019759,Stanley Ka Dabba (2011),4.0,4.331876754760742
rw1361544,Mission: Impossible III (2006),5.0,3.1948142051696777
rw5288701,Happy Endings Sleepover (2019),5.0,3.6244146823883057
rw1884591,American Hardcore (2006),2.0,4.635617733001709
rw4438779,Beautiful Boy (I) (2018),4.0,3.261474609375
rw5222908,The Lion King (2019),0.5,5.0
rw0357741,The Brothers McMullen (1995),4.0,3.3367059230804443
rw5975970,See No Evil (2014– ),4.0,2.712313175201416
rw3535824,The Neon Demon (2016),1.5,2.1431682109832764
rw3594001,This Time for Keeps (1942),3.0,2.843871831893921
rw1438928,The Descent (2005),3.5,3.1792802810668945
rw3785169,The Private Affairs of Bel Ami (1947),5.0,2.929781913757324
rw4534690,Cold War (2018),3.5,3.572294235229492
rw2639758,All the Boys Love Mandy Lane (2006),2.0,3.558760643005371
rw5737388,South Park (1997– ),5.0,3.9930977821350098
rw3729995,It Comes at Night (2017),0.5,4.1797661781311035
rw0760343,Don't Say a Word (2001),3.0,2.5945982933044434
rw0425448,Meet Joe Black (1998),1.5,3.283834218978882
rw2310125,The Hills Have Eyes (2006),0.5,3.2903757095336914
rw4995543,Stranger Than Fiction (2006),5.0,2.7033963203430176
rw3605387,American Honey (2016),5.0,3.0296764373779297
rw2855926,Portrait of a Zombie (2012),3.5,2.58878755569458
rw0253898,Akira (1988),4.5,3.8852696418762207
rw1361106,Extreme Ops (2002),0.5,3.5337765216827393
rw5937438,Dil Bechara (2020),5.0,4.472648620605469
rw5494280,Thalaivaa (2013),2.0,3.9713594913482666
rw1181369,The Trigger Effect (1996),3.0,5.0
rw0534365,American Psycho (2000),4.0,3.5558505058288574
rw6362561,The Family Man (2000),5.0,3.870687961578369
rw0386891,House Arrest (1996),5.0,2.5652475357055664
rw4739425,Captive State (2019),1.5,1.6189603805541992
rw0950945,Waking Life (2001),5.0,3.065173864364624
rw6407882,Wonder Woman 1984 (2020),2.5,2.748591661453247
rw5641827,The Golden Horde (1951),2.0,3.7082815170288086
rw2431717,La sombra del ciprés es alargada (1990),3.5,2.5216031074523926
rw5130727,Alita: Battle Angel (2019),4.0,3.6948039531707764
rw3228896,Violence (2015),4.5,3.8041205406188965
rw3206132,The Equalizer (2014),4.0,4.572479724884033
rw6031149,Rango (2011),4.0,3.536168098449707
rw4830564,Consumer 101 (2018– ),0.5,3.776003837585449
rw4522884,Gremlin (2017),5.0,3.9474639892578125
rw3034717,Charlie Countryman (2013),2.0,1.6895359754562378
rw5620205,Money Heist (2017– ),2.5,3.1111977100372314
rw0730746,Die Another Day (2002),3.0,3.4755983352661133
rw1734961,Wiseguys vs. Zombies (2003 Video),1.0,3.7644858360290527
rw3019349,One Humanity (2014),4.5,3.6109864711761475
rw3855218,The Purge: Election Year (2016),3.5,0.7424232959747314
rw2033068,Watchmen (2009),5.0,3.2061190605163574
rw0077952,Lawrence of Arabia (1962),5.0,2.0275018215179443
rw0115993,Demons of the Mind (1972),3.5,3.757302761077881
rw1105161,Mr. & Mrs. Smith (2005),4.5,2.210853338241577
rw1378485,The Da Vinci Code (2006),3.0,3.5315237045288086
rw2662424,The Perfect Husband: The Laci Peterson Story (2004 TV Movie),3.0,2.6278910636901855
rw5124456,The I-Land (2019),5.0,3.3864777088165283
rw3363129,Ben 10 (2005–2008),4.5,4.24698543548584
rw2848179,Chennai Express (2013),3.0,3.1347804069519043
rw4237602,Dallas Buyers Club (2013),5.0,2.617708206176758
rw1795617,Ben-Hur: A Tale of the Christ (1925),3.5,4.742244720458984
rw1575954,The Texas Chainsaw Massacre: The Beginning (2006),4.0,2.66265869140625
rw4188364,Hamilton: One Shot to Broadway (2017),0.5,5.0
rw4761083,Captain Marvel (2019),4.5,3.813786268234253
rw1451447,FleshEater (1988),2.0,3.5409882068634033
rw0992117,Alien vs. Predator (2004),5.0,3.593221426010132
rw4386160,Venom (2018),4.5,3.6359827518463135
rw0882348,The Last Samurai (2003),5.0,4.032769680023193
rw4549868,K.G.F: Chapter 1 (2018),5.0,3.802370071411133
rw0382526,Dream for an Insomniac (1996),5.0,2.972513437271118
rw0699073,The Others (2001),5.0,3.381195068359375
rw4259778,Mission: Impossible - Fallout (2018),5.0,3.7448389530181885
rw1395238,Napoleon Dynamite (2004),5.0,3.183720350265503
rw3714860,Alien: Covenant (2017),2.5,3.158440113067627
rw6351205,The Shawshank Redemption (1994),5.0,4.876822471618652
rw5383492,Unbelievable (2019),4.5,4.020358085632324
rw4184689,The Lost Viking (2018),2.0,3.9049105644226074
rw2234152,The Time Traveler's Wife (2009),3.5,3.3771097660064697
rw2010183,Secrets (1924),5.0,3.262995958328247
rw2771597,Battleship (2012),1.0,3.2272305488586426
rw1682851,Eragon (2006),0.5,3.0128798484802246
rw3631309,The Lost World: Jurassic Park (1997),4.5,3.315919876098633
rw0879788,RFK (2002 TV Movie),4.0,3.3921947479248047
rw5735469,Uncut Gems (2019),0.5,3.160189390182495
rw5010230,Crawl (I) (2019),3.5,3.6726856231689453
rw0902156,Eternal Sunshine of the Spotless Mind (2004),4.5,2.965104579925537
rw2159644,J.T. (1969 TV Movie),4.5,3.9575140476226807
rw6273157,Gunjan Saxena: The Kargil Girl (2020),0.5,3.7800190448760986
rw4271350,Fanney Khan (2018),2.0,4.013012409210205
rw1412935,L'année des méduses (1984),4.0,3.039896011352539
rw5836347,The Tiger (2015),4.0,4.315445899963379
rw4838556,Maharshi (2019),5.0,5.0
rw4007652,The Road Is Jericho: Epic Stories & Rare Matches from Y2J (2015 Video),5.0,1.8903789520263672
rw2344470,Orange (2010),3.5,4.45438814163208
rw1526082,Arabesque (1966),0.5,2.818960189819336
rw2503233,False Innocence (2009 TV Movie),3.5,3.7165944576263428
rw4289001,Til Death Do Us Part (II) (2017),0.5,2.8845181465148926
rw0983539,Gypsy 83 (2001),5.0,3.4189658164978027
rw4245819,Skyscraper (2018),3.0,3.370281934738159
rw1875375,Barbie Diaries (2006 Video),3.0,1.9517155885696411
rw4561312,The Bold and the Beautiful (1987– ),1.5,2.1641197204589844
rw2025904,Pygmalion (1938),3.5,3.449601411819458
rw6013597,The Patriot (2000),5.0,4.603453636169434
rw5619757,Basic (2003),3.5,3.400310516357422
rw6311339,Broadway Melody of 1940 (1940),4.5,4.1955389976501465
rw4864291,Pirates of the Caribbean: At World's End (2007),5.0,3.4873781204223633
rw3253253,Interstellar (2014),4.0,3.7017080783843994
rw1713282,A Few Good Men (1992),3.0,2.278125047683716
rw0063021,The Unearthly (1957),1.0,2.6248035430908203
rw3544810,Birdman or (The Unexpected Virtue of Ignorance) (2014),4.0,4.271172523498535
rw1343179,In the Mouth of Madness (1995),4.0,2.676344871520996
rw4584483,The Blacklist (2013– ),3.0,4.111307621002197
rw3377664,The Ridiculous 6 (2015),3.5,3.7151131629943848
rw0297712,Oscar (1991),4.5,3.959751605987549
rw2600181,A Separation (2011),5.0,3.073984384536743
rw6017273,Flesh (2020),5.0,3.0781147480010986
rw0065721,She Demons (1958),1.5,2.817897319793701
rw1304418,Women in Revolt (1971),5.0,3.7983763217926025
rw0755321,Panic Room (2002),4.0,4.72208309173584
rw4736962,The Order (2019–2020),4.5,3.6775994300842285
rw4063799,Get Out (I) (2017),4.5,2.6852400302886963
rw0675304,A.I. Artificial Intelligence (2001),2.0,3.334764003753662
rw6381093,The Godfather (1972),5.0,4.996604919433594
rw4911948,Chernobyl (2019),5.0,4.444242477416992
rw3781509,Van Helsing (2016– ),2.5,3.559018850326538
rw0321180,Falling Down (1993),4.0,4.932069778442383
rw3080224,Lone Survivor (2013),1.5,3.183518886566162
rw3034597,The Devil's Backbone (2001),5.0,4.540163040161133
rw2030346,Our Daily Bread (2005),0.5,2.6369900703430176
rw1829421,The Sopranos (1999–2007),4.5,4.006133079528809
rw1636471,Kaw (2007),2.5,2.4832422733306885
rw2200449,Shkola (2010),5.0,3.658576488494873
rw3816972,The Godfather (1972),5.0,4.961665153503418
rw2452695,The Experiment (2010),3.0,1.8830711841583252
rw3079487,A Disney Christmas Gift (1983 TV Special),4.5,3.9151575565338135
rw0627350,The Blair Witch Project (1999),3.5,3.0887675285339355
rw1364586,Stinger (2005),0.5,3.14644455909729
rw1536833,Siegfried & Roy: The Magic Box (1999),3.0,3.1521966457366943
rw3863538,The Punisher (2017–2019),4.0,3.0845019817352295
rw1947711,Righteous Kill (2008),1.5,1.6613531112670898
rw3832112,Justice (II) (2017),0.5,3.9332356452941895
rw1074745,The Funhouse (1981),3.5,2.3613553047180176
rw1680693,The Lake House (2006),1.0,2.2556087970733643
rw3354008,The Stanford Prison Experiment (2015),4.0,5.0
rw3765551,A Date for Mad Mary (2016),4.0,4.5510735511779785
rw5307677,鋒迴路轉 (2019),3.5,4.178965091705322
rw5743958,Life (I) (2017),2.5,4.405655860900879
rw5453089,Get Hard (2015),5.0,3.0267157554626465
rw4524220,Zero (III) (2018),2.0,3.394122362136841
rw3103031,The Purge: Anarchy (2014),4.0,0.9299933910369873
rw1867942,Spy Kids 3: Game Over (2003),2.5,4.564891338348389
rw4061690,Your Move (2017),4.5,1.1094186305999756
rw1932593,Welcome to the Jungle (2007 Video),1.5,2.7537899017333984
rw4593404,Glass (2019),5.0,2.5604493618011475
rw6279967,Mum Bhai (2020– ),5.0,1.907665491104126
rw0086533,"One Potato, Two Potato (1964)",5.0,4.572582721710205
rw1329154,Experiment (2005),4.0,2.863281726837158
rw3806823,Snowden (2016),3.5,3.1500775814056396
rw0458954,The Lord of the Rings: The Fellowship of the Ring (2001),5.0,3.464139223098755
rw0779063,Thirteen Conversations About One Thing (2001),4.5,3.022024154663086
rw3644886,The Founder (2016),3.5,3.208517551422119
rw5448991,John Henry (2020),3.5,2.29445743560791
rw4673701,Mary Queen of Scots (2018),0.5,3.131869316101074
rw1545854,Clash by Night (1952),3.0,1.8232241868972778
rw4850398,Matriarch (I) (2018),2.5,4.7057976722717285
rw6172688,Murder Mystery (2019),4.0,3.8045578002929688
rw5506067,Dungeon ni Deai wo Motomeru no wa Machigatteiru Darou ka (2015– ),5.0,4.102272987365723
rw0179358,Resurrection (1980),4.5,1.7310154438018799
rw6171520,Bob the Builder: Mega Machines (2017),5.0,3.4213714599609375
rw5231774,Fun with Dick and Jane (2005),0.5,2.319150924682617
rw2909548,Too Perfect (2011),1.5,3.6109864711761475
rw5805846,Deep Impact (1998),3.0,3.057034492492676
rw4996939,Dark (2017–2020),4.0,4.400620937347412
rw1951765,The Thing (1982),5.0,3.539708137512207
rw1085936,Revelation (2001),2.0,3.8783936500549316
rw5746340,John Henry (2020),0.5,2.8175013065338135
rw5717853,Hold the Dark (2018),1.5,3.142277717590332
rw3724423,The Prophecy II (1998 Video),2.0,2.7247164249420166
rw0165011,1941 (1979),4.5,3.6109864711761475
rw1545829,Motel Hell (1980),5.0,2.0777671337127686
rw5704447,Manifest (2018– ),0.5,2.4825923442840576
rw0363285,Halloween: The Curse of Michael Myers (1995),3.5,3.093639850616455
rw5352540,Hand of God (2014–2017),4.5,3.4514918327331543
rw3814017,Bushwick (2017),3.5,3.418302297592163
rw2792903,Prometheus (I) (2012),2.5,2.992570638656616
rw4512320,Destination Wedding (2018),1.0,2.1605184078216553
rw3098329,Catch-22 (1970),3.5,3.358851194381714
rw2864870,The Home Front (1943),3.5,3.644489288330078
rw5373451,Messiah (2020),4.5,3.703570604324341
rw1171748,Star Trek: Voyager (1995–2001),4.0,2.0522689819335938
rw3585574,Mothers and Daughters (2016),3.0,3.4662060737609863
rw2734674,金剛 (1933),5.0,5.0
rw3352704,Love the Coopers (2015),1.0,2.958911180496216
rw0326155,The Nightmare Before Christmas (1993),5.0,1.3828425407409668
rw0867668,Bruce Almighty (2003),5.0,1.8878591060638428
rw4104082,Blade Runner (1982),5.0,3.2144904136657715
rw3548353,Actor in Law (2016),4.0,3.1881215572357178
rw1648579,Boys' Night Out (1962),1.5,2.9179155826568604
rw2766636,The Last Exorcism 2 (2013),3.0,2.582569122314453
rw5972882,Love Is Blind (2020– ),2.5,3.038569927215576
rw0969418,The Godfather (1972),5.0,4.961665153503418
rw5456160,John Wick: Chapter 3 - Parabellum (2019),1.0,2.779996633529663
rw2794982,Gippi (2013),2.5,4.090543270111084
rw2246584,Cannery Woe (1961),4.0,2.602569580078125
rw5724105,Satellite Shankar (2019),5.0,4.604069709777832
rw5979149,Out of Sight (1998),2.5,2.3366994857788086
rw6138996,Star Trek First Frontier (2020),4.0,3.005275249481201
rw5916126,Kal Ho Naa Ho (2003),5.0,3.243333101272583
rw1004736,Sergeant York (1941),5.0,4.490203857421875
rw2451243,Transformers: Dark of the Moon (2011),3.5,2.268299102783203
rw5304264,De Palma (2015),5.0,3.7320289611816406
rw4181159,Sara's Notebook (2018),5.0,3.280862808227539
rw5193244,God Friended Me (2018–2020),5.0,3.8643946647644043
rw4185902,Bella and the Bulldogs (2015–2016),0.5,4.291255474090576
rw3233296,House of Cards (2013–2018),5.0,2.8611068725585938
rw2423890,The Brute Man (1946),2.0,2.805607318878174
rw4410478,Halloween (I) (2018),5.0,1.404188632965088
rw1340441,Drunken Master (1978),2.5,4.118517875671387
rw0328331,Schindler's List (1993),0.5,3.945512294769287
rw2352828,La faute à Fidel! (2006),3.5,3.985868215560913
rw6332110,Black Christmas (2019),1.0,1.2670905590057373
rw4357787,Christopher Robin (2018),3.0,3.9159505367279053
rw3276374,Black Swan (2010),4.0,2.405853271484375
rw1628228,Barbary Coast (1935),3.5,3.5152082443237305
rw5547753,Aquaman (2018),4.0,3.4939286708831787
rw2705809,Katalin Varga (2009),3.5,3.186235189437866
rw5461471,Burn Notice (2007–2013),5.0,1.7564129829406738
rw0965941,National Treasure (2004),4.0,4.662878513336182
rw0750688,Possession (2002),2.0,2.7835731506347656
rw1587402,Evil Dead II (1987),4.0,2.6979310512542725
rw2338596,The Odd Couple (1968),4.5,4.348822116851807
rw3462560,Bourek (2015),5.0,2.6411848068237305
rw1497701,We Who Are About to Die (1937),4.0,3.7165944576263428
rw0048475,Ambush at Tomahawk Gap (1953),3.5,3.4391541481018066
rw2081366,Riding Alone for Thousands of Miles (2005),5.0,2.3508009910583496
rw6435044,Speed (1994),4.0,4.251424789428711
rw5604720,Meet the Parents (2000),5.0,3.365572214126587
rw6283912,One of Our Aircraft Is Missing (1942),3.5,2.6067986488342285
rw5596669,Jay and Silent Bob Reboot (2019),3.5,3.3684916496276855
rw0950776,Clueless (1995),4.0,1.7137482166290283
rw5905524,Goodfellas (1990),5.0,4.089033126831055
rw3785572,The Defenders (2017),3.0,3.830279588699341
rw5864115,Marco Polo (2014–2016),5.0,4.155081748962402
rw4573080,The Sopranos (1999–2007),5.0,2.4566729068756104
rw5918128,The Other Lamb (2019),1.5,4.231603622436523
rw1755183,The Phantom of the Opera (1925),5.0,3.1567397117614746
rw1861259,A Night Out (I) (1915),3.0,1.7524421215057373
rw6156263,Daniel Sloss: X (2019 TV Special),5.0,2.159721612930298
rw0792631,Dogville (2003),5.0,3.6275277137756348
rw0666537,The Mummy Returns (2001),4.0,3.2403721809387207
rw4615549,Spider-Man: Into the Spider-Verse (2018),4.5,4.358016014099121
rw6019842,The Gone Game (2020),4.0,3.7165944576263428
rw3122717,Il mio viaggio in Italia (1999),2.0,3.795288562774658
rw5102645,Northern Pursuit (1943),1.5,5.0
rw3456783,Everybody Wants Some!! (2016),4.5,3.1380434036254883
rw3026448,A Million Ways to Die in the West (2014),3.0,4.126758098602295
rw4249086,Operazione Goldman (1966),3.5,2.5705127716064453
rw4430195,Nicotine (II) (2016),4.0,4.566097259521484
rw5857724,Freaks (2018),4.0,3.6633706092834473
rw2080376,Me and You and Everyone We Know (2005),1.0,2.8248634338378906
rw5875754,Fantastic Beasts and Where to Find Them (2016),0.5,3.613416910171509
rw6131918,Bala (2019),3.5,4.202990531921387
rw4857881,Home (II) (2015),5.0,3.57426118850708
rw5403003,A Killing in a Small Town (1990 TV Movie),3.5,3.795719623565674
rw3869285,Shut Eye (2016–2017),4.0,3.7165944576263428
rw2176182,阿凡達 (2009),5.0,3.024806022644043
rw2958170,Drishyam (2013),4.5,5.0
rw2607816,The Rose (1979),3.5,4.006403923034668
rw6272702,The Trial of the Chicago 7 (2020),4.0,2.4749464988708496
rw4554522,Annihilation (2018),4.5,4.524513244628906
rw2588584,The Hunger Games (2012),2.0,2.499312162399292
rw2448241,Entourage (2004–2011),5.0,3.882871150970459
rw2069712,Skippy (1931),4.0,3.2649569511413574
rw2123381,National Lampoon's Animal House (1978),4.0,3.635324001312256
rw0575468,Stuart Little (1999),0.5,3.8538284301757812
rw5139559,"Hello, Privilege. It's Me, Chelsea (2019 TV Movie)",0.5,3.497363567352295
rw6289761,Northern Exposure (1990–1995),5.0,3.6775994300842285
rw1477226,When a Stranger Calls (2006),5.0,3.258687734603882
rw1544313,Waterloo Bridge (1931),4.0,4.064908027648926
rw3296144,Taxi Driver (1976),5.0,4.135716915130615
rw4600150,United 93 (2006),3.5,1.3962852954864502
rw2045351,Role Models (2008),4.0,3.7124335765838623
rw4299382,The Sea of Trees (2015),2.0,3.462942123413086
rw3789949,Killing Ground (2016),3.0,2.239245891571045
rw4094328,The Thirteenth Chair (1929),1.0,4.057173728942871
rw4256946,Ready Player One (2018),2.5,2.273895263671875
rw2943290,Star Wars: Episode IV - A New Hope (1977),2.5,3.6630635261535645
rw1228683,Harry Potter and the Goblet of Fire (2005),4.0,3.6837615966796875
rw5692042,Normal People (2020),4.5,3.7165944576263428
rw2497653,"The Good, the Bad and the Ugly (1966)",4.5,4.014242649078369
rw6204304,Books of Blood (2020),1.0,3.1411147117614746
rw1376479,X-Men: The Last Stand (2006),2.5,3.3503646850585938
rw1794141,Love Actually (2003),2.5,4.271758079528809
rw5219607,Fractured (I) (2019),5.0,3.584641695022583
rw1900279,The Last Big Thing (1996),0.5,2.977565288543701
rw5261677,See (2019– ),3.0,3.2442128658294678
rw2855147,Blue Jasmine (2013),5.0,2.1924703121185303
rw6092662,The Way I See It (2020),4.5,3.4027881622314453
rw0093392,Finders Keepers (1966),2.5,2.6974101066589355
rw1835651,Hot Dog (II) (1930),1.5,4.776592254638672
rw3401796,The Outlaw Michael Howe (2013 TV Movie),1.5,3.669957160949707
rw4379061,The Disaster Artist (2017),4.5,3.27034330368042
rw5328925,Le notti bianche (1957),5.0,2.5480151176452637
rw0656824,Spiders (2000),3.0,1.63711416721344
rw4996126,The InBetween (2019),0.5,4.969212532043457
rw4578767,Joysticks (1983),2.0,2.037771463394165
rw3044046,Kill List (2011),0.5,2.4336259365081787
rw6210851,The Whittler (2020),1.0,5.0
rw4590981,Nocturnal Animals (2016),4.0,3.3427419662475586
rw5037115,Gangs of Wasseypur (2012),5.0,3.5674099922180176
rw2920399,The Parallax View (1974),3.5,2.5620059967041016
rw1123813,Charlie and the Chocolate Factory (2005),4.0,3.687251567840576
rw4041772,The Tradesmen (2011),4.0,3.495360851287842
rw1381504,Bad Education (2004),5.0,4.139457702636719
rw2064583,Star Trek (2009),2.5,2.0102391242980957
rw1030978,Mark of the Devil (1970),2.0,4.586299896240234
rw2308443,Nikita (2010–2013),1.5,3.541114091873169
rw1074665,The Thing About My Folks (2005),5.0,5.0
rw2153401,The Men Who Stare at Goats (2009),4.0,4.04060173034668
rw2055285,American Violet (2008),2.5,3.0887975692749023
rw5920198,Love Life (2020– ),5.0,3.6109864711761475
rw3554195,Operation Mekong (2016),5.0,2.3505237102508545
rw0065766,Some Came Running (1958),4.0,2.3036532402038574
rw4830136,The Blackcoat's Daughter (I) (2015),3.5,3.146737575531006
rw4702138,Captain Marvel (2019),5.0,3.265042781829834
rw1578195,The Covenant (2006),3.0,2.010143280029297
rw4080699,The Greatest Showman (2017),4.5,4.385802268981934
rw4344184,Game of Thrones (2011–2019),5.0,2.549907684326172
rw1451112,The Apostle (1997),5.0,3.080737829208374
rw0077264,Gigot (1962),5.0,4.0291595458984375
rw6168068,Interreflections (2020),5.0,3.38279128074646
rw0986620,Highlander (1986),4.5,3.249347448348999
rw4425078,Shimmer Lake (2017),4.5,1.9183390140533447
rw3100421,Haider (2014),4.5,2.707463264465332
rw4298139,Inbred (2011),0.5,2.22638201713562
rw0913694,De-Lovely (2004),5.0,4.425678730010986
rw3024252,The Tingler (1959),3.5,4.864229679107666
rw4910745,Absolutely Anything (2015),3.5,2.076671600341797
rw3611545,Knight of Cups (2015),1.0,3.588188886642456
rw5583578,The Amazing Mr. Williams (1939),4.0,3.7489171028137207
rw0202324,Liquid Sky (1982),4.5,3.453411102294922
rw1169663,Kansen (2004),3.0,3.358405590057373
rw1533869,American Dreamz (2006),4.0,2.7972116470336914
rw1475931,The Seven Year Itch (1955),5.0,4.58044958114624
rw5987174,Super Monsters (2017– ),5.0,3.564528226852417
rw0046321,Above and Beyond (1952),4.5,2.9482250213623047
rw2246823,The Deer Hunter (1978),4.0,3.5453202724456787
rw5514732,Intelligence (2020– ),0.5,3.6950771808624268
rw5880860,Daredevil (2015–2018),5.0,4.417128562927246
rw1659614,Children of Men (2006),3.0,5.0
rw0108754,Popi (1969),5.0,3.8467319011688232
rw0786393,L'adversaire (2002),4.0,5.0
rw3293215,Star Wars: Episode II - Attack of the Clones (2002),3.5,3.3873772621154785
rw4063037,The Lincoln Lawyer (2011),2.0,3.3487324714660645
rw1171790,I Am Dina (2002),5.0,2.375584840774536
rw1112051,Fullmetal Alchemist (2003–2004),4.5,4.327953338623047
rw6385910,Four Weddings and a Funeral (2019),4.0,3.702392101287842
rw3559247,The Siege of Jadotville (2016),3.0,3.630380630493164
rw5192123,I Spit on Your Grave (2010),1.0,3.2853775024414062
rw2996291,Delivery Man (2013),5.0,2.2400155067443848
rw2208123,Fast & Furious (2009),4.0,3.718921422958374
rw0746462,The Pianist (2002),4.5,2.718416690826416
rw5880924,The Rookie (1990),3.5,1.1832389831542969
rw1419562,The Shawshank Redemption (1994),4.5,5.0
rw5228312,John Wick (2014),3.0,3.03185772895813
rw1077041,Tarnation (2003),4.0,3.573758602142334
rw1394388,The Devil's Rejects (2005),5.0,2.383542537689209
rw1384107,Four Brothers (2005),4.0,2.9467713832855225
rw6245533,Paranormal (2020– ),3.0,2.521172523498535
rw1401790,End Game (2006),2.5,2.891494035720825
rw4336871,If Beale Street Could Talk (2018),4.5,4.057377815246582
rw4407290,The Haunting of Hill House (2018),5.0,3.506439685821533
rw0993127,Super Fuzz (1980),1.0,2.8645501136779785
rw0693326,Mistress Madeleine (1986),2.0,3.644489288330078
rw3411985,The Imitation Game (2014),3.0,4.032111167907715
rw0512230,Planet of the Apes (2001),1.5,3.257533073425293
rw2690618,Wrong Turn 5: Bloodlines (2012 Video),0.5,3.526493787765503
rw3455897,The Pyramid (2014),3.0,3.6496970653533936
rw1715845,Family Guy (1999– ),3.0,3.428363084793091
rw4771989,The Code (2019– ),1.5,3.418376922607422
rw6128338,Enola Holmes (2020),4.5,2.413529634475708
rw5884219,Sufiyum Sujatayum (2020),5.0,5.0
rw2484026,The Book of Eli (2010),0.5,2.672044277191162
rw5910231,The Invisible Man (I) (2020),4.0,3.944912910461426
rw2537067,The Adventures of Tintin (2011),5.0,2.6085894107818604
rw5063930,Parey Hut Love (2019),1.0,3.703570604324341
rw5486173,High Fidelity (2020),5.0,3.6735310554504395
rw1918631,The Swimmer (1968),4.5,3.3277196884155273
rw2879674,East of Shanghai (1931),3.5,2.2168374061584473
rw3465543,Locke (2013),5.0,3.885420560836792
rw3818305,Baby Driver (2017),4.0,3.627748966217041
rw2623838,One More River (1934),5.0,3.7120800018310547
rw0599069,Gladiator (2000),5.0,4.589158058166504
rw5483577,The Goop Lab (2020– ),3.5,3.286594867706299
rw4930415,Good Girls (2018– ),4.5,5.0
rw1958577,The Zombie Diaries (2006),5.0,3.285834789276123
rw2338791,Morning Glory (2010),4.0,3.8386621475219727
rw1795114,16 Blocks (2006),2.5,1.7558224201202393
rw2533992,Sout-e payan (2011),3.5,3.6109864711761475
rw3745101,Amore tra le rovine (2015),2.5,4.637568473815918
rw2898839,Seven Years in Tibet (1997),4.0,3.030930280685425
rw1401493,Nuvvostanante Nenoddantana (2005),4.0,4.871208667755127
rw3195286,Maps to the Stars (2014),0.5,3.8842813968658447
rw1031835,All That Jazz (1979),4.5,3.454559326171875
rw0461372,The Lord of the Rings: The Fellowship of the Ring (2001),4.0,4.008378505706787
rw5467026,Parasite (2019),5.0,3.8155832290649414
rw2435157,The Taint (2011),4.5,3.3750879764556885
rw3663043,The Student (2016),4.0,3.215658187866211
rw5010326,Lewis Black: Black to the Future (2016 TV Special),0.5,2.252894401550293
rw1030929,Inseminoid (1981),3.0,3.8374881744384766
rw2143842,Where the Wild Things Are (2009),5.0,3.9423577785491943
rw4073315,Star Wars: Episode VIII - The Last Jedi (2017),0.5,3.589708089828491
rw0595866,The Haunting (1999),0.5,3.074551582336426
rw1965675,Octopus (2000 Video),2.0,2.9315292835235596
rw1291037,Æon Flux (2005),1.5,3.9639177322387695
rw3466811,Theri (2016),5.0,3.542268991470337
rw4290991,Blade Runner 2049 (2017),4.5,3.7664408683776855
rw3449402,The Lady from Shanghai (1947),3.5,2.997769355773926
rw3414190,Fury (2014),2.0,3.315551280975342
rw1310638,Saw II (2005),1.5,3.2654941082000732
rw0431204,Scream 2 (1997),5.0,3.05454158782959
rw1913337,The Dark Knight (2008),5.0,3.7922325134277344
rw0701043,The Fast and the Furious (2001),2.5,1.9470844268798828
rw2692023,Trash Humpers (2009),0.5,1.7525911331176758
rw4952616,Zombieland (2009),4.5,3.6964423656463623
rw2320925,Madrasapattinam (2010),4.0,2.4413554668426514
rw6450385,Chasing the Rain (2020),0.5,3.644489288330078
rw5632916,Resident Evil (2002),3.0,3.6883633136749268
rw1339322,The Benchwarmers (2006),0.5,3.099426031112671
rw3013408,Omar (2013),3.0,4.3940863609313965
rw5139515,A Slight Case of Larceny (1953),3.0,2.7319397926330566
rw1179775,Funny Man (1994),4.5,2.872321367263794
rw4012909,The Shape of Water (2017),5.0,3.365752935409546
rw0310179,Memoirs of an Invisible Man (1992),4.0,1.8723011016845703
rw3703514,3 Generations (2015),2.5,5.0
rw5256669,Maleficent: Mistress of Evil (2019),4.5,3.3680782318115234
rw5446863,Clerks (1994),2.0,4.363377571105957
rw3812477,Baby Driver (2017),4.0,3.374723434448242
rw2916195,Krrish 3 (2013),5.0,3.7467665672302246
rw5765722,Fantasy Island (2020),1.0,3.0576820373535156
rw2970432,Dallas Buyers Club (2013),4.0,3.2984704971313477
rw1852086,Little Women (1933),3.5,2.613748550415039
rw3842791,Kingsman: The Golden Circle (2017),0.5,3.504798173904419
rw1107418,Les petits fils (2004),5.0,4.119843006134033
rw0348502,The Shawshank Redemption (1994),5.0,4.876822471618652
rw4615103,Charmed (2018– ),0.5,3.016955852508545
rw1280968,Plankton (1994 Video),3.0,3.605985164642334
rw2937947,The Portal (I) (2010),0.5,3.148653984069824
rw1085851,American Beauty (1999),5.0,3.1578269004821777
rw0658819,Dr. T & the Women (2000),1.5,4.580023765563965
rw1075774,Kingdom of Heaven (2005),3.5,3.751585006713867
rw3194901,Kingsman: The Secret Service (2014),4.5,3.2741682529449463
rw4521272,The 12th Man (2017),4.0,3.666107654571533
rw2208178,Ninja (2009),3.0,4.916364669799805
rw0237339,White Slave (1985),3.0,3.0072646141052246
rw3066491,Kissing Darkness (2014),0.5,0.5
rw2803221,Star Trek Into Darkness (2013),1.0,2.4728353023529053
rw0656681,One Night at McCool's (2001),3.5,3.7379586696624756
rw3101519,Time Out of Mind (2014),0.5,3.4713821411132812
rw4992211,El hombre de al lado (2009),4.5,4.196736812591553
rw4684412,Bodyguard (2018),4.5,3.887807846069336
rw1636728,Panic in the Streets (1950),3.5,2.619675636291504
rw0981940,And Justice for All (1979),4.0,2.998312473297119
rw2563560,The Tree of Life (2011),1.0,2.8980493545532227
rw0553053,Jawbreaker (1999),2.5,2.9139671325683594
rw2672160,The Man Who Knew Too Much (1934),4.0,3.3489990234375
rw5776149,Public Enemies (2009),4.0,3.4445345401763916
rw3771586,Girlfriend Killer (2017 TV Movie),2.5,2.9442572593688965
rw2101708,Transformers: Revenge of the Fallen (2009),1.5,1.9749324321746826
rw4290612,Heathers (2018),5.0,2.7868409156799316
rw4230878,The First Purge (2018),4.0,2.9417450428009033
rw1049570,What I Want My Words to Do to You: Voices from Inside a Women's Maximum Security Prison (2003),5.0,3.118255138397217
rw1789285,The Thing (1982),5.0,3.539708137512207
rw4803945,Shazam! (2019),0.5,3.100066900253296
rw3524731,The Get Down (2016–2017),4.5,1.7915630340576172
rw0247978,No Way Out (1987),5.0,1.9488883018493652
rw6226003,Endless Corridor (2014),5.0,3.644489288330078
rw5735954,The Shawshank Redemption (1994),5.0,4.871950626373291
rw5501774,The Last Man on Earth (1964),3.0,4.903012275695801
rw1932675,Two Thousand Maniacs! (1964),3.0,4.385291576385498
rw1913802,Hopalong Cassidy Returns (1936),5.0,4.312809944152832
rw5053252,The Giant Gila Monster (1959),2.0,2.7363243103027344
rw1477934,I Am a Sex Addict (2005),0.5,2.58473539352417
rw1675965,Army Wives (2007–2013),5.0,3.644489288330078
rw4299340,Suburban Commando (1991),3.5,3.235930919647217
rw4125479,Murder on the Orient Express (2017),2.5,2.4070539474487305
rw6403807,Godmothered (2020),2.0,3.1383070945739746
rw0752716,Road to Perdition (2002),4.0,3.4661121368408203
rw4095525,Brimstone (2016),4.0,3.1833722591400146
rw1138973,Charlie and the Chocolate Factory (2005),5.0,3.687251567840576
rw2425686,The Love Parade (1929),3.5,4.9991984367370605
rw6302103,Cinema Paradiso (1988),5.0,4.131591320037842
rw1529741,That's Carry On! (1977),2.5,2.2625977993011475
rw0848064,Barbershop (2002),2.5,4.847471714019775
rw1779110,The Love Letter (1999),3.5,3.1225290298461914
rw3662008,Logan (2017),3.0,2.4806196689605713
rw0599875,Gladiator (2000),4.0,4.226567268371582
rw1139581,Sky High (2005),4.0,2.706064224243164
rw4685612,Suppose They Gave a War and Nobody Came (1970),2.5,3.89994478225708
rw3176709,Holiday: A Soldier is Never Off Duty (2014),5.0,2.2044270038604736
rw0265830,The 'Burbs (1989),5.0,3.200000762939453
rw3123171,The Dorm That Dripped Blood (1982),3.5,3.5280423164367676
rw2184324,Bad Reputation (2005),1.0,5.0
rw2349105,The Extra Man (2010),2.5,4.132739543914795
rw0679026,Pearl Harbor (2001),0.5,1.300194501876831
rw6004446,The Tax Collector (2020),3.0,1.7284729480743408
rw4731850,Battlestar Galactica (2004–2009),5.0,3.02778959274292
rw2784578,Adventures in Babysitting (1987),4.0,2.805779457092285
rw2767351,S. Darko (2009),5.0,4.628602027893066
rw4202790,BrainDead (2016),3.5,2.890733242034912
rw2736792,Blood and Lace (1971),1.5,4.095573425292969
rw5600382,The Guilty (2018),3.5,2.338127851486206
rw5943199,Arbitrage (2012),3.0,2.381345748901367
rw0495664,Shrek (2001),5.0,3.5528604984283447
rw4611100,Polar (I) (2019),5.0,2.900348663330078
rw1669343,Catch and Release (II) (2006),2.5,4.615388870239258
rw3451925,Star Wars: Episode VII - The Force Awakens (2015),3.5,2.4542267322540283
rw6090734,Constantine (2005),3.0,2.28759765625
rw3679372,Looking for Ms. Locklear (2008),4.5,5.0
rw3715249,The Americans (2013–2018),2.5,3.644489288330078
rw2105016,The Farmer Takes a Wife (1935),3.0,3.7087557315826416
rw0606727,Galaxy Quest (1999),2.0,2.652376890182495
rw6325664,The Christmas Chronicles: Part Two (2020),5.0,3.8552491664886475
rw3518657,An American Rhapsody (2001),1.0,2.8283705711364746
rw1706782,Jesus Camp (2006),4.5,2.835850954055786
rw1016406,A Man for All Seasons (1966),4.5,2.5426440238952637
rw1113343,The Jerk (1979),3.0,3.2275917530059814
rw3408802,Shoah (1985),2.0,2.416747570037842
rw2086813,Transformers: Revenge of the Fallen (2009),0.5,2.0880284309387207
rw1081790,Chaplin (1992),5.0,3.5449180603027344
rw1427765,Relative Strangers (2006),4.0,3.5350725650787354
rw5200994,Primal (2019– ),5.0,3.8504552841186523
rw5210126,Arctic (2018),0.5,3.7591958045959473
rw0864346,Runaway Jury (2003),1.0,3.2674219608306885
rw4043947,Step Sisters (2018),4.0,3.6857991218566895
rw3556016,True Blood (2008–2014),5.0,4.475040912628174
rw5454110,It Chapter Two (2019),0.5,3.9807910919189453
rw2568445,Beginners (2010),1.5,4.4545674324035645
rw5682799,Brazil (1985),5.0,3.7334322929382324
rw4173001,Carter & June (2017),4.5,3.138484001159668
rw3726045,The Mummy (2017),3.0,2.473219394683838
rw5525869,A Wakefield Project (2019),0.5,1.8801350593566895
rw6180435,Affenkönig (2016),3.0,4.499748229980469
rw3302264,Straight Outta Compton (2015),5.0,3.6168875694274902
rw4720177,Stratton (2017),4.0,3.915363311767578
rw6394089,The Midnight Sky (2020),4.0,2.4342331886291504
rw3720752,Forsaken (I) (2015),3.0,3.0580625534057617
rw3116422,Starry Eyes (2014),3.5,3.6776695251464844
rw4599211,What the Bleep!?: Down the Rabbit Hole (2006),1.5,2.6097805500030518
rw2250665,Transformers: Revenge of the Fallen (2009),1.0,1.7700659036636353
rw6272372,Bloody Ballet (2018),2.0,3.3997278213500977
rw3226823,The Cabin in the Woods (2011),3.0,2.547713279724121
rw3102740,Meet the Mormons (2014),5.0,4.443190574645996
rw2082641,Transformers (2007),4.0,2.2171518802642822
rw4227449,Justin Bieber: Never Say Never (2011),5.0,3.6828155517578125
rw3365532,8 Million Ways to Die (1986),3.0,2.5178728103637695
rw5147231,Bard of Blood (2019– ),5.0,4.162798881530762
rw3857761,Murder on the Orient Express (2017),3.0,2.8142004013061523
rw4110928,The Titan (2018),2.0,3.7687838077545166
rw4321195,Star Wars: Episode III - Revenge of the Sith (2005),4.0,4.467658042907715
rw5671042,Extraction (2020),0.5,2.31607723236084
rw0722553,The Man Who Wasn't There (2001),3.5,4.118147850036621
rw6430060,Paurashpur (2020– ),5.0,3.7165944576263428
rw0825348,X-Men 2 (2003),4.5,3.556814670562744
rw1916395,Airplane II: The Sequel (1982),3.0,3.709540843963623
rw5011250,Ardaas Karaan (2019),5.0,2.6033003330230713
rw3552192,Mr. Church (2016),5.0,3.622117519378662
rw5499705,Patriot (II) (2015–2018),5.0,3.027839183807373
rw0869935,Spider-Man 2 (2004),5.0,3.434889078140259
rw4838830,iMurders (2008),2.5,2.890839099884033
rw3736679,Bo Burnham: Make Happy (2016 TV Special),0.5,4.016180515289307
rw5888474,Two Lovers (2008),5.0,3.521683931350708
rw4431254,A Star Is Born (2018),2.5,3.4628243446350098
rw2406003,Wallander (2008–2016),4.0,3.8504436016082764
rw1308953,Hackers (1995),0.5,3.6704602241516113
rw4796730,Destined to Be Ingested (2008),1.5,3.006498336791992
rw1809376,The Art of Travel (2008),4.5,2.9589271545410156
rw4427843,Smoke (2018–2019),4.0,3.8159074783325195
rw1541138,Pulp Fiction (1994),5.0,4.447929382324219
rw0038742,Portrait of Jennie (1948),5.0,3.191375494003296
rw0673841,Tully (2000),5.0,3.7870032787323
rw2598964,The Glass Key (1942),4.5,3.4329264163970947
rw3201786,Exodus: Gods and Kings (2014),0.5,3.6881637573242188
rw3377816,In the Heart of the Sea (2015),3.5,2.6199817657470703
rw4202873,The Last Guest (2017),3.0,3.078902244567871
rw2161891,破碎的擁抱 (2009),3.5,2.8969030380249023
rw0032935,The Picture of Dorian Gray (1945),3.5,4.01405143737793
rw0427454,Nightwatch (1997),4.0,4.257256507873535
rw4324464,The Nun (2018),0.5,3.912940502166748
rw6063540,Infidelity in Suburbia (2017 TV Movie),1.0,3.6784310340881348
rw3621020,The Legend of Tarzan (2016),4.0,3.2112817764282227
rw4259731,The Hangover (2009),0.5,2.744387626647949
rw0677891,Pearl Harbor (2001),5.0,1.300194501876831
rw1527964,Guest House Paradiso (1999),3.0,3.8944735527038574
rw3523802,You Only Live Twice (1967),4.0,3.4973771572113037
rw3856586,Death on the Diamond (1934),4.5,3.6794962882995605
rw5566159,One Way (IV) (2016),1.0,4.484277725219727
rw0565722,Cast Away (2000),2.5,3.771869659423828
rw6297984,Run (I) (2020),3.5,2.244760513305664
rw0179341,Raise the Titanic (1980),0.5,2.4231512546539307
rw1735247,The Bourne Ultimatum (2007),1.0,3.486191511154175
rw6222432,Christine (1983),4.0,2.242435932159424
rw5992272,Gunjan Saxena: The Kargil Girl (2020),4.5,3.9287726879119873
rw3800720,It (I) (2017),4.0,3.56662654876709
rw0727829,Windtalkers (2002),0.5,1.9741582870483398
rw6104404,Dolly Kitty and Those Twinkling Stars (2019),5.0,3.1039628982543945
rw4380824,The Best Exotic Marigold Hotel (2011),4.0,4.259008407592773
rw5548468,Spenser Confidential (2020),0.5,3.211848735809326
rw0843009,Hero (2002),2.5,3.442446708679199
rw1566944,Boy-Next-Door (2004),5.0,2.903419017791748
rw2373555,Nowhere Boy (2009),3.5,4.527547836303711
rw0153028,Exorcist II: The Heretic (1977),2.5,3.532395362854004
rw3527008,Little Devils: The Birth (1993),3.0,3.737072706222534
rw0978931,Close Your Eyes (2002),1.5,5.0
rw3836107,Baby Driver (2017),4.0,3.374723434448242
rw3192644,Drive In Massacre (1976),1.0,1.9815024137496948
rw4311680,Mamma Mia! Here We Go Again (2018),2.0,3.8795175552368164
rw3869971,Coco (I) (2017),5.0,3.638965129852295
rw1335214,Oldboy (2003),0.5,3.5929059982299805
rw5853675,Rurouni Kenshin Part I: Origins (2012),4.5,2.8368966579437256
rw3402765,Ti guan (1979),5.0,3.644489288330078
rw5719602,Crossroads (1986),3.5,4.377302169799805
rw4132009,Jumanji: Welcome to the Jungle (2017),3.5,2.8766326904296875
rw4417817,The Haunting of Hill House (2018),4.5,3.506439685821533
rw3000831,The Amazing Spider-Man 2 (2014),0.5,4.498594284057617
rw0545078,The Legend of Bagger Vance (2000),0.5,3.586606502532959
rw2624133,Skew (2011),0.5,2.3035521507263184
rw3831404,Insidious (I) (2010),3.0,4.023672580718994
rw5450769,Anveshanam (2020),4.0,3.6109864711761475
rw5458820,Registe (2014),5.0,3.6775994300842285
rw3290560,Tag (2015),4.0,4.041957378387451
rw3078831,The Prince (I) (2014),4.5,2.959191083908081
rw1201353,Finding Nemo (2003),1.0,3.673158645629883
rw3444377,The Hateful Eight (2015),2.5,2.569443702697754
rw4408998,Gone (I) (2012),2.5,2.9205129146575928
rw4405866,Titans (I) (2018– ),0.5,3.0318315029144287
rw0393931,The Rock (1996),5.0,2.9904990196228027
rw1464565,Mountain Patrol (2004),5.0,3.8868844509124756
rw5658224,Over the Hedge (2006),2.0,3.625255584716797
rw5381109,Tõde ja õigus (2019),5.0,2.2775957584381104
rw4257527,The Shawshank Redemption (1994),3.5,5.0
rw4480994,Ralph Breaks the Internet (2018),2.5,3.230947971343994
rw5120592,Dream Girl (III) (2019),4.5,4.2446112632751465
rw2966782,Wreckage (I) (2010),3.5,2.4522151947021484
rw1783205,Transformers (2007),1.5,2.706059217453003
rw6018679,The Perfect Storm (2000),4.0,3.2262465953826904
rw5491619,Adults in the Room (2019),5.0,2.4611129760742188
rw6271363,Knock Knock (I) (2015),4.0,3.707380771636963
rw3666892,The Blood Is at the Doorstep (2017),5.0,3.9612491130828857
rw5585472,Sling Blade (1996),4.0,3.904580593109131
rw4717513,Captain Marvel (2019),3.0,3.265042781829834
rw1912745,The Dark Knight (2008),5.0,3.7922325134277344
rw2269190,Accepted (2006),4.0,2.9846854209899902
rw2246249,Iron Man 2 (2010),4.0,3.7572379112243652
rw0162704,Night Cries (1978 TV Movie),5.0,1.565977692604065
rw1128401,War of the Worlds (2005),3.5,3.7288575172424316
rw0654845,Moulin Rouge! (2001),5.0,3.422994613647461
rw2908779,Steamboy (2004),2.0,2.2787723541259766
rw2009415,Life Is Beautiful (1997),4.0,4.006329536437988
rw1150239,Four Brothers (2005),5.0,3.2683496475219727
rw3331145,Money Train (1995),3.5,4.562758445739746
rw4940737,All Roads Lead (2013),1.0,3.7165944576263428
rw3344136,Steve Jobs (2015),2.5,1.7677040100097656
rw3232699,Black or White (2014),4.0,3.06199312210083
rw5936040,Dil Bechara (2020),5.0,4.191620826721191
rw3340087,The Purge (I) (2013),2.5,2.5392396450042725
rw5409403,Bumblebee (I) (2018),3.0,3.117738723754883
rw1653006,FTV (1985– ),5.0,3.6109864711761475
rw2547621,Catwoman (2004),0.5,3.6109237670898438
rw2135419,Eraserhead (1977),2.5,4.452968597412109
rw1456590,Mulholland Dr. (2001),3.5,2.5448079109191895
rw6083425,Away (2020),0.5,2.8655385971069336
rw2644412,黑店狂想曲 (1991),4.5,2.7202470302581787
rw5220057,The War of the Worlds (2019),1.5,4.318942546844482
rw1913062,The Cradle (2007),2.5,1.8496825695037842
rw1889921,The Searchers (1956),5.0,3.8075380325317383
rw0856192,Honogurai mizu no soko kara (2002),2.0,4.070946216583252
rw3239821,Project Almanac (2015),1.0,2.708341598510742
rw3673835,Criminal Minds (2005–2020),1.0,4.034334659576416
rw6116956,The Invisible Man (I) (2020),3.5,3.434879779815674
rw4497454,The Fear Footage (2018),1.0,2.4485387802124023
rw0080840,Charade (1963),4.5,4.176734447479248
rw0046337,Against All Flags (1952),3.0,4.035964012145996
rw2748424,福爾摩斯與華生 (2012–2019),2.5,1.7661709785461426
rw5450605,Midsommar (2019),0.5,3.7505102157592773
rw3528429,Tracks (I) (2013),3.5,3.2349369525909424
rw5464414,Monster-in-Law (2005),3.5,3.444261074066162
rw0103406,Night of the Living Dead (1968),5.0,3.9052648544311523
rw3748129,The Red Turtle (2016),4.5,1.9948129653930664
rw4507645,NXT TakeOver: Brooklyn IV (2018 TV Special),3.5,2.8835556507110596
rw1692308,Opposite Sex (2000),5.0,2.3404476642608643
rw1487550,Heat Wave (1990 TV Movie),4.0,3.590352773666382
rw4197971,Shooter (2016–2018),3.0,2.615027666091919
rw4738312,Beauty and the Beast (1991),5.0,4.871748924255371
rw6339600,The Highwaymen (2019),4.5,3.4996705055236816
rw2332177,"The Chronicles of Narnia: The Lion, the Witch and the Wardrobe (2005)",4.5,4.774255275726318
rw0897586,Lost in Translation (2003),3.5,5.0
rw2451333,Hugs and Mugs (1950),3.5,3.6775994300842285
rw1029985,Girl Fever (2002),3.5,3.703570604324341
rw2909649,Intolerance: Love's Struggle Throughout the Ages (1916),4.0,2.5324161052703857
rw2239248,No Impact Man: The Documentary (2009),4.0,2.6695613861083984
rw1110664,Land of the Dead (2005),5.0,4.123671531677246
rw3015080,The Flight of Dragons (1982 Video),4.5,2.7903029918670654
rw4210590,Goliath (2016– ),4.5,3.7187609672546387
rw3871900,The Viking Queen (1967),2.5,3.6361048221588135
rw6130057,Tenet (2020),4.5,3.2533721923828125
rw3355066,Mr. and Mrs. North (1942),3.0,3.613236427307129
rw0469386,Safe Men (1998),5.0,2.4003396034240723
rw4258456,Mission: Impossible - Fallout (2018),4.0,3.8548851013183594
rw4155125,Deception (2018),2.5,3.327083110809326
rw3483580,X-Men: Apocalypse (2016),3.5,2.5834619998931885
rw3756003,Song of Scheherazade (1947),4.0,2.986832618713379
rw5596257,Star Wars: Episode VII - The Force Awakens (2015),0.5,2.750143051147461
rw3450473,The Death of Superman Lives: What Happened? (2015),4.0,3.4970383644104004
rw5435673,Harley Street (2008– ),0.5,3.3486461639404297
rw5502597,The Pale Horse (2020),0.5,2.9376704692840576
rw2839730,Spring Breakers (2012),0.5,1.0881121158599854
rw0430001,Passion's Way (1999 TV Movie),3.0,2.693721055984497
rw5658393,Triple Frontier (2019),4.5,3.646486759185791
rw1211273,Natural Born Killers (1994),5.0,4.207005500793457
rw5278854,A Beautiful Day in the Neighborhood (2019),2.5,4.693914413452148
rw3771923,Son of Bigfoot (2017),5.0,2.9180994033813477
rw4419373,The Killing of a Sacred Deer (2017),2.0,3.5548341274261475
rw4444928,Batman (1989),4.0,3.5594911575317383
rw5154379,Emergence (2019–2020),4.5,4.406386852264404
rw0897072,Lost in Translation (2003),4.5,4.14952278137207
rw2478693,Jonathan Livingston Seagull (1973),2.0,3.559826612472534
rw4805927,Avengers: Endgame (2019),3.0,3.9982428550720215
rw0874169,Angels in America (2003),4.0,3.4699044227600098
rw5620644,Shikara (2020),4.5,3.491604804992676
rw2000882,Batman (1989),4.0,3.6793227195739746
rw1466258,Cellular (2004),3.5,2.3147025108337402
rw4368412,God Friended Me (2018–2020),5.0,4.0694193840026855
rw2972913,X-15 (1961),2.5,4.631931304931641
rw4237348,How It Ends (2018),4.5,3.3954663276672363
rw1049324,Internal Affairs (1990),3.0,2.8546695709228516
rw5503960,Sanditon (2019),2.0,3.7165944576263428
rw1895553,Hollywood Steps Out (1941),5.0,4.004344940185547
rw1679010,Mr. Brooks (2007),4.5,4.521706581115723
rw5246788,Jojo Rabbit (2019),4.5,4.5255866050720215
rw3211019,It Follows (2014),3.5,4.026354789733887
rw2056589,The Adventures of Mark Twain (1944),3.5,4.305012226104736
rw4199765,The Lesson (2015),1.5,2.227938175201416
rw4203075,Incredibles 2 (2018),5.0,3.745230197906494
rw5895619,The Berlin Bride (2020),5.0,4.748176574707031
rw4658115,Exorcist II: The Heretic (1977),3.0,3.532395362854004
rw4101577,Life After Manson (2014),3.0,3.9126081466674805
rw4098924,Jason Bourne (I) (2016),0.5,3.5255191326141357
rw5529282,Sonic the Hedgehog (2020),5.0,2.5712451934814453
rw3694611,The Penthouse (1967),3.5,2.8036139011383057
rw0424575,Ma vie en rose (1997),5.0,2.558471918106079
rw1825406,I Met the Walrus (2007),3.0,3.688952922821045
rw5840177,The Last of Us: Part II (2020 Video Game),2.5,2.1295504570007324
rw4610271,Suicide Squad (2016),0.5,1.8948031663894653
rw2614903,Department (2012),0.5,3.15922474861145
rw2773369,Money Movers (1978),3.5,1.7415435314178467
rw2963090,Sirens (1994),4.0,0.6771104335784912
rw3499405,The Admiral: Roaring Currents (2014),3.5,3.4139292240142822
rw0576772,Detroit Rock City (1999),4.0,5.0
rw1768338,Thompson (1988),5.0,3.703570604324341
rw1781780,Merry Christmas Mr. Lawrence (1983),5.0,2.966815710067749
rw4810530,Dumbo (2019),2.0,2.0214695930480957
rw1566407,Windtalkers (2002),1.0,1.9741582870483398
rw1344585,Riki Riki (2005),4.0,3.6109864711761475
rw5067786,The Rebound (2009),5.0,3.4396719932556152
rw0148479,La marge (1976),5.0,2.2899792194366455
rw2063744,Star Trek (2009),4.0,2.620457887649536
rw6183002,Hot Mess (2018),5.0,3.353280544281006
rw3377634,The Cape Town Affair (1967),2.5,2.7986390590667725
rw1011833,Coward of the County (1981 TV Movie),2.5,3.095791816711426
rw1686003,The Adventures of Buckaroo Banzai Across the 8th Dimension (1984),4.0,4.3533830642700195
rw1615401,內陸帝國 (2006),4.5,2.8237109184265137
rw3576900,The Hateful Eight (2015),0.5,3.5347142219543457
rw2565976,The Children (2008),3.5,3.0350232124328613
rw1312196,The Women of Charmed (2000 TV Movie),4.5,2.4837779998779297
rw1339160,Fahrenheit 9/11 (2004),4.0,2.7330808639526367
rw4982564,Midsommar (2019),3.0,2.852959632873535
rw5984837,Three Colors: Red (1994),3.5,2.9959702491760254
rw4039774,Iron Sky (2012),4.0,2.6341757774353027
rw3769011,Sylvia Scarlett (1935),2.0,3.485694169998169
rw0200773,Eddie and the Cruisers (1983),5.0,3.3099167346954346
rw1971156,The List (I) (2007),0.5,3.8560049533843994
rw0950476,Anything But Love (2002),4.5,3.411350965499878
rw5815699,Godzilla: King of the Monsters (2019),2.5,3.4783742427825928
rw0707438,Better Than Sex (2000),2.0,3.820094108581543
rw5410786,Resident Evil: Extinction (2007),3.5,1.425917625427246
rw4629015,Polar (I) (2019),4.0,2.900348663330078
rw4127555,The Good Fight (I) (2017– ),4.0,1.6229883432388306
rw2640144,The Hill (1965),5.0,4.085476875305176
rw3202761,Interstellar (2014),4.0,3.2832491397857666
rw5927777,Ad Astra (2019),5.0,3.3664448261260986
rw5817000,The Victims' Game (2020– ),4.5,2.4032177925109863
rw5220738,Gummo (1997),0.5,3.4340827465057373
rw4898832,Spider-Man: Into the Spider-Verse (2018),5.0,4.641819953918457
rw6226606,Endless Corridor (2014),5.0,3.6109864711761475
rw1699668,1408 (2007),5.0,2.9156768321990967
rw6104152,The Cabin in the Woods (2011),4.0,2.547713279724121
rw1563722,Guilty by Association (2003 Video),0.5,3.220487117767334
rw1162226,Titanic (1997),5.0,3.4802517890930176
rw0203125,Never Say Never Again (1983),3.0,3.510382652282715
rw2549246,Brideshead Revisited (2008),1.5,2.8918352127075195
rw4794558,Forrest Gump (1994),5.0,4.27159309387207
rw3030409,Edge of Tomorrow (2014),4.0,2.4588780403137207
rw4575071,Uri: The Surgical Strike (2018),4.0,3.7296838760375977
rw1386378,Molokai (1999),3.5,4.045757293701172
rw4608394,Unbreakable (2000),4.0,2.57857084274292
rw1772357,High School Musical (2006 TV Movie),0.5,2.982943296432495
rw3496527,De Palma (2015),5.0,3.325997829437256
rw5622239,Black Sabbath (1963),3.5,3.8310422897338867
rw6200781,Lady Bird (2017),3.5,4.072667598724365
rw3231694,The Good Wife (2009–2016),5.0,2.958697557449341
rw2803804,Gregory Go Boom (2013),5.0,3.7165944576263428
rw6012049,Sputnik (2020),3.5,3.582581043243408
rw5665503,The Willoughbys (2020),5.0,3.4430928230285645
rw1502416,The Cat in the Hat (2003),3.0,3.1236531734466553
rw4534933,Holmes & Watson (2018),0.5,2.81614351272583
rw3069658,Kick-Ass 2 (2013),2.5,3.318380355834961
rw4355045,A Simple Favor (2018),0.5,3.10037899017334
rw2806106,Father and Daughter (2000),3.5,4.496489524841309
rw4447585,"Like, la leyenda (2018– )",0.5,2.43277907371521
rw3677492,The Walking Dead (2010– ),5.0,2.6981685161590576
rw1615542,危機四伏 (2000),1.5,2.8942885398864746
rw5984036,Anelka: Misunderstood (2020),0.5,5.0
rw0011687,The World Changes (1933),3.0,3.460648775100708
rw4993277,13 Graves (2019),4.0,1.4916660785675049
rw5945346,Mrs. Serial Killer (2020),5.0,3.939056396484375
rw2116667,The Mean Season (1985),3.5,4.0788373947143555
rw5978223,Mortal (I) (2020),3.5,2.1096155643463135
rw0663729,Çalikusu (1966),5.0,4.256584644317627
rw4306117,Slender Man (2018),5.0,1.5632586479187012
rw1783340,1408 (2007),2.5,2.9156768321990967
rw4370257,Halloween (1978),5.0,3.710300922393799
rw5557114,C Kkompany (2008),3.5,4.182779788970947
rw2243006,A Nightmare on Elm Street (2010),1.5,2.968069076538086
rw2393668,The Big Trail (1930),3.5,3.5019659996032715
rw6218729,Strangerland (2015),4.0,2.235589027404785
rw2833163,Crossing Lines (2013–2015),3.5,3.7165944576263428
rw1244917,King Kong (2005),4.0,2.6343579292297363
rw1592060,The Messengers (2007),2.0,0.8657293319702148
rw6047601,Blow the Man Down (2019),4.0,3.7358551025390625
rw5742703,The Farewell (I) (2019),3.0,2.3407657146453857
rw3524267,Grimm (2011–2017),2.0,3.5550198554992676
rw2246826,The Perfect Game (2009),4.5,3.9079031944274902
rw1162247,Sahara (2005),3.5,3.292238235473633
rw2850672,Law Abiding Citizen (2009),2.5,3.3841371536254883
rw5607841,Resident Evil 6 (2012 Video Game),4.0,3.213207960128784
rw5017918,Another Life (2019– ),0.5,2.620284080505371
rw1842331,Carver (2008 Video),3.5,3.5136260986328125
rw4758989,Ambulance (2016– ),5.0,5.0
rw3794198,Shot Caller (2017),2.5,3.782632827758789
rw4716672,Bad Lieutenant (1992),5.0,3.792184352874756
rw1245816,A Christmas Carol (1984 TV Movie),5.0,4.795747756958008
rw5092572,The Dead Don't Die (2019),4.5,0.5
rw5535347,Rebro Adama (1991),4.5,3.8557863235473633
rw4712073,Captain Marvel (2019),5.0,3.265042781829834
rw2591887,Wrath of the Titans (2012),3.5,4.631063938140869
rw3005381,Elf (2003),4.0,3.6855483055114746
rw2967313,Filth (I) (2013),4.0,4.625154495239258
rw0659480,The Dish (2000),5.0,4.277475357055664
rw6354012,The Invisible Guardian (2017),4.5,3.07643723487854
rw3437920,Bennie Stout (2011),5.0,5.0
rw4483200,The Big Short (2015),5.0,3.033992052078247
rw2475871,Reservation (2011),2.5,2.7003045082092285
rw4173762,Maps to the Stars (2014),4.5,2.487821340560913
rw4563771,Ricochet (1991),0.5,3.416794776916504
rw1564354,Happily N'Ever After (2006),2.5,2.3609752655029297
rw1505119,Torchwood (2006–2011),2.5,3.7165944576263428
rw4894768,Fail Safe (1964),4.5,3.622415542602539
rw3413994,The Revenant (2015),0.5,3.099180221557617
rw2297999,No Country for Old Men (2007),3.5,2.472593069076538
rw4159878,Not Suitable for Children (2012),4.0,2.9965500831604004
rw4170059,Cargo (I) (2017),3.0,2.520406723022461
rw1888023,Guess Who's Coming to Dinner (1967),4.5,4.8209991455078125
rw3440234,Batman v Superman: Dawn of Justice (2016),4.5,3.7673795223236084
rw3479693,Take Back Your Power (2013),3.0,3.7165944576263428
rw5084535,Aliens (1986),5.0,3.3084590435028076
rw4689208,Char Man (2019),0.5,3.483083724975586
rw1397049,Livelihood (2005),4.5,2.5226669311523438
rw4902236,The Angry Video Game Nerd (2004– ),5.0,3.39461612701416
rw4807536,The Orville (2017– ),4.5,4.400892734527588
rw5480229,Edge of the Axe (1988),1.0,2.162234306335449
rw0278969,Awakenings (1990),5.0,1.7528218030929565
rw3030019,Phantoms (1998),3.0,3.7091381549835205
rw5772346,Jason X (2001),0.5,1.9699113368988037
rw3458522,Where to Invade Next (2015),5.0,4.371994495391846
rw0460812,The Lord of the Rings: The Fellowship of the Ring (2001),1.0,3.464139223098755
rw4228118,Deceived (1991),3.5,1.3633034229278564
rw4547283,Santa Claus Conquers the Martians (1964),3.0,3.081096887588501
rw6424909,The Orville (2017– ),5.0,4.568650722503662
rw1170450,Kelly's Heroes (1970),4.5,3.0221447944641113
rw0160375,Halloween (1978),5.0,4.14871883392334
rw1640087,Long Way Round (2004–2010),1.0,5.0
rw3676478,RoboCop (1988),4.0,3.36629319190979
rw1495321,The Evil of Frankenstein (1964),3.0,3.293771266937256
rw4626603,Green Book (2018),4.5,3.5932271480560303
rw4307500,Pieces (1982),3.5,4.118149757385254
rw5702216,Wonderwall (1968),1.5,3.564368486404419
rw3514880,Arnold (1973),1.0,2.945466995239258
rw5839191,Detective Byomkesh Bakshy! (2015),5.0,1.999039649963379
rw5190383,Love Is Not Enough (I) (2019),5.0,1.9027456045150757
rw0455703,Halloween H20: 20 Years Later (1998),2.0,2.3659329414367676
rw2968131,Cloverfield (2008),0.5,3.760342597961426
rw5890359,Fantasy Island (2020),0.5,2.688694715499878
rw2247797,Simón del desierto (1965),4.0,3.5492489337921143
rw5775746,Grant (2020),4.0,3.696587085723877
rw5742117,Scoob! (2020),0.5,2.626474380493164
rw4610480,Silenced (2011),5.0,3.3971762657165527
rw2307612,Once a Thief (1965),3.5,3.510030746459961
rw4228504,Marcella (2016– ),4.5,3.676162004470825
rw4056220,The Last Man on Earth (2015–2018),4.5,2.747244119644165
rw6332982,The Big Lebowski (1998),5.0,3.386014223098755
rw1613759,The Return of Doctor X (1939),3.0,3.98870587348938
rw0511165,The Matrix (1999),5.0,3.1138484477996826
rw2918846,Turner & Hooch (1989),1.0,4.786713123321533
rw3237396,Teenage Mutant Ninja Turtles (2014),2.5,1.7753006219863892
rw1528920,Curse of the Demon (1957),4.5,3.799149513244629
rw6390103,Jett (2019– ),5.0,4.031876564025879
rw4915276,Repossessed (1990),0.5,4.756237030029297
rw4178130,A Quiet Place (2018),1.5,3.1756694316864014
rw2815005,Full Metal Jacket (1987),4.5,2.77988338470459
rw1451145,Snakes on a Plane (2006),3.0,4.004770278930664
rw5827064,The Family (I) (2013),2.5,4.013364791870117
rw6018630,The Babadook (2014),0.5,4.195917129516602
rw4591592,Glass (2019),5.0,2.741091728210449
rw6224287,Endless Corridor (2014),0.5,3.703570604324341
rw5699360,2 Guns (2013),5.0,2.2901389598846436
rw2988640,The Green Mile (1999),4.5,3.631653308868408
rw0656981,Animal Factory (2000),4.0,5.0
rw1143873,The Chumscrubber (2005),0.5,2.5442018508911133
rw4718922,What Lies Ahead (2019),4.5,2.8524062633514404
rw1366999,Curb Your Enthusiasm (2000– ),5.0,2.147153377532959
rw2072512,Meet the Spartans (2008),1.0,3.536405086517334
rw5203210,The Haunting of Hill House (2018),5.0,3.806281566619873
rw4713172,Valerian and the City of a Thousand Planets (2017),5.0,3.6480185985565186
rw3030808,About Last Night (2014),2.5,2.290926933288574
rw1843923,Hardcore (1979),3.5,2.965811252593994
rw4094131,Flower (I) (2017),0.5,3.556062698364258
rw2408098,True Heart Susie (1919),3.0,2.587160587310791
rw5315404,Playmobil: The Movie (2019),3.0,3.671802043914795
rw4042921,Mountain (I) (2017),1.5,4.109059810638428
rw1990734,You Only Live Twice (1967),3.5,3.043850898742676
rw0424032,L.A. Without a Map (1998),3.5,3.4404873847961426
rw3538543,Star Wars: Episode VII - The Force Awakens (2015),3.5,2.4542267322540283
rw2399103,Four Lions (2010),1.5,2.205836772918701
rw4278208,Fist of Fury (1972),5.0,3.5271413326263428
rw3203352,The Pyramid (2014),4.0,3.3475310802459717
rw4165076,Monster Family (2017),0.5,3.6901016235351562
rw5011697,Shazam! (2019),0.5,3.3251423835754395
rw6420657,Wonder Woman 1984 (2020),0.5,3.2153384685516357
rw1558208,The Masque of the Red Death (1964),3.0,2.4638285636901855
rw2826794,Furious 6 (2013),3.0,3.6618521213531494
rw1796645,One Hour Photo (2002),4.0,4.851532936096191
rw4515166,The Brass Teapot (2012),3.5,1.9698796272277832
rw0667047,The Mummy Returns (2001),0.5,3.323119640350342
rw2295472,Eat Pray Love (2010),3.5,3.0189318656921387
rw6351361,Ava (IV) (2020),1.0,3.5325658321380615
rw5920934,WingMen (2016–2020),4.5,3.7165944576263428
rw1690889,Harry Potter and the Order of the Phoenix (2007),3.0,3.653627395629883
rw2614295,The Dictator (2012),4.0,3.500781297683716
rw4364570,Another Perfect Stranger (2007),5.0,3.746150493621826
rw4110186,Brawl in Cell Block 99 (2017),1.5,4.51271390914917
rw2619823,Best Friends Forever (2012),5.0,4.835577964782715
rw4757305,The Man from Earth: Holocene (2017),0.5,3.741551399230957
rw6129282,The Leftovers (2014–2017),0.5,4.0323805809021
rw2731672,Project: Metalbeast (1995),2.5,3.038567066192627
rw3033458,Absolute Zero (2006 TV Movie),0.5,1.88724946975708
rw5577371,I Dream of Jeannie (1965–1970),5.0,1.4850739240646362
rw0950525,The Hard Way (1980 TV Movie),4.5,3.167886257171631
rw1379938,Gunga Din (1939),2.5,4.263662338256836
rw1262059,Jungle Assault (1989),0.5,3.703570604324341
rw4135419,Lost in Space (2018– ),3.0,2.827043294906616
rw2902764,The Clinic (I) (2003–2009),5.0,3.524048328399658
rw1596224,The Last King of Scotland (2006),3.5,3.446960926055908
rw2255901,Inferno (II) (1999),2.0,2.5348739624023438
rw2224037,This Is the Army (1943),4.0,3.009643793106079
rw1964909,The Happening (2008),1.0,3.5717225074768066
rw1347079,A Chorus Line (1985),3.0,4.062282562255859
rw3021724,Philomena (2013),4.0,3.6276519298553467
rw0040276,The Hidden Room (1949),4.5,3.586880683898926
rw1264626,It Came from Outer Space (1953),4.0,3.06660532951355
rw5567278,Amateur Night (2016),0.5,3.824268102645874
rw1940680,The Dark Knight (2008),5.0,3.7138431072235107
rw6228269,Guillermo Villas: Settling the Score (2020),2.5,0.7736058235168457
rw5256241,Alvin and the Chipmunks: The Road Chip (2015),5.0,4.346831798553467
rw0480360,Star Wars: Episode I - The Phantom Menace (1999),3.5,3.229336738586426
rw6294359,Interstellar (2014),0.5,3.9519381523132324
rw3134196,State of Affairs (2014–2015),5.0,0.9609925746917725
rw5390734,Demon Slayer: Kimetsu No Yaiba (2019– ),4.5,3.7165944576263428
rw2899067,Free Birds (2013),3.0,3.867949962615967
rw6223904,Endless Corridor (2014),0.5,3.703570604324341
rw1941093,Yateem (1988),4.0,3.9624392986297607
rw2172525,As Time Goes By (1992–2005),5.0,3.7272067070007324
rw1301993,The Eavesdropper (2004),5.0,3.6591379642486572
rw5915662,The Stendhal Syndrome (1996),3.0,4.421596527099609
rw2889536,Twice Born (2012),2.0,4.627669811248779
rw6125366,Mrs. Serial Killer (2020),5.0,3.652965784072876
rw3237989,The Burning Dead (2015),0.5,3.089585304260254
rw3255185,Scary Movie V (2013),2.5,2.349658250808716
rw4749911,Stepfather III (1992 TV Movie),2.5,2.2636234760284424
rw5236902,A Wrinkle in Time (2018),4.0,4.517813682556152
rw2779897,Shopping (1994),5.0,5.0
rw2325312,Desire (1936),4.0,3.765714645385742
rw2140614,Camp Blood (2000 Video),2.0,3.8010246753692627
rw5875655,A Midsummer Night's Dream (I) (2019),5.0,3.3312759399414062
rw1352622,Scary Movie 4 (2006),1.0,3.3307838439941406
rw0699563,The Others (2001),4.0,2.8723537921905518
rw2077330,Violent Saturday (1955),4.0,5.0
rw1784547,Sweeney Todd: The Demon Barber of Fleet Street (2007),2.0,3.443567991256714
rw4168514,Black Panther (2018),2.5,3.146589517593384
rw3305163,Wolf Hall (2015),3.5,1.4128514528274536
rw3757427,Free to Choose (1980– ),5.0,3.57523250579834
rw2523245,Scalpel (1977),3.5,2.706333637237549
rw4772337,Iron Man (2008),5.0,3.024545431137085
rw2413979,Deathrow Gameshow (1987),1.5,4.015913963317871
rw0010613,Ever in My Heart (1933),5.0,3.6866719722747803
rw0988768,Pink Narcissus (1971),4.5,1.8427351713180542
rw1275179,Hostel (2005),4.0,3.0167763233184814
rw0885642,Mystic River (2003),3.0,3.920013666152954
rw2334981,Monsters (2010),0.5,3.64951491355896
rw6362510,Transsiberian (2008),3.0,2.221134662628174
rw1801400,Jackass Number Two (2006),2.0,4.4033966064453125
rw2153761,Mercury Rising (1998),1.5,1.7490770816802979
rw5440225,Hell on Wheels (2011–2016),5.0,3.337434768676758
rw4544461,The Oath (2018),3.0,4.2405619621276855
rw0089669,The Human Duplicators (1965),1.5,3.9895472526550293
rw1685128,Aap Kaa Surroor: The Moviee - The Real Luv Story (2007),0.5,1.9477968215942383
rw6423647,Black Widows (2020– ),5.0,3.5592222213745117
rw3579419,The Exorcist (2016–2018),4.5,3.644489288330078
rw4852992,Let the Right One In (2008),3.5,2.3760623931884766
rw0176673,The Gods Must Be Crazy (1980),4.5,3.2381420135498047
rw1982632,Twilight (I) (2008),0.5,2.4846935272216797
rw2560315,Cars 2 (2011),4.5,3.1976137161254883
rw1563558,The Eddy Duchin Story (1956),4.0,3.3120412826538086
rw6146921,Serious Men (2020),5.0,3.9220635890960693
rw1415554,Pirates of the Caribbean: Dead Man's Chest (2006),1.0,2.68365216255188
rw4013646,The Hitter (1978),4.0,2.9811007976531982
rw1508890,Werewolf in a Girls' Dormitory (1961),2.0,2.8602294921875
rw4895115,Viral Beauty (2018),4.5,1.756932020187378
rw5964205,Whiplash (2014),4.5,3.804130792617798
rw3099666,Scream (1996),5.0,3.6219229698181152
rw4713377,Captain Marvel (2019),3.0,3.265042781829834
rw2824662,Fires Were Started (1943),2.5,2.3044073581695557
rw4993468,Super 30 (2019),5.0,4.354457855224609
rw0791590,Amores Possíveis (2001),4.0,2.8924713134765625
rw1550961,Elf (2003),3.0,3.7647809982299805
rw2964523,Lawrence of Arabia (1962),5.0,2.0275018215179443
rw0161084,The Hobbit (1977 TV Movie),5.0,3.412938117980957
rw5844464,Wasp Network (2019),3.5,4.075964450836182
rw1200216,Wallace & Gromit: The Curse of the Were-Rabbit (2005),4.0,3.6631829738616943
rw2808128,After Earth (2013),1.0,2.4357316493988037
rw1602258,Thirtysomething (1987–1991),5.0,3.8402862548828125
rw2383331,MacGruber (2010),0.5,4.139840602874756
rw5019390,K.G.F: Chapter 1 (2018),5.0,4.200596332550049
rw3776639,It Came from Outer Space (1953),2.0,3.06660532951355
rw2101701,Drag Me to Hell (2009),3.0,3.222074031829834
rw0322485,Groundhog Day (1993),4.5,4.976503849029541
rw2460871,The Undefeated (2011),5.0,4.075652599334717
rw5157070,Sierra Burgess Is a Loser (2018),1.0,4.247934341430664
rw3285213,Wolf Warrior (2015),1.5,3.360057830810547
rw4541610,Rapurasu no majo (2018),1.0,3.027834892272949
rw0980842,Bridget Jones: The Edge of Reason (2004),3.5,3.6184608936309814
rw4505090,Hold the Dark (2018),3.5,3.142277717590332
rw1539110,Rio Bravo (1959),4.0,3.6078877449035645
rw0010202,Alice in Wonderland (1933),3.5,2.9223570823669434
rw2765799,Night Drive (1977 TV Movie),4.0,3.1969268321990967
rw0244008,Friendship's Death (1987),4.0,3.5987467765808105
rw1287250,Dirty Dancing: Havana Nights (2004),5.0,1.4456015825271606
rw4801547,Happy Anniversary (I) (2018),2.5,3.094204902648926
rw4779726,The Twilight Zone (2019– ),0.5,2.671607494354248
rw1035430,On the Riviera (1951),2.5,3.8906354904174805
rw5678670,Coco (I) (2017),4.0,4.078251838684082
rw1636619,The Assassination of Richard Nixon (2004),1.5,4.0687384605407715
rw6060715,Abhay (2019– ),5.0,4.172846794128418
rw3696791,Eloise (2016),0.5,1.571395993232727
rw1639360,One Way (II) (2006),4.5,1.498061180114746
rw5147636,Un amour impossible (2018),5.0,3.8610730171203613
rw2897251,The Mortal Instruments: City of Bones (2013),2.5,4.061919689178467
rw5663092,Ice Princess (2005),3.5,3.1035993099212646
rw1297815,The Seventh Stream (2001 TV Movie),3.5,3.7857236862182617
rw4752852,Unplanned (I) (2019),5.0,2.162184476852417
rw1340981,Jackass: The Movie (2002),5.0,4.723352432250977
rw4825711,Vikings (2013–2020),5.0,3.8325419425964355
rw4556922,The Invitation (I) (2015),5.0,5.0
rw4043660,Padmaavat (2018),1.5,3.472632884979248
rw2539036,La donna del lago (1992 TV Movie),3.5,1.6386419534683228
rw1792494,Species (1995),3.0,4.474732875823975
rw5790648,Clemency (2019),2.5,3.899852752685547
rw2379572,One Flew Over the Cuckoo's Nest (1975),4.5,4.107532501220703
rw6306363,One for the Money (2012),0.5,3.2357406616210938
rw5441775,Judy (II) (2019),5.0,5.0
rw0992341,Riders of the Rio Grande (1943),3.5,3.4898786544799805
rw3724834,The Hunter (IV) (2011),4.0,1.433861494064331
rw0237413,Sherman's March (1985),0.5,3.3345208168029785
rw6120797,Enola Holmes (2020),4.5,2.413529634475708
rw3756340,Arrival (II) (2016),2.0,3.052685260772705
rw3497507,Hillbillys in a Haunted House (1967),1.5,3.7041425704956055
rw2400783,Hereafter (2010),2.5,3.4871041774749756
rw1842616,The Deaths of Ian Stone (2007),4.5,2.759556770324707
rw5270068,After the Wedding (2019),4.5,5.0
rw3600987,London Has Fallen (2016),2.0,4.094321250915527
rw3385071,Star Wars: Episode VII - The Force Awakens (2015),4.0,2.0572397708892822
rw6273609,Come Next Spring (1956),3.0,3.168294906616211
rw4915002,PM Narendra Modi (2019),5.0,3.6405954360961914
rw4306483,Neon Genesis Evangelion: The End of Evangelion (1997),0.5,4.519312381744385
rw2859993,The Old Curiosity Shop (2007 TV Movie),3.5,3.2713396549224854
rw2995241,The Lorax (2012),3.0,3.730665683746338
rw1454858,The Comeback (2005–2014),5.0,4.409515857696533
rw1586354,Apocalypto (2006),1.5,3.755185842514038
rw2546082,L'important c'est d'aimer (1975),0.5,3.7679316997528076
rw3253932,Hercules (I) (2014),4.0,4.799962997436523
rw4207130,Picnic at Hanging Rock (2018),4.0,4.080913066864014
rw5243447,Jack Ryan (2018– ),3.0,3.233736038208008
rw1119764,Dr. No (1962),2.5,3.9982402324676514
rw5375584,Men in Black: International (2019),4.5,3.973930597305298
rw5920739,Dark (2017–2020),5.0,3.623586654663086
rw5253349,Now You See Me 2 (2016),5.0,3.255345582962036
rw2489551,City by the Sea (2002),4.0,3.2548491954803467
rw6279009,His House (2020),3.0,3.595336437225342
rw0890415,Seabiscuit (2003),4.0,3.5495545864105225
rw3063502,Delirium (2014 TV Movie),1.0,4.1881422996521
rw4418110,An Hour to Kill (2018),5.0,3.7074217796325684
rw0171914,The Warriors (1979),4.5,5.0
rw4007329,Star Wars: Episode VIII - The Last Jedi (2017),3.0,3.589708089828491
rw2016966,The President Is Coming (2009),1.0,3.7165944576263428
rw6268146,Twilight (I) (2008),1.5,2.4846935272216797
rw2549420,Rasputin (2011),1.5,3.270169258117676
rw1748309,Veronica Mars (2004–2019),4.5,2.3210344314575195
rw2458640,Koyaanisqatsi (1982),5.0,4.427770137786865
rw1699132,Running with Scissors (2006),2.5,3.2816033363342285
rw4133138,For The People (2018–2019),4.0,4.601628303527832
rw3335579,The Jokesters (2015),3.5,3.5656557083129883
rw3034917,Hara-Kiri (1962),4.0,4.809469223022461
rw4211984,Lost in Space (2018– ),0.5,3.298038959503174
rw1563786,Batman (1989),5.0,3.5594911575317383
rw5112965,Brightburn (2019),5.0,2.9034597873687744
rw3405002,Surviving Christmas (2004),3.0,4.166419982910156
rw5262158,Serenity (2019),4.5,3.0892910957336426
rw6076699,Advokaten (2018– ),5.0,4.635646343231201
rw4745921,Rampage (2018),3.5,3.935228109359741
rw4532640,Bird Box (2018),2.0,3.413766860961914
rw5980860,Indiana Jones and the Temple of Doom (1984),4.5,5.0
rw3212458,Arrow (2012–2020),4.5,2.0485739707946777
rw2499415,Transformers: Dark of the Moon (2011),0.5,3.3966240882873535
rw2321273,Kangaroo Jack (2003),0.5,2.566671371459961
rw5325579,L'homme qui voulait vivre sa vie (2010),3.5,4.274388790130615
rw2426320,Annie Hall (1977),4.0,3.143555164337158
rw6269373,The Cake General (2018),5.0,3.9377801418304443
rw1611612,Toward the Unknown (1956),4.0,4.240906715393066
rw4386712,Eghantham (2018),5.0,3.046815872192383
rw3317378,Harry Potter and the Sorcerer's Stone (2001),5.0,3.897160053253174
rw1310377,Blunder Boys (1955),4.5,3.703570604324341
rw4036559,Regression (I) (2015),4.0,4.30770206451416
rw4729196,The Widow (I) (2019),2.5,3.1014630794525146
rw4768213,Star Wars: Episode II - Attack of the Clones (2002),2.5,3.3873772621154785
rw6188632,The Handmaid's Tale (2017– ),4.5,3.015031099319458
rw3812697,Zero Kelvin (1995),3.0,3.4623188972473145
rw3551711,ARQ (2016),4.5,3.2481637001037598
rw3071914,Carlos (2010),5.0,4.914112091064453
rw4860273,Union Pacific (1939),2.5,4.559136867523193
rw6448461,Coolie No. 1 (2020),0.5,1.5170490741729736
rw6349431,The Christmas Chronicles: Part Two (2020),4.0,4.016916751861572
rw2717968,Mattie (2011),3.5,4.697488784790039
rw0804137,The Good Thief (2002),3.5,3.6109864711761475
rw2203525,Broom-Stick Bunny (1956),5.0,3.703570604324341
rw3813121,Bad Company (1995),2.5,3.904506206512451
rw0276592,Uncle Buck (1989),5.0,3.676567554473877
rw3445109,Milk Money (1994),2.0,3.4477760791778564
rw1967076,Angel Face (1953),4.0,5.0
rw3372383,Black Christmas (1974),4.5,3.7401552200317383
rw5984175,Another Woman (1988),3.0,3.4324936866760254
rw3522258,Daylight's End (2016),4.5,2.9697608947753906
rw2293647,Night Comes Too Soon (1948),3.0,3.703570604324341
rw3420991,Penance (I) (2009),1.0,2.421673536300659
rw0663620,Nuremberg (2000),2.0,4.069308280944824
rw2935276,The Godfather: Part II (1974),4.5,4.399290561676025
rw3375801,Supergirl (2015–2021),5.0,3.2285125255584717
rw4144581,The Week Of (2018),0.5,3.3105528354644775
rw1726515,Eragon (2006),2.5,3.138518810272217
rw1370635,Shane (1953),4.0,2.792187213897705
rw2254231,The House on Sorority Row (1982),1.5,3.813539981842041
rw2691722,Fast Girls (2012),2.5,3.570432662963867
rw3198767,Gone Girl (2014),4.0,3.4640583992004395
rw3010110,Transcendence (I) (2014),5.0,2.8639731407165527
rw4082619,Spirited Away (2001),5.0,4.588834762573242
rw3199058,Man on the Moon (1999),5.0,3.379045009613037
rw1666328,Sahara (2005),3.5,3.292238235473633
rw4760020,The Decks Ran Red (1958),2.0,3.2807953357696533
rw2598946,Titanic (2012),2.5,3.3566558361053467
rw4090796,Winter Kills (1979),1.0,3.1869680881500244
rw1480440,The Monster of Piedras Blancas (1959),3.5,2.775221347808838
rw0253800,Akira (1988),5.0,3.8852696418762207
rw1555888,The Return of the Living Dead (1985),4.5,4.289477348327637
rw4031421,Side Effects (I) (2013),3.5,4.621825218200684
rw1686040,The Flying Scotsman (2006),4.5,2.897505283355713
rw6355149,Durgamati: The Myth (2020),0.5,2.622391700744629
rw1483365,V for Vendetta (2005),5.0,3.613177537918091
rw3321546,Limitless (2015–2016),2.5,3.6935973167419434
rw0485829,Star Wars: Episode II - Attack of the Clones (2002),4.0,3.122535467147827
rw3398568,Dickson Experimental Sound Film (1894),3.5,3.8959178924560547
rw5311116,BoBoiBoy Movie 2 (2019),2.5,2.740663528442383
rw3104894,Haider (2014),3.5,3.3331949710845947
rw1354068,Broken Flowers (2005),0.5,4.1330060958862305
rw6368977,In Time (2011),3.5,3.0087432861328125
rw1286984,Private Lessons (1981),3.5,4.391132831573486
rw2191499,神鬼尖兵 (1999),4.5,2.4711802005767822
rw2310928,Drag Me to Hell (2009),4.0,3.222074031829834
rw0959388,Saw (2004),5.0,2.5783934593200684
rw5780023,The House of Violent Desire (2018),0.5,3.0140724182128906
rw1108975,Young Winston (1972),3.0,4.267190456390381
rw2076240,Pride and Glory (2008),3.0,3.6332597732543945
rw1431356,Easter Parade (1948),4.5,2.6025991439819336
rw4169335,Chevalier (2015),3.0,4.828821182250977
rw5610383,Katha Sangama (2019),4.0,4.869524955749512
rw3056663,Hachi (2009),5.0,2.8702805042266846
rw2139277,The Chronicles of Narnia: Prince Caspian (2008),5.0,3.612680196762085
rw4372808,Live (IV) (2018),3.0,4.090102195739746
rw1522476,Harsh Times (2005),0.5,3.213020086288452
rw3635877,Mr. Church (2016),5.0,3.3162593841552734
rw5465607,El Camino: A Breaking Bad Movie (2019),3.5,4.3597412109375
rw1985316,Che: Part Two (2008),5.0,3.373293399810791
rw4136223,Riverdale (2017– ),4.0,2.5666017532348633
rw3556523,Shamitabh (2015),2.5,3.82942271232605
rw6394630,The Midnight Sky (2020),4.5,2.4342331886291504
rw6323184,The Simpsons Movie (2007),4.5,3.2854223251342773
rw1773574,The Golden Compass (2007),1.5,2.914761543273926
rw3641615,The Americans (2013–2018),1.0,3.644489288330078
rw2168411,Reign of the Gargoyles (2007 TV Movie),1.5,3.6253607273101807
rw2738723,Tôshô Daimos (1978–1979),5.0,1.7716737985610962
rw3868625,The Illusionist (2006),4.0,2.6947426795959473
rw1691052,Battle Beyond the Stars (1980),5.0,3.258350133895874
rw2456984,The Company Men (2010),4.0,3.852219581604004
rw4403253,My Life as a Zucchini (2016),4.5,2.9027938842773438
rw1042353,Ice Princess (2005),4.0,2.929391384124756
rw2889784,Waar (2013),4.5,3.5773322582244873
rw2705402,暮光之城：破曉2 (2012),5.0,3.9473299980163574
rw3595307,La La Land (2016),3.0,2.6214520931243896
rw1311301,House II: The Second Story (1987),3.5,4.6173224449157715
rw2174693,The Younger Generation (1929),3.0,3.644489288330078
rw2023217,BloodRayne: Deliverance (2007 Video),0.5,2.7031354904174805
rw6342468,Intezaar (2020),4.5,3.752358913421631
rw6073022,After We Collided (2020),4.0,1.5307509899139404
rw0184804,Excalibur (1981),5.0,3.427125930786133
rw0406217,In the Mood for Love (2000),4.0,2.8261430263519287
rw3381894,Paper Towns (2015),4.0,3.4054760932922363
rw6446874,La llorona (2019),3.5,2.51265811920166
rw4808290,Avengers: Endgame (2019),5.0,4.070282936096191
rw3374308,Star Wars: Episode VII - The Force Awakens (2015),3.0,2.491412878036499
rw1083203,Unleashed (2005),3.5,3.457078695297241
rw3275999,"It's the Easter Beagle, Charlie Brown! (1974 TV Movie)",2.0,3.175713062286377
rw3487478,Ace Ventura: When Nature Calls (1995),4.0,1.1306426525115967
rw2377421,The Traveler (I) (2010),0.5,4.116396427154541
rw1691377,Die Hard 4.0 (2007),0.5,3.038079261779785
rw6104963,The Devil All the Time (2020),5.0,2.8868966102600098
rw3360149,Gran Torino (2008),2.5,4.33479118347168
rw1104674,Hitch (I) (2005),1.0,1.7709176540374756
rw0797097,Elling (2001),4.0,4.02599573135376
rw6021189,Stalker (1979),1.0,2.990947961807251
rw5242751,Parasite (2019),4.0,3.8155832290649414
rw0599743,Gladiator (2000),4.0,4.589158058166504
rw1782569,Aaja Nachle (2007),4.5,5.0
rw1332116,Kidon (2005),4.5,3.481842517852783
rw0690602,Halloween: Resurrection (2002),0.5,1.5420408248901367
rw1674469,Mr. Brooks (2007),4.0,3.8703043460845947
rw2338074,Unstoppable (2010),2.0,2.0364909172058105
rw4129122,Phantom Thread (2017),4.5,3.0847585201263428
rw2526589,The Baby (1973),4.0,4.406457901000977
rw5643154,Take Point (2018),4.0,1.6584498882293701
rw4343707,Fallen Angel (1945),4.5,4.184039115905762
rw0999874,The Last Emperor (1987),5.0,5.0
rw2904641,2 Guns (2013),3.0,3.5699241161346436
rw4068260,Money Heist (2017– ),1.0,3.1111977100372314
rw1025845,Bride & Prejudice (2004),5.0,3.208375930786133
rw0548103,Children of the Corn V: Fields of Terror (1998 Video),1.5,4.123483180999756
rw3459202,Star Wars: Episode VII - The Force Awakens (2015),2.0,2.4542267322540283
rw3479161,Ender's Game (2013),3.0,3.350043296813965
rw3658446,Canvas of Death (2016),0.5,2.8491621017456055
rw1360715,Star Trek: Insurrection (1998),3.0,2.466718912124634
rw2762434,Barb Wire (1996),1.5,2.931330680847168
rw2406391,Se7en (1995),4.5,3.5430734157562256
rw5059574,The Banana Splits Movie (2019),4.5,3.70412540435791
rw1881939,The Andromeda Strain (2008),0.5,3.8056108951568604
rw3147619,The Loved One (1965),5.0,3.4963784217834473
rw1370517,Dangerous Assignment (1952– ),4.0,2.515873432159424
rw1163024,Roller Boogie (1979),0.5,3.216383457183838
rw3409350,Chhota Bheem Himalayan Adventure (2016),5.0,3.703570604324341
rw1502596,Jarhead (2005),1.5,3.2403011322021484
rw6019933,2gether (2020),5.0,3.4766807556152344
rw6276892,Soorarai Pottru (2020),5.0,4.549455642700195
rw0484334,Star Wars: Episode II - Attack of the Clones (2002),4.0,3.3873772621154785
rw0354996,American Job (1996),2.0,3.6775994300842285
rw5492409,Sanditon (2019),5.0,3.703570604324341
rw1157021,Supercross (2005),3.0,2.8324878215789795
rw2397284,Battle Los Angeles (2011),0.5,2.296715497970581
rw0019618,Gone with the Wind (1939),5.0,3.7887187004089355
rw2090015,Moon (2009),5.0,2.74562931060791
rw5643497,Paris est à nous (2019),4.5,3.919489860534668
rw2828286,Knick Knack (1989),4.0,4.735783100128174
rw1189600,Moog (2004),3.0,4.68138313293457
rw4788310,Escape Room (I) (2019),4.5,3.6330394744873047
rw5303031,安眠醫生 (2019),5.0,3.3958306312561035
rw4276365,2nd class (2018),3.5,3.879519462585449
rw1453634,Night Stalker (2005– ),2.5,2.7372591495513916
rw6146025,Apocalypse of Ice (2020),0.5,4.1653337478637695
rw1713027,Cidade de Deus (2002),4.5,3.587416410446167
rw4144738,The Walking Dead (2010– ),1.0,4.127268314361572
rw2593859,First Knight (1995),1.0,3.53853440284729
rw2158014,海盜電台 (2009),0.5,3.647542953491211
rw0878370,Freaky Friday (2003),4.5,2.7646148204803467
rw3102109,End of the Line (II) (2007),4.5,2.2524454593658447
rw1344092,Four Sided Triangle (1953),3.0,3.458038330078125
rw4270235,Raazi (2018),1.0,2.9435222148895264
rw1101658,Saint Ange (2004),0.5,2.8678622245788574
rw2376396,The Tourist (I) (2010),4.5,3.5897059440612793
rw0336046,Clerks (1994),5.0,3.813209295272827
rw1789139,Atonement (2007),1.0,3.674849271774292
rw5401610,Psycho Pike (1992 Video),3.0,3.2294325828552246
rw0637469,"Crouching Tiger, Hidden Dragon (2000)",4.5,4.11204195022583
rw0880365,Terror Toons (2002 Video),0.5,2.5049240589141846
rw4607458,Polar (I) (2019),4.0,4.580129623413086
rw2432462,Game of Thrones (2011–2019),0.5,3.3752801418304443
rw6408536,Coolie No. 1 (2020),0.5,2.0627665519714355
rw2556992,The Mask (1994),3.5,3.3627982139587402
rw1984859,Night of the Flesh Eaters (2008 Video),5.0,3.7165944576263428
rw5958464,The Town That Dreaded Sundown (2014),4.0,3.3326921463012695
rw5072902,Parivar (1956),5.0,3.644489288330078
rw0741357,Unfaithful (2002),5.0,3.5383503437042236
rw1755815,Phantom of the Paradise (1974),4.0,3.9159553050994873
rw2011559,Friday Foster (1975),4.5,3.9138951301574707
rw4223425,Hounds of Love (2016),4.5,3.9001240730285645
rw5669956,Hustle (2004–2012),3.0,2.518911361694336
rw5467619,The Exterminating Angel (1962),1.5,4.8998260498046875
rw3793062,Adam Had Four Sons (1941),2.0,3.4383621215820312
rw2557362,Bad Teacher (2011),2.0,2.0507185459136963
rw4147821,Rampage (2018),5.0,3.0491554737091064
rw0652346,Secrets (1992),2.0,4.160658836364746
rw5053261,My Fair Lady (1964),4.0,4.923749923706055
rw2207311,Transmorphers: Fall of Man (2009 Video),1.0,3.007406234741211
rw1129018,Fantastic Four (I) (2005),3.5,3.2944939136505127
rw1665852,Pirates of the Caribbean: At World's End (2007),5.0,2.926730155944824
rw4808789,Brave (2012),3.0,3.456263542175293
rw3618529,A Series of Unfortunate Events (2017–2019),4.5,2.6090478897094727
rw2301536,L'appât (1995),3.5,4.947260856628418
rw4555241,Bird Box (2018),3.5,3.3490443229675293
rw1395295,Just Friends (I) (2005),3.0,2.2045140266418457
rw5380406,You (2018– ),5.0,2.871227741241455
rw1717496,Lilies of the Field (1963),5.0,3.6843650341033936
rw1700133,The Core (2003),3.0,4.122757911682129
rw1909447,The Shawshank Redemption (1994),5.0,4.871950626373291
rw0413984,Almost Heroes (1998),5.0,3.6182069778442383
rw5764158,Snowpiercer (2013),4.0,2.85504150390625
rw4929666,Electrick Children (2012),3.0,3.2708821296691895
rw0874711,Big Fish (2003),5.0,2.9441699981689453
rw5646923,Sweet Sunshine (2020),4.5,3.51231050491333
rw6076531,Insomnia (2002),4.5,3.406789779663086
rw4612383,Bird Box (2018),2.0,3.3490443229675293
rw3685316,Major Grom (2017),4.0,3.2286956310272217
rw1709771,Pee-wee's Big Adventure (1985),5.0,2.5074210166931152
rw0055258,The Ladykillers (1955),4.5,4.372305393218994
rw3011331,Freeway (1996),5.0,3.564232110977173
rw2812266,Ringers: Lord of the Fans (2005),3.0,4.295115947723389
rw5983156,The Boys (2019– ),5.0,4.175487518310547
rw1071225,Sasori in U.S.A. (1997),1.5,3.2506937980651855
rw4676252,Hirugao (2017),0.5,2.073307514190674
rw1072847,Megalodon (2002 Video),0.5,3.5782859325408936
rw1765107,Enough (I) (2002),3.0,3.3259217739105225
rw3870273,Back to School (1986),3.5,3.2451653480529785
rw1548795,Blood of a Champion (2005 Video),1.5,4.2343645095825195
rw5200859,El Camino: A Breaking Bad Movie (2019),5.0,3.95893931388855
rw4264742,Skin Creepers (2018),3.5,2.0842297077178955
rw0582302,The Lord of the Rings: The Return of the King (2003),5.0,3.6865122318267822
rw2227453,The Devil on Horseback (1936),3.0,3.6109864711761475
rw5425344,Mother! (2017),0.5,3.4103400707244873
rw6396829,The Midnight Sky (2020),2.5,2.508676052093506
rw3045072,22 Jump Street (2014),4.5,1.7099953889846802
rw1839515,Faded Dreams (2007),4.0,2.4679958820343018
rw3161186,魔法黑森林 (2014),4.5,2.7535057067871094
rw4932058,X-Men: Dark Phoenix (2019),3.5,3.278956174850464
rw0246167,Leif (1987),5.0,4.559908866882324
rw1829289,Day of the Dead (2008 Video),4.0,2.4995155334472656
rw4591888,A Star Is Born (2018),3.0,3.7399585247039795
rw2060241,Se7en (1995),4.0,3.5430734157562256
rw5255309,Batwoman (2019– ),3.0,3.390733242034912
rw2174034,屍樂園 (2009),4.0,3.9491546154022217
rw4618301,Felix in Hollywood (1923),4.0,2.5095534324645996
rw2871853,Oz the Great and Powerful (2013),1.5,4.235685348510742
rw6371946,Home Alone (1990),4.0,4.747683525085449
rw4917680,Kesari (2019),4.5,3.4701616764068604
rw3375227,Bajirao Mastani (2015),5.0,3.879239797592163
rw2919615,Sooper Se Ooper (2013),2.5,3.13295841217041
rw0309269,The Last of the Mohicans (1992),5.0,3.6865878105163574
rw4780176,"Ruben Brandt, Collector (2018)",5.0,4.171934604644775
rw0468487,Resident Evil (2002),2.5,3.819138526916504
rw0203161,Never Say Never Again (1983),5.0,3.0915274620056152
rw2898808,Captain Phillips (2013),4.5,2.6846132278442383
rw0003310,Hot Water (1924),3.5,4.75761604309082
rw3352875,With These Hands (1950),2.5,4.027609348297119
rw4438692,Rings (2017),1.0,3.367729663848877
rw1916751,The Palm Beach Story (1942),5.0,3.1503491401672363
rw6015076,Pareeksha (2020),5.0,4.313854694366455
rw5607342,Danny Roane: First Time Director (2006),4.0,1.8571654558181763
rw4126886,The Last O.G. (2018– ),1.0,3.503159761428833
rw1018136,Safe House (1998),5.0,2.5512120723724365
rw5237883,The Game Changers (2018),5.0,3.6079745292663574
rw2785734,The Lords of Salem (2012),4.0,3.0141425132751465
rw3737171,Forrest Gump (1994),5.0,4.332755088806152
rw5212397,Parasite (2019),5.0,3.536754846572876
rw3614518,Burying the Ex (2014),3.0,2.1030781269073486
rw3694497,The Patience Stone (2012),3.5,3.888336658477783
rw2035128,American Drug War: The Last White Hope (2007),3.5,1.7921826839447021
rw1005104,The Village (2004),5.0,3.3222203254699707
rw1445412,South Park (1997– ),5.0,3.822567939758301
rw0536452,Nutty Professor II: The Klumps (2000),2.0,3.03879976272583
rw3644033,The Great Wall (I) (2016),5.0,4.198472023010254
rw0113352,Quiet Days in Clichy (1970),0.5,3.3242454528808594
rw5983272,The Butterfly Effect (2004),5.0,3.085707187652588
rw1706870,Run Ronnie Run (2002),1.5,3.2098631858825684
rw4356914,The Good Cop (2018),5.0,2.645575523376465
rw1922812,Dad's Army (1971),5.0,1.7960866689682007
rw1707654,Hobgoblins (1988),1.0,3.086040496826172
rw1283905,Brokeback Mountain (2005),5.0,5.0
rw1764312,Vampire Hunter D (1985),4.0,4.474423408508301
rw5807394,An Interview with God (2018),2.5,5.0
rw1348851,Silent Hill (2006),4.0,3.0330142974853516
rw5788711,Knights of the Zodiac: Saint Seiya (2019– ),5.0,4.798226356506348
rw2792475,Grave Encounters 2 (2012),1.5,3.2200779914855957
rw3507623,Frankenstein's Castle of Freaks (1974),3.0,3.8778481483459473
rw5119722,Code of the Wild (2019– ),0.5,3.7915542125701904
rw4574949,Master of Arms (2018– ),5.0,3.3065202236175537
rw3192342,"Two Days, One Night (2014)",5.0,2.9840426445007324
rw3063224,Get on Up (2014),4.5,4.343690872192383
rw4081288,Out of the Shadows (I) (2017),1.0,2.2510018348693848
rw2926874,House of Good and Evil (2013),0.5,4.510140419006348
rw5357570,Masum (2017),4.0,3.1149585247039795
rw5220303,I'm Not There (2007),2.5,3.298297643661499
rw4233535,Moonlight (I) (2016),3.5,3.469895362854004
rw2327836,Despicable Me (2010),4.0,3.447953939437866
rw2931078,Frozen (I) (2013),5.0,3.211760997772217
rw3036060,Borgman (2013),3.5,2.701631546020508
rw2824363,The Lone Ranger (2013),2.5,3.4386672973632812
rw2347918,The Matrix Revolutions (2003),1.5,2.006011486053467
rw1419022,Syriana (2005),4.0,3.377044677734375
rw3307833,Home (II) (2015),5.0,4.893134117126465
rw1804247,Cloverfield (2008),0.5,3.566002368927002
rw6089971,Rent-A-Pal (2020),4.5,3.3569393157958984
rw3849941,Singularity (I) (2017),0.5,3.353961229324341
rw1199699,Elizabethtown (2005),4.0,2.8635497093200684
rw4960342,Wonderful World (2009),3.0,3.3929872512817383
rw4057716,Eye in the Sky (2015),2.0,2.7077980041503906
rw1528841,Dhoom 2 (2006),4.5,3.231102466583252
rw2011169,Slumdog Millionaire (2008),0.5,3.2479774951934814
rw5419978,Hero (III) (2019),2.5,4.79129695892334
rw3625663,The Walking Dead (2010– ),5.0,4.127268314361572
rw2789025,Iron Man Three (2013),3.5,2.9019203186035156
rw3109848,The Last Will and Testament of Rosalind Leigh (2012),1.0,3.4943928718566895
rw0474693,U.S. Marshals (1998),3.5,3.607304811477661
rw0329016,Sins of Desire (1993),3.5,2.504188060760498
rw0922421,Finding John Christmas (2003 TV Movie),4.0,2.840610980987549
rw4685447,Vikingane (2016– ),5.0,3.5352015495300293
rw2495592,Gnomeo & Juliet (2011),4.5,3.707711696624756
rw2976496,300: Rise of an Empire (2014),4.5,2.9317212104797363
rw0454949,The Green Mile (1999),5.0,3.458761215209961
rw3747531,Baby Driver (2017),3.5,3.522632598876953
rw2516956,J. Edgar (2011),4.0,4.548052787780762
rw2137177,Scaramouche (1952),4.0,2.6829094886779785
rw3345958,The Man from U.N.C.L.E. (2015),4.5,1.571183681488037
rw5660829,The Turning (2020),0.5,2.1771252155303955
rw0044454,The Day the Earth Stood Still (1951),5.0,3.2866604328155518
rw2654468,Living with Wolves (2005 TV Movie),4.5,5.0
rw0228245,Weird Science (1985),3.5,2.9214744567871094
rw3606078,Assassin's Creed (2016),2.5,4.008139610290527
rw2039122,The Rocking Horse Winner (1949),3.5,1.475294589996338
rw3644439,Ransom (2017–2019),5.0,1.7860567569732666
rw5981766,Bad Boys (1995),3.5,3.8578107357025146
rw0431067,Scream 2 (1997),5.0,1.754630446434021
rw4991437,Spider-Man: Far from Home (2019),3.0,3.351762056350708
rw6426816,Jojo Rabbit (2019),4.5,4.013567924499512
rw0214773,Romancing the Stone (1984),4.0,3.89389967918396
rw4523973,Zero (III) (2018),5.0,2.295945644378662
rw3596367,Spectral (2016),2.5,4.036592960357666
rw4357837,The Gifted (2017–2019),5.0,3.119788646697998
rw1640932,Criminal Minds (2005–2020),5.0,2.103457450866699
rw3495081,Independence Day: Resurgence (2016),2.0,3.606477737426758
rw2833413,The Grifters (1990),3.0,3.8397347927093506
rw6286361,Barbie Fairytopia: Mermaidia (2006 Video),4.5,3.2776453495025635
rw5031946,Rustum (2019),2.5,3.4774434566497803
rw3785181,Final Fantasy XV (2016 Video Game),4.5,2.751382827758789
rw4790107,Drunk Parents (2019),0.5,1.9064395427703857
rw3341059,Dante's Peak (1997),4.5,2.6821913719177246
rw6437941,Suits (2011–2019),4.0,3.1343352794647217
rw0156535,Suspiria (1977),5.0,3.3085079193115234
rw5222604,A.I. Artificial Intelligence (2001),3.5,2.5223236083984375
rw2181593,阿凡達 (2009),4.0,3.4163708686828613
rw3191594,Code Name: K.O.Z. (2015),0.5,4.33871603012085
rw0778780,Ice Age (2002),5.0,4.358295917510986
rw0740286,Life with Judy Garland: Me and My Shadows (2001),4.5,4.3790669441223145
rw5280631,Ready or Not (I) (2019),5.0,4.155098915100098
rw1044227,Kiki's Delivery Service (1989),5.0,3.99735689163208
rw1764562,Let's Get Tough! (1942),2.5,4.536210060119629
rw4107855,Black Panther (2018),5.0,4.222441673278809
rw6333377,Hillbilly Elegy (2020),3.5,3.034642219543457
rw2602461,Smiling Along (I) (1938),3.0,1.6234434843063354
rw3611793,Magpie (2014),3.5,1.9930161237716675
rw2180650,迷幻公園 (2007),3.5,4.728878974914551
rw4993907,Skyscraper (2018),3.0,3.370281934738159
rw3372423,Frontier (1935),2.5,3.4914398193359375
rw3383514,Before We Go (I) (2014),1.5,2.659298896789551
rw5517321,Color Out of Space (2019),1.5,2.5826869010925293
rw4520023,Travelers (2016–2018),5.0,3.6775994300842285
rw5974436,Brave New World (2020),5.0,3.644489288330078
rw3427851,Zootopia (2016),4.5,2.2664642333984375
rw2363248,The Town (2010),4.0,4.347548961639404
rw2509530,The Missouri Breaks (1976),2.5,5.0
rw3033295,Only the Brave (2006),3.5,2.141439914703369
rw2080468,He's Just Not That Into You (2009),2.5,3.8465683460235596
rw2461685,Cyberbully (2011 TV Movie),4.5,4.227684020996094
rw1424061,What's Eating Gilbert Grape (1993),5.0,3.7628650665283203
rw2741345,普羅米修斯 (I) (2012),3.0,2.992570638656616
rw4506818,Four Hands Menu (2018– ),4.5,4.2809224128723145
rw2221742,Inuyasha (2000–2004),4.0,3.860095739364624
rw3245265,Tomorrowland (2015),5.0,4.252973556518555
rw0790162,Wendigo (2001),5.0,3.027865409851074
rw3228799,Der ewige Jude (1940),0.5,4.875387668609619
rw3680710,Rendition (2007),2.0,2.951794385910034
rw4429334,Bravetown (I) (2015),1.0,4.207873344421387
rw5581961,Paytakht (2011– ),4.5,3.870607376098633
rw5156526,小丑 (2019),5.0,2.9866905212402344
rw4972801,Agent Sai Srinivasa Athreya (2019),5.0,2.4682397842407227
rw5483010,Blazing Saddles (1974),5.0,3.7431914806365967
rw5311371,My Christmas Love (2016 TV Movie),2.5,2.9435534477233887
rw6248469,Planet of the Apes (1968),4.0,4.231757640838623
rw2120855,Drag Me to Hell (2009),5.0,3.2366034984588623
rw5053391,Spirited Away (2001),4.5,4.588834762573242
rw4968568,Out of Blue (2018),1.0,3.5975372791290283
rw3698683,The Space Between Us (I) (2017),3.0,3.1031553745269775
rw3679098,Beauty and the Beast (I) (2017),4.5,4.156358242034912
rw0425714,Metroland (1997),5.0,3.5541000366210938
rw0522523,Shakespeare in Love (1998),5.0,3.602790117263794
rw0304138,The Bikini Carwash Company (1992),5.0,2.122166156768799
rw4467231,God Friended Me (2018–2020),5.0,4.044328689575195
rw1261247,Vanishing Point (1971),5.0,2.738382339477539
rw3567372,The Girl on the Train (2016),3.5,3.3732759952545166
rw5220684,31 (2016),2.0,2.6317713260650635
rw1742323,Time Out (2001),2.5,4.006096839904785
rw3701225,Forrest Gump (1994),5.0,4.526072978973389
rw2031123,Almost Blue (2000),4.0,3.7174108028411865
rw2895874,Kick-Ass 2 (2013),3.5,3.8300020694732666
rw3179802,Project Almanac (2015),3.0,2.7245140075683594
rw0482657,Star Wars: Episode I - The Phantom Menace (1999),4.5,3.229336738586426
rw3007790,Mothra (1961),3.0,2.95434832572937
rw1949145,The Best Years (2007– ),5.0,4.668395042419434
rw5845195,Floor is Lava (2020– ),4.5,1.509475827217102
rw3221087,The Voices (2014),5.0,2.588008403778076
rw6051655,Agramon's Gate (2019),5.0,2.5631566047668457
rw0878868,Jackass: The Movie (2002),5.0,3.495309352874756
rw3510649,Kuroko's Basketball (2012–2015),4.5,3.7799947261810303
rw3361320,Inside (2007),4.0,2.580325126647949
rw5932335,Dil Bechara (2020),5.0,4.406465530395508
rw0545128,The Legend of Bagger Vance (2000),4.5,2.5448317527770996
rw4542685,Simmba (2018),0.5,4.110237121582031
rw0201063,Geek Maggot Bingo or The Freak from Suckweasel Mountain (1983),0.5,3.628441572189331
rw1497115,The Texas Chainsaw Massacre: The Beginning (2006),1.0,3.0648484230041504
rw5463892,Mr. Robot (2015–2019),5.0,3.6109864711761475
rw1443630,For Love of the Game (1999),5.0,4.906961441040039
rw6341157,The Undoing (2020),2.0,2.5721278190612793
rw3069238,Hoe Tem Je Een Draak 2 (2014),5.0,3.6950669288635254
rw0496334,Shrek (2001),4.0,3.6132004261016846
rw5654092,The Final Project (2016),1.0,2.198561668395996
rw4331535,John Wick (2014),5.0,2.1549320220947266
rw5072972,The Snowman (2017),4.0,2.628889560699463
rw1750186,Why Did I Get Married? (2007),5.0,2.892303705215454
rw3001200,Bears (I) (2014),4.0,3.565567970275879
rw2792225,Hider in the House (1989),3.5,3.36376953125
rw2934914,Judge Dredd (1995),3.5,4.346347808837891
rw3475825,Knock Knock (I) (2015),3.5,3.849287986755371
rw1404446,Superman Returns (2006),5.0,2.5018720626831055
rw0455053,The Green Mile (1999),4.0,3.458761215209961
rw4995092,Keeping Up with the Joneses (2016),2.5,2.9814486503601074
rw5538577,The Rat (II) (2019),5.0,4.143453598022461
rw2042264,Taboo (1999),4.0,4.189184665679932
rw2228408,Scoop (2006),3.5,4.257524490356445
rw4698421,Gone with the Wind (1939),5.0,4.47799825668335
rw4303929,Frankenweenie (1984),3.5,2.961007595062256
rw5557262,The Day After Tomorrow (2004),5.0,3.5781898498535156
rw0186026,Halloween II (1981),2.5,4.098828315734863
rw2228979,How to Train Your Dragon (2010),5.0,2.378981828689575
rw2499542,Inception (2010),1.5,4.365241527557373
rw5701528,City of Dreams (2019– ),3.0,3.786513328552246
rw1791047,The Murder Game (2003– ),3.5,2.3789806365966797
rw6244654,Hangman (II) (2015),0.5,2.905428409576416
rw4235919,The Outpost (2018– ),5.0,3.474949359893799
rw5591515,Big Town After Dark (1947),2.5,4.388421058654785
rw0909024,"I, Robot (2004)",4.0,2.9485023021698
rw5518239,Columbus (I) (2017),1.5,3.6355233192443848
rw1336969,House of the Dead 2 (2005 TV Movie),1.5,3.3640024662017822
rw5750059,White Lines (2020),3.0,4.051044464111328
rw1443069,They Live (1988),5.0,3.239938259124756
rw2359448,Jim Jefferies: I Swear to God (2009 TV Special),5.0,4.307674884796143
rw1835978,Stay Alive (2006),1.0,2.5228431224823
rw1623596,Mystery Science Theater 3000: The Movie (1996),3.0,3.6206679344177246
rw3223636,Transformers (2007),2.0,2.2171518802642822
rw5238092,Gamer (2009),3.5,3.1738290786743164
rw5763782,Shaka Laka Boom Boom (2000–2004),4.0,2.838536500930786
rw3105013,Godzilla (I) (1998),1.5,2.912760019302368
rw4575726,Kickboxer: Retaliation (2018),3.0,2.9233245849609375
rw3417655,Vinyl (2016),1.5,3.541033983230591
rw2932938,Dredd (2012),3.0,3.140225648880005
rw6005347,Tiny Creatures (2020– ),0.5,3.343792676925659
rw5428470,Talladega Nights: The Ballad of Ricky Bobby (2006),4.5,4.395781517028809
rw1235257,"The Chronicles of Narnia: The Lion, the Witch and the Wardrobe (2005)",5.0,4.633759021759033
rw1280862,The Last of the Blonde Bombshells (2000 TV Movie),5.0,2.9361109733581543
rw3324877,The Strain (2014–2017),1.5,3.6109864711761475
rw4706578,Cleaning Up (2019– ),4.0,3.277143716812134
rw4318747,Geetha Govindam (2018),0.5,5.0
rw1531562,Mystic India (2005),3.5,3.3499743938446045
rw6426201,Battles Without Honor and Humanity: The Complete Saga (1980),4.0,3.3894031047821045
rw0148558,The Message (1976),5.0,2.2716031074523926
rw2780386,Jack Reacher (2012),0.5,3.5230541229248047
rw5746955,S.W.A.T.: Under Siege (2017),3.5,3.399890422821045
rw3178797,Jupiter Ascending (2015),3.5,2.0673837661743164
rw4664665,The Imitation Game (2014),5.0,2.0154309272766113
rw5962846,Holy Hell (2016),3.5,2.2688522338867188
rw2309083,The Other Guys (2010),3.0,2.5607528686523438
rw2942250,White Collar (2009–2014),5.0,2.4196157455444336
rw3762232,The One I Love (2014),3.0,4.3724799156188965
rw0641019,Get Over It (2001),4.5,1.7450342178344727
rw1728301,Blades of Glory (2007),3.5,3.799227714538574
rw0867006,Battlestar Galactica (2003),5.0,2.7790966033935547
rw3662797,47 Meters Down (2017),5.0,3.69500470161438
rw4548638,Aquaman (2018),5.0,3.3688464164733887
rw4345886,Solo: A Star Wars Story (2018),4.5,3.724635124206543
rw0891036,Hollywood Homicide (2003),2.5,3.0218753814697266
rw5429438,Aliens (1986),4.5,3.3470373153686523
rw2755974,Rajneeti (2010),4.0,3.008368968963623
rw3807134,Incendies (2010),4.5,3.7354633808135986
rw6257015,A Very Charming Christmas Town (2020 TV Movie),4.0,4.123414516448975
rw2935691,Paranormal Activity: The Marked Ones (2014),4.0,1.994030475616455
rw0508744,The Matrix (1999),5.0,2.878618001937866
rw1309819,Jarhead (2005),3.0,3.2403011322021484
rw2602349,Shoot the Moon (1982),4.5,3.0413119792938232
rw4717091,Baywatch (2017),3.5,3.8871376514434814
rw3094140,Outlander (2014– ),5.0,4.156702995300293
rw5921917,Greyhound (2020),4.5,2.4298667907714844
rw4033339,Jim Jefferies: Freedumb (2016 TV Special),4.5,2.6519508361816406
rw5809422,Ad Astra (2019),1.0,3.3664448261260986
rw1244916,Unknown World (1951),1.0,2.8522210121154785
rw5410388,His Dark Materials (2019– ),3.5,3.1517581939697266
rw3324607,Get Rich or Die Tryin' (2005),3.0,2.8881711959838867
rw6122523,London Confidental (2020),5.0,3.6775994300842285
rw4584125,Star Wars: Episode VIII - The Last Jedi (2017),4.5,3.0113773345947266
rw0964832,Crooklyn (1994),2.5,4.348600387573242
rw1966950,What a Girl Wants (2003),3.5,1.6796815395355225
rw5700915,The Dirty Dozen (1967),3.0,3.602398157119751
rw4090576,The Lady Is Willing (1934),2.5,3.007014274597168
rw0871157,Cidade de Deus (2002),4.5,3.6423816680908203
rw4350715,Jurassic World: Fallen Kingdom (2018),3.5,3.250788927078247
rw3379229,The Revenant (2015),5.0,2.9413323402404785
rw0097718,The Graduate (1967),5.0,3.384502649307251
rw4426429,Hunter Killer (2018),0.5,2.309026002883911
rw0279959,Cry-Baby (1990),1.5,3.493919849395752
rw2480547,La casa muda (2010),3.0,1.89384126663208
rw5116417,9/11 (2017),2.0,3.881964921951294
rw3641196,Zootopia (2016),2.5,2.2664642333984375
rw1909956,Room 36 (2005),4.0,3.6109864711761475
rw2355074,Burlesque (I) (2010),4.5,1.177924394607544
rw5377672,The Pianist (2002),5.0,2.718416690826416
rw2424305,I Am Number Four (2011),1.0,3.2905592918395996
rw0514151,The Siege (1998),3.5,4.335688591003418
rw6346094,The Crown (2016– ),3.5,3.969475746154785
rw3185716,The Karate Kid (2010),4.5,3.018949031829834
rw2301838,Charlie Chan in Shanghai (1935),3.5,2.844986915588379
rw0663856,The Contender (2000),3.5,3.529226779937744
rw5588468,The Usual Suspects (1995),2.0,2.896420955657959
rw1773777,Lou Grant (1977–1982),2.0,2.507420778274536
rw1921202,Tout va bien (1972),4.0,3.894446849822998
rw5729590,Weathering with You (2019),3.5,4.64469051361084
rw2118526,V for Vendetta (2005),2.5,3.6875979900360107
rw3397163,Brave (2012),5.0,3.6754045486450195
rw2246652,The Last Thakur (2008),2.5,2.6841635704040527
rw4009255,A Shadow World (2015),0.5,3.038562297821045
rw5844033,Dead of Winter (1987),2.0,4.4455342292785645
rw2699857,Extinction: The G.M.O. Chronicles (2011),2.0,2.708622932434082
rw4163859,The Greatest Showman (2017),4.0,3.9326725006103516
rw2282363,Blood Cult (1985 Video),3.0,1.9155861139297485
rw2729678,Brute Force (1947),4.0,3.446235418319702
rw4701853,Leaving Neverland (2019),0.5,3.126544952392578
rw1205008,Team America: World Police (2004),4.5,2.10074520111084
rw6374127,Justice League (2017),2.5,2.6691737174987793
rw4655741,In Like Flynn (2018),3.0,4.0552287101745605
rw5913065,2001: A Space Odyssey (1968),4.5,3.3949413299560547
rw5472789,Insatiable (2018–2019),5.0,2.9262454509735107
rw1439063,The Brave (1997),1.5,3.05393385887146
rw2347697,The Room (2003),2.5,4.189619064331055
rw0533540,The World Is Not Enough (1999),4.0,3.666163444519043
rw6439065,It's a Wonderful Life (1946),5.0,4.99440860748291
rw0730223,Die Another Day (2002),4.5,3.618767261505127
rw5746869,Guardians of the Galaxy (2015–2019),4.5,3.665182113647461
rw0861273,Hitters (2002),5.0,3.5336570739746094
rw0135391,The Front Page (1974),3.0,4.972546577453613
rw3116302,Teenage Mutant Ninja Turtles (2014),2.5,2.213320016860962
rw6331870,Bob Lazar: Area 51 & Flying Saucers (2018),1.0,2.8504531383514404
rw3401855,The Ten Commandments (1956),4.5,3.918153762817383
rw6175302,Wedding Crashers (2005),4.0,2.6319360733032227
rw4306329,Call Me by Your Name (2017),5.0,4.135857582092285
rw4604161,Suits (2011–2019),5.0,3.1343352794647217
rw6262227,Paranormal (2020– ),3.5,2.9779415130615234
rw1565692,"Hamlet, Prince of Denmark (1980 TV Movie)",3.0,2.3752238750457764
rw5900735,Greyhound (2020),2.0,3.2682173252105713
rw3406194,R'ha (2013),2.0,4.993826866149902
rw2056521,"Oh, Mr. Porter! (1937)",4.0,3.6086056232452393
rw6219961,The Queen's Gambit (2020),4.5,4.349977016448975
rw1960941,Appaloosa (2008),3.5,2.8727385997772217
rw0583294,The Lord of the Rings: The Return of the King (2003),5.0,3.68117094039917
rw0722997,Bridget Jones's Diary (2001),5.0,2.889457941055298
rw6323364,Sher Dil (2019),5.0,3.644489288330078
rw5424320,Hancock (2008),2.5,3.6689820289611816
rw3577269,Genius (2016),4.5,3.3565127849578857
rw0404288,Apt Pupil (1998),5.0,4.145864486694336
rw4572742,Incredibles 2 (2018),4.0,3.745230197906494
rw2558292,Screamers: The Hunting (2009 Video),0.5,2.3181326389312744
rw3243249,Tanu Weds Manu Returns (2015),5.0,4.697910308837891
rw0753219,Scary Movie 2 (2001),0.5,3.7704432010650635
rw5029622,Thor: The Dark World (2013),3.0,3.197660446166992
rw4897033,Valerian and the City of a Thousand Planets (2017),1.5,4.388749599456787
rw5753124,NCIS (2003– ),5.0,5.0
rw4137927,A Quiet Place (2018),2.5,3.1312689781188965
rw1219964,The End of the Affair (1999),5.0,5.0
rw1383083,Conspiracy Theory: Did We Land on the Moon? (2001 TV Movie),5.0,3.1480188369750977
rw6402590,The Midnight Sky (2020),1.5,2.4342331886291504
rw4232319,Shooter (I) (2007),2.0,4.076394557952881
rw1529754,Monster in a Box (1992),4.5,1.3843300342559814
rw6214135,Uncut Gems (2019),1.5,3.1797003746032715
rw4731198,Thriller (1960–1962),5.0,2.0853233337402344
rw0005199,The Cameraman (1928),5.0,3.4253528118133545
rw1270890,High School Musical (2006 TV Movie),1.5,3.3543360233306885
rw1339903,American Dreamz (2006),3.0,3.8280820846557617
rw4477110,The Christmas Chronicles (2018),5.0,4.265841484069824
rw0394723,Scream (1996),5.0,3.6219229698181152
rw1492607,The Big Lift (1950),4.5,3.0419187545776367
rw1966965,War of the Worlds (2005),3.5,3.476383924484253
rw5902517,The Old Guard (2020),4.0,3.9906840324401855
rw5460372,The Da Vinci Code (2006),3.5,4.020829200744629
rw1349585,As Good as It Gets (1997),4.5,4.053657531738281
rw5484404,The Will (2020),5.0,2.7578108310699463
rw2581002,The Flying Squirrel (1954),4.0,2.5903525352478027
rw3628443,The Fall (I) (2013–2016),4.0,3.682704448699951
rw4364860,Tag (I) (2018),4.5,2.178687810897827
rw1442642,Pirates of the Caribbean: Dead Man's Chest (2006),1.5,1.9653077125549316
rw6126600,500 Days of Summer (2009),4.5,3.7005929946899414
rw1627993,Severance (2006),3.0,3.4979207515716553
rw4892276,Stronger (I) (2017),2.5,3.400815725326538
rw5666293,Rosemary's Baby (1968),4.5,3.4171292781829834
rw3049609,Dawn of the Planet of the Apes (2014),4.5,2.950483798980713
rw3350992,Spectre (I) (2015),2.0,3.605268716812134
rw4839131,Captain Marvel (2019),3.0,3.659796714782715
rw3594764,Santo in the Hotel of Death (1963),2.0,3.018157958984375
rw6197894,Strangers at the Door (2017),0.5,2.225698471069336
rw3146393,Santa Claus (1959),4.0,3.4986634254455566
rw5702832,Mrs. Serial Killer (2020),5.0,4.138096809387207
rw0448310,"A Cool, Dry Place (1998)",2.5,4.129330635070801
rw4970695,The Man Who Killed Don Quixote (2018),0.5,4.183946132659912
rw1464894,Tank Girl (1995),4.0,2.525723695755005
rw2210508,All About Eve (1950),4.5,5.0
rw2049052,Cry-Baby (1990),2.5,3.47938871383667
rw5114542,The Man from Earth (2007),0.5,1.8762751817703247
rw1708980,The House Without a Christmas Tree (1972 TV Movie),5.0,2.7472453117370605
rw0478413,X-Men (2000),4.5,3.2609262466430664
rw2813904,This Is the End (2013),0.5,1.7353547811508179
rw5132358,Rambo: Last Blood (2019),1.0,3.807014226913452
rw2788477,Dredd (2012),2.0,4.229870796203613
rw0793438,The Scorpion King (2002),4.0,3.6838271617889404
rw4948170,Jinn (2019– ),4.5,1.931758999824524
rw2052675,The Fast and the Furious: Tokyo Drift (2006),1.0,3.358882188796997
rw1089360,The Big Stuffed Dog (1981 TV Movie),3.5,3.644489288330078
rw3265517,Lava (2014),1.0,5.0
rw3688562,Entertainment (2015),2.5,3.953953742980957
rw5903821,The Old Guard (2020),5.0,3.4761672019958496
rw1133797,November (I) (2004),3.5,1.0799024105072021
rw0985630,Swades (2004),5.0,3.851987600326538
rw0153576,The Mighty Peking Man (1977),4.5,3.1702046394348145
rw2610407,The Graduate (1967),4.0,3.85740065574646
rw2858510,Lucky Night (1939),5.0,3.7814855575561523
rw0174564,The Day After Trinity (1981),3.5,3.644489288330078
rw6163766,Abhay (2019– ),5.0,4.553467273712158
rw2470077,Cowboys & Aliens (2011),4.0,3.5149362087249756
rw0370402,Se7en (1995),5.0,3.584380626678467
rw1661004,Apocalypto (2006),2.0,2.5791473388671875
rw2958999,The Wolf of Wall Street (2013),4.5,4.664693832397461
rw1675292,American Nightmare (2002 Video),4.5,3.376953125
rw3187163,Fifty Shades of Grey (2015),3.5,3.6505210399627686
rw1100030,Mr. & Mrs. Smith (1941),2.5,4.45893669128418
rw5958154,Deep Blue Sea 2 (2018 Video),1.0,2.9935944080352783
rw5835681,Inspector Gadget (1999),3.5,2.6743695735931396
rw5525111,Wonderland (2013–2015),5.0,3.3279306888580322
rw2381502,Attack on Darfur (2009),1.0,2.951472520828247
rw5414626,Giri/Haji (2019),2.0,3.3520724773406982
rw2934175,The Hobbit: The Desolation of Smaug (2013),1.0,3.219694137573242
rw4823126,The Wandering Earth (2019),2.0,2.5173161029815674
rw0088601,A Charlie Brown Christmas (1965 TV Movie),5.0,4.131792068481445
rw6212093,The Little Vampire 3D (2017),5.0,4.1396074295043945
rw1406431,Entourage (2004–2011),5.0,3.9373064041137695
rw0574393,The Sum of All Fears (2002),4.0,2.928499698638916
rw0879254,Laws of Attraction (2004),2.5,1.7113474607467651
rw2251298,Vicky Cristina Barcelona (2008),3.5,4.044024467468262
rw1295734,Final Destination 2 (2003),4.0,3.4544596672058105
rw1599325,毀滅戰士 (2005),1.0,3.448634147644043
rw0304794,Braindead (1992),3.5,3.9106695652008057
rw3577954,Scars of Dracula (1970),3.5,3.4097464084625244
rw2048630,Baghead (2008),1.0,3.2218270301818848
rw1320306,L'enfant secret (1979),5.0,2.4494733810424805
rw4561255,Shanghai Surprise (1986),1.0,3.6964871883392334
rw0904156,Two Brothers (2004),0.5,3.047661066055298
rw4296986,Dinosaur (2000),5.0,2.834782361984253
rw6273327,Soorarai Pottru (2020),5.0,4.077486515045166
rw1855644,De erfgename (1949),4.5,2.545379400253296
rw6017578,Flesh (2020),5.0,3.5239124298095703
rw1549080,Sideways (2004),1.0,4.712381362915039
rw5210666,Tales of Found Footage (2019),0.5,2.846318483352661
rw2382671,Mumbai Diaries (2010),4.5,2.9022696018218994
rw1729208,The Broken Hearts Club: A Romantic Comedy (2000),3.0,4.3368682861328125
rw4486371,Reunited at Christmas (2018 TV Movie),0.5,3.2011802196502686
rw3412391,The Comedians (1967),4.5,4.512226104736328
rw0639181,"O Brother, Where Art Thou? (2000)",4.5,3.8225440979003906
rw5857185,Eurovision Song Contest: The Story of Fire Saga (2020),3.5,1.9754674434661865
rw4183514,The Graduate (1967),4.0,3.85740065574646
rw5250346,The Fighter (I) (2010),4.0,4.4145708084106445
rw4481049,Mirzapur (2018– ),4.5,3.7165944576263428
rw4099840,Death Wish (2018),1.5,1.8849334716796875
rw2042065,In Bruges (2008),5.0,3.684129476547241
rw0247445,Moonstruck (1987),5.0,4.604698657989502
rw3354662,500 Days of Summer (2009),5.0,4.198723316192627
rw6450812,Sherlock (2010–2017),4.5,3.6561203002929688
rw2785081,The Croods (2013),3.5,2.7342615127563477
rw1822727,Lilly Turner (1933),3.5,3.4203994274139404
rw1977786,Anaconda 3: Offspring (2008 TV Movie),0.5,1.4745328426361084
rw2378098,Plan B (I) (2009),5.0,4.645440578460693
rw4691837,ImMATURE (2019– ),5.0,3.5974719524383545
rw5033711,Quarries (2016),3.5,1.8268842697143555
rw5107286,Blade Runner 2049 (2017),3.5,3.9407174587249756
rw2221976,Green Zone (2010),3.5,3.3952279090881348
rw4117331,The Terror (2018– ),4.5,3.205939769744873
rw0738876,Asterix & Obelix: Mission Cleopatra (2002),4.0,2.442594528198242
rw1497728,Titanic (1997),2.0,4.578780174255371
rw3600931,REC (2007),3.0,2.821990489959717
rw3664302,Chasing Leprechauns (2012 TV Movie),4.5,4.9689764976501465
rw5797267,Collision Earth (2020),0.5,1.910961627960205
rw4201102,Nancy (2018),3.5,5.0
rw4179136,The Leftovers (2014–2017),5.0,3.4606034755706787
rw1361318,Final Fantasy VII: Advent Children (2005),2.0,3.8690879344940186
rw3395802,Seventh Son (I) (2014),0.5,2.2433085441589355
rw2462113,Mal día para pescar (2009),3.5,1.7303752899169922
rw1985733,The Happening (2008),1.0,3.5717225074768066
rw0802543,My Little Eye (2002),3.5,3.5980405807495117
rw0764913,Basic (2003),3.5,2.9158377647399902
rw4936411,Jinn (2019– ),3.0,2.9962573051452637
rw4835696,The Dark Side of the Sun (1988),3.0,3.1440584659576416
rw1315836,Tutti i colori del buio (1972),4.5,3.7519659996032715
rw2878923,This Is the End (2013),1.0,1.442111611366272
rw6264094,Poison (2019– ),5.0,2.2981600761413574
rw0444310,Being John Malkovich (1999),5.0,3.9239249229431152
rw0075498,Something Wild (1961),4.5,2.566904067993164
rw4440848,Bohemian Rhapsody (2018),5.0,4.330208778381348
rw0538680,Spider-Man (2002),4.0,2.8463215827941895
rw5305867,國王 (I) (2019),2.5,2.6265478134155273
rw4724373,Triple Frontier (2019),3.0,3.570995330810547
rw5811035,BlacKkKlansman (2018),4.0,2.6251158714294434
rw3849561,13 Minutes (2015),2.5,5.0
rw3465991,The Avengers (2012),5.0,4.145308017730713
rw6078171,Train to Busan (2016),4.5,4.389760971069336
rw3014308,The Bag Man (I) (2014),4.0,2.2919766902923584
rw5093245,Heat (1995),5.0,1.78524911403656
rw0163352,Shalimar (1978),5.0,3.1607298851013184
rw0529659,Mind Games (1998 TV Movie),1.5,2.8396055698394775
rw4301098,Mission: Impossible - Fallout (2018),4.5,3.7448389530181885
rw0059959,12 Angry Men (1957),5.0,3.3766369819641113
rw3035894,The Client (2011),3.5,3.762031078338623
rw0103463,Night of the Living Dead (1968),4.5,4.149143695831299
rw1254983,King Kong (2005),3.0,2.907135486602783
rw3803839,War for the Planet of the Apes (2017),4.5,4.777931213378906
rw6101014,Pets United (2019),0.5,2.128973960876465
rw3772798,Valerian and the City of a Thousand Planets (2017),4.0,3.7255327701568604
rw1825791,Mou gaan dou II (2003),3.5,4.437984466552734
rw2136849,Observe and Report (2009),2.0,2.739224672317505
rw5834711,Space Force (2020– ),5.0,3.9203405380249023
rw5236645,Sunset Blvd. (1950),5.0,1.2828466892242432
rw0554038,Screwed (2000),4.0,2.8560891151428223
rw2550483,The Adventures of Tintin (2011),4.0,3.127687454223633
rw6084952,Uncle Tom (2020),5.0,3.7835898399353027
rw4144407,Avengers: Infinity War (2018),5.0,4.340452194213867
rw6332787,Vikings (2013–2020),5.0,4.035088062286377
rw0767235,Murder by Numbers (2002),3.0,3.0421693325042725
rw0326888,The Piano (1993),3.5,4.038501262664795
rw2088434,The Freakmaker (1974),2.0,2.253129720687866
rw4774244,Dexter (2006–2021),4.0,3.742677927017212
rw3460669,Nina (I) (2016),4.0,2.722236156463623
rw2536810,Mission: Impossible - Ghost Protocol (2011),2.0,2.989529609680176
rw3264622,Slap Shot 3: The Junior League (2008 Video),1.5,5.0
rw2764314,Sound City (2013),5.0,1.7984377145767212
rw6203260,Prison Break (2005–2017),1.0,3.463125228881836
rw5759148,Giri/Haji (2019),2.0,3.441157102584839
rw5724109,Monsters (2017 Video),4.0,2.8935885429382324
rw5211178,The Lighthouse (I) (2019),5.0,3.0887880325317383
rw1769347,Beowulf (2007),3.0,2.8866028785705566
rw4014896,Mother! (2017),5.0,2.311089515686035
rw5698242,Hollywood (2020),4.0,3.9987659454345703
rw4191878,Shadowhunters (2016–2019),5.0,2.6655385494232178
rw1011587,Thirteen Days (2000),2.5,3.5822572708129883
rw6031338,Flesh (2020),5.0,3.4217476844787598
rw5422720,Soundtrack (2019),5.0,3.622763156890869
rw4375197,In the Heart of the Sea (2015),4.0,3.1168394088745117
rw3747517,Ghost in the Shell (2017),1.0,3.002134323120117
rw0075663,The Two Little Bears (1961),1.5,3.6387174129486084
rw3630657,K-Shop (2016),3.5,2.9065425395965576
rw0287827,Rosencrantz & Guildenstern Are Dead (1990),5.0,1.8965626955032349
rw5221139,Sleeping with the Enemy (1991),5.0,2.1806302070617676
rw3059509,Wow! Wow! Wubbzy! (2006–2010),1.5,2.8643319606781006
rw4480918,The Dark Knight Rises (2012),3.5,3.163963794708252
rw3229189,The Count of Monte Cristo (1934),3.0,2.9083328247070312
rw3868200,Nails (I) (2017),3.0,3.877913475036621
rw3596359,Office Christmas Party (2016),4.5,3.7093818187713623
rw0071933,Never on Sunday (1960),3.0,3.059147357940674
rw5259050,Love Is Blind (I) (2019),1.5,3.6033499240875244
rw6221826,The Long Hair of Death (1965),4.5,1.9232897758483887
rw0258201,Grave of the Fireflies (1988),5.0,3.7258548736572266
rw4227906,The Bad Sleep Well (1960),2.5,5.0
rw0212472,Satomi hakken-den (1983),5.0,3.7165944576263428
rw0931777,Kill Bill: Vol. 2 (2004),5.0,2.555698871612549
rw1048257,Million Dollar Baby (2004),0.5,5.0
rw2376852,Mumbai Diaries (2010),2.0,3.9349701404571533
rw0071250,The Virgin Spring (1960),4.5,4.963370323181152
rw5000111,TRON: Legacy (2010),5.0,3.1295993328094482
rw3063208,Get on Up (2014),3.5,4.343690872192383
rw1483377,The Proud Ones (1956),4.5,3.317115306854248
rw3168526,鳥人 (2014),3.0,4.361296653747559
rw1851228,The Kite Runner (2007),3.0,3.4004013538360596
rw2978915,White Chicks (2004),4.0,2.7345991134643555
rw5959280,Un ticket pour l'espace (2006),3.5,3.602318286895752
rw5849161,Eric Andre: Legalize Everything (2020 TV Special),2.5,4.259672164916992
rw2556672,Jail (2007– ),4.0,4.523127555847168
rw2283448,The Book of Eli (2010),3.0,2.856564998626709
rw4147933,Riverdale (2017– ),4.0,2.5666017532348633
rw5065214,The Hateful Eight (2015),2.0,3.1231327056884766
rw0894189,Troy (2004),3.0,4.064154624938965
rw1645702,Gangs of New York (2002),4.5,1.9977757930755615
rw6033945,Nocturnal Animals (2016),4.5,3.482836961746216
rw2268323,The Crazies (2010),1.0,2.1698803901672363
rw5484449,World Famous Lover (2020),4.0,2.04813289642334
rw3650445,Moonlight (I) (2016),3.5,4.1802568435668945
rw5206999,The Hole in the Ground (2019),2.5,2.9719321727752686
rw2541083,A.N.T. Farm (2011–2014),0.5,3.1831307411193848
rw5897010,The Old Guard (2020),4.0,3.8005785942077637
rw3561692,Midnight in the Garden of Good and Evil (1997),3.5,2.7207231521606445
rw3081792,The Killing (2011–2014),3.5,2.7623372077941895
rw5786530,Once Upon a Time... In Hollywood (2019),4.5,3.112502098083496
rw1742286,Dr. Giggles (1992),2.5,3.2553184032440186
rw0292132,Cape Fear (1991),3.5,3.633826732635498
rw3048946,G.I. Joe: Retaliation (2013),0.5,2.9975695610046387
rw4375216,The Killing of a Sacred Deer (2017),1.0,3.5548341274261475
rw1820965,The Truth About Cats & Dogs (1996),3.5,5.0
rw5669380,Parasite (2019),5.0,3.536754846572876
rw0863205,The Cat in the Hat (2003),3.5,3.1236531734466553
rw5616996,Jackson Durai (2016),5.0,3.6775994300842285
rw0506309,Wing Commander (1999),2.0,1.7318564653396606
rw5602821,Sketchy Behaviour (2019 TV Movie),5.0,1.863000750541687
rw1782697,Enchanted (2007),4.0,4.030760765075684
rw6165443,Firewood (2019),4.0,3.6775994300842285
rw5059875,Rocko's Modern Life: Static Cling (2019 TV Movie),1.0,4.186744689941406
rw4641198,Wonder Woman (2017),3.0,3.977238655090332
rw3198298,Warpaint (2012),1.0,4.68745231628418
rw2288979,John Adams (2008),4.5,3.644489288330078
rw0475339,Velvet Goldmine (1998),5.0,3.0407443046569824
rw0583732,The Lord of the Rings: The Return of the King (2003),4.5,3.68117094039917
rw5196114,Steel Country (2018),4.0,3.7165944576263428
rw6228570,Nicole (2019),5.0,2.882962465286255
rw2267845,Boot Camp (2008),5.0,3.27618408203125
rw5401391,Klaus (2019),1.5,4.379342555999756
rw0812652,Once Upon a Time in Mexico (2003),5.0,1.3205325603485107
rw3805691,Slightly Daffy (1944),3.5,4.964911460876465
rw3689269,iBoy (2017),3.0,2.470646858215332
rw6355981,The Reagans (2020– ),0.5,3.6626148223876953
rw4458942,The Price of Everything (2018),3.0,4.134400367736816
rw4041360,Freak Show (2017),4.0,2.475980281829834
rw5968584,Black Is King (2020),5.0,3.652444839477539
rw2774575,Big Fish (2003),1.0,4.075722694396973
rw6328783,Tesla (I) (2020),0.5,4.402216911315918
rw4346942,American Made (2017),5.0,3.587035655975342
rw4255847,The Dark Tower (2017),4.0,3.9433741569519043
rw6070290,Children of Men (2006),5.0,3.9314451217651367
rw1681748,Ladies in Retirement (1941),3.0,3.3037378787994385
rw5376887,Pirate Radio (2009),2.5,2.699711561203003
rw0245265,Wings of Desire (1987),5.0,3.4694714546203613
rw2760649,Huang jia shi jie (1985),4.0,3.3507394790649414
rw5717133,Swallow (I) (2019),1.0,2.5947024822235107
rw1261174,Conflict (1945),3.5,5.0
rw3150966,White Collar (2009–2014),5.0,2.4196157455444336
rw4188151,Mike and Dave Need Wedding Dates (2016),3.0,3.339277744293213
rw5540650,Miss Congeniality (2000),3.5,3.977226734161377
rw6155284,Star Wars: Episode VIII - The Last Jedi (2017),2.0,3.589708089828491
rw5085172,Blade Runner 2049 (2017),4.5,3.7664408683776855
rw2674212,Somewhere (2010),0.5,3.134270429611206
rw4457866,Leningrad (2009),0.5,4.5235724449157715
rw6190325,The Visit (I) (2015),4.5,4.4145917892456055
rw2358065,TRON: Legacy (2010),3.5,3.6036195755004883
rw1157931,Bloody Wednesday (1988),2.0,2.7192368507385254
rw3304980,Pixels (2015),4.0,4.742215156555176
rw0732257,Donnie Darko (2001),4.5,4.2038679122924805
rw3325134,Pan (2015),2.5,3.48709774017334
rw1513327,Should Men Walk Home? (1927),3.0,3.8868703842163086
rw0334678,Ava's Magical Adventure (1994),1.5,3.6775994300842285
rw5444562,Kissed (1996),2.5,2.668795108795166
rw5384837,The Grudge (2020),3.5,2.889709234237671
rw5653388,Changeling (2008),2.5,3.5448050498962402
rw1814602,Undersea Kingdom (1936),4.0,3.5494165420532227
rw4973143,The Dark Tower (2017),4.5,3.6122283935546875
rw4138887,The Death of Stalin (2017),4.5,4.650181293487549
rw4801828,Dragonheart 3: The Sorcerer's Curse (2015 Video),3.0,3.3688368797302246
rw2308146,Tobacco Road (1941),4.0,3.066307306289673
rw2190209,十誡 (1956),2.5,3.8338475227355957
rw4775394,A Quiet Place (2018),4.5,3.1111977100372314
rw6172661,Breakaway (2011),4.0,3.3563714027404785
rw2977767,Anchorman 2: The Legend Continues (2013),2.0,3.9713010787963867
rw1589972,Murder-Set-Pieces (2004),2.0,3.2420876026153564
rw0813406,Signs (2002),5.0,2.1058549880981445
rw4727303,Furious 6 (2013),2.5,3.4712142944335938
rw6172232,Red Sonja (1985),4.0,3.5232386589050293
rw0687910,Original Sin (2001),2.0,3.1894419193267822
rw5532909,Villain (I) (2020),5.0,4.5582451820373535
rw4584144,Sex Education (2019– ),3.5,2.663911819458008
rw4331195,Filmworker (2017),1.0,3.228868246078491
rw1095056,Cinderella Man (2005),5.0,3.7682430744171143
rw6001769,La dernière vague (2019– ),3.0,3.6775994300842285
rw5376044,Cats (2019),1.0,3.0278398990631104
rw4943257,Monster (VIII) (2019),4.0,2.7230207920074463
rw4716621,After the Thin Man (1936),3.5,3.435220718383789
rw1782828,Behind Enemy Lines (2001),3.0,3.646360397338867
rw1721234,Akutoreizâ (1990 Video Game),5.0,4.224327087402344
rw1873078,A Esteticista (2005),4.0,3.489647388458252
rw6219540,I'm Thinking of Ending Things (2020),0.5,2.0334417819976807
rw2713767,The Way (I) (2010),4.0,2.408169746398926
rw4086628,Love Per Square Foot (2018),3.0,5.0
rw6014561,Bandish Bandits (2020– ),1.0,3.993587017059326
rw2412064,Blindness (2008),4.5,2.9525861740112305
rw4222760,Incredibles 2 (2018),4.5,4.509347438812256
rw3198678,Parallels (I) (2015),4.5,4.036632061004639
rw4298278,Last Man Standing (2011– ),5.0,1.8556268215179443
rw5373853,Gordon Lightfoot: If You Could Read My Mind (2019),3.5,4.68578577041626
rw3878617,Possession (1981),0.5,2.6481122970581055
rw3003197,The Tomorrow People (2013–2014),5.0,3.902312994003296
rw1099948,Song of the South (1946),4.0,3.276258707046509
rw1901699,L: Change the World (2008),1.0,4.366844177246094
rw5668567,Another Life (2019– ),1.5,2.5656824111938477
rw3006369,Let's Kill Uncle (1966),3.0,3.8433687686920166
rw3452006,Desk Set (1957),3.5,2.867574691772461
rw0450638,Eye of the Beholder (1999),4.5,2.9360671043395996
rw3055204,The Monuments Men (2014),3.0,3.0082545280456543
rw4244997,Suburban Commando (1991),3.5,2.990474224090576
rw2602549,Captain America: The First Avenger (2011),0.5,3.492586135864258
rw1219883,Derailed (I) (2005),0.5,2.654378652572632
rw2162435,The Most Wonderful Time of the Year (2008 TV Movie),2.5,2.2582459449768066
rw0459198,The Lord of the Rings: The Fellowship of the Ring (2001),0.5,3.715517997741699
rw4218187,Avengers: Infinity War (2018),3.5,4.325616836547852
rw3656094,Moonlight (I) (2016),4.0,4.1802568435668945
rw2142162,Diary of a Madman (1963),4.0,2.511636734008789
rw0282496,Goodfellas (1990),5.0,4.089033126831055
rw3592958,Frost/Nixon (2008),5.0,3.283250093460083
rw1373798,Arabela (1979– ),5.0,3.1271653175354004
rw4513525,My Christmas Prince (2017 TV Movie),0.5,5.0
rw0228472,Year of the Dragon (1985),5.0,2.7259504795074463
rw1973210,It's a Wonderful Life (1946),5.0,4.99440860748291
rw3340403,Dudes & Dragons (2015),5.0,2.3642539978027344
rw2454799,Gallipoli (1981),3.5,5.0
rw3877068,He Walked by Night (1948),4.0,4.082875728607178
rw4627058,If Beale Street Could Talk (2018),0.5,4.057377815246582
rw1213597,Azumi (2003),4.0,2.2282967567443848
rw2340046,Chairman of the Board (1998),2.5,5.0
rw3629411,Lion (2016),4.5,3.3028950691223145
rw5915776,Given (2019– ),4.5,2.27097749710083
rw3010392,The Amazing Spider-Man 2 (2014),4.0,3.514009475708008
rw3111893,Rango (2011),1.0,3.8711228370666504
rw2729153,Shira: The Vampire Samurai (2005 Video),4.0,3.644489288330078
rw5392050,Messiah (2020),5.0,3.7165944576263428
rw3078290,Mad Money (2008),3.5,2.7493324279785156
rw1918024,The Dark Knight (2008),1.0,4.000891208648682
rw1634368,Baron Prásil (1962),5.0,4.274395942687988
rw1647590,Vacancy (2007),2.5,1.5592502355575562
rw5414367,Haunt (I) (2019),5.0,1.7409580945968628
rw1983713,Mumbai Meri Jaan (2008),4.5,4.74619197845459
rw2487374,Setup (I) (2011),0.5,2.998776435852051
rw4338305,Bleach (2018),5.0,3.244507074356079
rw2388653,Dalaw (II) (2010),2.0,2.15433931350708
rw1477311,Analyze This (1999),4.0,2.137782096862793
rw5410389,Tanhaji: The Unsung Warrior (2020),4.0,3.534637212753296
rw5091552,Trollied (2011–2018),4.0,2.892590045928955
rw0141555,Hester Street (1975),5.0,4.172725677490234
rw2296711,Into the Blue 2: The Reef (2009 Video),1.0,2.6402831077575684
rw2169389,Tiger Bay (1959),4.5,3.7635514736175537
rw3735282,Hollywood Homicide (2003),2.0,3.5864381790161133
rw5987660,Gunjan Saxena: The Kargil Girl (2020),0.5,3.9287726879119873
rw0800512,Mr. Deeds (2002),0.5,3.114621162414551
rw5665042,The Willoughbys (2020),2.0,4.682986259460449
rw1948298,The Sound of Music (1965),3.5,3.7279655933380127
rw4642630,The Final Wish (2018),5.0,2.270834445953369
rw3649334,Complete Unknown (2016),3.5,4.032805919647217
rw0201612,The Hunger (1983),4.5,4.2482147216796875
rw3737668,The Last Man on Earth (2015–2018),5.0,2.747244119644165
rw3323185,The Primary Instinct (2015),4.0,3.1643919944763184
rw4706532,Absentia (2017– ),3.5,3.022303819656372
rw0736722,Ali (2001),5.0,2.627556324005127
rw1093244,Tae Guk Gi: The Brotherhood of War (2004),4.5,2.777547597885132
rw5422680,Bad Boys for Life (2020),5.0,4.4990997314453125
rw4981944,Toy Story 4 (2019),4.0,4.258739471435547
rw4545629,Cargo (2013),3.0,4.4369306564331055
rw6419059,Coolie No. 1 (2020),0.5,2.3478856086730957
rw1808317,Lost in Beijing (2007),2.5,2.5232162475585938
rw1896347,I Am Legend (2007),2.5,3.285916566848755
rw5378288,Messiah (2020),1.5,3.7165944576263428
rw4435031,Venom (2018),4.5,3.6218347549438477
rw1207011,Saw II (2005),4.0,3.2654941082000732
rw4385472,Await Further Instructions (2018),2.0,4.281622886657715
rw2287819,Trust (1990),5.0,3.0162346363067627
rw4784266,The Killer Next Door (2018),0.5,2.522251844406128
rw6097584,Kilink: Strip and Kill (1967),3.5,1.9153878688812256
rw0084859,Dr. Devil and Mr. Hare (1964),4.0,3.8734803199768066
rw5652200,Seed of Chucky (2004),5.0,3.8613903522491455
rw5382266,Fractured (I) (2019),4.0,3.6090376377105713
rw1489039,Call of Duty 2 (2005 Video Game),4.5,2.9619457721710205
rw0070581,Can-Can (1960),2.5,4.7269511222839355
rw0633827,Birthday Girl (2001),4.5,2.5869789123535156
rw3476293,Attack the Block (2011),4.0,2.831472873687744
rw2220296,American Radical: The Trials of Norman Finkelstein (2009),4.5,3.28633713722229
rw5416874,Grave of the Fireflies (1988),4.5,4.765101909637451
rw4549373,The Quake (2018),2.5,2.6866562366485596
rw2413043,Return from the Ashes (1965),2.5,3.240368366241455
rw4256205,The Kissing Booth (2018),1.5,2.47574782371521
rw2641570,Un homme qui crie (2010),3.0,2.192355155944824
rw2381436,Blue Valentine (2010),2.0,2.914246082305908
rw1197262,Nudity Required (2003),4.0,3.044667959213257
rw2318202,Machete (2010),4.5,2.949070692062378
rw0103004,"Live a Little, Love a Little (1968)",4.0,2.949115753173828
rw3828313,"Just, Melvin: Just Evil (2000)",5.0,3.1556155681610107
rw5475295,The Upside (2017),4.5,3.6544554233551025
rw4298757,Hereditary (2018),0.5,3.945466995239258
rw5433156,The Dead Lands (2020– ),4.5,2.770627021789551
rw5459331,NBA 2k19 (2018 Video Game),3.5,4.355748653411865
rw2146157,Defying Gravity (2009),5.0,4.5924272537231445
rw0410185,"Crna macka, beli macor (1998)",4.5,2.265075922012329
rw6117983,Messiah (2020),5.0,3.7165944576263428
rw2359778,True Grit (2010),3.5,3.611769914627075
rw3271590,I'm Not Racist... Am I? (2014),1.0,4.182209014892578
rw4517007,"Le ventre, notre deuxième cerveau (2014 TV Movie)",4.0,4.9740681648254395
rw3302668,Hot Pursuit (2015),1.0,2.223267078399658
rw5806550,Friday the 13th Part III (1982),3.5,2.7214701175689697
rw3747195,Rocktober Blood (1984),4.0,3.4506824016571045
rw2911266,RamLeela (2013),2.5,5.0
rw1961734,Indiana Jones and the Kingdom of the Crystal Skull (2008),1.0,4.723241806030273
rw3760115,The Children's Hour (1961),5.0,4.133432388305664
rw1662652,Bug (2006),2.5,2.5067121982574463
rw4773926,Il venditore di morte (1971),2.5,3.9222543239593506
rw1050290,Closer (I) (2004),5.0,3.28609037399292
rw2954896,Gravity (2013),4.5,1.5130316019058228
rw2456434,The Devil Diamond (1937),2.5,3.7165944576263428
rw5470826,Rogue One: A Star Wars Story (2016),4.0,3.0397210121154785
rw3374164,Star Wars: Episode VII - The Force Awakens (2015),3.0,2.0572397708892822
rw0956059,The Motorcycle Diaries (2004),4.5,4.679222106933594
rw3426263,Emelie (2015),2.5,3.7165944576263428
rw5948488,You Me Her (2016– ),4.5,4.794538497924805
rw0984398,The Rundown (2003),5.0,3.3415393829345703
rw2411638,Your Highness (2011),3.5,4.0611042976379395
rw1760264,Frostbitten (2006),2.0,3.2918522357940674
rw1596571,Who's Minding the Store? (1963),5.0,1.2747094631195068
rw0539822,Stigmata (1999),5.0,2.9931766986846924
rw2601540,Skeleton Man (2004 TV Movie),3.0,4.322819232940674
rw3525329,Luminarias (1999),1.5,3.703570604324341
rw0453749,Godzilla (I) (1998),0.5,2.9745333194732666
rw0123973,High Plains Drifter (1973),5.0,3.0859744548797607
rw1526001,Blind Beast (1969),3.0,2.1938819885253906
rw0797684,The Good Girl (2002),5.0,3.8462114334106445
rw5929305,Cursed (2020– ),1.0,3.6775994300842285
rw1234423,Trainspotting (1996),4.5,3.5539169311523438
rw1716833,Woodstock (1970),5.0,4.087389945983887
rw2029273,The End of Poverty? (2008),5.0,3.7927439212799072
rw0272377,Listen to Me (1989),0.5,3.2036356925964355
rw0195291,My Favorite Year (1982),0.5,4.393052577972412
rw5003913,Spider-Man: Far from Home (2019),2.5,3.2826766967773438
rw5735110,Beastie Boys Story (2020),4.5,3.3293423652648926
rw2995443,Andre (1994),1.0,2.4555907249450684
rw2549028,Ghostbusters (1984),4.0,3.0108439922332764
rw1575228,Black Christmas (2006),2.0,3.1207821369171143
rw5316010,Kedi (2016),3.5,2.702777862548828
rw5582338,The Platform (2019),4.0,4.189172744750977
rw1323352,River's Edge (1986),4.0,4.166942596435547
rw4067383,The Hunted (I) (2015),1.0,3.6747896671295166
rw4053275,My Secret Valentine (2018 TV Movie),4.0,1.3784749507904053
rw0662961,Snatch (2000),1.0,2.7532875537872314
rw5513006,My Hero Academia: Heroes Rising (2019),5.0,5.0
rw1991432,The Seven Little Foys (1955),3.5,2.8916988372802734
rw4781595,Black Summer (2019– ),5.0,3.7165944576263428
rw1574007,Perfume: The Story of a Murderer (2006),3.5,2.727400302886963
rw1723854,Wrong Turn 2: Dead End (2007 Video),5.0,3.3633522987365723
rw5629822,Frozen II (2019),4.0,4.407650947570801
rw1783900,The Golden Compass (2007),0.5,2.875554084777832
rw4309444,The Kissing Booth (2018),0.5,2.713608741760254
rw5921791,Saigon (1947),2.0,3.228271007537842
rw0648951,Kikujiro (1999),4.0,3.682434558868408
rw6375141,Aquaman (2018),0.5,3.3688464164733887
rw4533774,Downsizing (2017),2.0,4.355655670166016
rw3127593,Noah (2014),4.5,1.9500315189361572
rw4574250,Let's Be Evil (2016),3.0,1.254350185394287
rw4196985,Bates Motel (2013–2017),4.0,3.316889762878418
rw0167359,The Great American Girl Robbery (1979),5.0,2.4422554969787598
rw2810814,House of Dark Shadows (1970),5.0,2.3142521381378174
rw0099901,You Only Live Twice (1967),2.5,3.5912880897521973
rw4188967,Veere Di Wedding (2018),5.0,3.7038121223449707
rw2799251,Star Trek Into Darkness (2013),0.5,2.611339569091797
rw4388469,Taking Earth (2017),4.0,3.0958099365234375
rw1495481,Link (1986),4.0,3.842003107070923
rw6399142,Teen Spirit (2018),0.5,3.6465883255004883
rw5797322,Crocodile Dundee (1986),4.0,3.6592965126037598
rw5564505,The Lady Vanishes (1979),2.5,5.0
rw0910846,Avellaneda's Moon (2004),3.5,3.1081507205963135
rw0340880,Immortal Beloved (1994),3.0,4.070912837982178
rw5093060,Murder on the Orient Express (2017),2.0,2.8142004013061523
rw4629884,Purl (2018),0.5,3.7174289226531982
rw2841987,Fullmetal Alchemist: Brotherhood (2009–2012),5.0,4.301319599151611
rw4263320,A Sniper's War (2018),0.5,4.835383415222168
rw2366922,Irresistible (2006),1.0,4.495299339294434
rw5490962,Avenging Angel (1985),3.0,3.810626983642578
rw0681568,Enemy at the Gates (2001),4.5,3.7408623695373535
rw5094070,Emelie (2015),0.5,3.644489288330078
rw5732687,Uri: The Surgical Strike (2018),5.0,3.0934464931488037
rw3294325,Cinderella (I) (2015),0.5,0.9815008640289307
rw5579291,Shrek 2 (2004),3.0,3.493011713027954
rw0931357,Kill Bill: Vol. 2 (2004),4.5,3.6023621559143066
rw3206285,A Million Ways to Die in the West (2014),5.0,3.596907615661621
rw6072132,Mulan (2020),4.0,2.3188700675964355
rw3713214,The Fate of the Furious (2017),3.5,2.936882972717285
rw5625007,Freaks (2018),3.5,3.6633706092834473
rw2079099,The Many Faces of Zorro (2000 Video),5.0,3.7165944576263428
rw1355145,Indecent Proposal (1993),0.5,1.1227033138275146
rw0548816,Show Me Love (1998),5.0,2.4680252075195312
rw2478402,Chained for Life (1952),3.5,2.1330862045288086
rw6164666,Mr. Church (2016),5.0,3.622117519378662
rw4071776,Umberto D. (1952),4.0,4.871853828430176
rw1529808,Going Overboard (1989),2.0,2.825880527496338
rw3070823,Bears (I) (2014),3.0,4.382429599761963
rw5589177,Love in the Afternoon (1957),0.5,4.313094139099121
rw4669704,Nobody's Fool (2018),4.0,2.8659534454345703
rw2942816,The Bunglers (2012),5.0,3.153461217880249
rw6042633,Love Leads the Way: A True Story (1984 TV Movie),4.5,2.273582935333252
rw4981147,Texicanas (2019– ),5.0,3.1607625484466553
rw4131414,Black Panther (2018),5.0,3.2171223163604736
rw1890039,À l'intérieur (2007),4.5,2.629075765609741
rw1976893,Election (1999),4.0,3.0615744590759277
rw1294715,Fingersmith (2005),4.5,3.644489288330078
rw5115518,Mission Over Mars (2019– ),5.0,4.213976860046387
rw6374681,Holidate (2020),4.0,2.4819040298461914
rw5662768,For the Weekend (2020),4.0,3.963712215423584
rw2580841,Black Magic (1992 TV Movie),4.0,2.4535748958587646
rw3124852,Corpse Bride (2005),4.0,1.3170137405395508
rw0185049,First Monday in October (1981),5.0,1.1338813304901123
rw3467961,24 (I) (2016),5.0,3.320164680480957
rw6043882,Parasite (2019),5.0,3.4524760246276855
rw1300509,Dante's Peak (1997),2.5,3.56959867477417
rw0347215,Texas Chainsaw Massacre: The Next Generation (1994),5.0,4.098340034484863
rw6057508,Goodfellas (1990),5.0,4.089033126831055
rw4742320,The Invisible Guest (2016),5.0,2.135347843170166
rw4479742,"Paul, Apostle of Christ (2018)",4.5,2.448422431945801
rw4776170,Black Summer (2019– ),3.5,3.7165944576263428
rw3572929,Lost Treasure (2003),2.0,3.2181107997894287
rw1934516,The Hunting Party (2007),3.5,3.4132819175720215
rw1314960,Fright Night (1985),4.0,2.748660087585449
rw1817014,The Savages (2007),4.5,4.296603679656982
rw1143709,Charlie and the Chocolate Factory (2005),4.0,3.1520938873291016
rw6248582,The Queen's Gambit (2020),4.5,4.349977016448975
rw4548524,Star Trek II: The Wrath of Khan (1982),2.0,1.5192474126815796
rw1806885,In the Woods (1999),0.5,4.263154983520508
rw6175272,Banshee (2013–2016),5.0,2.760960578918457
rw4576212,Red Sparrow (2018),4.0,2.3190457820892334
rw5888703,Eyes Wide Shut (1999),2.0,4.012364387512207
rw6294627,Mud (2012),3.5,4.115423202514648
rw0267266,Bill & Ted's Excellent Adventure (1989),4.0,3.566267967224121
rw1589765,The Texas Chainsaw Massacre: The Beginning (2006),2.5,3.094918727874756
rw0943869,He Knows You're Alone (1980),4.5,3.519653797149658
rw4387897,Tian sheng chang ge (2018),4.5,2.875265598297119
rw3076084,City of Ember (2008),3.0,5.0
rw2422167,Sapho (1917),2.5,3.002117872238159
rw2072770,Bridge to Terabithia (2007),4.0,4.423160076141357
rw4933955,Killing Eve (2018– ),4.5,3.151654005050659
rw3532088,Pandemic (2016),2.5,2.820512056350708
rw2350263,Due Date (2010),3.0,2.8697452545166016
rw4629879,The LEGO Movie 2: The Second Part (2019),5.0,3.9143409729003906
rw0284412,Jetsons: The Movie (1990),5.0,3.217015504837036
rw6385185,Braven (2018),0.5,2.8880395889282227
rw4342767,The Guardian (2001–2004),2.5,3.3673603534698486
rw2347419,Fatal (2010),4.5,3.117598295211792
rw1425336,Pandora Machine (2004 Video),3.5,3.6109864711761475
rw1784072,Taare Zameen Par (2007),4.0,3.714667320251465
rw3169395,鳥人 (2014),4.0,3.8261475563049316
rw4414753,The Super (2017),0.5,2.9662303924560547
rw2098004,Ice Age: Dawn of the Dinosaurs (2009),3.0,3.5188958644866943
rw4500556,Scorched Earth (2018),2.5,1.4590575695037842
rw5810333,Dumplings (2004),4.0,4.269742965698242
rw1760658,The Stuff (1985),3.0,3.4907758235931396
rw4300482,Ex Libris: New York Public Library (2017),3.0,1.3639869689941406
rw2940435,Silent But Deadly (2011),0.5,3.809823989868164
rw4071718,Shakespeare in Love (1998),2.5,3.67193865776062
rw2620692,Running Free (1999),3.0,4.245063781738281
rw2981295,Diamonds Are Forever (1971),3.5,3.4834423065185547
rw2815261,Flame & Citron (2008),4.0,3.7158751487731934
rw0550801,Office Space (1999),4.0,3.6142687797546387
rw0623673,All About My Mother (1999),5.0,3.598903179168701
rw4335848,Grizzly Man (2005),3.5,4.003078460693359
rw4658738,Alita: Battle Angel (2019),5.0,3.5356783866882324
rw2859193,Longmire (2012–2017),5.0,3.0198557376861572
rw4004411,Spliced (2009– ),5.0,2.7423434257507324
rw0817766,Now You Know (2002),4.5,2.86832332611084
rw4679147,The World's Best (2019),2.0,4.223744869232178
rw4002858,Star Wars: Episode VIII - The Last Jedi (2017),4.0,3.405461072921753
rw2631031,The Ghost Writer (2010),4.0,3.2081949710845947
rw1278674,Lifeboat (1944),4.0,2.547455310821533
rw0121465,Cabaret (1972),5.0,4.078073978424072
rw5308023,Shootout at Wadala (2013),4.5,4.370954990386963
rw5768817,Uncivilized (2020),5.0,4.003552436828613
rw5426875,The Mandalorian (2019– ),5.0,4.140307426452637
rw5881018,Bloodshot (2020),2.5,3.9650626182556152
rw2395154,The Wages of Fear (1953),4.0,2.967174530029297
rw4991270,The Lion King (2019),5.0,3.5021934509277344
rw6283645,"Love, Simon (2018)",5.0,3.4738540649414062
rw5332962,The Barbarians (1987),2.5,5.0
rw6435857,The Minimalists: Less Is Now (2021),2.5,3.117669105529785
rw4717161,Alita: Battle Angel (2019),4.5,3.5356783866882324
rw1552120,The Monroes (1966–1967),3.0,4.40006160736084
rw1565642,Night at the Museum (2006),4.5,2.4888124465942383
rw4594099,The Beautician and the Beast (1997),5.0,4.7024455070495605
rw5497278,Ghostbusters: Answer the Call (2016),0.5,2.6412549018859863
rw4671847,First Reformed (2017),5.0,3.461383581161499
rw5647996,Leprechaun (1993),1.5,4.098602294921875
rw2840697,Memento (2000),5.0,4.208870887756348
rw6324541,Paths of Glory (1957),5.0,5.0
rw3874906,The Good Doctor (2017– ),3.0,5.0
rw5682683,The Chosen (2017– ),5.0,4.205840110778809
rw4753842,Us (II) (2019),1.0,5.0
rw1862023,Blood Simple (1984),4.0,4.466495037078857
rw3636340,Singam 3 (2017),5.0,5.0
rw3263629,Strange Magic (2015),5.0,5.0
rw4243566,High School 911 (2016),4.5,1.9455679655075073
rw6012910,The Pearl of Death (1944),2.5,3.8357560634613037
rw4631923,Everlasting (2016),4.5,4.171850204467773
rw5220991,Psycho (1960),4.5,4.836414337158203
rw2616264,Film socialisme (2010),0.5,3.738337755203247
rw5219568,Watchmen (2019),1.5,3.1501317024230957
rw0533481,The World Is Not Enough (1999),0.5,3.666163444519043
rw3439408,Batman v Superman: Dawn of Justice (2016),3.5,4.000444412231445
rw1805453,Is Everybody Happy? (1943),2.5,3.1663665771484375
rw3352630,Oz the Great and Powerful (2013),4.0,3.6717147827148438
rw0272080,Lethal Weapon 2 (1989),3.0,2.5568370819091797
rw2243253,Clash of the Titans (2010),3.0,3.2295641899108887
rw5056775,Shi ba ban wu yi (1982),4.5,3.703570604324341
rw4428862,The Hobbit: An Unexpected Journey (2012),2.5,3.8389813899993896
rw0391442,Mojave Moon (1996),1.5,3.3542871475219727
rw2514094,Simon Boccanegra (1998 TV Movie),3.0,3.2241737842559814
rw2260713,Avatar (2009),4.5,3.024806022644043
rw1901422,Wanted (2008),2.5,3.5312490463256836
rw5409718,Chhapaak (2020),0.5,4.286045074462891
rw5953794,Frontier(s) (2007),3.5,3.7936158180236816
rw5275655,Frozen II (2019),5.0,4.472377777099609
rw3350189,Goldfinger (1964),4.5,4.357337474822998
rw1038165,The Ladykillers (2004),0.5,2.1050610542297363
rw0851501,Anger Management (2003),0.5,2.2536444664001465
rw2772322,Ghostbusters II (1989),4.0,2.6038501262664795
rw2673839,Pure Country 2: The Gift (2010),0.5,3.4009077548980713
rw1704425,Harry Potter and the Order of the Phoenix (2007),3.0,3.653627395629883
rw3313931,Mountains of the Moon (1990),5.0,3.006474733352661
rw0023272,Blondie in Society (1941),4.5,3.8477344512939453
rw6425117,The Last Narc (2020– ),5.0,4.023194789886475
rw3268228,Incendies (2010),3.5,3.387127161026001
rw6098394,The Watermelon Woman (1996),1.5,3.5819199085235596
rw0913856,"Martha, Inc.: The Story of Martha Stewart (2003 TV Movie)",4.0,2.0651841163635254
rw0116391,Duel (1971 TV Movie),4.5,3.0029196739196777
rw2727255,Terror Train (1980),4.0,4.236464500427246
rw3776148,Jezebel (1938),3.5,3.3177664279937744
rw1671595,Love at First Bite (1979),4.0,2.8160271644592285
rw0267716,Casualties of War (1989),3.5,3.6017024517059326
rw3555680,Bananas (1971),3.5,3.99721097946167
rw5421409,Britannia (2017– ),4.0,3.181298017501831
rw6420754,Pose (2018– ),3.0,2.4648234844207764
rw2569178,Band of Outsiders (1964),4.0,3.24662446975708
rw4303853,Margarita 2 (2018),5.0,3.988633394241333
rw6075426,Raised by Wolves (2020– ),4.5,2.7460434436798096
rw0005489,Plane Crazy (1928),4.0,3.6699390411376953
rw6129554,Once Upon a Time in Anatolia (2011),0.5,3.4486429691314697
rw2345019,Prince of Players (1955),3.5,3.635175943374634
rw0027460,Saboteur (1942),3.5,3.2308359146118164
rw3416859,In Absentia (2000),2.0,4.4739179611206055
rw5627837,Genius at Work (1946),5.0,1.5891791582107544
rw1213389,Strange Days (1995),4.0,3.0528905391693115
rw0049502,Jeopardy (1953),4.5,2.202009677886963
rw5853496,The Expanse (2015– ),1.0,3.837524890899658
rw4701693,Eighth Grade (2018),4.0,3.7617886066436768
rw0525454,Cruel Intentions (1999),0.5,2.79891300201416
rw4194633,Mulan (1998),4.5,5.0
rw1569920,Six Feet Under (2001–2005),1.5,2.4684224128723145
rw1244813,Lone Wolf McQuade (1983),2.5,3.3356707096099854
rw5697073,I.Q. (1994),3.0,2.8617660999298096
rw0378127,Bad Moon (1996),4.5,1.9640634059906006
rw4560411,Mary Poppins Returns (2018),4.0,2.8327953815460205
rw2531412,Hugo (2011),0.5,1.945410132408142
rw4150058,The Stepford Wives (1975),3.5,4.268794059753418
rw3072514,Captain America: The Winter Soldier (2014),2.5,4.104347229003906
rw4786974,Van Helsing (2016– ),2.5,2.853468656539917
rw1762679,The Protector (I) (1998),2.0,4.182281494140625
rw3545318,The Peanuts Movie (2015),4.0,5.0
rw1587058,Rocky Balboa (2006),5.0,3.6688828468322754
rw3595406,Vegucated (2011),4.0,4.57697868347168
rw5070057,Blood and Bone (2009),5.0,2.7713816165924072
rw2148398,The Last Resort (I) (2009),0.5,2.9991378784179688
rw0957718,The Incredibles (2004),5.0,3.1042861938476562
rw4436449,Under The Wire (2018),5.0,3.0767836570739746
rw1562842,The Devil's Rejects (2005),0.5,3.8556017875671387
rw5245565,The Tick (2016–2019),5.0,5.0
rw3768628,The Witch's Curse (1962),2.5,4.667062282562256
rw3218780,Locke (2013),2.5,3.885420560836792
rw4197970,Lost River (2014),1.0,3.6109864711761475
rw1320700,Fingersmith (2005),4.5,3.7165944576263428
rw1138931,Zombiez (2005 Video),0.5,2.1248607635498047
rw4601203,Smallville (2001–2011),5.0,2.8150389194488525
rw5001343,Thru the Mirror (1936),4.5,4.302616119384766
rw2551839,Killer Elite (2011),1.0,2.092407464981079
rw2092850,Midnight Caller (1988–1991),3.5,3.118448257446289
rw0134214,Busting (1974),2.5,3.3200490474700928
rw5139221,The Dead Files (2011– ),0.5,2.158010482788086
rw3397451,The Hateful Eight (2015),4.0,2.3697829246520996
rw1045582,Thelma & Louise (1991),4.5,2.58988881111145
rw1009427,The Rocky Horror Picture Show (1975),5.0,1.8310762643814087
rw5101555,Pain and Glory (2019),3.5,3.879617691040039
rw5129466,One Cut of the Dead (2017),4.5,3.327507972717285
rw4521705,The Olympic Champ (1942),3.0,3.4635214805603027
rw2752706,3D食人魚 (2010),3.0,3.1951920986175537
rw5257447,Lady and the Tramp (2019),4.0,2.7162187099456787
rw1955853,An American Carol (2008),5.0,4.0580291748046875
rw4179386,Get Shorty (2017– ),3.5,1.9038723707199097
rw5739830,Crawl (I) (2019),4.5,3.760613203048706
rw6064113,Abhay (2019– ),5.0,4.720220565795898
rw6358627,A Christmas Movie Christmas (2019 TV Movie),1.0,3.8180747032165527
rw4844141,Student of the Year 2 (2019),0.5,5.0
rw2982006,Fresh Ham (1933),2.5,3.644489288330078
rw2091543,Fun with Dick and Jane (1977),4.0,4.66837215423584
rw1399823,Blank Check (1994),3.5,3.7822601795196533
rw6445491,Coolie No. 1 (2020),0.5,2.3478856086730957
rw5995297,Gunjan Saxena: The Kargil Girl (2020),5.0,3.9287726879119873
rw4240828,Delhi Belly (2011),5.0,4.18661642074585
rw3630428,The Bucket List (2007),4.0,1.9760949611663818
rw5238638,See (2019– ),1.0,4.262376308441162
rw3527861,Panama Patrol (1939),2.0,3.636347770690918
rw4882070,Love & Other Drugs (2010),3.5,2.565225601196289
rw0538071,Spider-Man (2002),5.0,3.1050479412078857
rw5645312,Just Mercy (2019),4.5,5.0
rw6229348,An American Pickle (2020),0.5,1.8884228467941284
rw2049267,Dragonball Evolution (2009),5.0,3.995863914489746
rw5592548,The Letter for the King (2020– ),1.0,4.1374664306640625
rw6288767,Four Weddings and a Funeral (1994),5.0,4.0097174644470215
rw5810883,Peaky Blinders (2013– ),2.0,4.283686637878418
rw2564674,Certified Copy (2010),1.0,3.0406241416931152
rw5063474,Hellboy (2019),3.5,2.916828155517578
rw1700571,Perfume: The Story of a Murderer (2006),4.5,3.4297080039978027
rw4807556,Avengers: Endgame (2019),5.0,3.9982428550720215
rw1041004,Constantine (2005),4.0,2.28759765625
rw2441449,The Battle of Algiers (1966),3.5,4.213761329650879
rw4934750,Paranormal Investigation (2018),5.0,4.013148784637451
rw5889747,Breaking Glass (1980),5.0,1.2603037357330322
rw0156403,Sturmtruppen (1976),3.0,4.837006568908691
rw1712832,Steambath (1973 TV Movie),5.0,5.0
rw2915318,Dom Hemingway (2013),2.5,4.477049827575684
rw2101275,Stepsisters (1974),0.5,3.4297053813934326
rw4566614,Venom (2018),2.5,3.937995433807373
rw2961762,Speed (1994),5.0,4.090654373168945
rw3820114,Quackerz (2016),2.0,3.3716859817504883
rw6105405,Violation (2020),5.0,3.6278927326202393
rw4980001,Thoroughbreds (2017),2.0,3.658024787902832
rw5940515,Double World (2020),3.5,2.4155044555664062
rw5610450,I Am Not an Easy Man (2018),5.0,4.075673580169678
rw4914220,Killing Ground (2016),3.5,2.038172483444214
rw1983352,Beneath the Planet of the Apes (1970),5.0,2.7608838081359863
rw4286028,Erased (2012),2.0,3.5419583320617676
rw1600026,Schröders wunderbare Welt (2006),5.0,3.703570604324341
rw3762030,"Caltiki, the Immortal Monster (1959)",4.0,3.9682908058166504
rw2975163,Ender's Game (2013),2.5,3.241279363632202
rw1505671,Broken News (2005– ),4.5,3.0364131927490234
rw5436181,Game of Thrones (2011–2019),4.0,2.8211352825164795
rw1079637,All Fall Down (1962),3.0,4.901894569396973
rw6032084,The 100 (2014–2020),5.0,3.1004796028137207
rw2109572,Public Enemies (2009),3.0,3.4445345401763916
rw4789191,Jawbreaker (1999),4.0,2.9139671325683594
rw5971426,Child's Play (2019),0.5,2.4901373386383057
rw5792095,Up the Academy (1980),1.5,3.666569471359253
rw4598466,Zipi y Zape y el club de la canica (2013),0.5,4.284874439239502
rw5698106,Jennifer's Body (2009),4.0,2.8607659339904785
rw4049946,Soul Kitchen (2009),3.5,3.4629452228546143
rw5254010,The Mandalorian (2019– ),5.0,4.257218360900879
rw3347790,Winter on Fire: Ukraine's Fight for Freedom (2015),5.0,2.729687213897705
rw2251320,Pressure (1976),3.5,3.302938938140869
rw5370070,Tokyo Vampire Hotel (2017),4.5,2.8120617866516113
rw0023410,Citizen Kane (1941),5.0,3.2609963417053223
rw1546061,Knight Rider 2010 (1994 TV Movie),4.0,2.4399590492248535
rw4519331,Blackmail (I) (2018),5.0,3.1822352409362793
rw0350557,The Stöned Age (1994),5.0,4.091276168823242
rw4207194,Film Stars Don't Die in Liverpool (2017),4.5,1.5512388944625854
rw1973141,The Greatest Story Ever Told (1965),2.0,4.630781650543213
rw4708147,Senna (2010),4.0,4.4501872062683105
rw4024077,"With Love, Christmas (2017 TV Movie)",2.5,3.139120578765869
rw6000053,Khuda Haafiz (2020),4.5,3.82692551612854
rw4841660,Pokémon Detective Pikachu (2019),3.5,4.2637248039245605
rw5788578,WrestleMania XIV (1998 TV Special),4.0,3.8466453552246094
rw6447601,The Hand That Rocks the Cradle (1992),5.0,3.277796983718872
rw0345388,The Phoenix and the Magic Carpet (1995),5.0,3.145355224609375
rw4943388,The Next Hit (2008),0.5,3.1432642936706543
rw6064550,Bad Genius (2020),4.5,2.8931074142456055
rw2536756,Downfall (2004),5.0,2.051401138305664
rw4415083,New Amsterdam (2018– ),5.0,1.9528131484985352
rw2326271,The New World (2005),3.0,4.18448543548584
rw0210718,Friday the 13th: The Final Chapter (1984),5.0,2.9032840728759766
rw6438464,History's Greatest Mysteries (2020– ),5.0,3.6775994300842285
rw3074080,Afflicted (2013),1.5,2.8935298919677734
rw5789614,Snatchers (2019),5.0,3.791355848312378
rw1881587,Space Jam (1996),4.5,2.253239154815674
rw2556444,Titanic II (2010 Video),0.5,2.951951026916504
rw1593835,The Veteran (2006 TV Movie),3.5,3.646313190460205
rw1716627,Communion (1976),4.5,1.8095297813415527
rw1535894,A History of Violence (2005),4.5,3.2204391956329346
rw4053772,Chasing the Dragon (2017),4.0,3.8799242973327637
rw2727368,Student of the Year (2012),3.0,2.0806615352630615
rw1770963,Thelma & Louise (1991),3.0,2.781315326690674
rw2531452,The Wild Party (1929),2.0,3.1712217330932617
rw5222749,Hazbin Hotel (2019– ),5.0,2.2632317543029785
rw5988934,Gunjan Saxena: The Kargil Girl (2020),4.5,3.7800190448760986
rw0815072,Shaolin Soccer (2001),5.0,2.6053781509399414
rw0676424,Groove (2000),5.0,3.1547107696533203
rw1262774,The Breakfast Club (1985),4.5,4.391144752502441
rw6290280,The Homesman (2014),2.0,2.446765899658203
rw5931605,Dil Bechara (2020),5.0,4.191620826721191
rw3109444,Fury (2014),2.0,3.5853536128997803
rw2076966,Slow Burn (1986 TV Movie),3.5,3.69423508644104
rw5216772,Wounds (2019),2.0,2.8907690048217773
rw1704447,The Adventures of Ichabod and Mr. Toad (1949),3.5,3.730480909347534
rw0815810,Bend It Like Beckham (2002),5.0,3.6479923725128174
rw3715643,Raw (2016),5.0,1.0654308795928955
rw3420177,Miruthan (2016),5.0,1.6127550601959229
rw3349962,A Matter of WHO (1961),4.0,3.838517427444458
rw1005353,"Bertha, the Sewing Machine Girl (1926)",3.0,3.6109864711761475
rw2863888,Phantasm II (1988),2.0,2.6708920001983643
rw6021509,Mother's Child (2020),5.0,3.6109864711761475
rw4688689,Chicago Syndicate (1955),3.0,3.878129243850708
rw6133076,Archaon: The Halloween Summoning (2020),1.0,3.4142746925354004
rw4959918,Forest Man (2013),3.0,2.626436948776245
rw4788086,The Starving Games (2013),1.0,3.160381317138672
rw3303147,Aloha (I) (2015),2.5,3.456998348236084
rw2135424,Lolita (1997),5.0,3.207263231277466
rw1433205,Monkey Business (1931),3.0,2.982734441757202
rw5714134,Human Zoo (2020),4.0,2.2024617195129395
rw1696481,Le vélo de Ghislain Lambert (2001),2.5,2.855085611343384
rw1171670,The Phantom of the Opera (2004),5.0,2.594085693359375
rw2358771,The King's Speech (2010),4.5,3.6162853240966797
rw1756323,Critters (1986),3.0,3.082034111022949
rw2031037,The Line (I) (2009– ),4.0,3.6709139347076416
rw1873056,Bound (1996),3.5,3.856586456298828
rw2062405,The Passion of Ayn Rand (1999 TV Movie),3.5,3.7824933528900146
rw4471164,Smoke (2018–2019),5.0,3.2419233322143555
rw0441710,54 (1998),5.0,2.4215402603149414
rw1806726,Grease 2 (1982),1.0,3.270073175430298
rw0681211,Wives and Daughters (1999– ),4.5,4.457067489624023
rw1685550,Village of the Damned (1960),3.5,3.76894211769104
rw5072944,The Lion King (2019),4.5,5.0
rw0075873,West Side Story (1961),4.0,4.62030553817749
rw1077545,Summer City (1977),1.5,3.075019598007202
rw2007106,The Punisher (2004),3.5,3.091478109359741
rw5808594,Knights of the Damned (2017),5.0,1.2047076225280762
rw3066662,Guardians of the Galaxy (2014),5.0,3.856203079223633
rw2898699,The To Do List (2013),3.0,4.888359546661377
rw2080568,Gran Torino (2008),4.0,3.596229314804077
rw2424715,Hoodwinked Too! Hood vs. Evil (2011),3.0,4.556675910949707
rw1662192,The Tingler (1959),5.0,4.487915515899658
rw3346966,RoboCop (2014),4.5,2.337096691131592
rw6360280,Park Na-rae: Glamour Warning (2019 TV Special),4.0,3.7165944576263428
rw5526315,Steel (I) (2015),2.5,2.977005958557129
rw2463275,Serenity (2005),3.5,2.05902099609375
rw1411970,Eliza's Horoscope (1975),1.0,3.703570604324341
rw4019603,Star Wars: Episode VIII - The Last Jedi (2017),4.5,3.589708089828491
rw3520930,Mad Money (2008),3.5,2.9131383895874023
rw2020743,Mildred Pierce (1945),2.5,5.0
rw3194413,The Wedding Ringer (2015),2.0,3.6039199829101562
rw1887619,A Nightmare on Elm Street (1984),4.5,2.368873357772827
rw3065925,Infamous (2006),4.5,4.410614013671875
rw3220283,The Children's Hour (1961),4.0,4.56755256652832
rw3678125,Ghost in the Shell (2017),4.0,2.1039226055145264
rw5978261,Suspect (1987),3.5,2.000185251235962
rw4880397,A Dog's Way Home (2019),1.0,3.7458715438842773
rw0034822,My Darling Clementine (1946),5.0,5.0
rw1421420,Pirates of the Caribbean: Dead Man's Chest (2006),3.5,2.3546605110168457
rw5918445,The Exorcist (1973),5.0,3.0703020095825195
rw3431450,Manipulation (1991),2.0,3.865299701690674
rw5475052,The Way Way Back (2013),4.0,3.740175247192383
rw2496362,50/50 (2011),4.0,1.531363606452942
rw3233539,Fear No Fruit (2015),5.0,3.4862990379333496
rw4723382,Kim Possible (2019 TV Movie),5.0,2.3192973136901855
rw4525873,1987: When the Day Comes (2017),5.0,4.074379920959473
rw6450157,The Mandalorian (2019– ),5.0,4.276010513305664
rw4074202,Discovering Bigfoot (2017 Video),3.0,2.1247425079345703
rw0059998,12 Angry Men (1957),5.0,3.7604482173919678
rw1661694,Epic Movie (2007),1.0,2.197564125061035
rw2396305,Earthwork (2009),4.0,4.182894706726074
rw3087443,The Intouchables (2011),5.0,3.3416125774383545
rw4179963,La La Land (2016),2.5,3.2165536880493164
rw5988319,Gunjan Saxena: The Kargil Girl (2020),4.5,3.8753764629364014
rw1106137,Eu Matei Lúcio Flávio (1979),2.0,3.5369837284088135
rw2024987,The Wrestler (2008),3.5,4.938474655151367
rw3693053,Wolves at the Door (2016),1.0,1.105741262435913
rw1400471,X-Men (2000),5.0,2.891923427581787
rw3726253,Guardians of the Galaxy Vol. 2 (2017),1.0,3.579655408859253
rw1973502,Stargate: Atlantis (2004–2009),4.5,3.0519278049468994
rw4118714,Eternal Sunshine of the Spotless Mind (2004),3.5,3.1742963790893555
rw0979557,Conquest of Space (1955),2.5,4.156695365905762
rw2328426,Inception (2010),5.0,4.187489986419678
rw4584687,The Conspirators (1944),3.5,3.2371349334716797
rw4441695,The Haunting of Hill House (2018),3.5,3.7726855278015137
rw4980777,Mission: Impossible - Fallout (2018),3.0,3.8548851013183594
rw5280979,Door in the Woods (2019),1.5,3.2310924530029297
rw6325104,Johnny English Strikes Again (2018),3.5,4.2707414627075195
rw0810932,Boat Trip (2002),1.0,3.1025614738464355
rw5092145,Angel Has Fallen (2019),2.5,3.4395127296447754
rw2305023,Koyaanisqatsi (1982),5.0,4.5342864990234375
rw4047143,Gangsta (2018),5.0,3.1509289741516113
rw2091954,Bedtime Stories (2008),4.5,4.15433406829834
rw0187272,Cannibal Ferox (1981),2.5,3.9138989448547363
rw1348829,Silent Hill (2006),2.5,4.10093355178833
rw2690184,Jewel Robbery (1932),4.5,3.855672836303711
rw4377219,The Houses October Built 2 (2017),0.5,2.691631317138672
rw5629538,Two Against the World (1936),3.0,3.6211960315704346
rw3762896,Antboy 3 (2016),2.0,3.546243667602539
rw4931754,X-Men: Dark Phoenix (2019),4.0,3.1710917949676514
rw5279405,Vanishing on 7th Street (2010),4.5,2.5911929607391357
rw0793134,I Am Sam (2001),4.0,3.3063840866088867
rw5485176,Jojo Rabbit (2019),4.5,4.232082843780518
rw1932176,Antônia (2006),4.5,2.366083860397339
rw5492557,Forrest Gump (1994),5.0,4.29404354095459
rw2403404,Hot Fuzz (2007),4.5,3.080319881439209
rw5478170,March for Freedom (2019),5.0,4.612105846405029
rw4815336,Avengers: Endgame (2019),5.0,4.070282936096191
rw5909069,Breathe (2018– ),4.0,2.884711265563965
rw4818045,Avengers: Endgame (2019),3.5,3.750124931335449
rw2785590,The Hunger Games (2012),0.5,2.9583890438079834
rw3705323,Ghost in the Shell (2017),4.5,2.581078052520752
rw2831502,Accidents Happen (2009),0.5,2.590470314025879
rw2745760,Vishwaroopam (2013),4.5,3.5093564987182617
rw4710100,Captain Marvel (2019),3.0,3.265042781829834
rw1507835,The Nightmare Before Christmas (1993),4.5,1.3828425407409668
rw2900868,Babylon (1980),3.5,2.6062424182891846
rw4230231,Jurassic World: Fallen Kingdom (2018),2.5,3.250788927078247
rw4513351,Aquaman (2018),5.0,3.4939286708831787
rw5650283,High Society (2017),4.5,2.74957013130188
rw2094186,Shortkut - The Con Is On (2009),2.0,2.8690590858459473
rw5579642,Beach Road Chetan (2019),5.0,3.644489288330078
rw2933763,Det gælder din frihed (1946),3.5,3.6893577575683594
rw0248058,Pathfinder (1987),5.0,5.0
rw2984732,Dr. Jekyll and Mr. Hyde (I) (1920),1.5,4.103452682495117
rw5217549,Terminator: Dark Fate (2019),5.0,1.5622060298919678
rw1425223,Midnight Run (1988),4.0,2.8781323432922363
rw3666012,Face/Off (1997),5.0,4.507481098175049
rw3780423,Life (I) (2017),4.5,4.405655860900879
rw4661267,In Harm's Way (2017),5.0,2.595747947692871
rw4357117,I Am Not Your Negro (2016),4.5,2.2726869583129883
rw2893926,The East (2013),0.5,4.331597328186035
rw2731021,Rok Sako To Rok Lo (2004),5.0,5.0
rw3640158,"20,000 Years in Sing Sing (1932)",3.5,2.635725498199463
rw6327165,Vulcania (2015),3.0,4.349331855773926
rw3740507,Transformers: The Last Knight (2017),4.0,2.3227288722991943
rw3235893,Bully (2001),5.0,1.669966697692871
rw2294351,Yes Man (2008),1.5,3.3135616779327393
rw1918751,The Dark Knight (2008),4.5,3.658961057662964
rw5840152,Winterherz: Tod in einer kalten Nacht (2018 TV Movie),2.0,3.7165944576263428
rw5954960,Shakuntala Devi (2020),5.0,2.1965861320495605
rw5584796,Once Upon a Time... In Hollywood (2019),5.0,3.1878557205200195
rw5688500,Money Heist (2017– ),4.0,3.1111977100372314
rw4358856,College Romance (2018– ),5.0,3.928708076477051
rw6265922,Fifty Shades of Grey (2015),5.0,3.419799327850342
rw2215059,Happy Feet (2006),1.0,3.507436752319336
rw0896142,Dil Vil Pyar Vyar (2002),4.0,3.9865121841430664
rw2927856,Closed Circuit (2013),2.5,3.48988676071167
rw3114784,Dawn of the Planet of the Apes (2014),4.5,2.6496028900146484
rw2985360,Divergent (2014),2.5,2.6839492321014404
rw3543195,Extraction (II) (2015),0.5,3.2067155838012695
rw6199855,Rebecca (I) (2020),2.0,3.3179774284362793
rw0078220,The Longest Day (1962),4.0,4.2507004737854
rw1398988,Zardoz (1974),0.5,3.3192999362945557
rw0901067,He Sees You When You're Sleeping (2002 TV Movie),2.5,2.589425563812256
rw5756833,Chernobyl (2019),5.0,4.059710502624512
rw4223627,Bees Make Honey (2017),3.5,4.321650505065918
rw3026998,Keep It Up Downstairs (1976),2.0,2.8477091789245605
rw2178757,西線無戰事 (1930),3.5,4.302480697631836
rw4256846,Sherlock (2010–2017),5.0,3.514951705932617
rw1627643,太陽浩劫 (2007),1.0,2.3365042209625244
rw0668721,Could Be Worse! (2000),1.0,4.055742263793945
rw0173905,Caddyshack (1980),5.0,4.362292766571045
rw5880250,Slumdog Millionaire (2008),3.5,2.0906083583831787
rw4091531,Annihilation (2018),4.5,3.672820568084717
rw2329073,Polizischt Wäckerli (1955),5.0,3.4095711708068848
rw1981733,Familiar Strangers (2008),0.5,2.5046675205230713
rw4679675,The Bye Bye Man (2017),1.0,3.77791166305542
rw3397033,Shadowhunters (2016–2019),1.0,3.4663140773773193
rw1408742,The Devil Wears Prada (2006),5.0,3.0499300956726074
rw4582261,The Return of Superfly (1990),2.5,4.763217449188232
rw4679891,Spider-Man: Into the Spider-Verse (2018),5.0,4.358282566070557
rw6412444,Wonder Woman 1984 (2020),3.0,2.748591661453247
rw0084822,Devil Doll (1964),0.5,3.081552267074585
rw2596210,Bad Ass (2012),1.5,3.19362473487854
rw0158655,Dawn of the Dead (1978),5.0,2.5877223014831543
rw2784055,Iron Man Three (2013),3.5,3.1717593669891357
rw3107756,Under the Skin (1997),3.5,3.2621753215789795
rw1514600,Psycho II (1983),3.5,4.09111213684082
rw5350503,維多利亞壹號 (2010),3.5,4.433931350708008
rw1953619,Death of a Ghost Hunter (2007),3.5,1.7361050844192505
rw3545754,Dark City (1998),4.5,3.409449815750122
rw4786937,White Chamber (2018),1.5,3.4730639457702637
rw5759718,Money Heist (2017– ),2.0,3.068450450897217
rw1817452,Pumpkinhead II: Blood Wings (1993 Video),3.0,2.204096555709839
rw5814376,The Secret Place (1957),3.0,3.6507887840270996
rw2204916,Inglourious Basterds (2009),2.0,4.392399311065674
rw2676191,Slovenka (2009),0.5,2.231611728668213
rw3467307,Batman v Superman: Dawn of Justice (2016),3.5,4.174223899841309
rw1610268,The Goddess (1958),5.0,3.1887755393981934
rw1662485,Shrek the Third (2007),2.5,3.614062786102295
rw2105683,Satan's Baby Doll (1982),3.0,2.873239517211914
rw1017018,Sinful Deeds (2003 Video),2.0,4.293715476989746
rw3471264,Dracula Untold (2014),4.0,2.2599453926086426
rw4454529,A Man Called Ahok (2018),4.0,1.8904980421066284
rw0492658,The Cider House Rules (1999),4.5,2.689478874206543
rw4268029,Rogue One: A Star Wars Story (2016),0.5,3.4563674926757812
rw5511741,We Have Always Lived in the Castle (2018),1.0,2.349259853363037
rw2233164,Team America: World Police (2004),4.0,2.4551708698272705
rw0946203,Another Man's Poison (1951),2.5,3.33137845993042
rw0806526,Bloom (I) (2003),0.5,2.8057665824890137
rw2199601,爛兄爛弟 (2008),1.5,2.3526480197906494
rw5764598,Baptiste (2019– ),5.0,4.155316352844238
rw5247579,Poaching (2019),5.0,3.940335273742676
rw3496482,Independence Day: Resurgence (2016),1.5,3.606477737426758
rw1960441,Mame (1974),3.5,3.822195053100586
rw0675330,A.I. Artificial Intelligence (2001),2.0,3.334764003753662
rw1520316,The Lather Effect (2006),4.5,2.7911949157714844
rw0867551,Bruce Almighty (2003),0.5,3.31113862991333
rw4132796,Redwood (2017),4.5,2.5215234756469727
rw2074399,Driven to Kill (2009 Video),3.0,2.005464553833008
rw3178449,Seventh Son (I) (2014),2.0,2.2433085441589355
rw3016245,Nurse 3D (2013),1.5,3.596198320388794
rw3316963,The Exorcism of Emily Rose (2005),2.0,2.279092788696289
rw6403106,Wonder Woman 1984 (2020),0.5,3.2153384685516357
rw5903264,Merlin (2008–2012),4.5,2.7943296432495117
rw2897378,Spookies (1986),5.0,2.111117362976074
rw2618511,The Avengers (2012),4.0,4.604475498199463
rw2961493,Troy (2004),3.5,4.064154624938965
rw4546842,You (2018– ),2.5,3.380274534225464
rw5784772,Life with Lucy (1986),5.0,1.8667142391204834
rw0142187,Jaws (1975),4.5,2.57442569732666
rw0345990,Pulp Fiction (1994),4.5,4.421579837799072
rw3810221,Legend (1995),4.0,3.934735059738159
rw1423053,Funeral in Berlin (1966),3.5,4.238029956817627
rw1389197,Azumi (2003),3.0,1.7794185876846313
rw1839835,Alien³ (1992),0.5,3.2684054374694824
rw6099228,Dorojka (2019),5.0,2.513648509979248
rw6384968,Tin Star (2017–2020),2.0,5.0
rw4475541,Equals (2015),2.0,2.39839768409729
rw2509977,The Forgiveness of Blood (2011),3.5,5.0
rw4965286,Scanners (1981),3.5,4.355691909790039
rw1635786,太陽浩劫 (2007),3.5,3.0210413932800293
rw0432808,Spawn (1997),2.0,1.6821157932281494
rw2173610,Reckless Kelly (1993),2.5,3.0591230392456055
rw6267355,I Am Greta (2020),5.0,4.119052886962891
rw1603228,The Covenant (2006),0.5,2.588581085205078
rw5267914,Mother! (2017),1.5,2.689115524291992
rw1639730,Asphalt jungle (1950),4.5,3.1422624588012695
rw5414732,Uncut Gems (2019),5.0,3.160189390182495
rw1794487,The Day After (1983 TV Movie),5.0,4.222128868103027
rw2619096,Prometheus (I) (2012),0.5,3.5240907669067383
rw0836041,Garcea si oltenii (2001),0.5,3.644489288330078
rw4787432,Interstellar (2014),5.0,3.2832491397857666
rw1178623,The Killing (1956),4.5,3.7400877475738525
rw2379102,Mad Men (2007–2015),0.5,1.8971261978149414
rw6008016,The Darkness (I) (2016),2.0,1.632043719291687
rw2590020,Fog Island (1945),0.5,2.7569141387939453
rw1229623,The Black Cat (1934),4.0,4.0067925453186035
rw4503072,2.0 (2018),4.5,2.487905740737915
rw5095376,Occupation (2018),1.0,2.607637882232666
rw0545525,Happiness (1998),5.0,3.596329689025879
rw1097293,Bye Bye Braverman (1968),4.5,4.238499641418457
rw3502118,Red Heat (1988),3.5,3.3851661682128906
rw3402135,Kyaa Kool Hain Hum 3 (2016),0.5,3.0294253826141357
rw4277029,Hostiles (2017),3.5,2.2532403469085693
rw0716893,Harry Potter and the Sorcerer's Stone (2001),5.0,3.518193244934082
rw3516284,The Inspector General (1949),3.5,3.615609645843506
rw4717627,Ben Is Back (2018),3.5,3.715394973754883
rw1820267,Dead Man's Shoes (2004),0.5,3.789175271987915
rw1293692,The Boondock Saints (1999),1.0,3.348109722137451
rw5526105,Sonic the Hedgehog (2020),3.0,4.333694934844971
rw1173380,Shades of Gray (2005),4.5,3.703570604324341
rw3523175,Allegiant (2016),3.5,4.052254676818848
rw0128797,The Exorcist (1973),5.0,2.5400023460388184
rw6433949,Archive (2020),3.5,4.5611419677734375
rw0043251,Self Made Maids (1950),5.0,3.7165944576263428
rw2212933,The Devil's Tomb (2009),3.5,4.2687907218933105
rw2857828,Cruising (1980),5.0,3.193894147872925
rw1463878,Lurkers (1988),1.5,2.6697051525115967
rw1033301,The Last Run (1971),4.5,3.816810131072998
rw2773081,Alice Doesn't Live Here Anymore (1974),3.5,3.3370726108551025
rw5652773,#BlackAF (2020– ),2.5,3.5200493335723877
rw0859048,A Mighty Wind (2003),3.5,2.4647979736328125
rw5465143,The Expanse (2015– ),5.0,3.5041377544403076
rw6052921,I See You (II) (2019),3.5,2.6094229221343994
rw5111349,It Chapter Two (2019),3.0,3.0634162425994873
rw3378882,Creed (II) (2015),3.5,2.9874889850616455
rw1043824,Avanim (2004),5.0,4.001281261444092
rw4101896,Midnight Sun (2018),3.5,2.449721097946167
rw5056934,Eerie (2018),3.5,2.63413405418396
rw0638754,"O Brother, Where Art Thou? (2000)",4.0,3.481971263885498
rw2356405,Nostalgia (1983),3.5,4.0936808586120605
rw2596859,Scream 4 (2011),2.0,2.925529956817627
rw2134083,À Nos Amours (1983),4.0,3.9918551445007324
rw3735033,Iqaluit (2016),4.0,3.9694342613220215
rw3353599,Conspiracy (2001 TV Movie),3.5,3.737152338027954
