id,movie_title,y_true,y_text_pred
rw1668379,Mission: Impossible (1966–1973),4.0,4.443299771770564
rw0704620,The Matrix Reloaded (2003),4.0,3.778491533210117
rw0481138,Star Wars: Episode I - The Phantom Menace (1999),3.0,2.9093340583572305
rw2350502,The Mask of Zorro (1998),5.0,4.749477815582419
rw5075161,Ambili (2019),5.0,4.756765193695065
rw3809975,Mother! (2017),1.0,2.666183556677301
rw3054540,"Sinbad, the Sailor (1947)",3.5,3.2771187650798566
rw4144651,Avengers: Infinity War (2018),4.0,4.167931607776126
rw2682263,Upside Down (I) (2012),4.0,4.100178334767234
rw1072383,Pearl Harbor (2001),1.0,1.3684857792426344
rw1507820,Stormbreaker (2006),4.0,3.4382947713744385
rw3441405,Sahara (I) (1943),3.5,3.9994049053188214
rw3701319,The Beast of Hollow Mountain (1956),3.0,3.0758054507724095
rw4235288,Star Trek: Voyager (1995–2001),4.5,4.794031152750276
rw1778781,White Dog (1982),3.5,2.770106424123182
rw4285422,Their Purple Moment (1928),3.0,3.1050556810718035
rw2486516,Fright Night (2011),4.0,3.4746736650684977
rw2452468,Contract Killers (2008),4.0,3.092891104376818
rw0510926,The Matrix (1999),4.0,4.008684828303731
rw3595309,Vertigo (1958),4.0,4.002612055990589
rw5424977,Cats (2019),0.5,0.7426709016184243
rw4431432,Snoopy Come Home (1972),4.0,4.775312592057672
rw5610960,Incendies (2010),2.0,2.0811746830081286
rw6192864,Tremors: Shrieker Island (2020 Video),3.0,2.787729596047316
rw4906305,The Man in the Iron Mask (1939),1.5,2.3017159406982626
rw3827518,Jay and Silent Bob Strike Back (2001),5.0,4.036448004975091
rw1940123,An American Crime (2007),3.0,2.942024433768401
rw4458032,Person of Interest (2011–2016),4.0,3.6922777216317915
rw4576899,The Falling (2014),3.0,2.730285849958751
rw1552238,Joseph and the Amazing Technicolor Dreamcoat (1999 Video),3.5,3.9675436474264574
rw2953735,The Counselor (2013),0.5,1.4139759362088524
rw2434791,Surveillance (I) (2008),1.5,1.922306866691144
rw5064992,Crawl (I) (2019),3.5,3.66023129154109
rw0989173,Funeral Home (1980),2.0,2.65963317786402
rw5932054,Warpath (2020),1.5,1.85960052249432
rw1989291,Hancock (2008),0.5,1.6108852227014232
rw2389529,Cousin cousine (1975),2.0,2.5505339164191994
rw0001585,The Heart of Texas Ryan (1917),5.0,4.063559497252351
rw0034701,Lonesome Lenny (1946),5.0,3.9118351685204997
rw2787063,Thor (2011),4.0,3.3766899075422314
rw1141336,Stranger Than Paradise (1984),0.5,1.8036202479448742
rw5707404,Mrs. Serial Killer (2020),4.0,4.116083018981074
rw3209061,Western Mail (1942),4.5,4.05913632295499
rw5702779,Ex Machina (2014),4.0,3.7130541929348766
rw3733461,American Flyers (1985),3.5,3.6194799760687815
rw6007269,Promised (2019),5.0,4.930129156130132
rw4881364,Nonsense (2018),4.5,4.216563055306068
rw0577133,Ghost Dog: The Way of the Samurai (1999),3.5,3.8128140545517915
rw2331408,Robin Hood (2010),2.5,2.79105524958439
rw5597159,The Drone (2019),1.5,2.0112806586524883
rw3823038,The Bad Batch (2016),2.0,1.8020444843110592
rw1234514,"The Chronicles of Narnia: The Lion, the Witch and the Wardrobe (2005)",5.0,4.372498007379659
rw3149615,American Guinea Pig: Bouquet of Guts and Gore (2014),5.0,4.70644147584473
rw5483444,Band of the Hand (1986),2.5,2.8940225827983572
rw3734261,Beauty and the Beast (I) (2017),5.0,4.40264050383751
rw6109568,The Scapegoat (1959),2.5,3.1528484081388712
rw5680677,Spirited Away (2001),3.0,3.4135601096508834
rw2586273,The Thomas Crown Affair (1999),3.5,2.9600107333364267
rw3683843,Quo vado? (2016),3.5,3.309883033434217
rw3313449,War Room (2015),5.0,4.504215133898525
rw1846318,Play Dead (1983),1.0,2.3652338839478295
rw5710334,Love & Mercy (2014),2.5,3.1196561728536585
rw1792133,Life as a House (2001),4.0,3.888558850832772
rw5743435,Forbidden Planet (1956),3.5,3.200826676425483
rw3877042,Eye See You (2002),1.5,2.6525915660096038
rw6018527,Greyhound (2020),3.0,2.9000720152365753
rw5266596,Hollywood Vice Squad (1986),3.5,3.7298942202548924
rw4990199,Aziz Ansari: Right Now (2019 TV Special),3.5,3.6851347619626518
rw6450596,Alice in Wonderland (1966 TV Movie),4.0,3.957205322428453
rw3324500,Standing on the Shoulders of Kubrick: The Legacy of 2001 (2007 Video),2.0,3.010338245139169
rw4666236,Alita: Battle Angel (2019),4.5,4.145437586370372
rw6201224,Batman: Mask of the Phantasm (1993),4.0,3.836322833134758
rw6357668,Underworld: Blood Wars (2016),0.5,1.7925483414384893
rw4351444,College Romance (2018– ),5.0,3.8052074170628414
rw5883263,Hold the Dark (2018),0.5,1.725234401748491
rw1424814,Lady in the Water (2006),4.0,4.506222660496288
rw4794492,The Village (2004),4.0,3.552441117484255
rw3775567,The Guest Book (2017–2018),5.0,4.301351705955595
rw1251957,Nobody Knows (2004),2.5,2.4618261587679813
rw4577912,The Accidental Prime Minister (2019),5.0,4.2656613835458135
rw3494730,Dying of the Light (2014),2.0,2.9049019113439174
rw1346430,La niña de la mochila azul (1979),3.5,3.9544569647898236
rw2867447,This Is the End (2013),0.5,1.3871763201357867
rw0030514,Henry V (1944),4.0,3.6675261222872297
rw0058555,The Man Who Knew Too Much (1956),3.0,3.822003161179375
rw1751803,The Shadow (1940),3.0,3.194006161581906
rw0450534,Enemy of the State (1998),5.0,3.8055953176953183
rw1552439,The Pursuit of Happyness (2006),5.0,4.151754270055345
rw6139005,The Mentalist (2008–2015),5.0,4.374801462982323
rw2577648,Paan Singh Tomar (2012),5.0,4.902210088564782
rw4278264,Interstellar (2014),5.0,4.597006199271099
rw6107628,Witness for the Prosecution (1982 TV Movie),3.5,3.6564151231908117
rw0627489,The Blair Witch Project (1999),4.0,3.7853082507140936
rw2478675,Assassin's Creed (2007 Video Game),5.0,4.6463258839122075
rw6377744,Fishtales (2007),1.5,2.6280386721727194
rw5811617,Fifty Shades of Grey (2015),5.0,3.819534193553758
rw0960897,Kung Pow: Enter the Fist (2002),5.0,4.488904081910891
rw5317571,Tall Girl (2019),0.5,1.8079869138083269
rw4727414,Badla (2019),1.5,2.3117862484140894
rw4877476,Baby (I) (2015),4.5,3.9987742083605897
rw5780311,The Last Dance (2020),4.0,4.225261632279338
rw5598316,Dia (2020),4.5,4.344851362225071
rw5175387,The Other End of the Line (2008),4.5,4.456010344718914
rw4574764,Do You Trust This Computer? (2018),5.0,4.4492912373000415
rw6222270,Leaving D.C. (2012),3.0,3.188517165991204
rw0668451,Ginger Snaps (2000),4.0,3.5946823373285826
rw0789924,Crossroads (I) (2002),4.0,3.3003126702833736
rw3748276,Snowfall (2017– ),4.0,3.269536490896458
rw1551006,Holiday (1938),4.5,4.053357612743309
rw4339744,Bleach (2018),4.0,4.4758469127400975
rw2556535,Take Shelter (2011),4.0,4.177493112226858
rw6444544,Good Time (2017),4.5,4.420171988773225
rw3543005,Night in Paradise (1946),3.5,3.46009662903091
rw0325642,Much Ado About Nothing (1993),5.0,4.329548945347776
rw4005228,Equity (I) (2016),3.0,3.146940394604081
rw6245111,The Shack (I) (2017),5.0,4.458140374829988
rw4939993,For The People (2018–2019),1.5,1.4177263122827015
rw0495577,Shrek (2001),4.5,3.866614288462393
rw5184959,The Art of Self-Defense (2019),3.5,3.078613741551374
rw1884218,Arroseur et arrosé (1896),3.0,2.6027849146909707
rw0983249,Basic (2003),1.0,1.423412383987543
rw4863663,Ride (III) (2018),2.0,2.706832991255602
rw2350425,Louis Sullivan: the Struggle for American Architecture (2010),5.0,4.675143067504019
rw2575921,Watch on the Rhine (1943),3.5,3.4835506855326948
rw4714701,The Order (2019–2020),5.0,4.798289503935171
rw3506419,Boot Camp (2008),2.0,2.718554339501399
rw4548380,Insidious: The Last Key (2018),3.5,3.338850050000134
rw4273335,The Room (2003),5.0,3.343724254589073
rw5170345,Baba Yaga (1973),1.0,1.537682720907276
rw1827367,Annabelle's Affairs (1931),4.0,3.204312653626159
rw2147318,Infestation (2009),3.0,2.891158000549593
rw2491614,Sanctum (2011),0.5,0.940701848348108
rw1876194,The Forbidden Kingdom (2008),4.5,4.1557536520071565
rw2245208,Stepping Out (1991),1.5,1.5658564330248124
rw3799369,King Arthur: Legend of the Sword (2017),3.5,3.5972858251542563
rw0229518,Aliens (1986),4.0,4.359246559833178
rw3001610,The Skeleton Key (2005),4.5,4.520633557001402
rw3559176,Lights Out (II) (2016),4.0,3.7595576407913107
rw0980290,The Perfect Pitch (2002 TV Short),5.0,4.571442301209839
rw5125739,Mission Over Mars (2019– ),5.0,3.7683729585606787
rw2601383,Wolf (1994),3.0,2.9195684310715357
rw2542040,A Gifted Man (2011–2012),5.0,4.722925585619887
rw1854242,Conversations with Other Women (2005),3.5,3.323566388050687
rw2425778,Tere Bin Laden (2010),3.0,3.3473609361500545
rw5521089,Ford v Ferrari (2019),3.5,3.6349856107585894
rw0853625,Cradle 2 the Grave (2003),0.5,1.1192943180038393
rw2850332,The Fosters (2013–2018),4.0,3.657594838111578
rw4618317,The 5th Wave (2016),2.0,1.7918819911135762
rw3127142,Love Is Strange (2014),3.5,4.051756985862907
rw3361158,Dick Tracy (1990),4.0,3.909066588460346
rw2965291,Rock 'n' Roll High School (1979),3.0,3.226219605940597
rw3557817,Turkey Shoot (1982),3.0,3.2100582804812565
rw4341450,The Red Pill (2016),3.5,2.9625308816294673
rw0828919,The Rules of Attraction (2002),3.5,3.8345397485539268
rw2123484,A Double Life (1947),4.5,4.419642194228812
rw2376444,Akira (1988),5.0,4.523788919769891
rw3234271,Avengers: Age of Ultron (2015),4.0,3.6690408719075314
rw6289910,Merry In-Laws (2012 TV Movie),4.0,3.611110872377112
rw2255505,Reality Bites (1994),1.0,2.3462358487160344
rw5978361,Little Voice (2020– ),4.5,4.683873579220416
rw2002203,American Gangster (2007),4.0,3.9757554097019177
rw2429807,As Tears Go By (1988),4.0,3.537382899875522
rw4573648,Roma (2018),4.0,3.155485076940059
rw5931696,Dil Bechara (2020),5.0,4.4551442352725354
rw5037750,We Belong Together (2018),0.5,1.8630459597380835
rw4164600,The Man from U.N.C.L.E. (2015),3.0,3.232362363462306
rw5889832,Escape from New York (1981),3.5,3.000675498580668
rw4837924,Chernobyl (2019),5.0,3.8619363375247335
rw1899749,Limbo (II) (2004),5.0,4.1982240847218
rw2522633,North by Northwest (1959),4.0,4.2849366890667975
rw5754736,Alien (1979),5.0,4.383096833730062
rw0504469,Dinosaur (2000),3.5,2.9861375038778704
rw1395413,Mozart and the Whale (2005),1.0,2.486845472002743
rw5415810,Raatchasan (2018),5.0,5.0
rw3631486,Woman of Straw (1964),3.5,3.5237063736238943
rw3417071,Eddie the Eagle (2015),5.0,4.4757900328051115
rw0184808,Excalibur (1981),4.5,4.502799038094219
rw1129747,Dinner Rush (2000),4.5,4.88558770909302
rw2558860,Apocalypse (2011),3.5,3.6438193330105597
rw0183619,Conan the Barbarian (1982),4.5,4.412035759836709
rw4774034,Serpent (2017),1.5,1.6885161005322447
rw3282112,Terminator Genisys (2015),3.5,3.996901289807429
rw4186510,The Place (2017),2.0,2.503475776714148
rw0467787,Pushing Tin (1999),2.5,3.021741489032193
rw2715665,Memorial Day (2012),5.0,4.402585674104797
rw3536038,Badlapur (2015),3.0,3.262744322715462
rw2220798,Butterfly on a Wheel (2007),3.5,3.5443668836242206
rw0479393,Fantasia 2000 (1999),5.0,4.15700531074298
rw1053190,Shadow of the Thin Man (1941),3.5,4.0048843854052
rw5754587,Rim of the World (2019),4.5,4.951693315706279
rw1302445,Dogville (2003),5.0,4.5980504134937465
rw2108866,The Awful Truth (1937),1.5,1.987068752001117
rw3335668,The Ouija Exorcism (2015),1.0,1.030936035246639
rw6261562,Ludo (2020),0.5,0.5
rw2967922,Zoolander (2001),1.5,1.8294806014776428
rw2058126,Unstable (2009 TV Movie),4.0,3.663625119795402
rw1940366,Nim's Island (2008),3.5,3.4246413072244004
rw3632104,Show Girl in Hollywood (1930),3.0,3.682752476973299
rw6161156,I Still See You (2018),3.0,2.9739542001453394
rw3543917,Anthropoid (2016),4.0,3.736685111766846
rw4104300,Verónica (I) (2017),0.5,1.2852279645353173
rw2567496,Grimm (2011–2017),2.0,2.5407048462715673
rw6135388,Unknown Origins (2020),3.0,3.501181716617442
rw2746318,Annie Oakley (1894),3.5,3.3517168658904106
rw5313390,鋒迴路轉 (2019),1.5,2.529229915324778
rw5062610,When They See Us (2019),1.5,2.5624109868358427
rw1086579,Star Wars: Episode III - Revenge of the Sith (2005),5.0,4.874971442109397
rw0655407,Sexy Beast (2000),4.0,4.2492663850822945
rw4318272,Jack Ryan (2018– ),4.5,4.275845879201775
rw4027939,Modern Family (2009–2020),5.0,3.926872207794638
rw1041150,Heaven Can Wait (1943),4.0,3.653224320711569
rw4542762,Amityville: The Awakening (2017),4.5,4.059008851467158
rw1815864,All the King's Men (1949),5.0,4.389488940739891
rw3540622,Your Name. (2016),5.0,4.679893151515208
rw4186664,Game of Thrones (2011–2019),4.5,4.151162715359374
rw1790911,Sweeney Todd: The Demon Barber of Fleet Street (2007),4.0,3.986431715017953
rw2844831,Michael Clayton (2007),5.0,4.973204266629961
rw5896733,Greyhound (2020),4.0,3.6392524440981515
rw2455131,Rubber (2010),0.5,0.9950963101604406
rw2853993,United (I) (2011),2.5,2.628184645142892
rw3115116,Reign (2013–2017),3.5,3.0610293982302808
rw5344354,Togo (2019),4.5,4.7102008504207244
rw3497582,Tremors (1990),5.0,4.965387578079442
rw5601145,Matrimony's Speed Limit (1913),3.5,3.2971251887462043
rw6112280,One Night in Bangkok (2020),0.5,1.6748757339347757
rw5397200,Death in Paradise (2011– ),4.0,3.9496882691599575
rw4960103,Dark (2017–2020),4.0,3.868775302808936
rw0587758,The Sixth Sense (1999),5.0,4.359314558685882
rw1858991,Tara Road (2005),3.0,2.6333259909927755
rw5848724,Underwater (2020),2.0,2.750798012117458
rw5729788,Person of Interest (2011–2016),5.0,4.678831843881047
rw2263562,Splice (2009),1.5,2.591813509553622
rw0589629,Pirates of Silicon Valley (1999 TV Movie),4.0,4.098933639176511
rw5053294,Magnum P.I. (2018– ),4.0,3.972061781098689
rw2236237,Ronin (1998),5.0,4.847381360643738
rw1530789,Bloodsport III (1996 Video),3.5,3.096978968867116
rw0712788,Mimic 2 (2001 Video),3.5,2.9495273292903996
rw0366113,Last of the Dogmen (1995),4.5,3.787464634990153
rw5711310,The Manxman (1929),3.0,2.9199889439345914
rw1636805,Nobi (1959),5.0,4.323795748879153
rw1687901,Zoom (2006),2.0,2.1371817592071682
rw5797805,The Expanse (2015– ),5.0,4.874862242417265
rw3610796,The Girl with All the Gifts (2016),4.5,4.042411240927617
rw2718501,異形奇花 (1986),4.0,3.739095937066757
rw4425085,Werewolf in a Girls' Dormitory (1961),2.0,2.3317356884398115
rw3677852,Unleashed (I) (2016),5.0,4.058449061716441
rw2197046,六壯士 (1961),4.0,3.822482094793547
rw0295623,JFK (1991),5.0,4.244813919598806
rw0416124,The Fifth Element (1997),5.0,3.3767842960448493
rw2194764,阿凡達 (2009),5.0,3.4325603162025424
rw4067235,Hell House LLC (2015),5.0,4.4524571087546
rw2164683,2012 (I) (2009),0.5,1.1334888323383425
rw5327815,Wendigo (2001),2.0,2.148337137618655
rw1044103,Hero (2002),4.5,3.768232077824794
rw2802957,Max Payne (2001 Video Game),5.0,4.124159135944764
rw1038380,Murder in the First (1995),5.0,5.0
rw1913757,The Dark Knight (2008),5.0,3.9884441135360382
rw4083944,Oculus (2013),3.5,3.7278798701666123
rw0724113,Wit (2001 TV Movie),5.0,4.95962629413524
rw5089440,The Lonely Guy (1984),1.0,2.298447576632995
rw3395561,Peter Pan (1953),4.0,4.697083384438619
rw3737703,Pinched (2010),4.5,3.881689067848922
rw5193385,口是心非 (2009),3.5,3.266823216327343
rw6012145,Unfriended: Dark Web (2018),3.0,3.383693290891446
rw5302882,The Christmas Club (2019 TV Movie),4.0,4.034764241352853
rw4275220,Mission: Impossible - Fallout (2018),4.0,3.769691460762506
rw2928977,The Wolf of Wall Street (2013),5.0,4.964076988963362
rw1105961,One Flew Over the Cuckoo's Nest (1975),5.0,4.946688954139351
rw6411020,The Man Who Invented Christmas (2017),2.0,2.7417796192746917
rw3463623,Beat the Clock (1950–1961),5.0,4.0534191476099775
rw2326716,Role Models (2008),4.5,3.925266190886999
rw0664660,Fourplay (2001),5.0,4.760780421719153
rw3289764,Drishyam (2015),5.0,4.643456322397719
rw5631317,Wes Craven's New Nightmare (1994),4.0,3.6670185763741068
rw4930578,Vice (2013– ),1.0,1.9966691042504603
rw4779999,The Silence (II) (2019),0.5,1.7476178635193347
rw5986017,Gunjan Saxena: The Kargil Girl (2020),5.0,4.276276468340563
rw1692452,Gosford Park (2001),5.0,4.344683331795611
rw1666409,Eko eko azaraku III (1998),3.0,2.652527773871305
rw5289836,Zombie with a Shotgun (2019),5.0,4.825099273422838
rw0212498,The Lift (1983),3.0,2.7951579969679003
rw0027598,The Talk of the Town (1942),5.0,4.83202849818478
rw4907699,Pulp Fiction (1994),3.5,3.5142906395041544
rw1571977,The Producers (2005),4.0,3.723250295450145
rw0086068,Mary Poppins (1964),5.0,4.350720693502401
rw2875181,Vikingdom (2013),5.0,3.521057178134435
rw6326350,Weekend at Dunkirk (1964),3.5,3.115091615711799
rw6272543,Twilight (I) (2008),3.0,3.2108259164437163
rw2024010,The Curious Case of Benjamin Button (2008),1.5,1.6375958338049472
rw1684226,The Departed (2006),2.0,1.9497920434656268
rw2251692,Pan's Labyrinth (2006),5.0,4.331255805916296
rw2365597,Exam (2009),4.0,3.7803811520972816
rw6146878,Spider-Man 2 (2004),3.5,3.93746591446558
rw2625269,Hangman's Knot (1952),3.5,3.302963127931062
rw5290110,冰雪奇緣2 (2019),5.0,4.603993390193502
rw2775589,The Call (II) (2013),2.0,2.162438213410196
rw1429843,The Bong Connection (2006),5.0,4.606475355067722
rw5075296,#Followme (2019),1.0,1.7374818193703883
rw2432258,The Human Experience (2008),5.0,4.850298199319255
rw3511217,The World's End (2013),5.0,4.27928553691963
rw4897724,Wine Country (2019),1.0,1.9940668992624755
rw0529442,Surrender Dorothy (1998),5.0,4.083928754872554
rw1051109,Feardotcom (2002),0.5,1.0184386561524081
rw5576547,The Letter for the King (2020– ),4.0,3.8095422164134085
rw5664860,Terminator Salvation (2009),4.0,3.4370249352386435
rw1729754,3:10 to Yuma (2007),2.0,2.4750896944939966
rw1514347,The Odyssey (1997),2.5,2.3131788919370897
rw2917667,Murder by Numbers (2002),3.5,3.182542650140632
rw6040816,Tokyo Ghoul (2014),5.0,4.511353332377036
rw2370333,P.S. I Love You (2007),3.0,3.05835770904869
rw6156583,Deadly Switch (2019),2.5,2.5122282848367696
rw0737969,Billy Elliot (2000),4.5,3.7486435205256115
rw6276965,The Traitor (2019),5.0,4.714188178733391
rw6057425,Mirzapur (2018– ),4.5,4.313503177147878
rw1286245,Kuffs (1992),0.5,1.5508610334992214
rw5858787,The Predator (2018),2.5,2.5769867910723123
rw3263566,The Wiz (1978),3.5,3.7221265799376044
rw5198104,功夫熊貓2 (2011),2.5,2.079990791885427
rw3209867,Pinocchio (1940),4.0,3.7608949522704767
rw5515674,The Whistlers (2019),5.0,4.174602999237981
rw5403977,Red Room (2017),0.5,2.3640136990177396
rw5123002,Saaho (2019),2.0,3.0242887954550723
rw5603705,Yol (1982),3.5,3.6474244212383957
rw4122127,Elements of Matter (2018),0.5,0.8780125582389906
rw2983047,Alpha and Omega 2: A Howl-iday Adventure (2013 Video),2.0,2.5593637867892456
rw1593367,Old Joy (2006),1.5,2.318253044631487
rw1163772,Army of Darkness (1992),0.5,0.5680503729174311
rw1414760,Barney's Great Adventure (1998),4.0,3.541971622308346
rw2228635,Final Solution (2004),5.0,4.00402958602687
rw3849882,No Man of Her Own (1950),5.0,4.3512866811731366
rw4366097,Chekka Chivantha Vaanam (2018),0.5,1.8129683400977021
rw2364934,Sullivan's Travels (1941),4.0,3.764285798477922
rw1625787,Turistas (2006),4.0,3.8788440318331765
rw5347148,Cash on Demand (1961),2.5,2.3352638813695075
rw4616516,Bright (I) (2017),3.0,3.068499081356216
rw5910162,Rogue One: A Star Wars Story (2016),4.5,4.274477340569137
rw4538491,Bird Box (2018),3.0,2.7070580512351863
rw3373087,Barbara (I) (2012),3.5,3.9077054690327073
rw2164952,Ghoulies II (1987),2.5,2.6205278465787427
rw0295679,JFK (1991),4.0,3.7599935757958987
rw2237225,The Life and Death of Peter Sellers (2004),5.0,4.717204272655927
rw2481722,The Yin and the Yang of Mr. Go (1970),4.0,3.2837448590364713
rw4525363,Andhadhun (2018),5.0,4.870791374625643
rw3414819,Pride and Prejudice and Zombies (2016),4.5,3.984468498906863
rw4986115,Elmo Saves Christmas (1996 Video),0.5,2.4499600679869724
rw4966350,Child's Play (2019),0.5,0.5655800375967734
rw2110655,Nos jours heureux (2006),3.5,3.7286121399342607
rw0846799,Old School (2003),5.0,4.921366322642783
rw0570877,American Pie (1999),4.5,3.9275868432202197
rw2145415,Edmond (2005),3.0,3.401976846617147
rw1500229,Marie-Martine (1943),4.0,3.568386672604564
rw5690362,The Little Prince (1974),4.0,3.692599938782729
rw3381495,The Revenant (2015),5.0,4.646107810039216
rw2982668,Dallas Buyers Club (2013),5.0,5.0
rw1876911,Clearing the Range (1931),3.0,2.872253981150344
rw0894507,Troy (2004),3.0,3.2342472193706104
rw4448571,Daredevil (2015–2018),5.0,4.760355668835464
rw5258475,Toto le héros (1991),5.0,4.378261248393674
rw5909710,"Standing Up, Falling Down (2019)",3.5,3.5720830995795243
rw2952456,Cloud Atlas (2012),5.0,4.9107722624006644
rw2884332,Oszukane (2013),3.0,3.4862211181250036
rw1070565,Calamity Jane (1953),5.0,4.1983299608893985
rw1697614,Leopard Fist Ninja (1982),2.5,2.6660151211915077
rw1059116,Holy Smoke (1999),2.0,2.3804772703507586
rw1200996,Akira (1988),5.0,4.755001469153162
rw1269228,Swept Away (2002),3.5,4.404564177919043
rw2927046,American Pie (1972),3.5,3.892605767993979
rw0237252,Ruthless People (1986),3.5,3.954944208501858
rw2649818,Roadracers (1994 TV Movie),4.5,4.191770643056127
rw4751097,Scarface (1983),4.0,3.7485618400406877
rw5956736,Eden Lake (2008),1.5,2.6352061353682568
rw0913136,Fei teng de qun shan (1976),5.0,4.441307859279002
rw1242058,David & Layla (2005),5.0,4.700165002393705
rw2975787,Soccer Mom (I) (2008),3.0,3.1244086106864724
rw0113192,Scrooge (1970),5.0,4.158919500973471
rw3272626,Pitch Perfect 2 (2015),4.0,3.8401601408174173
rw4117289,Legion (2017–2019),2.5,2.3847694077635606
rw4826216,Avengers: Endgame (2019),3.5,3.847743235387391
rw6300821,Network (1976),4.5,3.924683611314471
rw5668846,Albion: The Enchanted Stallion (2016),3.5,3.4434563983764006
rw2351801,Ichiban utsukushiku (1944),5.0,4.333837888371077
rw2512855,Friday the 13th Part VII: The New Blood (1988),3.5,3.714665213502184
rw1309462,La Terra Trema (1948),2.5,2.7421899535874728
rw1203689,Garden State (2004),4.0,4.133032091528083
rw4918218,Pokémon Detective Pikachu (2019),4.5,4.3411011505463275
rw1693691,Strike the Tent (2005),2.5,2.7176883085998274
rw6364878,Upload (2020– ),5.0,4.795396611865384
rw4902265,"Love, Romance, & Chocolate (2019 TV Movie)",3.0,3.790454384974195
rw0358145,Casino (1995),4.5,4.112627365977863
rw5486287,Love Aaj Kal (2020),0.5,1.2322732745478118
rw5691315,Journey of a Woman (2007),2.5,3.106029548509695
rw1693328,The Four Horsemen of the Apocalypse (1962),2.5,3.1790104416169935
rw4573620,The Shape of Water (2017),3.0,2.518574840072822
rw1104677,My Blind Brother (2003),4.5,4.144623133150177
rw3874065,Dark (2017–2020),2.5,2.6481500157141866
rw0183686,Conan the Barbarian (1982),5.0,4.928489381087568
rw3798548,Slaughter Daughter (2012),5.0,4.778399370734054
rw1272875,The Circle (2002),5.0,4.023916943359847
rw3295000,Snoopy's Reunion (1991 TV Short),4.0,4.0206951722766755
rw6318411,Happiest Season (2020),5.0,4.767544840187645
rw5513084,The Man Who Knew Too Much (1934),3.5,3.708495574218887
rw4600960,Dragon Ball Super: Broly (2018),5.0,3.5132137413920423
rw3800060,Happy-Go-Nutty (1944),4.5,4.602116575960804
rw1941478,A Woman Under the Influence (1974),2.0,2.8997992102245322
rw1704334,Comet in Moominland (1992),4.0,4.025802251447007
rw0630096,Silicon Towers (1999),0.5,1.0809330821576557
rw2075561,The Prophecy (1995),2.0,2.6424926326241525
rw0544512,High Fidelity (2000),3.0,2.588896765138549
rw4343242,Mandy (I) (2018),4.0,3.2604494168230564
rw5489892,War Machine (2017),1.5,2.582611449361108
rw5316573,Mnemophrenia (2019),4.5,4.157411221074986
rw2145942,Ecstasy (1933),4.5,4.2512984330215735
rw0894002,Troy (2004),4.5,3.9702250223132136
rw3664393,The Great Wall (I) (2016),2.0,2.359326452163163
rw4359160,Memento (2000),4.0,4.074125623234347
rw2683627,The Only Way (1970),4.0,3.885054624031321
rw2624876,Y Tu Mamá También (2001),5.0,4.708258772001545
rw1844719,Incubus (2006),1.5,1.5697774135983353
rw2897195,500 Days of Summer (2009),4.0,4.252594897384705
rw3248742,My Haunted House (2013– ),0.5,1.446311576733929
rw1935282,Hamlet 2 (2008),5.0,4.4154366873352
rw0136448,The Lords of Flatbush (1974),2.5,2.749722023740439
rw5796674,Inception (2010),5.0,4.35535172649349
rw0568947,Hanging Up (2000),3.0,3.2574359885322943
rw5256323,Vaxxed II: The People's Truth (2019),0.5,1.8629137730254381
rw0693752,Pay It Forward (2000),3.5,3.3343226599243714
rw3296423,Se diu ying hung: Dung sing sai jau (1993),5.0,4.224093415143843
rw4462519,Climax (I) (2018),2.5,2.6518488016215933
rw3191120,The Imitation Game (2014),4.5,4.190107637604578
rw5941860,Dil Bechara (2020),0.5,2.4288740035421466
rw2376995,This Earth Is Mine (1959),2.0,2.616293460296207
rw2149620,The Magnificent Seven (1960),3.0,2.853991870408226
rw0150419,Taxi Driver (1976),5.0,4.381867699807946
rw2159253,Adoration (2008),3.5,3.3368407912249456
rw4718562,The Bra (2018),3.0,3.08589611951941
rw4192443,The Sea Wolf (1941),4.0,3.6557040005151693
rw5186892,Fractured (I) (2019),3.5,3.4690511122521075
rw0245387,Hope and Glory (1987),4.5,4.62573343653116
rw4796544,Captain Marvel (2019),2.0,2.67153364133966
rw3218347,Robot Revolution (2015),0.5,1.6104863271712588
rw3335782,Tomorrowland (2015),0.5,1.7319407357609211
rw4098093,"Re: Zero, Starting Life in Another World (2016– )",5.0,4.8667194681499915
rw0406227,In the Mood for Love (2000),5.0,4.354861084119635
rw2125183,The Eagle Has Landed (1976),5.0,4.184266408903814
rw2079966,Barton Fink (1991),4.0,3.2448194896467006
rw5029107,Aranyélet (2015–2018),5.0,4.724456384816442
rw2947258,Desert Sands (1955),4.0,3.6748620596124097
rw3319674,Total Recall (I) (2012),3.0,3.4212566891347476
rw5931011,Dil Bechara (2020),5.0,4.760753197884306
rw2535268,Life's Too Short (2011–2013),3.5,3.6103640680283795
rw3222793,Mountain Monsters (2013– ),5.0,4.286152358766641
rw5457464,Altered Carbon (2018–2020),5.0,4.71961621849324
rw1321110,The Brain That Wouldn't Die (1962),1.5,1.9885728785280254
rw2742405,U.F.O. (2012),2.0,2.232276816598456
rw5188653,My Haunted House (2013– ),5.0,3.8390953962319485
rw1781992,Alvin and the Chipmunks (2007),3.5,3.386885079244597
rw1791162,Planet of the Apes (1968),5.0,4.489883088672332
rw1617125,The U.S. vs. John Lennon (2006),3.5,3.6869002000686555
rw0598976,Gladiator (2000),5.0,4.642169908695245
rw5700062,Mrs. Serial Killer (2020),0.5,0.8344681115642705
rw4274691,Mulk (I) (2018),0.5,1.3137495423303016
rw3149523,魔法黑森林 (2014),0.5,1.5360321465038884
rw5058749,The Great Hack (2019),5.0,4.237234374602864
rw1277296,Brokeback Mountain (2005),4.5,4.426058005619141
rw2985715,The Picture of Dorian Gray (1945),3.5,3.4527746175156375
rw4658013,The Gunman (2015),1.5,1.352472543790767
rw4145170,Avengers: Infinity War (2018),4.0,3.171420431067296
rw6251108,Laxmii (2020),0.5,0.5
rw1618116,Chimera (1991– ),3.5,3.1079535677410726
rw2827962,A Prophet (2009),5.0,4.750764483422492
rw1485502,The Last Kiss (2006),2.5,2.9764704895654113
rw3760794,Jack Reacher: Never Go Back (2016),0.5,0.7263754506065734
rw5839909,Becky (II) (2020),4.0,3.562097689837515
rw2810899,A Way Back Home (2013 TV Movie),3.5,3.0475203734006575
rw1259238,Let's Do It Again (1975),2.5,3.2745079150416774
rw0560284,Croupier (1998),3.5,3.474410978384655
rw2328698,The Disembodied (1957),1.0,2.0539900755988865
rw6125399,Utopia (2020),5.0,4.737160538213233
rw1553224,Marie Antoinette (2006),0.5,1.7175239766000667
rw2059053,Summoner (2000 Video Game),2.0,2.4593185152272294
rw5525699,The Verdict (1982),2.5,3.0563989883011997
rw4874021,Cool Cat Kids Superhero (2018),5.0,4.83627506065358
rw1887873,The Adventures of Sharkboy and Lavagirl 3-D (2005),2.5,2.2503586610507567
rw2863466,Rush (I) (2013),3.5,3.1782712999108305
rw2331952,Up (2009),4.5,3.7297590448686315
rw6333967,Freaky (2020),2.5,2.9992088397187415
rw1212175,Little Big League (1994),3.5,3.334619990035259
rw1570262,Canvas (2006),4.0,4.1422604905177804
rw2201807,House of 9 (2005),1.5,2.1471792377525247
rw0788078,24 Hour Party People (2002),4.0,4.0348167685976435
rw3773955,When Strangers Marry (1944),4.0,3.6656234532497525
rw4056057,The Shawshank Redemption (1994),5.0,4.3090756282486815
rw3371377,Into the Badlands (2015–2019),3.5,3.6048570876147714
rw3039728,Snow White and the Seven Dwarfs (1937),5.0,4.520948042518948
rw2537727,Ten Days in Paris (1940),2.5,2.577983307351984
rw4554102,The Gallows (2015),2.5,2.6493980515007904
rw4816360,Mulholland Dr. (2001),2.0,2.317790430485564
rw5228120,Angel of Mine (2019),2.0,2.2048418105198797
rw6162031,28 Days Later... (2002),1.0,1.6354307366882532
rw0632814,Anatomy (2000),5.0,4.301660345245065
rw6136981,The Old Guard (2020),4.5,4.348264486249555
rw1610258,Timeline (2003),3.0,3.290758061796058
rw2573161,Top Hat (1935),4.5,3.92903065214859
rw1358885,The Silence of the Lambs (1991),4.0,4.0611585097712295
rw1381176,Big Fish (2003),5.0,4.874329848669622
rw2368195,Quantum of Solace (2008),3.0,2.8530093626470743
rw2377939,One Fine Day (1996),3.5,3.668224766862967
rw5515262,The Face of Another (1966),4.0,4.1652690516309505
rw5988374,Gunjan Saxena: The Kargil Girl (2020),4.5,3.9924899543997814
rw4931447,The Beach Bum (2019),1.0,2.161675397203549
rw5922294,X-Men: Dark Phoenix (2019),2.0,2.6381529033942517
rw6415544,Devil's Bait (1959),4.5,3.907064607866979
rw2937722,You're Next (2011),3.0,2.943474210715335
rw3658530,Inception (2010),5.0,5.0
rw1349560,Silent Hill (2006),5.0,3.9814364295484936
rw3675182,Kong: Skull Island (2017),3.0,2.951354951677356
rw3522874,Die Pilgerin (2014– ),2.0,2.0782699224556707
rw3715175,Attack on Titan Part 2 (2015),2.0,2.251498138099763
rw5958387,Black Is King (2020),5.0,4.786468396884578
rw1595993,Derailed (2002),1.0,1.9570699455194351
rw1433878,My Super Ex-Girlfriend (2006),4.5,4.0676405257604005
rw0382408,DragonHeart (1996),2.0,2.034076933327397
rw5561630,Derry Girls (2018– ),5.0,5.0
rw3843054,The Void (I) (2016),4.0,4.012336102364971
rw1553905,A Christmas Story (1983),4.0,4.089746472512243
rw0469645,Saving Private Ryan (1998),2.0,1.9163967363687715
rw2546677,Justice League of America (1997 TV Movie),2.0,2.022038638514547
rw5500098,Parasite (2019),3.5,3.83734889181627
rw1304178,Gung Ho (1986),3.0,3.4242795438151656
rw1893114,Vacancy (2007),0.5,1.450790517311932
rw2731844,Fly Away Baby (1937),2.5,2.956510662067932
rw5101549,Unforgettable (II) (2017),2.0,1.8399297016074763
rw3745441,Snow Angels (I) (2007),4.0,3.960554621429023
rw2597516,The Vampire Diaries (2009–2017),5.0,4.704031820806307
rw5561245,Jumanji: The Next Level (2019),4.0,3.9619100512040455
rw0186905,Killjoy (1981 TV Movie),4.5,3.225159851991035
rw4834043,Meteorites! (1998 TV Movie),1.0,1.413492076371774
rw6093390,Heroes Reborn (2015–2016),1.0,2.769805143608804
rw5842239,The Green Mile (1999),4.5,3.5382310072763365
rw2282130,Inception (2010),5.0,3.730345888514467
rw6336675,The Fury (1978),3.5,3.1275624785159963
rw3758236,What the Health (2017),5.0,4.097896771917756
rw0806448,Tuck Everlasting (2002),4.5,3.6301752427967067
rw1688436,Samouraïs (2002),2.5,2.473968388298196
rw5181254,A Talent for Murder (1984 TV Movie),1.0,2.662308159614296
rw2523148,Teenage Caveman (2002 TV Movie),1.5,2.0747831874777902
rw5146245,Little Baby (2019),5.0,4.631470184337635
rw5164667,小丑 (2019),5.0,4.8163807480948755
rw1662768,Pirates of the Caribbean: At World's End (2007),4.5,3.637428483592316
rw0801217,Final Stab (2001 Video),2.0,1.8942143683940114
rw1952258,Bang Bang Kid (1967),1.0,2.407999010756358
rw0582546,The Lord of the Rings: The Return of the King (2003),5.0,5.0
rw1794031,There Will Be Blood (2007),5.0,4.2476175459771595
rw1341921,Till Human Voices Wake Us (2002),5.0,4.49522625761816
rw2392202,Classroom 216 (2011),5.0,4.158122651021138
rw6315163,12 Pups of Christmas (2019),1.0,1.117763308532489
rw1932506,Batman Returns (1992),2.5,3.396675869036444
rw4197043,Forever My Girl (2018),1.0,2.9854793120661896
rw1157300,Creep (I) (2004),3.5,2.8274937338068353
rw5704236,Planet of the Humans (2019),5.0,4.381920768328308
rw2962407,The Dark Knight (2008),5.0,4.601008343197975
rw5907107,Archive (2020),4.5,3.4706112564044562
rw5167554,The K2 (2016),1.0,2.0527091822298313
rw0593399,American Beauty (1999),1.5,2.1189602603202733
rw4087322,Nikita (2010–2013),4.0,3.8773539539670625
rw0300300,Terminator 2: Judgment Day (1991),4.5,4.043233733101154
rw3354802,Bloodsucking Freaks (1976),1.0,0.7173014488346308
rw4843550,Spare Parts (I) (2015),5.0,4.838307794587623
rw1158903,Trancado por Dentro (1989),5.0,4.392736486104868
rw1444659,Raw Deal: A Question of Consent (2001),3.5,3.1772310803179735
rw3277155,From Dusk Till Dawn (1996),2.5,2.896075661235008
rw2633910,西雅圖夜未眠 (1993),5.0,4.237014071602849
rw3747448,Agonie (I) (2016),2.0,2.4528263280295266
rw5641053,Funny Games (2007),5.0,4.056117212589944
rw1930428,Kibakichi: Bakko-yokaiden (2004),0.5,1.3473733550628486
rw0992431,Bridget Jones: The Edge of Reason (2004),1.0,1.6256852269793816
rw1192732,Fight Club (1999),5.0,4.305810828562797
rw2548060,Bicycle Thieves (1948),5.0,4.71553732712407
rw0300290,Terminator 2: Judgment Day (1991),4.5,4.340806123112259
rw6020670,Flesh (2020),5.0,4.958245175027924
rw4984002,Article 15 (2019),4.5,3.6912414512412854
rw3016214,The Frightened Man (1952),3.0,2.6169303583426546
rw5190636,Artifice (I) (2019),4.5,4.079055678353046
rw4636484,Nautanki Saala! (2013),4.5,4.3346767481209385
rw0669099,The Weight of Water (2000),2.5,2.687387263859855
rw1286133,Something New (I) (2006),5.0,4.1266450323026715
rw2523585,Greenberg (2010),4.0,3.672416499692784
rw5870645,Vice (I) (2018),3.0,1.5043127117121804
rw1725919,Superman II: The Richard Donner Cut (1980 Video),4.0,3.9215976336797724
rw1598007,Berlin - Ecke Schönhauser (1957),3.0,3.147941312182591
rw0791318,Lilo & Stitch (2002),3.0,3.6284866973530345
rw1365934,Misery (1990),4.5,4.035916056788086
rw1744838,An Inconvenient Truth (2006),0.5,1.8250599968649865
rw2519351,My Sassy Girl (2008– ),5.0,4.727115451268322
rw1533816,Beethoven's 4th (2001 Video),1.5,2.145596319802521
rw3708071,Snatched (2017),3.0,2.90425944983312
rw2174150,Hakuôki (1959),4.0,4.091247565824814
rw2547798,Men in Black II (2002),3.0,2.9709717149803896
rw2716247,Khiladi 786 (2012),1.0,2.831349302047669
rw6453516,Mosaic (2007 Video),4.0,3.8079990958640204
rw1376156,The Island (2005),2.0,2.757581982979338
rw4205051,Upgrade (2018),4.0,4.300517573396141
rw4323560,Chicken Girls (2017– ),5.0,5.0
rw1930985,Crazy (II) (2008),4.5,4.464712247597418
rw0834029,xXx (2002),2.0,2.0078233087770547
rw2362275,"Naval Cadets, Charge! (1988– )",5.0,4.800178011982311
rw1275463,The Graduate (1967),4.0,3.400586915565309
rw2049971,Ken Park (2002),1.0,1.905806505521677
rw6117355,Better Man (2013),0.5,0.8183438017627838
rw0910927,The Cat Returns (2002),2.0,2.727841450850295
rw2378377,Ju-on: The Curse (2000 Video),5.0,4.338341056945847
rw1790266,Jesus Camp (2006),0.5,1.6660069612291484
rw1908567,Rambo (2008),5.0,4.974466315389658
rw4344192,All This Mayhem (2014),4.5,3.848040364189026
rw3355685,All the Time in the World (2014),5.0,4.8799608699612795
rw4528385,Sabrina (2018),0.5,1.8462249267835316
rw2604918,The Avengers (2012),4.5,4.317451818703783
rw3606318,Apollo 13 (I) (1995),4.5,4.479332656151401
rw3284333,Younger (2015– ),4.5,3.5743583950680318
rw4623474,Lethal Weapon (2016–2019),0.5,1.4288557362358403
rw3400263,Bolishopping (2013),4.0,3.967836217830431
rw1941531,Firing Line (1966–2020),3.5,3.672302703537686
rw4015205,Scenes from the Class Struggle in Beverly Hills (1989),1.5,2.5724432667147914
rw4800661,Book Club (I) (2018),0.5,1.980906770332315
rw5663451,Gang of Roses (2003),1.5,0.9790249410661893
rw6370939,Wonder Woman 1984 (2020),5.0,4.95583767096732
rw1312484,Goodfellas (1990),5.0,4.48796802997815
rw2144086,"I Love You, Man (2009)",4.5,4.253034035061709
rw6286910,The Corporation (2003),3.5,3.962874651181644
rw4989250,Documental (2016– ),5.0,4.434192155475594
rw0704443,The Matrix Reloaded (2003),4.0,4.129509064171619
rw2332895,Saw 3D (2010),4.0,3.5054563738125633
rw5436129,Time Lapse (2014),2.5,2.8730727247002346
rw6407166,Wonder Woman 1984 (2020),0.5,1.0383492170424624
rw2064003,"Same Time, Next Year (1978)",5.0,4.101794230446445
rw1609417,十月的天空 (1999),4.5,4.220145352314562
rw6386884,Unlocking Christmas (2020 TV Movie),5.0,4.68951429466384
rw1073584,The Best Years of Our Lives (1946),5.0,4.9177787904362615
rw4535782,Master Z: The Ip Man Legacy (2018),4.0,4.390275408999125
rw3049370,Reykjavík-Rotterdam (2008),2.5,2.6856820318128216
rw5434780,Vis a vis (2015–2019),5.0,4.680258203527316
rw1977547,Mother of Tears (2007),4.0,4.063944927608872
rw3466195,London Has Fallen (2016),4.0,4.083262178248212
rw0734712,In the Bedroom (2001),4.5,4.107242484239641
rw2259893,I Love You Phillip Morris (2009),0.5,1.6011956778793555
rw4674943,The Autopsy of Jane Doe (2016),3.5,3.305327453617932
rw4425110,Tomb Raider (2018),4.5,4.080143086627476
rw1955386,Beauty and the Beast (1987–1990),5.0,4.352922382778697
rw2958792,La Jetée (1962),5.0,4.105197049508075
rw4440954,The Resident (2018– ),5.0,4.6538834113242835
rw2141324,Play It to the Bone (1999),3.5,3.3030129502711834
rw0676312,Citizen Toxie: The Toxic Avenger IV (2000),5.0,4.033019861330115
rw5531479,Anna (II) (2019),2.5,2.7931942136296684
rw4244305,The Girl Next Door (2007),1.5,2.6823308042046303
rw5102198,It Chapter Two (2019),3.5,3.6423674845840557
rw3677125,The Accountant (2016),3.5,3.586021327801165
rw4268703,Father of the Year (2018),2.0,2.1580844241935573
rw4319256,The Con is On (2018),5.0,4.164117523704526
rw4233478,Guest in the House (1944),3.0,2.840213184790869
rw2233513,Harmony Trail (1944),3.5,3.6262826400104493
rw2867762,The Case for a Creator (2006 TV Movie),5.0,4.041906576102182
rw2304815,Heavy Metal in Baghdad (2007),4.0,4.142978496316687
rw1295887,A History of Violence (2005),1.0,1.4373147849005126
rw4619267,Miss Bala (2019),4.0,3.2692919435253938
rw0121166,Bad Company (1972),3.5,3.718523257610594
rw6107480,L'ultimo guerriero (1984),2.0,2.4784903338058535
rw1743440,Moonlight (2007–2008),4.5,4.556578618667633
rw2291075,Inception (2010),3.5,3.1133729352058492
rw4113216,Your Name. (2016),3.5,3.841009253806678
rw1710448,Panic in Year Zero (1962),1.5,2.159775142188582
rw5861764,Batman (1989),4.0,4.411256785464137
rw4706078,Captain Marvel (2019),2.5,2.597632276722549
rw3745079,Guardians of the Galaxy (2014),4.0,3.4168332621308237
rw4753266,The Highwaymen (2019),4.0,4.054547579100211
rw5729051,Midnight Special (2016),4.0,3.4697589982880626
rw3296707,Shaun the Sheep Movie (2015),4.0,4.014682020201932
rw5875683,Kaali (2020– ),5.0,4.002609442429708
rw2706887,迷魂記 (1958),5.0,4.8506938127689745
rw5374241,Avane Srimannarayana (2019),4.0,3.112236724620636
rw4091839,Mayumi (1990),4.5,3.9521049571081392
rw4096546,The Shawshank Redemption (1994),5.0,4.470498498392667
rw1554226,When a Stranger Calls (2006),1.5,1.3922178739017028
rw2831832,Me and You and Everyone We Know (2005),0.5,1.602909851519827
rw0299493,The Silence of the Lambs (1991),0.5,2.0798032519404215
rw3843687,Bokeh (I) (2017),0.5,1.7644263752819964
rw4966327,Kabir Singh (2019),0.5,0.7990868882902991
rw6387972,The Hound of the Baskervilles (1939),3.5,3.448659861964774
rw5260840,Angel Has Fallen (2019),2.0,2.559302922845457
rw2877423,Xi Yang Yang Yu Hui Tai Lang Zhi Niu Qi Chong Tian (2009),0.5,1.6095652710108312
rw3866303,Billy Lynn's Long Halftime Walk (2016),3.0,2.75081896852667
rw4523940,The Wolf of Wall Street (2013),3.5,4.181897780660202
rw4557288,Aquaman (2018),2.0,2.117257648853122
rw3170860,The Dead of Night (2010 Video),1.5,2.1486442670800865
rw1725132,Death Sentence (2007),0.5,0.7139004855243867
rw3097641,The Giver (2014),0.5,1.7838834104105457
rw2912344,The Hunger Games: Catching Fire (2013),3.0,3.06998950804916
rw0764247,Men with Brooms (2002),1.0,1.8235240168759612
rw5261451,Dickinson (2019– ),4.0,3.575781733760939
rw3039265,Batman Returns (1992),5.0,4.0374167075909035
rw3518544,Good Will Hunting (1997),5.0,3.992656938334791
rw4745590,Deadly Class (2018–2019),5.0,4.442822198208432
rw3001960,The Bag Man (I) (2014),4.0,3.80431778966701
rw1184083,Serenity (2005),2.0,2.5988248158333844
rw2009113,Shakespeare in Love (1998),2.5,3.380222944136698
rw3014480,Heat (1995),3.0,3.2771409975640133
rw1708828,Transformers (2007),2.0,2.337640310715201
rw5783947,Uncivilized (2020),5.0,4.531407310473243
rw4360434,Footsteps in the Night (1957),2.5,2.711559201071565
rw6112537,Chernobyl (2019),5.0,4.983012091978868
rw5729089,Janara (2015),1.5,2.4099455416171365
rw1943793,Baby Mama (2008),2.0,2.1556160349444022
rw5391109,A Star Is Born (2018),2.0,2.701755031488879
rw4975094,Julie (1956),3.0,3.337528055983891
rw2607027,Schlafkrankheit (2011),4.0,3.821596450767229
rw0995892,Two Lords (2002),5.0,4.512465014562078
rw4608273,Somewhere Between (2017),4.0,4.157542472267432
rw2288016,Dinner for Schmucks (2010),4.5,3.8455090878654037
rw5377755,In the Shadow of the Moon (2019),4.0,3.682069799766935
rw3629746,Life (I) (2015),3.0,3.1938144574653657
rw0523756,Intolerable Cruelty (2003),1.5,1.8569815710602342
rw5743778,Home Education (2016),3.0,3.0651936472047785
rw3686783,Terminator Genisys (2015),3.5,3.7932225954904046
rw1768375,American Gangster (2007),2.5,2.667447731394627
rw2428396,Man on the Moon (1999),3.5,3.5737829558614784
rw1332244,Hung (2005),4.0,3.8322948786312954
rw3361619,The Smurfs: A Christmas Carol (2011),3.0,3.690844742227072
rw5703584,The Godfather (1972),4.5,3.922279551998825
rw3428335,All This and Rabbit Stew (1941),1.5,1.8930129791710812
rw1691397,Mortal Kombat: Annihilation (1997),1.5,1.226139490531355
rw2363706,Rage (I) (2009),3.0,3.5080998889893427
rw5671375,The Corpse of Anna Fritz (2015),3.5,4.160465744623583
rw6354648,Left Behind (I) (2014),1.0,2.0473587242787588
rw6097110,3 Idiots (2009),5.0,4.674727767867868
rw6351659,Case 39 (2009),5.0,4.105893912872797
rw5327704,Don't Let Him In (2011),0.5,0.5
rw2880892,Gravity (2013),1.0,1.3157445011285487
rw4628114,The Captain (2017),3.5,3.4603140635352685
rw1552205,Home Alone 2: Lost in New York (1992),4.5,4.286380528385485
rw5794260,Sexy Beast (2000),1.0,0.9107981120974085
rw2032051,Watchmen (2009),4.0,3.7668659099830215
rw1788951,Blue Velvet (1986),5.0,4.573366643607429
rw4757003,Traitors (2019– ),4.0,3.92145100386197
rw0948664,Team America: World Police (2004),0.5,1.5821564029095982
rw0719001,Exit Wounds (2001),4.0,3.1812501826857367
rw4094444,Poltergeist (1982),5.0,4.456744765013873
rw6164945,Running with Beto (2019),5.0,4.387967870841321
rw2318773,Queen of the Damned (2002),3.0,2.895333394871357
rw0113639,The Touch of Satan (1971),0.5,1.5295681705846536
rw4732710,Strike Back (2010–2020),5.0,4.062245939302716
rw0479364,Fantasia 2000 (1999),5.0,4.082115665953242
rw4338501,Get the Gringo (2012),4.5,3.8623012907193885
rw2780076,There Will Be Blood (2007),3.0,3.243025384716652
rw0148770,Murder by Death (1976),4.5,3.82548463003211
rw4248632,The Hurricane Heist (2018),0.5,1.2631279288996655
rw1256069,Wagon Master (1950),5.0,4.325838421408507
rw6208230,Ad Astra (2019),1.0,1.5721098978061845
rw6032788,Flesh (2020),0.5,0.8433408652224972
rw4568708,When Angels Sleep (2018),0.5,1.4720861707455386
rw2689913,普羅米修斯 (I) (2012),0.5,1.61141470746206
rw1283828,Harry Potter and the Prisoner of Azkaban (2004),5.0,4.6676299217726145
rw4181792,The Delta Force (1986),2.5,2.7407989415661094
rw1882040,Runaway Bride (1999),5.0,4.327977161742031
rw1260765,The Opposite Sex (1956),5.0,3.949873190861451
rw1616871,"Lex, the Wonder Dog (1973)",3.5,3.5759005591546598
rw2969175,The Missing Scarf (2013),3.5,3.3600227477235634
rw5493259,Birds of Prey (2020),5.0,3.7635503174215295
rw2791453,Brazil (1985),5.0,4.279898867505334
rw3492606,Sunday Bloody Sunday (1971),4.0,3.6808603516211527
rw6165682,Dolly Kitty and Those Twinkling Stars (2019),5.0,4.421108079109474
rw0657345,The Iceman Cometh (1960 TV Movie),5.0,4.320494258980188
rw4308916,Hereditary (2018),0.5,2.151743910228766
rw5859231,Mrs. Serial Killer (2020),4.0,3.87667329253506
rw1532454,The Silencers (1966),3.5,3.4152834700344767
rw3117528,Tammy (2014),2.0,1.9698817820766308
rw4338848,Summer of 84 (2018),0.5,1.138508823486081
rw2327078,Night of the Demons (2009),4.0,3.872092654977946
rw6424890,Soul (2020),4.5,4.329107196317078
rw1680959,Blood and Chocolate (2007),3.5,3.486945444938451
rw1248492,Animal Farm (1954),4.5,4.082584109284576
rw1880078,Choose Me (1984),0.5,0.67369448221634
rw4683746,Spider-Man: Into the Spider-Verse (2018),4.0,3.679955858535442
rw0053435,Seven Samurai (1954),4.5,4.408192966085741
rw2424129,Abbott and Costello Go to Mars (1953),2.5,2.8506053661186432
rw5639828,Tiger King (2020),2.5,3.3513549946492627
rw6213412,The Fast and the Furious: Tokyo Drift (2006),2.5,2.660139818002187
rw4603413,Downrange (2017),4.0,4.417423316701664
rw2000105,The Passion of the Christ (2004),1.0,2.682004244505421
rw6141107,Khaali Peeli (2020),1.0,1.934639526155531
rw5427792,Kingsman: The Golden Circle (2017),5.0,4.162164145433817
rw3874835,Chronesthesia (2016),5.0,4.593937317535473
rw3365146,Spectre (I) (2015),5.0,4.563984623709358
rw3079700,Dawn of the Planet of the Apes (2014),2.0,2.477817582115007
rw4582492,The Waltons (1972–1981),5.0,4.755960832292045
rw5405881,Chernobyl Diaries (2012),2.5,3.363937737612544
rw6355992,We Are Who We Are (2020),3.5,3.344680598660568
rw2605710,Zodiac (2007),3.0,3.259480870584325
rw0762402,Empire (2002),1.5,1.552958611104208
rw1820179,The Way of All Flesh (1940),4.5,3.8434800059209104
rw4110987,The Outsider (I) (2018),5.0,4.3752906963317235
rw1001374,Billy Elliot (2000),3.0,3.690785433789667
rw3127135,The Fountain (2006),5.0,4.258155343243102
rw2152522,Taken (I) (2008),3.0,2.8177124655871135
rw4938598,Jinn (2019– ),0.5,1.741310973100241
rw4215177,Climax (I) (2018),4.5,4.272306848801933
rw3280074,Terminator Genisys (2015),3.0,2.3193370820173316
rw0878283,La fleur du mal (2003),1.5,2.065964178367234
rw3117438,Forrest Gump (1994),4.0,3.821904686949348
rw5733010,The Prestige (2006),5.0,4.446527015400136
rw1650724,Deja Vu (2006),5.0,4.962905817608137
rw4297743,Grown Ups (I) (2010),3.0,3.3999269065177993
rw1503113,The People Under the Stairs (1991),3.0,3.2167840825280525
rw5585668,Licence to Kill (1989),2.5,2.9879796744637597
rw1530815,Devon's Ghost: Legend of the Bloody Boy (2005 Video),0.5,1.1340024589525468
rw2427815,Dracula (1931),4.0,3.791859316323109
rw0159019,Death Dimension (1978),3.0,3.261818913941878
rw5441815,Tall Girl (2019),1.5,2.6932395597895136
rw3726111,Before the Flood (2016),3.5,3.571068006951912
rw5889500,Suzi Q (2019),5.0,4.519415028661488
rw1931287,The Deer Hunter (1978),5.0,4.054360043652857
rw1712805,Hannah Montana (2006–2011),5.0,4.169097303167157
rw0468191,Resident Evil (2002),4.5,3.8794661280485614
rw2967288,Gunday (2014),3.5,3.4682720464608874
rw3673186,Altered Hours (2016),4.5,4.453385744205807
rw0124323,Junior Bonner (1972),5.0,3.8838070190313
rw4438781,Andhadhun (2018),5.0,4.736133509725825
rw5291873,玩命關頭 (2001),1.5,2.5317889076628233
rw2985123,Pirates of the Caribbean: Dead Man's Chest (2006),1.0,2.1084519768401875
rw3540665,Kill Bill: Vol. 1 (2003),4.5,3.565062784387466
rw6306432,Oldboy (2013),0.5,1.8876653657483864
rw4011869,Bright (I) (2017),4.0,4.091293505394548
rw5270712,Humans (2015–2018),2.0,1.9025972797428636
rw2026303,Identity Theft (2004 TV Movie),2.0,2.823491477789793
rw4600760,Glass (2019),3.0,2.7567838613768787
rw4962659,Breath (I) (2017),2.5,3.686618849357494
rw6331816,"Sacred Cow: The Nutritional, Environmental and Ethical Case for Better Meat (2020)",5.0,4.270114524749243
rw1541783,Robinson Crusoe (1997),1.5,2.27070457361324
rw4198554,The Great Train Robbery (1978),3.0,3.5064468383094716
rw0334597,Anjaam (1994),5.0,4.448734924063766
rw1781026,Little Man Tate (1991),4.0,4.167879141502046
rw5354276,2036 Origin Unknown (2018),0.5,1.539634317211012
rw1213790,Deewaar (1975),4.5,3.9968478557175557
rw2258169,District 9 (2009),4.5,4.343877284322705
rw1541015,Bobby (I) (2006),2.5,2.6029459335459224
rw4508167,Aquaman (2018),0.5,1.1527366935672512
rw3668871,Your Name. (2016),4.5,4.223206755316403
rw4710042,Captain Marvel (2019),5.0,4.223413930352343
rw6415089,The Midnight Sky (2020),1.5,2.2493112819065644
rw2845948,The Purge (I) (2013),3.0,2.5653877109940746
rw2001413,Secret Honor (1984),4.0,3.723733193699702
rw5663357,The Quatermass Xperiment (1955),4.0,3.7091310347422595
rw0906097,Mix (I) (2004),3.5,3.8497217314161185
rw5457485,A Twelve-Year Night (2018),3.0,2.805705438952973
rw0193015,The Evil Dead (1981),5.0,4.32373239220427
rw5926139,Fairy Tail (2009–2019),4.5,4.0938083162655055
rw5787738,Mrs. Serial Killer (2020),5.0,4.602941070232406
rw3310198,Les témoins (2014– ),3.5,3.5794174307936903
rw0321790,The Fugitive (1993),5.0,5.0
rw2462832,200 Cigarettes (1999),4.5,3.7290029551959596
rw5263571,Mutant (1984),3.5,3.3365722825161153
rw0910170,Sky Captain and the World of Tomorrow (2004),5.0,4.383458121886567
rw3827191,Joseph Smith: Prophet of the Restoration (2005),2.5,3.2643853203659607
rw4947113,Murder Mystery (2019),3.0,3.1457447930745577
rw3271012,Maggie (I) (2015),5.0,4.214204641664205
rw2412263,Pie in the Sky (1994–1997),4.0,3.854438364235779
rw5121357,It Chapter Two (2019),3.5,3.212730476337688
rw4290761,Deadpool 2 (2018),3.5,3.8085749017251986
rw5023376,The Blue Elephant 2 (2019),5.0,4.365487864593486
rw5197464,Emergence (2019–2020),4.0,3.180894456466291
rw4730000,Triple Frontier (2019),2.5,0.7038020643940395
rw4881096,Lucifer (2016– ),5.0,4.513088033073103
rw5502180,Sweethearts (2019),1.0,2.0452245413912005
rw5557691,The Pale Horse (2020),1.5,1.6444900461033805
rw0838554,Shrek 2 (2004),3.5,3.995599084842368
rw0789508,Stranded (2002 Video),1.0,1.8596972205532074
rw5125536,Carrie (1976),4.5,4.279214073236596
rw1943102,Battlestar Galactica (2004–2009),5.0,4.593085083923546
rw4049065,Vodka Diaries (2018),5.0,4.1541701891249945
rw5508452,The House of Exorcism (1975),1.0,1.6806875337972687
rw4282505,Dog Days (I) (2018),5.0,4.447391248760384
rw3448028,The Wild Wild West (1965–1969),0.5,0.9580812531182183
rw1241417,King Kong (2005),0.5,1.6583324068936867
rw4455237,Hanum & Rangga: Faith & The City (2018),0.5,3.292338959254199
rw0840614,In America (2002),5.0,4.617937125231268
rw5133125,Last Knights (2015),5.0,4.701565079452886
rw4433401,Crime Boss (1972),1.5,1.9115372531680874
rw4183517,The Raid: Redemption (2011),3.0,2.95962328817659
rw3123722,The Last Ship (2014–2018),5.0,4.85369051656454
rw4331759,'The Day of the Purple Sun': Part I (2017),5.0,4.229787849811503
rw5954319,Tribal Get Out Alive (2020),3.5,3.0499635768006637
rw1291050,Daniel the Wizard (2004),0.5,1.5508051712837436
rw5819192,First Kill (2017),5.0,4.78554853459631
rw2058378,Night on Earth (1991),4.5,4.277991108326577
rw2804759,Djúpið (2012),3.0,3.148944844464437
rw4983898,Midsommar (2019),4.0,4.3859495980674605
rw5396407,Blade: Trinity (2004),4.0,4.336568539493234
rw3777986,Salvation (2017–2018),3.5,3.8743175936768095
rw5337503,華爾街之狼 (2013),4.5,4.363004049666632
rw4392359,De ollas y sueños (2009),3.5,3.287057710223047
rw5416008,Forrest Gump (1994),5.0,4.602726238273269
rw2249332,Please Give (2010),4.5,4.074398899958771
rw3182802,The Golden Fish (1959),5.0,4.413480942412376
rw2306562,2:22 (2008),0.5,1.992633444980984
rw2097357,The Private Lives of Pippa Lee (2009),4.0,3.9445131253404946
rw1725327,This Is England (2006),4.5,4.585569539420584
rw2752010,Unforgiven (2009),3.5,3.710216936058441
rw2105262,The Towering Inferno (1974),4.0,3.6603863803868086
rw0633388,Doug's 1st Movie (1999),5.0,4.549100112976294
rw4766927,Shazam! (2019),4.5,4.28309556413098
rw5031291,The Children Act (2017),3.5,3.2685684277261853
rw4552348,The Equalizer 2 (2018),3.0,2.705630899825645
rw3152723,"Location, Location, Location (2000– )",4.0,4.509268769154398
rw0271449,Indiana Jones and the Last Crusade (1989),4.0,3.6000991544718857
rw5107569,Chhichhore (2019),4.5,4.472602268266222
rw3511896,Stranger Things (2016– ),3.5,3.6281852569885955
rw1062810,The Amityville Horror (2005),3.5,3.8398143486406746
rw1853282,Tomorrow (1972),2.5,2.7030805836547582
rw5757140,Jarhead: Law of Return (2019 Video),0.5,1.082259036997843
rw0174681,The Dogs of War (1980),3.5,3.2263966799709967
rw6201879,SOS Kolkata (2020),5.0,4.02139618568161
rw1106006,Blue Car (2002),3.5,4.167129533670782
rw2535340,The Girl Who Played with Fire (2009),4.0,3.759567447263473
rw0963767,Voor een verloren soldaat (1992),5.0,4.265737536307554
rw2735989,Jesus Henry Christ (2011),5.0,4.003396985077783
rw4581960,Sex Education (2019– ),4.5,4.098387386212809
rw6172894,David Attenborough: A Life on Our Planet (2020),5.0,4.2833527434739835
rw5280074,Joker (2019),5.0,4.585291404158362
rw1991062,The Strangers (2008),0.5,1.3408384233714463
rw3502839,Candyman (1992),3.5,3.500295788477689
rw4235658,Arif V 216 (2018),4.0,3.398604172054158
rw4643749,Satan's Blade (1984),0.5,1.355912195595231
rw4774399,Gloria Bell (2018),3.5,3.332590457337395
rw0388105,Jake's Women (1996 TV Movie),5.0,4.003987919382254
rw3717064,Temple Grandin (2010 TV Movie),4.5,4.390058844388765
rw4195289,Horror House on Highway Five (1985),3.0,2.7644167995727122
rw4137646,Super Troopers 2 (2018),3.0,3.004394634571157
rw0698180,Bartleby (2001),3.0,2.984684430894703
rw4786698,How to Train Your Dragon 2 (2014),4.5,4.266212626861692
rw1842028,The Bank Job (2008),4.0,3.9379448278881073
rw5220296,Mr. Right (I) (2015),3.5,3.787424619621306
rw1363799,Unfaithful (2002),2.5,2.337912886319294
rw3173631,Legion (2010),4.0,4.401180740283931
rw4329594,The Children Act (2017),4.0,3.748135680714306
rw4109593,Dave Chappelle: Equanimity (2017 TV Special),3.5,3.073735122301973
rw2073120,Where I Stand: The Hank Greenspun Story (2008),5.0,4.32091125111283
rw2864081,Confessions (2010),3.5,3.5670554909869145
rw6184067,The Three Deaths of Marisela Escobedo (2020),5.0,4.361354315176911
rw5947640,Cursed (2020– ),1.0,1.7583499434150414
rw0461290,The Lord of the Rings: The Fellowship of the Ring (2001),5.0,4.665440264621964
rw1354388,Casual Sex? (1988),3.0,3.4456441606029444
rw4222030,The Needle Drop (2009– ),3.5,3.8045238652198323
rw5610581,X2: X-Men United (2003),4.5,3.9114898600767893
rw0408965,Life Is Beautiful (1997),4.5,4.451500460203264
rw2334338,Gods and Generals (2003),0.5,1.2446859558108496
rw4030122,Mary and the Witch's Flower (2017),4.0,3.8788337427756177
rw0242832,Dirty Dancing (1987),3.5,3.3279375066333348
rw5707089,Mrs. Serial Killer (2020),5.0,4.77502263316941
rw1879853,Lions for Lambs (2007),0.5,0.9858172779400514
rw5705631,Hollywood (2020),5.0,4.378305807148814
rw4387144,Beyond the Edge (2018),4.0,3.184737536785891
rw2645090,The Killing of a Chinese Bookie (1976),3.5,3.430912058514131
rw2822938,Planet of the Apes (2001),1.5,2.1649214905422793
rw1742246,Face/Off (1997),4.5,4.716026477972576
rw3704586,Moonlight (I) (2016),1.0,2.1687359195319624
rw3709816,Manhattan Tower (1932),3.0,3.339200567174234
rw3563827,Bad Boys (1995),5.0,4.589415312935972
rw6066314,JL50 (2020– ),5.0,4.78317170585629
rw4394216,Somewhere (2010),3.0,3.176504081468496
rw3799341,The Fox and the Hound (1981),4.0,3.908733013413232
rw4990196,Broken Ghost (2017),1.0,1.8033981572765843
rw2698942,The Legend of Hell House (1973),4.0,3.628989228102424
rw3099960,Hannibal (2013–2015),5.0,4.776066551824428
rw5123724,500 Days of Summer (2009),5.0,4.456952129975059
rw5689323,One Night Stand (I) (2016),0.5,2.484708713035492
rw2400064,Bir Avuç Deniz (2011),2.0,3.079314135217102
rw2225201,The International (I) (2009),3.0,3.5994756854882834
rw4100708,We Love Paleo (2016),1.0,2.314046676280362
rw6436850,See No Evil (2014– ),3.0,3.0466421894054503
rw5936270,Dil Bechara (2020),5.0,4.426864956804592
rw6163300,The Lie (2018),2.0,2.3963107991112955
rw2261075,Ginger Snaps III: The Beginning (2004),1.5,1.3500967842118077
rw1078248,David's Mother (1994 TV Movie),4.5,4.296235600667127
rw5712275,Mother (2009),3.5,3.582317459575191
rw2603789,Phenomena (1985),5.0,4.970309077845606
rw4565146,Thugs of Hindostan (2018),4.0,4.272310889491352
rw1930602,Lake Placid 2 (2007 TV Movie),3.5,2.1310564219700847
rw4636178,Mortal Engines (2018),3.0,3.138936185002874
rw3085907,"As Above, So Below (2014)",1.0,1.9989239546573676
rw1135628,War of the Worlds (2005),4.0,3.7752177699301783
rw0639376,Pokémon: The First Movie - Mewtwo Strikes Back (1998),4.5,4.466786184877549
rw4043402,Arjun Reddy (2017),1.5,2.360186433125872
rw3388024,Star Wars: Episode VII - The Force Awakens (2015),0.5,2.0060818063321855
rw5764735,The Wave (2019),3.0,3.692007129081943
rw6424526,Death to 2020 (2020 TV Special),0.5,2.440442017864993
rw1946400,Righteous Kill (2008),2.0,2.043481118067568
rw3397174,The Transporter Refueled (2015),3.5,3.1005722250728844
rw4841762,Don Juan DeMarco (1994),2.5,1.8701718987561802
rw6162240,Abhay (2019– ),5.0,4.265212752559327
rw3049954,Maleficent (2014),0.5,2.2127069935470924
rw2359491,Spike (2008),0.5,1.4290958591021226
rw1639672,The Browning Version (1951),3.5,3.352163232771677
rw1800020,Sunshine (2007),1.5,1.4697045715362003
rw0621224,A Knight's Tale (2001),1.0,1.3656303478469711
rw2553629,Ace Ventura: Pet Detective Jr. (2009 TV Movie),0.5,1.2974881808367036
rw5286768,Solver (2017),2.5,2.5284580473835483
rw0223573,Lifeforce (1985),3.5,3.654089371373476
rw3048904,Transformers (2007),4.5,3.9252604460920892
rw6059782,Daddy (III) (2017),5.0,4.706824211325323
rw0480190,Titan A.E. (2000),3.0,3.457368727439804
rw2544070,New Kids Nitro (2011),1.5,2.6491337332459217
rw1559212,Pan's Labyrinth (2006),4.0,4.160927340197943
rw0225151,Pray for Death (1985),1.0,1.8144570646025056
rw4851663,Flip (2019– ),5.0,4.570586746964951
rw3073194,Ringer (2011–2012),2.0,2.6487005458615127
rw4271737,The Artist (I) (2011),3.5,3.5774652004494865
rw0460861,The Lord of the Rings: The Fellowship of the Ring (2001),4.5,4.45162222178544
rw2661990,普羅米修斯 (I) (2012),3.0,3.0223271741855187
rw0603017,Scary Movie (2000),3.5,3.3682818259288414
rw4111182,Ready Player One (2018),3.0,2.748087050291116
rw0342288,The Lion King (1994),5.0,4.632458687763423
rw1209553,Birth (2004),1.0,1.8749368897471268
rw0023274,Blood and Sand (1941),5.0,4.738117786371607
rw5018039,Another Life (2019– ),0.5,1.810502674926352
rw4424845,The Christmas Card (2006 TV Movie),5.0,4.818086307608093
rw2205569,Fix (I) (2008),4.0,4.102868540857659
rw0214994,Sheena (1984),2.0,2.030900950073267
rw1760924,Lions for Lambs (2007),4.0,4.206199287237142
rw5542940,The Lord of the Rings: The Fellowship of the Ring (2001),5.0,4.271459994346867
rw4559779,Father Figures (2017),1.0,1.0308841384113085
rw3194031,Badlapur (2015),5.0,4.919106169483778
rw4267370,Attack of the Killer Tomatoes! (1978),5.0,4.489123386230531
rw4332018,Solo: A Star Wars Story (2018),2.5,3.104002808010103
rw2278429,Wild Target (2010),3.0,3.1153469107844227
rw5940703,Legacy (IV) (2020),0.5,1.0772431163963456
rw0966904,Cube²: Hypercube (2002),1.5,2.477244257320934
rw4196939,El Camino Christmas (2017),3.5,3.7721775885304227
rw4160470,Sleepers (1996),4.5,4.486472010099779
rw2900845,Jersey Shore (2009–2012),5.0,3.9734983433138478
rw4165774,Clash of the Titans (2010),2.5,2.6025393082865382
rw1986195,Milk (I) (2008),3.5,3.233897672634572
rw2916958,Dialogues with Madwomen (1994),3.5,3.791825814903885
rw1228792,Harry Potter and the Goblet of Fire (2005),3.0,3.1859954487654103
rw1198205,Brokedown Palace (1999),0.5,1.4523699216242534
rw4227619,The Land Before Time (1988),5.0,5.0
rw2791487,Unconditional (IV) (2012),3.0,3.1670474853557753
rw4838109,Lucifer (2016– ),4.5,4.534913220144583
rw0946510,One Missed Call (2003),3.5,3.7667645316741307
rw2350909,13 (I) (2010),5.0,3.8951662134673932
rw4582928,Logan (2017),4.5,3.8311532869737137
rw2540177,Doli Saja Ke Rakhna (1998),3.5,3.938117060242884
rw6395817,The Boy and the World (2013),2.0,2.919172309595402
rw6439404,This Woman Is Mine (1941),3.0,2.898385736270812
rw1724631,A Lot Like Love (2005),5.0,4.685679092800906
rw4274219,Blackmark (2018),1.0,1.3728981220517935
rw2455837,Battle Los Angeles (2011),1.5,1.4915089002919701
rw3150349,The Guilt Trip (2012),3.0,3.4185901704644586
rw4995429,Keeper of the Flame (1942),4.5,4.0426402955550795
rw6178652,The Thing About Harry (2020 TV Movie),3.5,3.718917836173954
rw5703335,Hollywood (2020),3.0,3.13970373681757
rw5348704,獵魔士 (2019– ),4.0,3.4225603405910574
rw1972611,King of Hearts (1966),5.0,3.991463165032627
rw4503886,Gold Diggers of 1933 (1933),4.5,3.624472773345677
rw4976170,Toy Story 4 (2019),3.0,3.300077694194549
rw0344212,Natural Born Killers (1994),3.5,2.6836877035504205
rw1345640,The Wild (2006),3.5,3.6374925337061725
rw0203047,National Lampoon's Vacation (1983),3.0,2.739116528868161
rw0014058,Phantom Ship (1935),2.5,2.6006498936804547
rw5394047,Klaus (2019),5.0,4.8190096698897396
rw3506502,Glitter (2001),1.0,1.3804746296893708
rw1350824,Silent Hill (2006),3.5,3.5744851184338846
rw3609956,V/H/S/2 (2013),1.0,2.1280417502767675
rw2904498,Cape Fear (1991),4.0,3.790418652427908
rw1656782,No Country for Old Men (2007),5.0,4.844714121704374
rw2352978,Rabbit Hole (2010),5.0,3.697559760518929
rw3447582,Dredd (2012),3.5,3.742878805797332
rw2530170,Sombrero (1953),3.5,3.6694197241217466
rw6002137,Peppa Pig (2004– ),3.5,3.8159860934902845
rw5325503,War (2019),1.0,1.3910331837725876
rw2265749,Rampage (2009),3.5,3.7041303072957503
rw4864055,Send Me No Flowers (1964),4.0,3.7506260678044794
rw5915503,American Sniper (2014),2.5,3.763114082359526
rw4106302,The Fool (II) (2014),4.0,4.327509647669995
rw0117189,Harold and Maude (1971),4.5,3.8635158834685526
rw2703395,Apollo 18 (2011),1.0,1.2840996826798352
rw3765970,Valerian and the City of a Thousand Planets (2017),4.0,4.014581787206179
rw1749880,The Invasion (I) (2007),3.5,3.2266428707706174
rw4114137,All American (1953),3.5,3.5314647801321892
rw4270753,The Wrestler (2008),3.0,3.2804136106184707
rw3873468,Bordertown (2016–2020),4.5,4.393129412370758
rw2434921,Cross (2011 Video),2.5,2.870659945737526
rw1735592,3:10 to Yuma (2007),3.5,3.35836873290549
rw0132216,Tongue (1976),4.0,3.164029200664006
rw5196187,凶兆 (I) (2012),4.5,3.805450272626554
rw5489593,Parasite (2019),2.5,1.8186098616311464
rw1186102,Lord of War (2005),4.0,3.9504624379006126
rw2326231,Shivers (1975),3.5,3.244764255883781
rw3457732,Across to Singapore (1928),2.5,2.2167502520233753
rw4599934,Bohemian Rhapsody (2018),5.0,4.052920030239758
rw4556226,Foodfight! (2011),0.5,1.947034585866895
rw6250947,Laxmii (2020),0.5,0.8220162418868684
rw6008057,Most Wanted (I) (2020),2.5,2.291591999929655
rw5005446,The Curse of La Llorona (2019),0.5,1.0371321994036427
rw1036011,Robots (2005),5.0,4.46513036413894
rw0395901,Sling Blade (1996),5.0,4.467423738913038
rw1324718,Napoleon Dynamite (2004),3.5,2.9396802689574337
rw5914239,Mafia (2020– ),5.0,5.0
rw3434099,Fracture (2007),1.0,1.3430168727578147
rw4983617,Titanic (1997),0.5,1.67245875804793
rw1309335,16 Blocks (2006),4.0,3.730931895528945
rw2853386,Lovelace (2013),3.0,3.2735893148826656
rw0007508,City Lights (1931),5.0,4.547861963279097
rw2293283,Winds of the Wasteland (1936),3.5,3.4825811569133145
rw0654694,Moulin Rouge! (2001),2.5,3.0809323457601487
rw1502693,N (Io e Napoleone) (2006),4.5,4.431597367275743
rw5008623,A Star Is Born (2018),4.0,3.5778259146685834
rw5406488,Tanhaji: The Unsung Warrior (2020),5.0,4.1357438724997655
rw0028891,Lady of Burlesque (1943),4.0,3.460658197471196
rw2229986,Der Barbier von Sevilla (1959 TV Movie),5.0,4.9998179402724015
rw4526581,Educating Rita (1983),5.0,4.487842221726754
rw0371914,Strange Days (1995),5.0,4.241904623485597
rw1496169,Return of the Living Dead II (1988),4.0,3.867781618929701
rw5799272,Brenda (2015),5.0,4.405154982342593
rw4282758,Get Out (I) (2017),3.0,3.150225460254618
rw1993819,Planet Terror (2007),3.5,3.319190456893238
rw1144723,Charlie and the Chocolate Factory (2005),4.5,4.2274873864164455
rw4672590,The Darkest Minds (2018),3.5,3.5388105931342313
rw4036622,The Great Gabbo (1929),2.5,3.214133189061533
rw3858410,The Square (2017),3.5,3.579027285105858
rw3758411,King Arthur: Excalibur Rising (2017),1.0,2.1634417714846403
rw0482526,Star Wars: Episode I - The Phantom Menace (1999),5.0,4.100928857051828
rw1918649,"Runaway, Runaway (1972)",5.0,4.265025524025272
rw0247353,The Monster Squad (1987),5.0,4.689916851602195
rw6183570,The Unicorn (2019– ),5.0,4.8639915704874745
rw4413011,Bad Times at the El Royale (2018),5.0,4.157439513694383
rw0529707,American Reel (2003),4.0,3.9998277461199327
rw6455986,Taxi Driver (1976),2.5,2.786137003738096
rw1599940,Inferno (1980),5.0,4.149578190772407
rw0241868,Bloodsport (1988),5.0,4.07675151085297
rw5003916,Ambuli (2012),3.5,2.984653191172575
rw0138032,Sweet Movie (1974),4.5,4.076690707568756
rw1253583,"The Chronicles of Narnia: The Lion, the Witch and the Wardrobe (2005)",5.0,4.4142903214861615
rw1961476,Argo (2004),0.5,0.6730403476594877
rw5376946,Spinning Out (2020),0.5,1.6340422926148575
rw0744736,Beeper (2002),3.5,3.4597796143499857
rw3681098,Fathom (1967),2.5,2.836756833771016
rw2433458,American Beauty (1999),0.5,1.2007261726865344
rw2290202,Grandma's Boy (2006),3.5,3.2656222104131056
rw2420986,House on Haunted Hill (1959),4.0,3.755037040113425
rw5280315,Whisper of the Heart (1995),5.0,4.870058707499209
rw0414232,Eve's Bayou (1997),0.5,1.471936900987891
rw4741456,Triple Threat (2019),2.0,1.8669473685048548
rw2217887,Taken (I) (2008),3.5,3.4990119303206333
rw6259296,What Happens Next (I) (2011),1.5,1.1596750305335393
rw2870821,Derek Zoolander: Male Model (1996 TV Short),2.0,2.396597953935049
rw4108866,Cars 3 (2017),4.0,3.8766953730879807
rw3232267,The Wolfman (2010),3.5,3.708822857493583
rw2237380,Idiocracy (2006),5.0,4.566917552942604
rw5418956,The Heist of the Century (2020),4.0,3.7531240867282274
rw4638003,Dynasty (2017– ),4.0,3.8044772595114007
rw1703129,You Kill Me (2007),4.0,3.9279522227572627
rw5485614,Love Aaj Kal (2020),5.0,4.688515536245699
rw4603144,M.S. Dhoni: The Untold Story (2016),5.0,5.0
rw0312505,Romper Stomper (1992),2.5,3.056177731095976
rw1185276,Four Brothers (2005),4.0,3.160292214482857
rw3503803,The Maze Runner (2014),3.0,2.7913773438879907
rw6039337,Bulbbul (2020),5.0,4.280952464521298
rw1468714,Madagascar (2005),4.5,4.423892810377734
rw3849874,Outside the Law (1930),3.5,3.119231405167216
rw2124162,Close Encounters of the Third Kind (1977),5.0,4.744414247212282
rw2237754,Creature of Darkness (2009),3.5,3.267808697579096
rw5437088,The Mandalorian (2019– ),4.5,3.73352613851013
rw4782229,Indiscreet (1958),0.5,2.222948654062444
rw3242722,Fat Slags (2004),2.5,3.082103591761933
rw0867738,Bruce Almighty (2003),3.5,3.5402903790582796
rw4397864,12 Kilometers (2016),5.0,4.578055412059994
rw2363338,Sid and Nancy (1986),4.0,3.6624005977217946
rw2057355,Sure Fire (1990),4.5,3.5477831508398987
rw4908361,Fleabag (2016–2019),5.0,4.73231877125037
rw3157870,Gummo (1997),0.5,0.5
rw4324003,Pyewacket (2017),3.0,2.603827783544952
rw5646437,Manifest (2018– ),0.5,1.4226043279420622
rw4712014,Bohemian Rhapsody (2018),5.0,4.448405537820612
rw6424908,Bridgerton (2020– ),0.5,1.9889346099992509
rw3480060,Avengers: Age of Ultron (2015),3.5,3.9177795537538658
rw1019162,Darr (1993),5.0,4.506834915790549
rw0791485,Lilo & Stitch (2002),5.0,4.470727343240073
rw6138689,Conspiracy Theory (1997),2.5,3.0728599925659417
rw5284358,A Time to Kill (1996),0.5,1.151805322279757
rw3091858,The Mist (2007),0.5,1.8308880855869625
rw3382602,Carol (2015),2.0,2.5237880451509134
rw0869956,Spider-Man 2 (2004),4.0,3.743682598305463
rw0683859,Gangs of New York (2002),2.0,2.6084197551087938
rw4879925,It (I) (2017),4.5,3.897191310450882
rw2854617,Chinatown (1974),4.5,3.9279455369669956
rw6070570,Love Fraud (2020),0.5,1.52463138313401
rw3719314,Wonder Woman (2017),1.0,0.9473895419624325
rw4952775,Blazing Saddles (1974),1.5,2.7867142535340514
rw5908703,Rosemary's Baby (1968),5.0,4.85812543904914
rw4146665,Avengers: Infinity War (2018),4.5,4.032712982912718
rw2873847,Jobs (2013),3.5,3.2501665538322624
rw2393550,Gojira (1954),2.5,2.927385063167115
rw5322837,In Harm's Way (1965),5.0,4.519226432688688
rw2695807,Chasing Mavericks (2012),5.0,4.660194232997694
rw6102788,Dave (1993),3.5,3.9442827768341733
rw4444103,Sausage Party (2016),4.5,3.831903957711605
rw1643260,Das Leben der Anderen (2006),4.0,3.67386704641417
rw5955678,Hostile (I) (2017),0.5,0.5
rw1967933,The Mentalist (2008–2015),4.0,4.115475273412255
rw2580154,Special (2006),2.5,2.5717734246034136
rw5014697,The Babysitter (1995),1.0,1.0868293980479722
rw3264839,The Adventures of Sharkboy and Lavagirl 3-D (2005),0.5,1.7521472975057746
rw5778164,Ouija Shark (2020),2.5,2.969345125885565
rw3026099,Vampires Suck (2010),4.5,3.920736211097836
rw0355685,Babe (1995),5.0,4.548320625600912
rw0340318,Heavyweights (1995),1.0,1.7916880897726455
rw3857545,School Life (2016),4.0,3.5364625191789467
rw6324716,Saved by the Bell (2020– ),0.5,1.9973787901237978
rw4527271,Bird Box (2018),3.0,3.0733464309468923
rw3219220,Danny Collins (2015),4.5,4.492840292850797
rw2529369,Puss in Boots (2011),3.5,3.671171647811281
rw6435395,Muck (I) (2015),3.5,3.4257501172654017
rw2846712,A Good Day to Die Hard (2013),0.5,1.1382695167855066
rw5702914,After Life (2019– ),5.0,4.961613053857114
rw4214570,The Wizard of Lies (2017 TV Movie),4.0,3.7029179975982767
rw0272884,Meet the Feebles (1989),5.0,4.148408688020106
rw0982004,Garden State (2004),4.5,3.896260513990851
rw5243505,Doctor Sleep (2019),5.0,3.8878423735604906
rw1711356,The Steel Trap (1952),4.0,3.428820382137662
rw4568769,The Shawshank Redemption (1994),4.5,4.426195208584053
rw5584366,Mad Max: Fury Road (2015),2.0,1.943209381081447
rw4094304,I Can Only Imagine (2018),5.0,5.0
rw2413378,An Invisible Sign (2010),4.0,3.702704684504436
rw5020687,Midsommar (2019),0.5,1.5040840040695493
rw5735750,Wanted (2016– ),3.0,3.2419145474631708
rw4883953,The Poison Rose (2019),1.5,2.7808430114159925
rw2090814,Blood Feast (1963),3.5,2.7200205360606304
rw4914139,Nervous Translation (2017),4.0,4.010315369631523
rw1857056,Cast Away (2000),5.0,4.102107518125302
rw6164376,Castle Freak (1995 Video),4.0,4.275823661061718
rw5224053,Solo: A Star Wars Story (2018),4.5,4.289064824717463
rw3811286,Breaking Bad (2008–2013),5.0,3.919988194593222
rw2794566,Jack Reacher (2012),4.0,3.337036448237871
rw3346467,Terminator Genisys (2015),3.0,2.636429372000317
rw1790833,National Treasure: Book of Secrets (2007),2.5,1.9169826555244123
rw2676887,Mother's Day (I) (2010),2.5,2.7979981215058665
rw1958049,Appaloosa (2008),4.0,4.264072793639247
rw3027144,Fantastic 4: Rise of the Silver Surfer (2007),2.5,2.527065103257459
rw4742033,Us (II) (2019),4.0,3.584477441260252
rw3129498,Eight O'Clock Walk (1954),2.5,2.628408900282723
rw3181112,Suspiria (1977),3.0,2.72131818781835
rw2233633,Brother Orchid (1940),3.5,3.230731681679229
rw5920486,Hearts and Flowers (1930),1.5,2.503459997215675
rw2237565,Repo Men (2010),3.0,3.1945673982125093
rw4722710,Captain Marvel (2019),2.5,3.4864005635035453
rw2587888,The Hunger Games (2012),1.5,1.9431033735335481
rw1523812,Plymouth Adventure (1952),3.5,3.358940101951209
rw1970221,The Strangers (2008),1.5,1.713504887620418
rw1810596,Firefly (2002–2003),5.0,4.267345796104396
rw0767970,Black Hawk Down (2001),0.5,1.5358996571694643
rw1433255,The Dukes of Hazzard (2005),0.5,0.5674946996662826
rw5862219,Andes Mágicos (2019– ),2.0,2.812979001394962
rw3219290,Go Naked in the World (1961),4.0,3.59672137613991
rw2761246,Django Unchained (2012),4.5,4.819851371324284
rw2082849,The Mummy: Tomb of the Dragon Emperor (2008),1.5,1.7553025322094762
rw5693961,A Secret Love (2020),4.5,4.190942982779696
rw0625544,Little Nicky (2000),5.0,4.132263768771726
rw6304035,The Witches (2020),0.5,0.9311635382726848
rw1955772,Nights in Rodanthe (2008),4.0,3.860217961073124
rw4165273,Parasites (I) (2016),4.0,3.5611692513695874
rw0450819,Eye of the Beholder (1999),5.0,4.234915785550271
rw3324656,Gotham (2014–2019),0.5,1.8552048090862951
rw1149670,Catwoman (2004),0.5,1.669364273307176
rw3823333,Session 9 (2001),3.5,4.017360082960974
rw2511850,Paranormal Activity 3 (2011),0.5,1.51362475837981
rw2105896,The Cell (2000),2.5,2.6516578883169495
rw1097087,Five Star Final (1931),4.5,3.802976910548057
rw0031978,Brief Encounter (1945),5.0,4.309922870808579
rw2566578,The Experiment (2010),2.5,2.558502701367615
rw5540197,21 Bridges (2019),5.0,4.18586070405628
rw4126719,The Crown (2016– ),4.0,3.7214357753999217
rw6352457,The Turin Horse (2011),5.0,4.31568290680414
rw5964364,Deadpool (2013 Video Game),4.5,3.9195987918619433
rw0842143,Chicago (2002),1.5,2.0809021055429984
rw1609174,Tajja (2006),4.0,4.004796908473083
rw5791475,Alice in Wonderland (I) (2010),3.5,3.152465256277848
rw5329412,李察朱威爾事件 (2019),5.0,4.514649724713122
rw5411181,Blue Mountain State (2010–2011),5.0,4.7606457390909025
rw1497844,Judge Dredd (1995),4.0,3.7885717808961403
rw4812121,Iron Man (2008),3.0,3.6910979717681154
rw5437533,The Specials (2019),4.0,3.636659616862437
rw5382589,Uncut Gems (2019),5.0,4.33343082363253
rw2292589,Road Train (2010),0.5,1.0366162765208649
rw6142109,Enola Holmes (2020),3.5,3.53071499026466
rw0469652,Saving Private Ryan (1998),2.5,3.2187502041345324
rw2053281,Black Christmas (2006),2.5,2.475693281347046
rw4878701,My Way (2011),4.5,4.4842780887315286
rw1555419,Santa Claws (1996),3.0,3.0525844567231672
rw4967027,Star Wars: Episode VIII - The Last Jedi (2017),1.5,0.8727585623614735
rw4298536,9-1-1 (2018– ),0.5,1.678808480506356
rw3316810,The Rawhide Years (1956),3.0,3.318076770561427
rw0527035,Message in a Bottle (1999),1.5,2.2781052184811132
rw4374865,Terror on Tour (1980),1.5,2.315682282249173
rw0510344,The Matrix (1999),4.5,4.191930690017413
rw2109616,Funny People (2009),1.0,1.665931347689771
rw1050604,Star Wars: Episode II - Attack of the Clones (2002),3.0,3.224678373352573
rw5777517,Tajkun (2020– ),4.5,3.8475979956666997
rw6452902,Uncle Buck (1989),3.0,3.2510970034223443
rw2778668,Olympus Has Fallen (2013),2.0,2.234918083795052
rw4465859,Mirzapur (2018– ),3.5,2.9990382352542406
rw6208963,Spell (I) (2018),5.0,3.905952215734791
rw3833864,Chris Brown: Welcome To My Life (2017),3.0,3.24023557478748
rw0027130,Mystery of Marie Roget (1942),3.0,3.190872859146998
rw3609902,The Search (III) (2014),3.5,3.4607944038669247
rw3449982,Deadpool (2016),5.0,4.700153099399689
rw5042352,Assimilate (I) (2019),3.0,2.709102114285255
rw3713237,Arrival (II) (2016),4.5,4.743615648971538
rw3085754,The Babadook (2014),4.0,3.940417160427612
rw2510672,Dweebs (1995),4.0,3.7688768489677615
rw4693676,Mine Games (2012),1.0,0.9016070872756119
rw1122432,Chopping Mall (1986),5.0,3.893806593131022
rw5219478,Bigil (2019),5.0,4.27653018193831
rw0594031,Neon Genesis Evangelion: The End of Evangelion (1997),5.0,4.669862834182078
rw6101173,Mulan (2020),0.5,1.7367071411475197
rw1109687,The Mummy Returns (2001),2.5,3.1303485725971294
rw1806016,Young Guns (1988),2.5,2.8921810836443003
rw5676229,Manifest (2018– ),3.0,3.0634698661992186
rw1361347,Doctor Zhivago (1965),3.5,3.460571150253372
rw5133193,The Girl in the Fog (2017),2.0,2.100216555770933
rw2993781,The Carpenters (1941),3.0,3.070096583235725
rw4243836,Baywatch (2017),4.5,4.384609500417768
rw1416440,The Devil Wears Prada (2006),2.5,2.6825448841965125
rw5244537,She Walks the Woods (2019),4.0,4.2375879343318665
rw3156656,The Devil's Violinist (2013),4.5,4.494891652922183
rw3769686,Alien: Covenant (2017),1.0,1.3605300374590685
rw1752788,We Own the Night (2007),3.5,3.631148126355037
rw2233057,Lost and Delirious (2001),5.0,4.221287000889359
rw3626829,Arrival (II) (2016),0.5,1.9652179820473894
rw1371270,Grandma's Boy (2006),2.0,1.3035004311575138
rw1239363,The 40-Year-Old Virgin (2005),4.5,4.637290815892875
rw5412752,Star Wars: The Rise Of Skywalker (2019),1.0,2.10312543087779
rw2767164,Some Like It Hot (1959),4.5,4.073573142374039
rw4184504,Lucifer (2016– ),5.0,4.024812394567016
rw1018538,Before Sunset (2004),5.0,4.941783094591256
rw3735935,Power Rangers (2017),1.5,1.5516778170913428
rw2443025,Haunted Collector (2011– ),0.5,1.6740250512653914
rw5009534,Super 30 (2019),4.0,3.956361924210238
rw4543643,Titans (I) (2018– ),4.0,3.9272445070760305
rw0409362,Life Is Beautiful (1997),4.5,4.6234498051565
rw6383874,We Are the Champions (2020– ),5.0,4.511387234574903
rw3634828,The Defiant Ones (1958),4.5,3.5496573287188733
rw3114568,Nightcrawler (2014),4.0,3.6152074161712617
rw2404103,Sucker Punch (2011),3.0,2.8794941173130217
rw3369828,The Sissy Duckling (1999 TV Movie),3.0,3.0674206354665796
rw0842504,Gigli (2003),0.5,0.5
rw0161892,The Last Waltz (1978),5.0,4.732290096928111
rw1383873,Madonna: Truth or Dare (1991),5.0,4.49326684891872
rw6218269,Joker (2019),5.0,4.660210749972025
rw6334691,The Stalker (III) (2020),1.0,1.8630468595238232
rw3061403,The Catechism Cataclysm (2011),0.5,1.1496827516560817
rw5429734,The Capture (2019– ),3.0,2.8620383268220686
rw3402079,When Calls the Heart (2014– ),5.0,4.887429519744622
rw1505773,Almost Famous (2000),5.0,4.700538568828899
rw3058568,Hot Moves (1984),2.5,2.5817302749505617
rw2642626,Köprü (1975),2.0,2.566726939880804
rw5397799,Last Christmas (2019),4.5,4.225658727415208
rw3031035,Mr. Fraud (2014),0.5,1.2439674832996275
rw0142855,It Can't Be! (1975),5.0,4.192526143665399
rw6070985,Upside-Down Magic (2020 TV Movie),0.5,2.1206075555790256
rw3253574,Pyaar Ke Side Effects (2006),3.0,3.203562734686895
rw6161360,Creepozoids (1987),1.5,1.782665002528309
rw3372018,Terminator Genisys (2015),1.5,2.5310752692022236
rw2120352,The Maid (2009),4.0,3.8794207287110103
rw2032436,Æon Flux (2005),4.0,3.9074628306321357
rw4911268,Burning (2018),4.0,3.589151087243364
rw1346245,12 Monkeys (1995),5.0,4.537041883384164
rw5812379,Top Gun (1986),5.0,4.158288396498225
rw2533749,Tin sang yat dui (2006),4.5,4.2818216127726725
rw2957257,Inequality for All (2013),5.0,4.129618795195037
rw3694718,Furious 6 (2013),4.0,4.119756284733926
rw3175045,An Unexpected Love (2003 TV Movie),1.5,2.244061285564964
rw4806278,Psycho (1960),4.5,3.178625218138346
rw3772713,Valerian and the City of a Thousand Planets (2017),3.0,3.211815846869045
rw3603095,The Affair (2014–2019),4.0,3.8717608076931027
rw0039803,Beyond the Forest (1949),2.0,2.7463237346223424
rw4666181,The Favourite (2018),2.0,1.4365309397888386
rw5491526,The Phantom of Crestwood (1932),2.5,2.821927730163452
rw4532980,Transformers: The Last Knight (2017),0.5,1.4679141979949817
rw5400353,Treadstone (2019),1.5,3.2061774096192615
rw3873999,She's Gotta Have It (2017–2019),1.5,1.6646490112578343
rw3044794,The 100 (2014–2020),0.5,1.3719379194126988
rw3649086,A Cure for Wellness (2016),4.5,3.689237311352015
rw3377342,Star Wars: Episode VII - The Force Awakens (2015),3.5,3.247073500226674
rw4277877,Deadpool 2 (2018),0.5,1.6227199266917434
rw4928376,The Chef Show (2019– ),4.0,4.276814205085094
rw0972252,Rudolph the Red-Nosed Reindeer (1964 TV Movie),1.0,1.7075444452231483
rw4559815,The Bridge on the River Kwai (1957),5.0,4.174766800503756
rw1962823,Village of the Damned (1960),4.0,4.177002066710909
rw5614717,Panchayat (2020– ),3.5,3.9305130784082762
rw4118782,The Last Movie Star (I) (2017),5.0,4.61620106693136
rw5101984,Chal Mera Putt (2019),4.0,3.4601246801696575
rw3611311,A Billion Lives (2016),5.0,4.24346682350794
rw1111398,King of the Corner (2004),5.0,4.054386920990823
rw5747617,Eden Lake (2008),4.0,3.864179392200569
rw4260485,The Proposal (I) (2009),3.0,3.675722303181338
rw5414157,Code M (2020– ),4.5,4.195956918046907
rw1871845,Before the Devil Knows You're Dead (2007),0.5,1.807262724917894
rw0915829,Belly of the Beast (2003 Video),0.5,0.6653419666762383
rw2769316,Cloud Atlas (2012),0.5,1.1427768736002033
rw4012029,Justice League (2017),1.5,2.0886925147355435
rw6266711,Soorarai Pottru (2020),4.5,4.109291867453359
rw4119452,Day of the Dead: Bloodline (2017),0.5,1.2885073655614927
rw0222922,Police Story (1985),1.5,2.7158473400278558
rw4381440,Long Lost Daughter (2018 TV Movie),1.0,1.3417863521569213
rw1194630,Out of Season (2004),2.5,2.520813269186647
rw2167499,Honeymoon of Horror (1964),1.5,1.5654499451746522
rw3467053,It (1990),4.5,4.65937426846751
rw4544960,Cherokee Creek (2018),5.0,4.181227480281303
rw0850225,Kermit's Swamp Years (2002 TV Movie),1.0,1.844014946906901
rw2534229,Hugo (2011),1.5,2.2395175326588843
rw4128395,Superjail! (2007–2014),3.0,3.206896760156406
rw0725026,Swordfish (2001),0.5,1.3267636525668978
rw5044809,Thackeray (2019),4.0,3.702286721198833
rw5800136,Space Force (2020– ),4.0,3.833312488897717
rw2614124,Cargo (2009),1.0,1.5808175802699576
rw2342375,The Black Cat (1934),4.0,3.9125312614622656
rw0126293,Super Fly (1972),4.0,3.6370222629545594
rw0085026,Father Goose (1964),3.5,3.2386771665705076
rw0480245,Titan A.E. (2000),5.0,4.072554292209315
rw5495112,A Long Way Down (2014),4.0,3.948094098688801
rw3331064,The Hunger Games: Mockingjay - Part 1 (2014),3.0,3.2313173792542598
rw4271111,Hot Fuzz (2007),5.0,4.521194338556191
rw1132702,The Notebook (2004),5.0,4.2474140063951555
rw4988594,The Edge of Democracy (2019),5.0,4.297490681295469
rw5164965,小丑 (2019),5.0,4.559775661537788
rw0142011,Jaws (1975),5.0,4.335872689107692
rw4198754,Before Midnight (2013),1.5,2.2956418376027092
rw4289318,Riverdale (2017– ),2.5,2.424815326500055
rw2951811,An Affair to Remember (1957),3.5,3.7160419755815948
rw0633219,Blade II (2002),5.0,4.163965236391268
rw4789228,Thor: Ragnarok (2017),5.0,4.096118309888294
rw1012881,Gods and Generals (2003),0.5,1.6948715538461405
rw3009926,Green Lantern (2011),1.5,1.5868412722616447
rw2107575,Slumber Party Massacre II (1987),3.0,3.0815923583190736
rw4547376,Your Name. (2016),4.5,4.100629799750486
rw1155446,Supercross (2005),2.0,2.507310739309056
rw5621012,The Chosen (2017– ),5.0,4.857063275990285
rw5232206,Superstore (2015– ),5.0,4.947497677315822
rw0360014,The Demolitionist (1995),0.5,1.6028191834948136
rw6166540,The King of Staten Island (2020),5.0,4.791514536186432
rw5427353,The Americans (2013–2018),4.5,3.919436053219172
rw5076957,Game Over (I) (2019),5.0,5.0
rw4823777,Playdate (2012 TV Movie),1.5,1.7139827493763433
rw1902942,Hot Rod (2007),5.0,4.0732147192601715
rw1113951,Zabriskie Point (1970),3.0,3.342520331967901
rw1422536,Dead Man's Shoes (2004),5.0,4.039806214851096
rw2840192,Wild Strawberries (1957),5.0,4.619168085209277
rw6345474,Padmaavat (2018),5.0,4.067009231571754
rw5161710,3 from Hell (2019),3.5,3.3005979065647586
rw5115927,State of the Union (2019– ),0.5,0.8243810979713446
rw1293244,Raging Bull (1980),5.0,4.693916083389172
rw5650741,Hasmukh (2020– ),1.5,2.0709770839858495
rw4500902,Thunderball (1965),3.5,2.9833994478451364
rw4311509,Cool Air (1999),5.0,4.515890146788102
rw3080044,Guardians of the Galaxy (2014),4.5,4.170682104505796
rw5519012,Star Wars: The Rise Of Skywalker (2019),1.0,2.1111830603049335
rw5261222,Last Christmas (2019),5.0,4.504239463785069
rw5267473,Pulp Fiction (1994),5.0,4.304271193381694
rw5369128,Cliffhanger (1993),5.0,4.028983796928479
rw0879597,Out for a Kill (2003 Video),1.0,1.7458519160451724
rw0828086,The Lost World: Jurassic Park (I) (1997 Video Game),4.0,4.197986800965119
rw3797414,XX (2017),0.5,0.5
rw1435993,The High Crusade (1994),4.0,3.7118554327189326
rw5425946,The Butterfly Effect (2004),5.0,4.407628580759729
rw1682919,Transformers (2007),3.5,3.1823907497203985
rw4768313,Us (II) (2019),0.5,1.1593358449370919
rw3372652,I'll Be Home for Christmas (1998),1.5,1.6888959264963999
rw4080012,Black Panther (2018),0.5,0.9941707925429526
rw0289718,Dreams (1990),5.0,4.83095169041626
rw2288579,The Rock (1996),5.0,4.167910767566634
rw4120760,Churchill (2017),3.0,3.139215141509439
rw3796316,Bug Crawls (2008),3.0,3.0501575631545133
rw5047086,Egg (I) (2018),4.5,4.239016285438453
rw1067195,Troy (2004),5.0,4.299983555271816
rw5720077,Shirkers (2018),5.0,4.913177768959311
rw1318785,V for Vendetta (2005),5.0,3.6390460640666946
rw6271226,Disappearance at Clifton Hill (2019),2.0,1.826482965476198
rw4455674,The God Inside My Ear (2017),5.0,3.881369233402868
rw2392743,Nosso Lar (2010),5.0,4.751289878092241
rw0459828,The Lord of the Rings: The Fellowship of the Ring (2001),0.5,2.838077658543741
rw3369135,Soaked in Bleach (2015),4.5,4.047988395969567
rw1506609,Murders in the Rue Morgue (1932),1.5,2.1277467235731287
rw1662359,Pirates of the Caribbean: At World's End (2007),3.0,3.104629383978272
rw3704218,Cable Girls (2017–2020),5.0,4.703473181724798
rw4287707,Slender Man (2018),4.5,3.974091835306742
rw5115824,Deep Freeze (2002),0.5,1.8167867314763213
rw0465589,The Opposite of Sex (1997),2.0,2.565486055033529
rw5898452,Archive (2020),5.0,4.549174920427042
rw3320860,Cooties (2014),4.0,4.098850396399594
rw0049412,Invaders from Mars (1953),4.0,3.5488285113404734
rw4371939,Jumanji: Welcome to the Jungle (2017),3.5,3.8339463965634293
rw2538326,War Horse (2011),4.5,4.3789948889781325
rw3243337,Final Destination (2000),2.0,2.472414793486015
rw2378548,The Boondock Saints II: All Saints Day (2009),3.5,4.0154581584852185
rw5914093,Unsolved Mysteries (2020– ),1.5,2.3455976943522563
rw0075677,Two Rode Together (1961),4.0,3.4919279868961213
rw2319943,Song of Texas (1943),2.5,2.822714839865702
rw2947336,A Perfect Man (2013),1.5,1.9632878186935478
rw0107877,The Madwoman of Chaillot (1969),2.5,2.9799571134455745
rw5189319,In the Tall Grass (2019),0.5,1.0103492883814282
rw1040908,Godzilla 1985 (1985),5.0,4.5930490397293555
rw5781831,Flight (I) (2012),2.5,2.1881267528700725
rw5773403,Man of Steel (2013),5.0,4.18103050188066
rw5241393,"Love, Life and Laughter (1923)",4.0,3.7884870987896364
rw3000032,Devil's Due (2014),5.0,3.6678753687579246
rw4340468,Death Note (I) (2017),2.5,2.760525107244615
rw1494943,Freedomland (2006),2.5,2.51422725633872
rw5934540,Dil Bechara (2020),5.0,4.650132470789169
rw1427781,Pieces of April (2003),3.5,3.579226307147155
rw1139304,What the #$*! Do We (K)now!? (2004),0.5,1.7931325504623623
rw3206191,Alice in Wonderland (I) (2010),3.5,3.5042746048835025
rw2376329,American Beauty (1999),5.0,4.33158998161403
rw3444078,Aliens vs. Predator: Requiem (2007),2.5,2.9387913108456383
rw3584258,Boxcar Bertha (1972),1.5,2.720620911900982
rw2592118,Joey (1997),3.5,3.329415455018354
rw5003544,The Wrong Boy Next Door (2019 TV Movie),3.5,3.6069058081182597
rw3398216,Panic Button (2011),2.0,2.4886038592411515
rw2371561,Covert Affairs (2010–2014),3.0,3.1016152989569976
rw3222197,State of Grace (1990),3.5,3.8225843604857364
rw2131822,Valkyrie (2008),4.0,3.966034700106178
rw6200934,House on Haunted Hill (1959),2.0,1.9454147384494613
rw6290812,Supernatural (2005–2020),5.0,3.5844782488066036
rw0750188,Baby Boy (2001),5.0,4.188189514528617
rw4247822,Cloak & Dagger (2018–2019),3.0,2.967456088236877
rw3423832,Becoming Mike Nichols (2016),3.5,3.61925885296357
rw2099834,Amos & Andrew (1993),4.0,3.7094403873935864
rw2955062,Captain Phillips (2013),2.5,2.939506083460323
rw1818058,Boot Hill (1969),1.5,2.4129326629078838
rw1440468,Pulp Fiction (1994),5.0,4.1422901649558295
rw0984100,The Phantom of the Opera (2004),5.0,4.800848667581218
rw1435744,The War at Home (2005–2007),5.0,5.0
rw3365998,The Walking Dead (2010– ),0.5,1.5395045612464107
rw6088599,The Horseman on the Roof (1995),3.5,3.0683079860754985
rw5066233,Blood & Treasure (2019– ),3.5,3.5046634118135604
rw4417181,Vada Chennai (2018),4.0,4.015268654882318
rw4505508,Rudolph and Frosty's Christmas in July (1979 TV Movie),4.0,3.6419524570107455
rw2855332,Blackfish (2013),4.5,3.868615748715127
rw0903994,Stuck on You (2003),4.0,3.2460678565829357
rw2779094,Curfew (1989),0.5,0.8907494156723286
rw2908362,Dracula (2013–2014),4.0,3.672970636056276
rw4030188,Free Eats (1932),3.5,3.205986688043318
rw1529961,Borat: Cultural Learnings of America for Make Benefit Glorious Nation of Kazakhstan (2006),1.0,1.8716453795253511
rw4554542,We'll Meet Again (2018– ),5.0,4.377787872958915
rw2826685,The Parent Trap (1998),3.0,3.441253019591087
rw0078617,Moon Pilot (1962),5.0,3.7488891248989797
rw1149101,Junebug (2005),3.5,3.9979038432204783
rw1248309,King Kong (2005),3.5,2.712362869690158
rw6436086,Once Upon a Main Street (2020 TV Movie),2.5,2.5905912016418213
rw3339847,The Oath (2010),3.5,3.568208171354087
rw3048753,Godzilla (I) (1998),1.5,2.052696747273214
rw3309362,The Silence of the Lambs (1991),5.0,5.0
rw3259515,Madagascar 3: Europe's Most Wanted (2012),2.5,2.808716358743065
rw0856704,Revolution OS (2001),5.0,4.139470386803539
rw5340268,Rangbaaz (2018– ),5.0,4.830127340974899
rw4523838,StartUp (2016–2018),4.5,4.231230444598887
rw0749224,The Piano Teacher (2001),4.0,3.9796593597220005
rw1169679,Sky High (2005),4.0,3.6716497621998725
rw3531225,The Thing (I) (2011),5.0,4.530161369748365
rw1232361,Cinderella Man (2005),0.5,1.9046843478138664
rw1866128,Return to Zork (1993 Video Game),1.5,2.340970912726762
rw5826347,Back to the Future (1985),4.5,4.126770904834873
rw6320590,Andhaghaaram (2020),5.0,3.9717534763177946
rw5231182,In the Shadow of the Moon (2019),2.5,2.8756432377257264
rw2598815,The Color of Money (1986),4.5,4.334632336142484
rw3636612,In the Heat of the Night (1967),4.5,4.4543410280404485
rw5080383,Medium (2005–2011),4.0,3.7057615634092262
rw5759731,Inheritance (I) (2020),4.0,4.141102735192516
rw2621884,Snow White and the Huntsman (2012),3.5,3.4116136710216542
rw4499373,Intensive Care (II) (2018),2.0,2.6052222666380023
rw6210186,Blues Brothers 2000 (1998),1.0,2.147738758686854
rw3831423,American Gothic (2017),2.0,1.452533398892847
rw2507051,My Babysitter's a Vampire (2011–2012),0.5,0.986646253532566
rw6130078,The Chosen (2017– ),5.0,4.332898551784028
rw2944022,My Soul to Take (2010),1.5,1.9151731241144965
rw2764545,Oz the Great and Powerful (2013),5.0,4.515678190770656
rw2125697,Van Helsing (2004),2.5,2.8466597548879022
rw4424381,Lucky (VI) (2016),4.0,3.4540433928396164
rw6415394,Monster Hunter (I) (2020),3.5,3.594736655227479
rw3237596,Maggie (I) (2015),5.0,4.843257627371865
rw2766979,The Last Exorcism 2 (2013),1.0,1.7154001002518515
rw3611196,The OA (2016–2019),5.0,4.1007878737195504
rw2769269,Django Unchained (2012),1.0,1.5330693673313887
rw6149835,Batman (1966–1968),3.5,3.311704297952159
rw1954021,Call of Duty 4: Modern Warfare (2007 Video Game),5.0,4.404604142109999
rw4577613,The Truth About Killer Robots (2018),3.5,3.3985764207687668
rw6414591,Ready to Wear (1994),1.5,2.250541104345142
rw5183263,The Gulf (2019– ),4.5,4.442000410934144
rw2072070,Terminator Salvation (2009),4.0,3.2643609039120554
rw6361963,Your Honor (II) (2020– ),5.0,4.538493950251167
rw2784056,The Trespassers (2012),4.0,4.259805286904662
rw1692239,The Last Mimzy (2007),4.5,3.975449185294659
rw6243673,The Slumber Party Massacre (1982),1.0,1.5089461520962568
rw1978462,Airplane! (1980),3.5,3.8051404380228124
rw0685196,Unbreakable (2000),2.0,1.614472838571146
rw5030929,Kimi no na wa. (2016),2.0,2.9258845818782717
rw1024679,Tomb of the Werewolf (2004 Video),2.5,2.914694263782753
rw5440876,Escape (1940),3.5,3.5160031419561903
rw4262563,Leverage (2008–2012),4.5,4.663479042640914
rw1348984,Scary Movie 4 (2006),3.5,3.222177141742183
rw1419271,The Lake House (2006),1.5,2.1501466441101726
rw0484674,Star Wars: Episode II - Attack of the Clones (2002),2.0,1.8613173714968942
rw2667277,Brutal (II) (2012),5.0,4.60372422160153
rw5584226,Kim (1950),4.0,3.6445573508784497
rw4997488,Montparnasse Bienvenüe (2017),4.0,4.009987753027935
rw1282195,Strictly Ballroom (1992),5.0,3.626368087153937
rw6311976,"Sacred Cow: The Nutritional, Environmental and Ethical Case for Better Meat (2020)",5.0,4.142209837402033
rw2345590,The Judas Project (1990),3.5,3.434628060272247
rw1438881,Talladega Nights: The Ballad of Ricky Bobby (2006),4.0,3.988968512382046
rw3456373,Invasion from Inner Earth (1974),1.5,1.8170129905669856
rw6334790,Estômago (2007),5.0,5.0
rw6272852,Chhalaang (2020),2.5,3.3062504650724116
rw1889552,Reality Bites (1994),5.0,4.837068031558631
rw0568430,Trixie (2000),3.5,3.382476071391587
rw1194656,*batteries not included (1987),2.0,2.7258029717683696
rw2261857,And Then Came Lola (2009),0.5,2.681236463116088
rw5416915,Code M (2020– ),5.0,3.938332063228433
rw4982811,Spider-Man: Far from Home (2019),3.0,3.240280238479417
rw2293702,American Psycho (2000),3.5,3.497294582783303
rw1286043,The Coroner (1999),0.5,1.0113411709352254
rw0398495,Twister (I) (1996),2.5,2.7662611467462925
rw5711759,Into the Night (II) (2020– ),5.0,4.174621444135079
rw2621766,Bram Stoker's Dracula (1992),0.5,1.4537722647654157
rw1703783,Yo (2007),4.0,3.6608862993585047
rw0122504,Everything You Always Wanted to Know About Sex * But Were Afraid to Ask (1972),3.0,2.8268213832509264
rw4242491,Ant-Man and the Wasp (2018),4.5,4.231963851251171
rw6442332,Paurashpur (2020– ),5.0,4.535377562992037
rw5446580,National Treasure (2004),3.0,3.0654371468803814
rw3296748,Alien Species (1996),4.0,3.185155835602786
rw4136010,Gun Shy (2017),1.0,1.526736738874356
rw5638087,The Final Conflict (1981),3.5,3.444379022443552
rw5333867,STAR WARS：原力覺醒 (2015),0.5,2.0744293515937775
rw5025456,Another Life (2019– ),5.0,3.867975668129266
rw0509007,The Matrix (1999),0.5,1.5092036225731116
rw5799183,Ponmagal Vandhal (2020),5.0,4.450770113820794
rw0634130,Godzilla 2000 (1999),5.0,4.668082589183625
rw0334449,Alma's Rainbow (1994),4.5,4.1959964582196045
rw3282529,Night of the Wilding (1990 Video),3.5,3.081738732681666
rw3667482,Beauty and the Beast (I) (2017),5.0,4.804161768741523
rw5264804,The Mandalorian (2019– ),4.5,4.20813445590647
rw2858178,Star Trek Into Darkness (2013),3.5,2.9132386412503983
rw4203056,Frankie and Johnny (1966),2.0,2.3732848943709
rw3256542,Home (II) (2015),0.5,1.9606055123851929
rw5141355,About Last Night... (1986),4.0,3.8822487621451196
rw4925342,Rufus (2016 TV Short),4.0,3.8428764195807688
rw2682785,Chernobyl Diaries (2012),4.0,3.8284897338493917
rw5422615,Basket Case (1982),5.0,4.65738161939719
rw4904816,Domino (I) (2019),0.5,1.5801238964259605
rw1923674,La zona (2007),3.5,3.3306909032548115
rw4800504,Shazam! (2019),5.0,4.104203819309876
rw5842526,Mrs. Serial Killer (2020),5.0,4.2414473811988715
rw6150473,Ali (2001),2.5,2.476338348414329
rw5877006,The Disaster Artist (2017),0.5,1.027389070061695
rw2215531,Fringe (2008–2013),1.0,1.6241685432116082
rw2803572,Vertigo (1958),5.0,4.396125256045096
rw3307135,Absolute Power (1997),2.5,2.911988869682863
rw4307225,Lad: A Yorkshire Story (2013),5.0,4.569673589698965
rw5370166,Bridge of Spies (2015),4.0,3.7247414951936144
rw3756487,5150 (I) (2016),4.0,3.738049776521465
rw1417668,*batteries not included (1987),4.5,4.846501289091228
rw5595066,Straight Outta Compton (2015),4.0,3.7084608704875324
rw6022701,Tenet (2020),5.0,4.722310892906132
rw3584302,Into the Forest (2015),2.5,2.5814550368719007
rw0668842,Pokémon the Movie 2000 (1999),0.5,1.4050900929886352
rw5935938,Dil Bechara (2020),5.0,4.562467994816597
rw3031992,Giant (1956),4.0,3.588424422604388
rw1327089,Mortuary (I) (2005),4.0,3.1845570379813317
rw3404719,South Pacific (1958),3.0,3.1835210012013886
rw3346068,Fei lung mang jeung (1988),1.0,2.074260821129056
rw5416119,Forbidden Cargo (1954),3.0,3.4090752554107073
rw2621566,John Carter (2012),4.5,4.211811472105746
rw4471186,Kojak: Fatal Flaw (1989 TV Movie),2.5,2.9897884692002075
rw0835606,The Chronicles of Riddick (2004),4.0,3.526471440357686
rw2900291,Halloween III: Season of the Witch (1982),3.0,2.6498492216936205
rw6429470,Wasted Talent (2018),1.0,1.771569375261909
rw5488241,Joker (2019),2.5,2.82527974135958
rw3485666,The Good Dinosaur (2015),1.0,1.4718243037189855
rw2175524,The Messengers (2007),1.0,2.2011396979143543
rw4017722,Life Boat (2017),4.5,3.917883929128412
rw2064332,Superman III (1983),3.0,3.4680464984951094
rw5550914,Military Wives (2019),3.0,3.719775022237555
rw5727941,Upload (2020– ),3.0,3.2399740114168463
rw3269237,Night Falls on Manhattan (1996),5.0,4.726076514780897
rw2409668,The Sea Hawk (1924),4.5,4.017803181287577
rw2081968,Taking Chance (2009 TV Movie),0.5,1.6017265560748286
rw2745292,愛．慕 (2012),0.5,2.1431459345988886
rw1466987,Pay It Forward (2000),5.0,3.9266078813312477
rw0363106,La Haine (1995),5.0,4.640727186024306
rw4628844,Nightflyers (2018),1.0,1.9802353244256028
rw3091871,Chronicle (2012),3.5,3.430099251609439
rw5533102,Impractical Jokers: The Movie (2020),3.5,3.191983018678867
rw3706054,Alien: Covenant (2017),3.5,3.3661326398863562
rw2940605,Avatar (2009),1.0,1.9950993516171458
rw3490928,The Island (2005),3.5,3.106467693093837
rw4385171,Seven Samurai (1954),4.0,4.292056507377911
rw2328422,Stone (2010),5.0,4.313487119971131
rw1424690,Sole Survivor (1984),2.5,2.3757825407944386
rw5336091,獵魔士 (2019– ),5.0,4.673271373868641
rw1712329,Pet Sematary II (1992),3.5,3.3023177013895917
rw4728735,After Life (2019– ),5.0,4.528979288920963
rw0773694,Finding Nemo (2003),5.0,4.628893036370021
rw2802932,Crash (1996),1.0,2.226476486285229
rw5747335,Dead to Me (2019– ),3.5,3.64557616576095
rw4568623,Holiday High School Reunion (2012 TV Movie),3.0,2.0965783009874617
rw3598020,Serenity (2005),3.0,3.24570683528925
rw4174621,OK Kanmani (2015),3.0,3.2106661498024116
rw3434043,Steamboat Willie (1928),4.0,3.62042674696974
rw4409616,Apostle (2018),1.5,2.186731835572048
rw1598916,歌劇魅影 (2004),0.5,2.0038190223678423
rw1278720,Nanny McPhee (2005),5.0,4.984102550242177
rw6079447,Mulan (2020),1.5,2.5050971562989153
rw2460812,Hall Pass (2011),0.5,0.9558979084973642
rw2786711,Invasion of the Body Snatchers (1978),4.0,3.5355986821599807
rw5478913,Game Night (I) (2018),3.0,3.6716362851808384
rw4457148,Rush (I) (2013),5.0,4.349991955232263
rw3363623,A Long Way Down (2014),4.5,4.122739083497285
rw2034105,Watchmen (2009),0.5,1.3144648109979076
rw3670619,Eye for an Eye (1996),0.5,1.255320278245586
rw4537914,The Shallows (2016),3.0,2.8852337539898985
rw0056700,The Trouble with Harry (1955),5.0,4.49073072983412
rw3533594,No Touching at All (2014),5.0,4.616206547096311
rw0672080,Amélie (2001),5.0,3.991498071729639
rw4478825,Medias Res (2017),4.0,3.330455487605384
rw6130346,A Patch of Fog (2015),4.5,3.751205021444957
rw0459208,The Lord of the Rings: The Fellowship of the Ring (2001),4.5,4.183498275085461
rw2802198,Furious 6 (2013),5.0,4.371821463193662
rw4157707,Vanilla Sky (2001),3.5,3.960268446015969
rw1444133,The Lord of the Rings: The Return of the King (2003),4.5,3.896259029285239
rw1978242,Tunes of Glory (1960),4.0,4.137287259702045
rw0894098,Troy (2004),1.5,2.249246341518628
rw3731382,Slap Happy Pappy (1940),3.5,3.5487149318276314
rw5517701,Thappad (I) (2020),4.5,3.910352009023053
rw1804238,Cloverfield (2008),4.5,4.044861210799981
rw2752539,Blue Bloods (2010– ),4.0,3.578042129291402
rw2437089,Red River (2011),1.5,2.4961636585211964
rw5549674,Spenser Confidential (2020),5.0,4.50122225023636
rw3270154,Terminator Genisys (2015),4.5,4.525751912400148
rw6123701,Hereditary (2018),2.5,2.6906200167393264
rw1891083,Prom Night (I) (2008),0.5,1.1254687844944447
rw4244701,Brad's Status (2017),5.0,4.218712487503264
rw2096648,Harry Potter and the Half-Blood Prince (2009),5.0,3.3096363122855896
rw3452289,End of the World (1977),3.0,2.821953763527953
rw3790406,Checkmate (I) (2015),0.5,1.0134214930594192
rw1299646,Dark Days (2000),5.0,5.0
rw5430848,Jojo Rabbit (2019),4.5,4.115670372813405
rw5018200,Another Life (2019– ),4.0,3.3447380151679797
rw4485810,Iron Jawed Angels (2004 TV Movie),1.0,2.4701127291577114
rw4824216,Dark by Noon (2013),0.5,1.204570290895755
rw4216244,Total Siyapaa (2014),2.5,3.238268300792059
rw2707841,7 Seconds (2005 Video),0.5,1.8389335468466825
rw3098222,Rollerball (1975),5.0,4.624533325354813
rw5932841,Dil Bechara (2020),5.0,4.783958486221719
rw0302630,92 Legendary La Rose Noire (1992),5.0,4.437871085432773
rw5654607,"Marines, Let's Go (1961)",3.5,3.571107279100344
rw5280067,The Hunt for Red October (1990),4.0,4.2087131802607765
rw3139764,Bitten (2014–2016),4.5,4.400372115469299
rw5061789,White Palace (1990),5.0,5.0
rw4158418,The Fighter (I) (2010),5.0,4.087619318781819
rw3510302,Wild Tales (2014),4.5,4.211510514831852
rw5181671,Fixerr (2019– ),5.0,5.0
rw2368925,The Last Exorcism (2010),2.5,3.0957701464197873
rw5417036,Code M (2020– ),5.0,4.131702228835238
rw4462725,Bohemian Rhapsody (2018),5.0,4.746953395673151
rw1371473,Thank You for Smoking (2005),4.0,3.896577888735152
rw1139993,Stealth (2005),0.5,1.5174203954450254
rw5196768,Fractured (I) (2019),2.5,2.563963539988491
rw3780442,Pandora (2016),5.0,4.396281169598112
rw5052561,The Imitation Game (2014),2.0,2.544934803405072
rw5422075,Doctor Who (2005– ),0.5,1.9903470953545752
rw4661893,Rip Tide (2017),1.0,1.8584733549787174
rw6167682,Spontaneous (II) (2020),3.5,3.5742143092925502
rw3747339,Svarta Madam (2017),3.0,3.7352267313443765
rw5787201,Mrs. Serial Killer (2020),5.0,4.426775042608065
rw2882620,Warm Bodies (2013),3.5,3.7605845443562718
rw0708514,The Tailor of Panama (2001),0.5,1.3652306802530498
rw1857094,Valley Girl (1983),5.0,4.731646436825841
rw1084392,Star Wars: Episode III - Revenge of the Sith (2005),4.0,3.1940189128485783
rw3217804,Panic Room (2002),4.5,3.8242582390789197
rw5586621,Uncorked (I) (2020),0.5,0.6140075690044089
rw3306508,San Andreas (2015),1.0,1.294257243781915
rw6355969,Terminator Salvation (2009),3.0,2.7456478457040596
rw4969344,Point Blank (1967),0.5,1.4510920352455106
rw1385720,Breakfast on Pluto (2005),4.5,4.241977407258164
rw4849592,The Meyerowitz Stories (2017),2.0,2.6612542969347075
rw3740547,Alien: Covenant (2017),4.5,3.9345615799838156
rw4411379,Train to Busan (2016),4.0,3.790063613052294
rw1811324,The Lord of the Rings: The Fellowship of the Ring (2001),4.5,4.1754163874829295
rw1540355,Dead Man's Curve (1998),3.0,3.103826605768408
rw4989851,Love Island (2015– ),0.5,2.112384277342422
rw0870452,Spider-Man 2 (2004),5.0,4.635705295591606
rw1238169,Final Fantasy VII (1997 Video Game),5.0,3.855474832256221
rw4457800,Smoke (2018–2019),4.0,4.3739441575236135
rw1199984,North Country (2005),3.0,3.605877022077292
rw1991661,Dragon Wars: D-War (2007),0.5,1.8654969295422743
rw1878389,The Raven (1963),3.5,3.719957268437118
rw1253551,Escape Under Pressure (2000),3.0,2.3659050937834833
rw4294515,Mission: Impossible - Fallout (2018),1.0,0.7497852891150698
rw5976183,Upgrade (2018),4.5,3.8447756067665866
rw1543828,The Devil Wears Prada (2006),3.0,3.3754033397554486
rw2061942,X-Men Origins: Wolverine (2009),4.0,4.165871408708551
rw3169317,魔法黑森林 (2014),3.5,3.593240140438136
rw2327679,Graffiti meissä (2006 Video),3.5,3.3521007358501023
rw6434378,The Tale of The Princess Kaguya (2013),3.5,2.975640791251744
rw3104328,The Lion King (1994),5.0,4.4869879635492325
rw0187820,Neighbors (1981),5.0,4.608754835889106
rw0003574,Battleship Potemkin (1925),4.5,4.172860814669289
rw4920564,Steve Martin and Martin Short: An Evening You Will Forget for the Rest of Your Life (2018 TV Special),4.0,4.20679104995793
rw4713091,Captain Marvel (2019),4.5,4.039608624224522
rw2528985,Saw (2009 Video Game),3.5,4.398647696758691
rw1925019,The Dark Knight (2008),5.0,4.800048713764618
rw2416886,Buried (2010),5.0,3.760128790453742
rw1033395,A Home at the End of the World (2004),5.0,5.0
rw5856707,Eurovision Song Contest: The Story of Fire Saga (2020),3.0,2.750484669915492
rw2375619,Casino (1995),4.0,4.557023902892661
rw4130717,The Shape of Water (2017),1.5,2.388976051023886
rw5103114,Strange But True (2019),5.0,3.7068337875537205
rw4301693,Ocean's Eight (2018),0.5,1.9865020447671897
rw0378428,Beautiful Thing (1996),5.0,4.607558264219763
rw0052666,Rear Window (1954),5.0,4.941391279344306
rw4325602,Office Uprising (2018),0.5,1.6193108146176936
rw4780237,Too Late to Die Young (2018),4.0,3.7907456455542428
rw0635474,Shadow of the Vampire (2000),3.5,3.0560788163797064
rw4421896,Shaun of the Dead (2004),3.0,3.19075974344618
rw2292669,Mrs. Miniver (1942),4.5,4.472208638113527
rw1207452,Lumber Jerks (1955),1.5,2.247027582684434
rw0994754,EuroTrip (2004),3.0,3.0347215136314567
rw0467357,Practical Magic (1998),2.0,2.530410470711727
rw0874341,Big Fish (2003),1.5,2.466813045300246
rw6091179,The Social Dilemma (2020),0.5,2.1661796302299
rw5651215,Beastars (2019– ),4.5,4.015787871657345
rw0081201,Dr. Strangelove or: How I Learned to Stop Worrying and Love the Bomb (1964),5.0,4.392743928122545
rw1907693,Confessions from the David Galaxy Affair (1979),0.5,1.4344643017372076
rw5356690,CATS貓 (2019),4.0,3.6573896425599446
rw6116669,The Boys (2019– ),5.0,4.919533200469432
rw5334303,Gotti (2018),0.5,1.9700108464766641
rw5778311,Piranhas (2019),2.0,2.4166310025495754
rw6344652,American Murder: The Family Next Door (2020),4.0,3.876344753712904
rw1708661,The Aryan Couple (2004),5.0,4.381464560314327
rw5473182,The Kingdom (2007),3.0,3.4405288959637517
rw4890232,Brendan Schaub: You'd Be Surprised (2019 TV Special),0.5,2.020489466378055
rw5813819,Jack the Giant Slayer (2013),3.5,3.880984235591195
rw5580036,Girls with Balls (2018),2.5,2.4739806109571933
rw4345024,Incident in a Ghostland (2018),0.5,1.9397725726944604
rw2672276,Premium Rush (2012),3.5,3.982067449693919
rw4960531,Flood (2007),0.5,2.1024803602893467
rw5757643,Anne with an E (2017–2019),5.0,4.864088958655177
rw2393677,Showgirls (1995),3.0,3.038942200120407
rw1034932,Timeline (2003),4.0,3.5642431532967325
rw1978803,The Life and Times of Judge Roy Bean (1972),5.0,4.523287999842586
rw1428866,B.T.K. Killer (2005 Video),1.0,1.4987192133894702
rw1975795,Saw V (2008),5.0,4.7599860083995145
rw2728677,Mammas pojkar (2012),2.5,2.3713451161049934
rw2740453,Pearlie (2008–2011),4.0,3.751527539651997
rw4948757,"Asylum, the Lost Footage (2013)",3.5,3.303722722676313
rw2973226,Run (1991),4.5,3.4840833496092873
rw2120375,Creator (1985),5.0,4.585377406310707
rw0893979,Troy (2004),5.0,4.257318150907986
rw2702426,The Brain from Planet Arous (1957),1.5,2.8773441573117706
rw3125219,La révolution française (1989),4.0,4.091712655573013
rw3277853,Ascension (2014),0.5,0.6473852870265717
rw3701837,Handsome: A Netflix Mystery Movie (2017),3.0,3.1817805275203073
rw3522068,Super Size Me (2004),2.0,2.2160544215372875
rw1903381,The Thing with Two Heads (1972),3.5,2.9713229420110934
rw2113356,The Boondocks (2005–2014),5.0,4.815168623645366
rw4502248,Thor (2011),2.0,2.4829597057634945
rw0648125,Noll tolerans (1999),3.0,3.394213551891058
rw4770563,Shazam! (2019),4.5,4.240741628660097
rw4525297,Second Act (2018),3.0,2.1645956443267265
rw5668093,Community (2009–2015),4.5,4.827200338313579
rw1789605,Aliens vs. Predator: Requiem (2007),4.0,3.5792966515146736
rw4216753,Craig of the Creek (2018– ),5.0,5.0
rw3549685,Solaris (1972),3.5,3.59837126453459
rw6021231,A Little Chaos (2014),4.5,3.9971234847496317
rw2248945,Hellbinders (2009),4.5,4.455290081251765
rw6336255,Hillbilly Elegy (2020),3.5,3.5045771103477232
rw0229561,Aliens (1986),4.5,3.897107749865817
rw0671353,Vengo (2000),3.5,3.462208083608928
rw0515616,The Talented Mr. Ripley (1999),0.5,0.8334027212406778
rw3857578,Disjointed (2017–2018),4.0,4.191982270600801
rw5245431,And Then We Danced (2019),5.0,4.518154772509182
rw3022620,Leaving Home (2013),1.5,2.6720785840417802
rw4811303,Fury (2014),3.5,3.285737919994637
rw5432311,Tokyo Tribe (2014),4.5,4.384909969819512
rw0392518,Palookaville (1995),4.5,4.22630445376295
rw6272755,The To Do List (2013),4.5,4.076095512862126
rw3516310,Heart of Glass (1976),2.0,2.6829650060620494
rw1858250,La sconosciuta (2006),5.0,4.405936236133469
rw5389744,Groupers (2019),4.5,4.174599506900224
rw5365361,Lucy in the Sky (2019),3.5,3.480629246639866
rw1708476,Sin sostén (1998),4.0,4.177481770713387
rw3253663,She's Funny That Way (2014),4.0,3.941852568900418
rw2859773,The Amazing Spider-Man (2012),0.5,1.7411817358400736
rw2015534,Shredded (2000 Video),3.0,2.8257860198329734
rw4311582,The Boss (2016),5.0,4.270756140981396
rw1832972,The Warlords (2007),4.5,4.629750700608671
rw3772972,The Dark Tower (2017),4.5,4.415303595140785
rw4637021,Hunter Killer (2018),3.5,2.9815567020794
rw1037783,Once Upon a Time in the West (1968),5.0,4.153430757738059
rw4905049,Gremlins (1984),3.5,3.4442889872890765
rw4738075,Guest in the House (1944),4.0,3.86805042923133
rw0441915,American History X (1998),5.0,4.572413426953731
rw0676604,Hannibal (2001),4.5,3.7741165192588273
rw3315865,Huevos: Little Rooster's Egg-cellent Adventure (2015),2.0,2.3593105654632933
rw3741149,Damaged (2014 TV Movie),1.0,1.6917885774611516
rw4370991,The Godfather (1972),5.0,4.520330756225196
rw6158451,Dead Still (2020– ),4.5,4.317368436497815
rw3828725,The Dark Tower (2017),3.5,3.1144525331403594
rw5124915,The Frightened Man (1952),3.5,3.3291167991249773
rw5770639,Dilwale (2015),5.0,4.522466003966336
rw2890837,Ninja Death (1987),4.5,3.524328807373622
rw5610585,Kill Bill: Vol. 1 (2003),2.0,2.5179049849696513
rw2791466,Argo (2012),5.0,4.188042744020204
rw0481674,Star Wars: Episode I - The Phantom Menace (1999),5.0,4.222900769879859
rw2027931,Lost (2004–2010),5.0,4.837994743443292
rw1689917,The Butterfly Effect (2004),3.0,3.434841627845127
rw5574251,Masameer the Movie (2020),0.5,1.2708165506281421
rw2586653,Wuthering Heights (2011),0.5,0.8929395955366499
rw4463384,Seema Raja (2018),2.0,2.0170692894485596
rw3812466,Victoria & Abdul (2017),4.5,4.7127178778070915
rw0387478,Independence Day (1996),3.5,3.9919877500241485
rw4525466,Titan A.E. (2000),3.0,3.4733332282099125
rw6038140,Memento (2000),5.0,4.395903070049486
rw4577673,A Perfect World (1993),3.5,3.3368839066118796
rw0192583,E.T. the Extra-Terrestrial (1982),4.5,4.262349960828811
rw2952975,Aashiqui 2 (2013),3.0,4.03241654490449
rw2359939,Elle s'appelait Sarah (2010),4.0,3.789904149405563
rw2505399,Red State (2011),5.0,3.8617892935948452
rw1119632,À la folie... pas du tout (2002),2.0,2.552070260186364
rw5913350,Mafia (2020– ),2.0,1.5099952128368068
rw5301289,Bad Day for the Cut (2017),3.5,3.4353799271986114
rw2106548,Come and See (1985),5.0,4.20397949420836
rw3732777,Bank Chor (2017),3.5,4.145321175206704
rw4659881,Escape Room (I) (2019),3.5,3.448633091710352
rw1134766,A Very Long Engagement (2004),4.0,4.058023597265754
rw3315910,Tenacious D in the Pick of Destiny (2006),4.0,3.612955591149067
rw2441687,The Long and Short of It (2003),3.5,3.463528830306143
rw4345983,Disenchantment (2018– ),2.0,1.977502467365926
rw1223115,Walk the Line (2005),3.5,3.6255512374745713
rw4325414,Penguins of Madagascar (2014),2.0,1.857313984485041
rw5757711,The Last Kingdom (2015– ),5.0,4.501309605776128
rw0268313,Cyborg (1989),1.5,1.6934603675190747
rw4484651,Shadow of a Doubt (1943),4.5,4.665260280190095
rw6383053,Titanic (1997),5.0,4.449418911613534
rw4366882,Little Women (2018),4.5,4.330868210510587
rw0527047,Message in a Bottle (1999),4.0,3.7739570024602664
rw3452641,Eddie the Eagle (2015),5.0,4.542857660094903
rw5415141,Instinct (2018–2019),4.5,4.1346815703375555
rw0778197,Adaptation. (2002),5.0,4.196500441021576
rw4403137,A Star Is Born (2018),4.0,4.0663865954032845
rw4843837,John Wick: Chapter 2 (2017),4.0,3.259158399355885
rw4559609,The First (2018),4.0,3.8178699732559997
rw1835020,Swing Kids (1993),4.0,4.221371792476333
rw2218867,Confession (I) (2005),5.0,3.802313679659577
rw4843500,Fleabag (2016–2019),5.0,4.818865291361758
rw5842584,You Should Have Left (2020),2.5,2.1441102665696232
rw5956124,Shakuntala Devi (2020),0.5,1.6516874253852962
rw1505565,Troll 2 (1990),0.5,1.81183154776637
rw6002369,2010: Moby Dick (2010 Video),0.5,1.6429060527041057
rw1466744,Two Bits (1995),4.0,3.8055495710657343
rw1672640,United 93 (2006),0.5,1.7316939680302381
rw4211998,Hannah Gadsby: Nanette (2018 TV Special),5.0,4.03332877014735
rw2198570,阿凡達 (2009),2.5,2.6247442356893194
rw1912722,The Dark Knight (2008),5.0,4.994674147671496
rw4231616,The Odyssey (1997),3.0,2.6469354465602657
rw3771429,Toxic Shark (2017 TV Movie),4.5,3.504710482805008
rw2872204,Hendrix on Hendrix (2013),5.0,4.696032980076254
rw3637948,David Brent: Life on the Road (2016),2.5,2.215275705114415
rw1847200,The Flirt (1917),3.0,3.2690662948411973
rw3739165,Nobody Speak: Trials of the Free Press (2017),4.0,3.810441607179512
rw3189939,Monkey Shines (1988),3.0,3.183406782934126
rw0441317,Celebrity (1998),3.5,3.1781199916624856
rw1805467,Sakuran (2006),4.0,4.073262748866284
rw3604980,How Sarah Got Her Wings (2015),3.5,3.501471948497938
rw3673139,Bokeh (I) (2017),3.0,3.3075932559106422
rw5173479,Kuzgun (2019),5.0,4.260722937317624
rw4515618,Insidious (I) (2010),3.0,3.445621317786096
rw2066624,Beehive (2008– ),3.0,3.7579878344916233
rw0572770,City of Ghosts (2002),4.0,3.9573947892449435
rw4974728,Bob Lazar: Area 51 & Flying Saucers (2018),4.0,3.8138362008226445
rw3083177,Mr. Majestyk (1974),3.5,3.9570669477462896
rw5623947,Intersection (1994),3.5,3.989471827531228
rw0552492,The Thomas Crown Affair (1999),3.5,3.4419079174697087
rw0995553,Shogun (1980),5.0,4.603226663110621
rw0969603,Being Julia (2004),4.5,4.140667543144163
rw2624983,Paranoid Activity 2 (2011),4.0,2.900808974910068
rw3783673,NOTFILM (2015),0.5,1.1994710442683187
rw2808738,Star Trek Into Darkness (2013),4.0,3.8959456539188673
rw0116085,Diamonds Are Forever (1971),4.0,3.885485146057778
rw5070157,The Staircase (2004–2018),0.5,0.5
rw4489109,2.0 (2018),0.5,1.3198837381767543
rw3489642,Warcraft (2016),5.0,4.3366378605812805
rw4280981,Flight (I) (2012),5.0,4.797551869534954
rw3309101,The Lazarus Effect (2015),3.5,3.7669423820227794
rw5522338,Mr Inbetween (2018– ),4.5,4.450355670944312
rw3270119,Terminator Genisys (2015),4.0,4.709373293186358
rw3692065,Dead & Buried (1981),3.5,3.3794696538838256
rw0343304,Major Payne (1995),3.0,3.3792662035847103
rw4835582,Ballon (2018),4.0,4.046637580686944
rw3766398,Lionhearted (2012),4.0,3.5296615015119057
rw5490870,Starship Troopers (1997),3.5,3.2549046673570583
rw1597792,無間道 (2002),4.5,4.019995867684927
rw3046697,The Adventures of Sherlock Holmes (1939),5.0,4.291544247713924
rw1212453,Gettin' Square (2003),4.5,4.201886148868205
rw2080268,Hilda Crane (1956),2.5,2.988154896510814
rw1043672,The Jacket (2005),1.5,2.076513636099267
rw1550410,Rocky Balboa (2006),3.5,3.2062550853269056
rw3522302,Il padre di famiglia (1967),2.5,2.8234109920035957
rw0776083,Spy Game (2001),4.0,3.947303364602435
rw0065205,The Old Man and the Sea (1958),4.5,4.111443396428763
rw3628450,Underworld: Blood Wars (2016),4.0,4.268304334771145
rw5237128,Ride with the Devil (I) (1999),4.5,3.84037673581226
rw1944980,Hell Ride (2008),1.0,1.5394192349648332
rw4362930,The Predator (2018),0.5,1.6705653794927984
rw5514901,Thappad (I) (2020),5.0,4.776036171156207
rw5855080,No Escape (I) (2015),3.5,3.4325003133427896
rw5283073,Diary of a Wimpy Kid: The Long Haul (2017),0.5,0.8772809594947173
rw0473959,The Thin Red Line (1998),5.0,4.3952399146747725
rw3702941,Wasp (2015),3.0,2.9303092490831215
rw1407675,Superman Returns (2006),1.5,2.8851641645432364
rw5413505,La rivolta degli schiavi (1960),3.5,3.434489015225367
rw0563569,The Story of Us (1999),4.5,4.205069800807022
rw3050869,Falang: Behind Bangkok's Smile (2005),4.0,3.3541227101113535
rw5256554,Disaster Movie (2008),0.5,0.5187279722988807
rw5960659,Avengers: Endgame (2019),5.0,4.918361292692494
rw5931203,Dil Bechara (2020),5.0,4.635481010426355
rw3212495,The Umbrellas of Cherbourg (1964),3.0,2.9196929894173422
rw6198383,Inside (I) (2016),0.5,1.7703009492286368
rw2857515,Madras Cafe (2013),5.0,4.6512702341788295
rw6251238,Continuum (I) (2012–2015),0.5,1.4643578618664204
rw5356468,CATS貓 (2019),0.5,0.5
rw6095958,Away (2020),1.5,1.2434525296573513
rw2947673,Art School Confidential (2006),3.5,3.887759639198511
rw3725799,Alien: Covenant (2017),2.5,2.280710248381841
rw3714584,Blame! (2017),4.0,4.065206357136117
rw3591876,The Hound of the Baskervilles (1959),3.5,3.1165886607420212
rw3828084,Blade Runner 2049 (2017),1.0,1.8315663661470745
rw5180071,Amy Schumer: The Leather Special (2017 TV Special),0.5,1.05401872138065
rw5665252,Chappaquiddick (2017),3.0,3.6717147575849713
rw3846590,Hocus Pocus (1993),5.0,4.230731117709663
rw5810287,Entourage (2015),4.5,3.725723037035888
rw5059276,El Hijo (2019),0.5,1.3794124219560708
rw0236448,Platoon (1986),3.5,3.84746004420335
rw2855240,King Priam (1985 TV Movie),5.0,4.947343261652312
rw0774585,Kill Bill: Vol. 1 (2003),5.0,3.7576407580292503
rw0406470,Beverly Hills Ninja (1997),5.0,4.919366962895621
rw4705933,King Arthur: Legend of the Sword (2017),3.0,2.789169607724701
rw1650883,Boxcar Bertha (1972),3.5,3.8065557806797923
rw4453400,Salomé (1922),5.0,4.31528839785132
rw4217643,Won't You Be My Neighbor? (2018),5.0,4.472515897858911
rw5526284,Two Weeks Notice (2002),5.0,4.454845098159847
rw5161197,Ratsasan (2018),5.0,4.606507468348828
rw5718107,The Lady Vanishes (1938),4.0,4.538203496817446
rw2069589,Batman Tech (2008 TV Short),4.0,3.9176006145377946
rw1265026,Brokeback Mountain (2005),5.0,4.447895010925148
rw4380149,Venom (2018),4.0,3.68993139309131
rw0983334,Armageddon (1998),2.5,2.5682262177673874
rw6344023,Ashes of Love (2018),5.0,4.049496154834159
rw2691088,The Ghost and Mrs. Muir (1947),3.5,3.85836382442901
rw4328516,Seven Psychopaths (2012),3.0,3.2202296534624058
rw6237432,Taish (2020),5.0,4.69877773680448
rw5607717,Apharan (2018– ),4.5,4.245433577549422
rw4861972,Deux gouttes d'eau (2018 TV Movie),3.5,2.8415974689392263
rw3400152,The Trap (1946),3.0,2.916765159785147
rw0225880,The Return of the Living Dead (1985),5.0,4.256512010004537
rw0553880,Wishmaster 2: Evil Never Dies (1999 Video),4.0,3.1079862400491773
rw2222673,Warner at War (2008 TV Movie),4.0,3.6841768386968243
rw0496327,Shrek (2001),4.5,4.323217857535777
rw1671591,Knocked Up (2007),5.0,4.440797958622866
rw3482286,Warcraft (2016),3.5,3.517529644175477
rw3181213,Birdman or (The Unexpected Virtue of Ignorance) (2014),4.0,3.922012632800965
rw4409950,Next Gen (I) (2018),5.0,4.458072584864384
rw3114363,Ave Maria (1953),3.0,3.1302130030537962
rw0583812,The Lord of the Rings: The Return of the King (2003),5.0,4.8709107866519235
rw4902446,Captive State (2019),1.0,2.2020220864240923
rw3630106,T2 Trainspotting (2017),4.0,3.746336240692858
rw6177161,Hereditary (2018),1.0,1.6077113776819214
rw5660611,Dark City (1998),5.0,4.250043527472256
rw4863857,The Equalizer 2 (2018),5.0,5.0
rw4810554,Braveheart (1995),5.0,5.0
rw6455849,Dave Made a Maze (2017),2.5,2.592243362215015
rw1469237,V for Vendetta (2005),5.0,4.10533833576934
rw3736049,Dances with Wolves (1990),4.0,3.67126724745237
rw5817260,Gulabo Sitabo (2020),4.5,4.671269634857944
rw3307215,X-Men: Days of Future Past (2014),2.5,2.5313890085097737
rw1362376,The Wedding Date (2005),3.0,3.4267761331433095
rw1201142,Second to Die (2002),4.0,4.031392508826354
rw2974628,Stranger by the Lake (2013),3.0,2.963590976959424
rw6196900,The Witches (2020),5.0,3.9048379225908696
rw3023699,Lawrence of Arabia (1962),3.5,3.4878910011652633
rw4944322,Plus One (I) (2019),0.5,1.4653609741047893
rw0976796,The Red Badge of Courage (1951),5.0,4.518409764605081
rw1498010,The Last King of Scotland (2006),3.5,3.0925630530909105
rw0253541,Above the Law (1988),2.0,2.443470773943282
rw3148885,怪獸大學 (2013),3.5,3.8894389559948555
rw5032302,Serenity (2019),0.5,1.1803558265893632
rw4307667,Wet Hot American Summer (2001),5.0,4.145870200243059
rw0987074,The Phantom of the Opera (2004),4.0,4.611838601163331
rw1109456,The Killer Eye (1999),4.5,3.643483347498735
rw2931730,The Cheap Detective (1978),0.5,1.0988812152949374
rw4312435,Skyscraper (2018),5.0,4.169080149448688
rw1591359,Music and Lyrics (2007),2.0,2.1357279463056464
rw4025911,Hostiles (2017),3.5,3.284124236733325
rw1829145,Eagle vs Shark (2007),5.0,4.67363800775665
rw5019938,Batman: Hush (2019 Video),3.0,3.2802198169737586
rw5415620,DuckTales (1987–1990),4.5,4.4215365803229
rw0410522,Clockwatchers (1997),4.5,4.004200439092404
rw6073958,The Barge People (2018),5.0,3.8326387873000587
rw2154654,Twins of Evil (1971),4.0,4.126810154228779
rw3193082,Running on Empty (1988),1.5,1.8831130359352182
rw4398259,Arctic (2018),4.0,4.180944099361241
rw1534287,Don (I) (2006),5.0,4.109778223733518
rw0891863,The Card Player (2004),2.0,2.611753855345036
rw5418919,A Fall from Grace (2020),5.0,4.5359346127663045
rw0635247,Night Crawlers (1996 Video),0.5,0.7221414930050529
rw2145384,The Crystal Maze (1990–2020),4.5,4.475701510363828
rw1844443,Final Equinox (1995),4.5,4.240837590964741
rw2436738,Daltry Calhoun (2005),0.5,1.5685956953086584
rw6447314,Girl with a Pearl Earring (2003),4.5,4.388769928832361
rw3628125,The Night Of (2016),4.5,4.060198776679044
rw5851702,The Clock (1945),4.0,4.336095994299035
rw4853010,Riverdale (2017– ),0.5,1.5834315123660645
rw4443248,Sarkar (2018),0.5,2.320005885327189
rw3745108,Scream (1996),5.0,4.408273506517233
rw6090041,American Psycho (2000),4.0,4.087362721952138
rw4235382,Star Wars: Episode VIII - The Last Jedi (2017),2.0,1.7417046548020847
rw4435187,Wanderlust (2018– ),3.0,2.5802693371330054
rw4433525,Christmas List (2016 TV Movie),1.0,2.059655355018431
rw5922503,Toni Erdmann (2016),4.5,4.464506870392888
rw1354423,Dreamer (2005),5.0,4.740421421937213
rw5085506,Game Over (I) (2019),4.5,4.473043878238137
rw0581578,Detour (1998 Video),4.0,3.0585625710866853
rw6076329,I'm Thinking of Ending Things (2020),0.5,1.9706619596843824
rw4190408,Back Door to Hell (1964),3.0,3.540647865713068
rw0665930,Memento (2000),5.0,4.381642908088533
rw3831664,Too Late the Hero (1970),3.5,3.0010467088294215
rw6133413,Free Dance (2018),4.0,3.9141839142154833
rw4459530,Can't Complain (2007),5.0,4.324751670899902
rw5264835,The Mandalorian (2019– ),5.0,4.73812065559632
rw1276735,Tristram Shandy: A Cock and Bull Story (2005),1.5,2.3440497614364384
rw5044357,Girls (2012–2017),0.5,1.8153887334877532
rw4966026,It's Kind of a Funny Story (2010),0.5,2.5679664971237868
rw2630891,Rock of Ages (2012),4.5,4.71511489589476
rw3527893,Mad Max 2: The Road Warrior (1981),4.0,3.8612639271635656
rw4211726,Firestorm (1998),1.0,1.6398700761290257
rw1876930,Babel (I) (2006),4.0,3.894695470021267
rw5051598,Memoirs of a Geisha (2005),5.0,4.036405904562929
rw5941933,Vikingane (2016– ),5.0,3.744079432059702
rw1110097,Batman Begins (2005),4.5,3.780768595167872
rw4788641,Nosso Lar (2010),2.5,2.8395427082982168
rw5889750,Pulp Fiction (1994),4.5,3.9359995730965576
rw1696938,The Killing (1956),5.0,4.3080118946731325
rw2066498,Star Trek (2009),2.0,2.274451399019707
rw0984518,Timeline (2003),0.5,1.4780743555546474
rw3127442,Interstellar (2014),5.0,4.682878838657263
rw3550931,Swiss Army Man (2016),4.0,4.244630848487121
rw2970914,Mom (2013– ),4.5,4.433993290899569
rw0468504,Resident Evil (2002),5.0,4.180493627081707
rw2489400,Up (2009),4.0,3.875545847059833
rw2752446,"The Bride's Bereavement; or, The Snake in the Grass (1932)",1.0,1.685921935780918
rw0294586,The Hard Way (1991),3.5,3.6162313423235957
rw1292903,Solaris (2002),0.5,2.317373538059
rw1704642,Dead Silence (2007),1.0,1.6371518724684881
rw5091263,X-Men: Dark Phoenix (2019),0.5,1.65069850633286
rw0909140,"I, Robot (2004)",2.5,2.840618885460611
rw1698774,I Now Pronounce You Chuck & Larry (2007),2.0,1.6605526318096342
rw6376705,Tenet (2020),4.0,4.271418911227801
rw3674986,Ek Tha Tiger (2012),4.5,4.18995593060338
rw2875074,The Last Push (2012),5.0,4.917701003808277
rw5498783,Despicable Me (2010),4.0,4.612364958571993
rw4058654,Peter Rabbit (2018),4.0,4.431991597909445
rw6182478,The Poughkeepsie Tapes (2007),1.5,2.3325356726849753
rw5347364,寄生上流 (2019),5.0,4.887079083715051
rw3800106,A Return to Salem's Lot (1987),2.5,2.964260012493558
rw1277897,Cry Wolf (2005),0.5,1.969960270615422
rw2001968,Golgo 13 (2008–2009),4.5,4.210178927575633
rw2215085,Little Big Soldier (2010),5.0,4.199699096189727
rw1428315,Superman Returns (2006),3.0,2.875631046877008
rw4520516,Ralph Breaks the Internet (2018),4.0,4.515721104654352
rw2493120,The Lion King (1994),5.0,5.0
rw5772164,Killing Eve (2018– ),4.0,3.991039863795221
rw4498674,The Great Gatsby (2013),5.0,5.0
rw0449843,The 13th Warrior (1999),4.0,4.179693532137585
rw5751010,Revenge for Jolly! (2012),3.0,2.933093607659042
rw5186550,小丑 (2019),0.5,1.8011894125847219
rw2620676,Rowdy Rathore (2012),4.0,3.942282906788337
rw2456162,Grown Ups (I) (2010),1.5,1.7613562251681116
rw6066849,Raised by Wolves (2020– ),1.5,2.5455637583623174
rw4902157,The Biggest Little Farm (2018),5.0,4.238450727546406
rw5341426,小丑 (2019),5.0,4.874982977273792
rw2372323,The Sickhouse (2008),4.0,3.274037305846885
rw0065979,Thunder Road (1958),3.5,3.224405549534099
rw1510448,Suspiria (1977),4.5,4.35677975258536
rw0180843,Assassination Attempt (1981),5.0,4.646225842851257
rw4067310,Black Panther (2018),1.5,2.007194879738816
rw5401072,Inception (2010),4.5,4.037710240166647
rw3212287,Dracula Untold (2014),2.0,2.566708331210577
rw1262844,Tango Charlie (2005),4.5,4.783485981712032
rw2266433,Toy Story 3 (2010),4.5,4.578348918093715
rw5439893,The Tradesmen (2011),4.5,4.306061386547753
rw2620053,Wolfhound (2006),3.0,3.0278098254900336
rw1249129,The Bishop's Wife (1947),5.0,4.607065764847833
rw1776998,Crying Freeman (1988– ),4.5,4.5714959373795665
rw1686105,Love Comes to the Executioner (2006),3.5,3.1428906642450554
rw4374318,Lookin' to Get Out (1982),3.5,3.2014930328032
rw4124929,Eddie the Eagle (2015),4.0,4.3119801179190365
rw4793682,Annie (2014),4.0,4.294658004240787
rw3333073,Abbott and Costello Meet Captain Kidd (1952),2.5,2.5744253887443485
rw1552517,Brick (2005),4.5,3.706070740492318
rw5246614,Last Christmas (2019),3.5,3.6475650149236403
rw2096610,Bleach (2004–2012),5.0,4.725122727085223
rw6407846,Coolie No. 1 (2020),0.5,1.7368204331473467
rw0966378,Small Time Crooks (2000),1.0,1.772369784685513
rw3829227,Alleycats (2016),3.5,3.2427399755204456
rw1264714,Hwiparam gongju (2002),3.0,3.4289755070365784
rw2969918,Frozen (I) (2013),4.0,3.833379265855463
rw4698628,Leaving Neverland (2019),0.5,1.754873503869557
rw3832139,Angels Wear White (2017),4.5,4.47790832031488
rw3869640,The Nile Hilton Incident (2017),4.5,4.298954557089972
rw0341542,Fist of Legend (1994),5.0,4.669643030064227
rw2311306,The Chosen One (2010),4.5,4.092513504954267
rw3051950,Deadly Eyes (1982),2.5,3.0339965722604356
rw1680558,Missing Persons (1990 TV Movie),3.0,3.6115850446887148
rw1060111,Hitch (I) (2005),0.5,2.2072177036886593
rw2516223,Tartarin de Tarascon (1934),3.5,3.8077042178902936
rw5876315,Uncle Tom (2020),5.0,4.506521684958189
rw1104265,Hook (1991),4.0,3.446540516463622
rw3249573,Midnight in Paris (2011),1.5,2.5059845920172212
rw0112339,MASH (1970),5.0,4.484331246059937
rw2624093,Spirited Away (2001),5.0,4.41371602053354
rw6215465,Over the Moon (2020),5.0,4.367107604029115
rw1480705,King of Burlesque (1936),3.0,3.1669332048313037
rw2599244,Underworld: Awakening (2012),2.0,2.037830946437204
rw1677617,Able Edwards (2004),4.0,3.664044774494423
rw6011924,The Great Heist (2020– ),4.0,3.863223011397502
rw5935254,Psychosynthesis (2020),4.5,3.9805742638365973
rw1761994,Deep Water (2006),4.5,3.6259511822005743
rw1633731,The Lives of a Bengal Lancer (1935),4.0,4.53867369714218
rw3824028,Blade Runner 2049 (2017),5.0,4.786793819032488
rw1130038,Wild at Heart (1990),5.0,4.550118497100115
rw2895743,Revolution (2012–2014),5.0,4.80674675649023
rw5813413,The Shape of Water (2017),4.0,4.1655272348533705
rw0209696,Conan the Destroyer (1984),3.0,3.4826193110136514
rw5524519,Dark Waters (2019),5.0,4.392443735312528
rw1529990,The Notebook (2004),5.0,4.291934481438279
rw3059222,The Purge: Anarchy (2014),4.0,3.8534459554708933
rw5451528,The Sky Is Pink (2019),3.0,2.959286467474901
rw0071814,Pepe (1960),2.0,2.826565385415441
rw5782006,Star Wars: Episode II - Attack of the Clones (2002),2.5,3.3778100684256183
rw5116041,Nanny McPhee (2005),3.5,3.9008381476825003
rw1813282,The War of the Worlds (1953),3.5,3.1701033750306205
rw2087299,Lenny (1974),5.0,4.144379726423458
rw6138587,Ghoomketu (2020),3.5,2.8066946139275712
rw0188463,The House by the Cemetery (1981),4.0,3.564075148265542
rw3534968,Don't Breathe (2016),4.0,3.5699342722521155
rw3147236,Jericho (2006–2008),5.0,3.9163868779523403
rw0432384,Soldier (I) (1998),5.0,4.855597635436423
rw4355856,I Walk the Line (1970),4.0,4.168237938286274
rw1630425,Who Killed the Electric Car? (2006),2.5,2.6499445823035015
rw5408576,The Outsider (2020– ),5.0,3.9142700101260237
rw5730478,The Last Dance (2020),5.0,4.918194344254461
rw2979439,August: Osage County (2013),3.5,3.803432418149542
rw4053382,Red Lights Ahead (1936),3.0,2.856258111497251
rw5550131,Bloodshot (2020),4.5,4.196214762842762
rw4676248,Patriot (II) (2015–2018),5.0,5.0
rw3333615,Uptown Saturday Night (1974),3.0,3.6034712101898108
rw2319732,Mâdadayo (1993),3.5,3.8145077399391045
rw2414341,Paul (2011),3.5,3.5333448768013076
rw3291942,Mamma Mia! (2008),4.0,3.738711451986795
rw2498102,The Killers (1946),3.5,3.121141865303211
rw5963963,The Wolfman (2010),5.0,4.079264462036932
rw5062320,The Boys (2019– ),5.0,4.378279913276135
rw3487057,Renegade (1992–1997),1.0,1.569571032184627
rw3267911,Bird on a Wire (1990),2.0,2.607263488958107
rw6374932,Hard Kill (2020),0.5,1.5479815062092366
rw0865474,Hey Arnold! The Movie (2002),5.0,4.080980577642843
rw1502517,Gladiator (2000),5.0,4.442567511936246
rw0408791,Bulworth (1998),4.5,3.887431395822804
rw3076598,Prelude to Axanar (2014),5.0,4.297562065811232
rw5584721,U-571 (2000),3.5,3.460060033157313
rw0953215,"Ator, the Fighting Eagle (1982)",2.0,2.5894909675789988
rw3274517,Strange Interlude (1932),3.5,3.39562118800851
rw0494752,Man on the Moon (1999),4.5,3.9752183525843803
rw6310972,Andhaghaaram (2020),4.5,4.50807921560024
rw4682165,Mortal Engines (2018),1.0,0.931816596594274
rw5802985,Chintu Ka Birthday (2020),2.5,2.636703163633569
rw3612306,Man of Steel (2013),3.0,3.5205123653904504
rw3473411,Our Kind of Traitor (2016),3.0,3.1040524905515565
rw5025912,Shell (I) (2012),0.5,1.5858497304153703
rw2092112,Transformers: Revenge of the Fallen (2009),1.5,2.034982500933431
rw6313554,The New Mutants (2020),5.0,4.349473520986649
rw5484153,Last Christmas (2019),4.0,4.04315631677262
rw3371816,Vampire Academy (2014),0.5,1.083989650332423
rw2812672,Man of Steel (2013),5.0,4.583817604207849
rw0121711,Children Shouldn't Play with Dead Things (1972),3.0,2.975174347638264
rw2402179,Over the Edge (1979),3.5,3.6228831839123528
rw2556530,The Gorgeous Hussy (1936),1.5,2.264379005134315
rw4359268,College Romance (2018– ),5.0,4.622016656723529
rw3686786,After Love (2016),3.0,3.6773734881671407
rw1243887,The Five People You Meet in Heaven (2004 TV Movie),4.5,4.629095025733428
rw3561715,Jesse Stone: Sea Change (2007 TV Movie),3.5,3.596885060740595
rw0993994,Neredesin Firuze (2004),4.5,4.40317571494498
rw4835496,Arctic (2018),4.0,3.324382063226451
rw1232030,The Dukes of Hazzard (2005),4.0,4.425071003407972
rw2525053,Zombie Bloodbath (1993 Video),3.0,2.7077515372225114
rw0306405,The Crying Game (1992),5.0,3.9206281844149182
rw0596657,Nurse Betty (2000),2.0,2.29902250660012
rw3315543,Fuss Over Feathers (1954),2.5,2.7358087182428146
rw3163450,Jarhead 2: Field of Fire (2014 Video),0.5,1.339602067271843
rw1867745,Iron Man (2008),3.5,3.573064192088582
rw1509181,Burnt Offerings (1976),4.0,4.209298906749987
rw5909800,Code Geass (2006–2012),4.5,4.736848799030929
rw3672009,Rake (2010–2018),5.0,4.865439778180912
rw2224676,A Serious Man (2009),1.0,1.8003261876524104
rw3772854,Tale of Tales (2015),4.0,3.8702109387817925
rw1953088,Youth Without Youth (2007),2.0,2.020869499758648
rw2821725,How to Make Money Selling Drugs (2012),4.5,3.8666935970192284
rw4498448,Hunter Killer (2018),5.0,4.636327556387583
rw1745598,Secretary (2002),1.0,1.7322161724103597
rw3767791,The Promise (II) (2016),4.5,4.363719531528412
rw3019430,Wedding Crashers (2005),5.0,4.791461955253147
rw5740699,Disturbia (2007),2.0,1.9301035237699082
rw3227703,The Barrens (2012),1.5,1.5811424885932543
rw1340461,King Kong (2005),3.5,3.5162691519804508
rw5726835,The Hollow (2018–2020),2.0,2.16353785117194
rw1636072,Zero Day (2002),5.0,4.092561493228816
rw5608234,Train to Busan (2016),4.0,4.26449399384605
rw1793665,The Mist (2007),1.0,1.4510202179264253
rw5856871,Unsubscribe (I) (2020),1.0,1.165544259271115
rw5045538,Fast & Furious Presents: Hobbs & Shaw (2019),3.5,4.132233539332731
rw2616015,The Avengers (2012),5.0,4.732829024601154
rw4253255,Bram Stoker's Dracula (1992),2.0,2.293922515194243
rw0985965,Major Dundee (1965),2.0,2.569557222667312
rw5126027,X-Men: Dark Phoenix (2019),4.5,4.207878926132874
rw3246226,"Ron Jeremy, Life After the Buffet (2014)",0.5,1.3426956967671113
rw5287556,The Irishman (2019),1.5,2.264738927859376
rw5866464,Dating Amber (2020),5.0,4.691914523577127
rw3398549,Homicycle (2014),1.5,1.4477077775724894
rw4266596,Star Wars: Episode VI - Return of the Jedi (1983),5.0,4.124890191112057
rw5717465,DC Super Friends: The Joker's Playhouse (2010 Video),5.0,4.352640437953909
rw4639506,Enaaya (2019– ),4.5,3.8013386127204654
rw4278975,The Invitation (I) (2015),4.5,3.793823391769713
rw4273581,A Wrinkle in Time (2018),2.5,2.785497381701651
rw2164883,Just My Luck (2006),1.0,1.4895639928390496
rw1964224,Sleepy Hollow (1999),5.0,4.75639616734365
rw0219890,The Coca-Cola Kid (1985),4.0,3.0637044379806526
rw5749692,Venom (2018),5.0,5.0
rw2672278,屍樂園 (2009),5.0,4.290634656948247
rw3468515,American Ultra (2015),4.0,4.117076869868004
rw1565090,Master and Commander: The Far Side of the World (2003),4.5,3.798322311255477
rw6163152,The Finest Hours (2016),5.0,4.449756838496513
rw3731626,Nuts (1987),4.5,4.279925845879052
rw6206445,Mirzapur (2018– ),5.0,4.674133871444042
rw0584274,The Lord of the Rings: The Return of the King (2003),5.0,4.251960261808684
rw2289011,Battlefield Earth (2000),5.0,4.317659553273428
rw5760880,Sheep Without a Shepherd (2019),4.0,3.6505010239946456
rw1145885,The Life Aquatic with Steve Zissou (2004),0.5,1.7873210741547048
rw2733277,Faltu (2006),4.5,4.394048713252409
rw2370832,Despicable Me (2010),4.0,3.2506592346173178
rw3435952,The Midnight Man (I) (2016),5.0,4.162373045391121
rw1605308,Dr. Chopper (2005 Video),5.0,4.05667986789866
rw3080539,De Lego Film (2014),4.5,4.3862217202758575
rw6450591,The Wilds (2020– ),4.0,3.940374725568531
rw5153773,El vampiro (1957),2.5,2.755641474569203
rw4046875,Faith Under Fire (2018 TV Movie),4.5,4.298271284643752
rw5946184,Carry on Screaming! (1966),4.0,3.913172900221797
rw1680216,1408 (2007),2.5,2.6403250310687145
rw1650231,Safe Men (1998),1.0,1.212655877568495
rw5361717,The Flintstones in Viva Rock Vegas (2000),3.0,3.217234988026608
rw4009822,Redneck (1973),3.5,3.0033312274151767
rw2199682,The Relief of Belsen (2007 TV Movie),3.5,3.1434893241497313
rw5016562,Hail Satan? (2019),4.0,3.6688666035625865
rw4728485,The Queen's Corgi (2019),2.5,1.7639682511375376
rw3601664,The Revenant (2015),2.0,2.5454749185031207
rw5511110,Hunters (2020– ),1.0,2.120443213230832
rw6166613,Godless (2017),4.0,3.9670136683880215
rw2946695,Cadillac Ranch (1996),1.0,1.79373090904324
rw2842406,Ship of Theseus (2012),4.5,4.373907087813508
rw0525617,Cruel Intentions (1999),3.5,3.247019844534686
rw5594932,Bad Boys for Life (2020),4.0,3.638230938468551
rw3796445,Tombstone (2017),0.5,0.9761573535282828
rw0311949,Reservoir Dogs (1992),5.0,4.419334540369031
rw5037323,Once Upon a Time... in Hollywood (2019),3.5,3.5085038035061458
rw0708876,Brotherhood of the Wolf (2001),5.0,4.296202684630994
rw5472338,Once Upon a Time... In Hollywood (2019),3.0,2.6116768941662665
rw6119404,Bastille Day (2016),3.0,2.560863667421267
rw1824409,The Matrix Reloaded (2003),2.0,2.3078242600667904
rw5689936,You (2018– ),0.5,1.7711914563778473
rw1624962,諾桑覺寺 (2007 TV Movie),4.5,4.260255677495102
rw1660575,Gizelle (2006–2008),2.0,2.873623087641048
rw2809688,Star Trek Into Darkness (2013),4.5,4.1856321918785815
rw0683785,Gangs of New York (2002),1.0,2.3344015979231583
rw5043441,Yesterday (III) (2019),2.5,3.003706876663825
rw1728269,I Now Pronounce You Chuck & Larry (2007),3.0,2.913277192576441
rw0302932,Alien 3 (1992),4.5,3.592078205454945
rw5567794,The Hunt (II) (2020),5.0,4.035479014624183
rw5989080,Gunjan Saxena: The Kargil Girl (2020),4.5,4.229395408339891
rw4149303,LOL (2012),5.0,4.7335176107169055
rw4568177,Bad Times at the El Royale (2018),1.5,2.208106552241646
rw5845245,The Last of Us: Part II (2020 Video Game),5.0,4.7920049349510645
rw1838302,The Werewolf of Washington (1973),2.0,2.833498313173336
rw4604241,IO (2019),3.5,4.055476682928396
rw1764338,Weasels Rip My Flesh (1979),0.5,0.5
rw5271743,About Endlessness (2019),3.5,3.7062062929880595
rw2391377,Hall Pass (2011),3.0,2.763360470590042
rw5623350,Freakshow (2007 Video),3.5,3.166531916277824
rw1986911,Loser (2000),0.5,0.8886674234614897
rw1299088,House of the Dead (2003),2.5,2.460971692828937
rw2959787,The Girl with the Dragon Tattoo (2009),4.5,3.5408104756890846
rw3029314,Harsh Times (2005),1.5,1.9393019352732512
rw2264609,A Cry in the Night (1956),3.5,3.140313987037203
rw1710195,Hairspray (2007),4.0,3.846983732397872
rw3795699,The Deuce (2017–2019),0.5,1.381335689371451
rw0515297,The Talented Mr. Ripley (1999),2.5,3.164990021781367
rw5070707,Fifty Shades of Black (2016),3.0,3.667399704148038
rw2998198,The Raid 2 (2014),0.5,0.7975908343915274
rw6243841,Never Let Me Go (2010),5.0,4.557894480314203
rw1746225,Mr. Brooks (2007),3.5,3.327806497878899
rw0717231,Harry Potter and the Sorcerer's Stone (2001),4.5,4.056652582618055
rw5597080,Belzebuth (2017),2.0,1.9841724382141024
rw5447546,What's Your Number? (2011),3.0,2.89421112506897
rw1422534,The Lion King (1994),5.0,4.830241269315664
rw5556057,The Shining (1980),2.5,2.7971168505546244
rw1115797,The War of the Worlds (2005 Video),3.0,3.2876424210515363
rw2136680,Dorian Gray (1970),3.0,3.2625238033148856
rw6122331,The Chosen (2017– ),5.0,4.059515286332274
rw2288067,Mallrats (1995),4.5,3.8517420759015066
rw0908346,Tupac: Resurrection (2003),2.5,3.4526259017148084
rw5489442,Lying and Stealing (2019),1.0,1.443571309232899
rw4401312,Disco Pigs (2001),5.0,4.388678969880484
rw0395228,Sgt. Bilko (1996),1.5,2.504816980869962
rw1627262,龍騎士 (2006),5.0,4.0536547480419864
rw1575691,More Than a Secretary (1936),2.0,1.9343564371748059
rw3433966,And Then There Were None (2015),3.0,2.3793762209979255
rw0116056,The Devils (1971),0.5,2.145554055053912
rw4853120,Happy Death Day 2U (2019),0.5,3.0082688386766816
rw2779464,Deal of a Lifetime (1999),3.5,3.8872440997779143
rw3416043,Deadpool (2016),4.5,4.437943490369637
rw5658284,2001: A Space Odyssey (1968),4.0,3.5823308885999543
rw5444990,Queen & Slim (2019),4.5,3.8250571912274274
rw1613108,Estória do Gato e da Lua (1997),4.0,4.301663172586161
rw1465851,Miracles (1986),4.5,4.287370872002053
rw3368346,5 to 7 (2014),2.5,2.40485206239861
rw1327447,Yathrakarude Sradhakku (2002),4.5,4.397494347951648
rw5180495,Fractured (I) (2019),4.0,4.132455732626359
rw6143456,The Glorias (2020),5.0,4.290672704929884
rw1124283,The Reflecting Skin (1990),5.0,4.397223921223114
rw5473199,Grey's Anatomy (2005– ),2.5,2.479058872039185
rw4737136,He's Out There (2018),1.5,2.1421663358210106
rw4006121,Backyard Ashes (2013),0.5,1.7565187639149586
rw3351892,The Collection (II) (2012),2.5,3.299473293850463
rw1915493,Citizen Toxie: The Toxic Avenger IV (2000),3.0,3.057779690448941
rw3786646,Amelia 2.0 (2017),4.0,3.814591366762365
rw5404386,WWE Raw (1993– ),5.0,4.1057202470836796
rw5475705,Disturbing the Peace (2020),0.5,0.664243556151566
rw1978398,Planet Earth (2006),5.0,4.765828400033758
rw2933941,The Past (2013),4.0,4.188935382795271
rw4331175,Nocturnal Animals (2016),4.5,5.0
rw2631249,Iron Sky (2012),3.5,3.5054848295649084
rw3067186,The Notebook (2004),4.5,4.085921467626618
rw2676738,Kennwort... Reiher (1964),5.0,4.440586179318412
rw2640273,Red Rose of Normandy (2011 Video),5.0,4.698033206904663
rw0055851,Oklahoma! (1955),5.0,4.670026392366387
rw2757760,Bloody Mama (1970),2.0,2.6835365611611746
rw1548248,Wild at Heart (1990),4.0,4.085261524634429
rw5855113,Life in Squares (2015– ),3.0,3.4554484345148038
rw1249438,Babam ve Oglum (2005),5.0,4.857444007412387
rw3344869,The Subjects (2015),3.5,2.8602956976737035
rw0633139,Blade II (2002),4.0,3.9459152631456336
rw4097977,The Beguiled (2017),1.5,2.165504839949495
rw2572864,The House of the Seven Gables (1940),3.0,3.089051568237127
rw2752051,詭屋 (2011),3.5,3.4761199752136926
rw3140442,Rocky Mountain (1950),3.5,3.716206506371286
rw2199690,The 39 Steps (1959),2.0,2.552709179326479
rw1345449,Spun (2002),4.5,4.1853871714883875
rw4709381,Star Wars: Episode VIII - The Last Jedi (2017),5.0,4.11825123798707
rw4899843,Wide Sargasso Sea (1993),3.0,3.3331877516218227
rw4956314,The F Word (I) (2013),4.5,3.936589821532527
rw1006144,The Life Aquatic with Steve Zissou (2004),5.0,4.741616245358326
rw5004703,The Blind Side (2009),3.5,4.035388152400611
rw1167249,Passion (1954),2.0,2.5648660876088822
rw6064716,Usagi Drop (2011–2012),5.0,4.392522134460397
rw3074636,Godzilla (I) (1998),3.5,2.3740176464069087
rw1490264,Audition (1999),5.0,4.143211030887973
rw3810472,Jurassic World (2015),3.0,3.3035084777568606
rw0899715,The Passion of the Christ (2004),0.5,1.5817475985915426
rw6392504,The Midnight Sky (2020),2.0,2.0000963843612256
rw4100211,Ask Me Anything (2014),3.5,3.4461911540424763
rw2061666,It Happened One Night (1934),4.5,4.2167359369186395
rw3488354,The Savage Five (1974),4.5,3.567111190037432
rw3212878,Do You Believe? (2015),4.0,3.810095535634338
rw1316034,Cinderella (1950),1.5,2.3774122136442353
rw0272099,Lethal Weapon 2 (1989),4.5,3.885674148440753
rw0446692,The Mummy (1999),3.5,2.504291779892432
rw4098323,Martyrs of Marriage (2016),5.0,4.44841832429112
rw3086190,Before I Go to Sleep (2014),3.5,3.722273667752168
rw4174948,Kaleidoscope (II) (2016),2.0,2.18625752035517
rw5789299,KD (A) Karuppudurai (2019),4.0,4.51580420943502
rw5535951,Her Name Was Christa (2020),4.5,3.9748568235493336
rw3780369,Annabelle: Creation (2017),3.5,3.4953433702822565
rw1178238,Charlie and the Chocolate Factory (2005),3.5,3.371490993229948
rw0965683,...And God Created Woman (1956),3.5,3.2515743489076794
rw4468635,Alien Addiction (2018),5.0,4.556125215825733
rw3726224,A Dog's Purpose (2017),5.0,4.21795965512861
rw0307010,Educating Peter (1992),5.0,4.471714358101501
rw1324830,The Deadly Bees (1966),2.0,2.192286994566712
rw1079752,13 Seconds (2003 Video),3.0,3.4548712007772915
rw5984708,Toast (2010 TV Movie),1.5,2.295533104174366
rw3222794,The Shawshank Redemption (1994),4.5,5.0
rw3024268,One Direction: This Is Us (2013),5.0,4.334104524472989
rw0522900,The Astronaut's Wife (1999),1.0,1.630778638038072
rw5527474,Private Practice (2007–2013),4.5,3.876905694732745
rw3511506,Star Trek Beyond (2016),4.5,4.0820669709707
rw3457079,Adam's Rib (1949),2.0,2.933308123228536
rw5567016,The Girl with the Dragon Tattoo (2011),4.0,4.081282048515972
rw1350713,Lucky Number Slevin (2006),4.0,3.8932789014575535
rw4298697,Extinction (2018),3.5,3.382814088739582
rw0793751,Not Another Teen Movie (2001),4.5,3.8635480063438146
rw5396763,Uncut Gems (2019),3.0,2.5486747967900354
rw0111810,The Interview (1970 TV Movie),3.5,3.4426498858573193
rw2962753,Idiocracy (2006),5.0,4.52652761097958
rw4055373,The Open House (2018),0.5,2.085524409033376
rw2305118,The Boxer (2010),0.5,0.816856590556216
rw5619095,Contagion (2011),4.5,3.732762723182851
rw2666339,Keith Lemon: The Film (2012),0.5,1.1848114034063264
rw5067705,Damages (2007–2012),4.0,3.864182232298537
rw5978154,Work It (2020),4.0,4.047380915637737
rw3032550,Frozen (I) (2013),1.0,2.1596932931405735
rw2329405,Schindler's List (1993),3.5,3.5029928822907936
rw4686044,12 Angry Men (1957),5.0,5.0
rw5622670,The Invisible Man (I) (2020),1.5,2.7703842254060294
rw6070494,Die Screaming Marianne (1971),2.0,2.5460677465893826
rw1980067,The Boy in the Striped Pajamas (2008),5.0,3.8762923327327123
rw0272016,Leningrad Cowboys Go America (1989),5.0,4.447758763874539
rw4553709,Vice (I) (2018),4.0,3.6454774224817412
rw2110695,The X Files: I Want to Believe (2008),3.5,3.3817020515677587
rw3192718,Gone Girl (2014),4.0,4.0740633131102255
rw6082137,I's (2013),0.5,1.713424949146826
rw1402503,Karas: The Prophecy (2005 Video),4.0,3.918023200922552
rw2354973,Holiday from Rules? (1958),2.0,2.526313685564367
rw2674023,4:44 Last Day on Earth (2011),1.0,2.2730716832918203
rw2035187,Mr. Brooks (2007),3.5,3.45490517890463
rw2372967,A Serbian Film (2010),4.5,3.718812131503881
rw4442124,The Good Cop (2018),4.5,4.093046443176927
rw2895206,Office Space (1999),4.5,4.0969330908092205
rw5044427,Pokémon: Detective Pikachu (2019),4.0,3.2827417535797427
rw0969073,The Ten Commandments (1956),3.5,3.6977489274462654
rw5236563,Watchmen (2019),4.5,4.025930124186818
rw1973846,Quantum of Solace (2008),4.0,3.980786563758266
rw1788661,A Real Young Girl (1976),2.0,2.50494438899785
rw2408311,La casa muda (2010),0.5,2.2773922762084373
rw0962335,Once Bitten (1985),2.5,2.5961548285056733
rw0796697,Spider (2002),3.5,3.635170774151992
rw0612176,Metal Gear Solid (1998 Video Game),5.0,4.301820735542234
rw5885584,Pretty Woman (1990),3.5,4.642614013266638
rw3831507,The Kid (1921),4.0,3.4789026537470424
rw1641318,Moby Dick (1956),3.5,3.3298848853164733
rw3851470,The Holcroft Covenant (1985),1.5,2.603015872430335
rw3327252,The Martian (2015),4.0,3.8958785686126713
rw4110502,Showgirls (1995),2.5,2.625877880254607
rw5822496,Little Giants (1994),3.5,3.965040883958355
rw1056347,I Passed for White (1960),4.0,3.289271526944844
rw1833099,The Bank Job (2008),5.0,4.776021016353571
rw0257960,Hellbound: Hellraiser II (1988),4.5,4.128950383904253
rw2577950,The New World (2005),4.0,3.8414386863115975
rw3824817,Blade Runner 2049 (2017),5.0,4.274814137100508
rw0669148,Clerks (2000–2001),4.0,3.715426073880606
rw4812390,Avengers: Endgame (2019),3.0,2.886094709232566
rw6128596,The Shawshank Redemption (1994),5.0,4.316847718001384
rw2836509,Union Station (1950),4.0,4.214135977148214
rw3379393,Star Wars: Episode VII - The Force Awakens (2015),3.0,2.720001909076197
rw1253997,Terror Toons (2002 Video),0.5,1.1664522047712405
rw3458875,The A Word (2016– ),5.0,4.125531558465091
rw0244815,The Hanoi Hilton (1987),2.0,2.891583118117758
rw3001220,Captain America: The Winter Soldier (2014),4.0,4.024886143057272
rw1044311,Dogtown and Z-Boys (2001),5.0,4.3976908800982555
rw1807752,Anatomy Class (2000),3.5,3.3993034350187195
rw5610045,Coffee & Kareem (2020),2.5,2.7015834877620497
rw0021193,The Big Premiere (1940),3.5,3.3541707579103037
rw5683201,Interstellar (2014),5.0,4.1299283609850574
rw5938431,Dil Bechara (2020),5.0,4.198794675021704
rw2369811,Mothlight (1963),5.0,4.353075347492739
rw2994797,Boardwalk Empire (2010–2014),4.0,3.615142537873972
rw1701674,L.A.P.D.: To Protect and to Serve (2001),0.5,0.9874689436779303
rw3655040,Logan (2017),5.0,5.0
rw4205483,Ocean's Eight (2018),0.5,0.9557732529755971
rw2098225,Titus (1999),3.5,3.6861549802631677
rw6242080,Sarah Cooper: Everything's Fine (2020 TV Special),1.5,2.9934062184770034
rw1066940,The Untouchables (1987),4.5,4.245512397265805
rw2551059,The Devil Inside (2012),0.5,1.4119338117760987
rw1232234,The Girl in the Café (2005 TV Movie),4.0,3.851097659582652
rw1564994,The Covenant (2006),1.0,1.5909241260353144
rw3753076,Outlaws and Angels (2016),4.5,4.393954267905063
rw5590605,Pulp Fiction (1994),5.0,4.342498172443902
rw6075768,Mulan (2020),3.5,3.110113094731545
rw3376562,Star Wars: Episode VII - The Force Awakens (2015),4.0,4.124174755563232
rw0871966,House of the Dead (2003),0.5,1.8454993269955706
rw0566869,Short Sharp Shock (1998),3.5,3.4008483892236465
rw2159282,What Ever Happened to Aunt Alice? (1969),3.5,2.902655318807936
rw1083980,Nine Months (1995),4.0,3.481352710072576
rw4222001,Call Me by Your Name (2017),4.0,3.927761216744635
rw1121458,One Body Too Many (1944),2.5,2.563124266691877
rw0439975,Virus (1999),2.5,3.1589390466686513
rw0975229,Wide Awake (1998),4.0,3.7310315114265435
rw3189925,The Slap (2015),0.5,0.9038017798319267
rw0659633,Jaka Sembung (1981),3.0,3.0584471981449184
rw5854737,Gladiator (2000),4.5,4.578196602566713
rw1204903,North Country (2005),5.0,4.164630266985441
rw6450193,Honest Thief (2020),2.0,2.3063812487265807
rw1277674,Witchcraft X: Mistress of the Craft (1998 Video),4.5,3.4335756071695283
rw0509249,The Matrix (1999),5.0,4.313124145870194
rw4433902,Bohemian Rhapsody (2018),3.5,3.979406464989141
rw1576506,The Blue Max (1966),4.0,3.94820183804649
rw3039068,Maleficent (2014),3.5,3.313044096926014
rw0898725,The Passion of the Christ (2004),5.0,4.503722134091136
rw5151294,唐頓莊園 (2019),4.5,3.804001674290873
rw4924189,I Am Mother (2019),5.0,3.9583070305699986
rw3361436,The Pelican Brief (1993),4.5,4.06313065767588
rw1982171,Killer Nurse (2008 Video),2.0,2.0702367143536597
rw1227703,Rent (2005),1.5,2.649355816421312
rw2733622,Balak Palak (2013),5.0,5.0
rw3183365,Fifty Shades of Grey (2015),0.5,1.6944071004753414
rw2383966,The Killer Inside Me (2010),4.0,3.54276880006885
rw3404547,Põrgu (1983),4.0,3.544865463565258
rw3338076,Eaters (2015),0.5,1.0716629045957715
rw2360661,Titanic (1997),3.0,2.4369540573346318
rw2229529,Inglourious Basterds (2009),3.0,3.292563161763334
rw1758771,Dawn of the Dead (2004),4.0,4.175396757010548
rw2384707,Das Boot (1981),2.5,3.2923827560730596
rw5310551,小丑 (2019),5.0,4.5787815511308905
rw6278275,Hunter x Hunter (2011–2014),5.0,4.772754013860713
rw0385421,From Dusk Till Dawn (1996),1.0,2.157009602289095
rw4515638,Fantastic Beasts: The Crimes of Grindelwald (2018),2.5,3.5606891367313604
rw1252261,Lady Vengeance (2005),3.0,2.461676872231112
rw3757277,The Boss Baby (2017),2.5,3.690619910690229
rw6140502,Enola Holmes (2020),1.5,1.827340709025581
rw2764975,Iron Sky (2012),2.5,2.673169666133252
rw4019759,Stanley Ka Dabba (2011),4.0,3.5209449870911436
rw1361544,Mission: Impossible III (2006),5.0,3.9679472828900924
rw5288701,Happy Endings Sleepover (2019),5.0,3.9058054757659884
rw1884591,American Hardcore (2006),2.0,2.3375235447431235
rw4438779,Beautiful Boy (I) (2018),4.0,3.93434019109358
rw5222908,The Lion King (2019),0.5,0.9617856660457624
rw0357741,The Brothers McMullen (1995),4.0,3.808291428174927
rw5975970,See No Evil (2014– ),4.0,3.458540143495851
rw3535824,The Neon Demon (2016),1.5,2.3045873428525296
rw3594001,This Time for Keeps (1942),3.0,3.1419084711333904
rw1438928,The Descent (2005),3.5,3.295486109663629
rw3785169,The Private Affairs of Bel Ami (1947),5.0,4.848446550296102
rw4534690,Cold War (2018),3.5,4.078835831429717
rw2639758,All the Boys Love Mandy Lane (2006),2.0,1.7109785568822504
rw5737388,South Park (1997– ),5.0,4.9259866377010635
rw3729995,It Comes at Night (2017),0.5,1.8071927047472376
rw0760343,Don't Say a Word (2001),3.0,3.1399987188649767
rw0425448,Meet Joe Black (1998),1.5,2.7064290826948767
rw2310125,The Hills Have Eyes (2006),0.5,2.045681499084477
rw4995543,Stranger Than Fiction (2006),5.0,4.0047039283176185
rw3605387,American Honey (2016),5.0,4.379431838332199
rw2855926,Portrait of a Zombie (2012),3.5,3.7430819720568826
rw0253898,Akira (1988),4.5,4.391792348056266
rw1361106,Extreme Ops (2002),0.5,1.3464286115966362
rw5937438,Dil Bechara (2020),5.0,4.782178283666681
rw5494280,Thalaivaa (2013),2.0,1.9846189507892475
rw1181369,The Trigger Effect (1996),3.0,3.056199069409911
rw0534365,American Psycho (2000),4.0,3.1945756684184192
rw6362561,The Family Man (2000),5.0,4.312019409477229
rw0386891,House Arrest (1996),5.0,4.498946600659039
rw4739425,Captive State (2019),1.5,2.39459799107587
rw0950945,Waking Life (2001),5.0,4.176678156925357
rw6407882,Wonder Woman 1984 (2020),2.5,1.9936847183238864
rw5641827,The Golden Horde (1951),2.0,3.230184380631551
rw2431717,La sombra del ciprés es alargada (1990),3.5,3.0214160243826207
rw5130727,Alita: Battle Angel (2019),4.0,4.603882969247478
rw3228896,Violence (2015),4.5,3.442735121024821
rw3206132,The Equalizer (2014),4.0,3.6396385522796235
rw6031149,Rango (2011),4.0,4.145096244527117
rw4830564,Consumer 101 (2018– ),0.5,1.0694224236197614
rw4522884,Gremlin (2017),5.0,3.7974152056714177
rw3034717,Charlie Countryman (2013),2.0,2.3201658716019704
rw5620205,Money Heist (2017– ),2.5,3.296198723641901
rw0730746,Die Another Day (2002),3.0,2.2890045586220227
rw1734961,Wiseguys vs. Zombies (2003 Video),1.0,2.150937759877462
rw3019349,One Humanity (2014),4.5,3.966991013768636
rw3855218,The Purge: Election Year (2016),3.5,3.0865446199728406
rw2033068,Watchmen (2009),5.0,4.555618679711088
rw0077952,Lawrence of Arabia (1962),5.0,4.127809408015018
rw0115993,Demons of the Mind (1972),3.5,3.1941452844981457
rw1105161,Mr. & Mrs. Smith (2005),4.5,3.540164406613727
rw1378485,The Da Vinci Code (2006),3.0,3.542011293099701
rw2662424,The Perfect Husband: The Laci Peterson Story (2004 TV Movie),3.0,2.6853844083130687
rw5124456,The I-Land (2019),5.0,3.457502568703543
rw3363129,Ben 10 (2005–2008),4.5,4.029068886602084
rw2848179,Chennai Express (2013),3.0,3.1555497420142165
rw4237602,Dallas Buyers Club (2013),5.0,4.761558673205602
rw1795617,Ben-Hur: A Tale of the Christ (1925),3.5,3.945795153793271
rw1575954,The Texas Chainsaw Massacre: The Beginning (2006),4.0,4.087237452614607
rw4188364,Hamilton: One Shot to Broadway (2017),0.5,1.052188267498198
rw4761083,Captain Marvel (2019),4.5,3.7828488029267944
rw1451447,FleshEater (1988),2.0,2.153070036408679
rw0992117,Alien vs. Predator (2004),5.0,4.002141453330017
rw4386160,Venom (2018),4.5,4.064228648989571
rw0882348,The Last Samurai (2003),5.0,4.084418644858356
rw4549868,K.G.F: Chapter 1 (2018),5.0,4.420357933024606
rw0382526,Dream for an Insomniac (1996),5.0,5.0
rw0699073,The Others (2001),5.0,4.481920235196108
rw4259778,Mission: Impossible - Fallout (2018),5.0,4.471706785753023
rw1395238,Napoleon Dynamite (2004),5.0,4.131057112608778
rw3714860,Alien: Covenant (2017),2.5,2.6399941657401493
rw6351205,The Shawshank Redemption (1994),5.0,4.685415672072264
rw5383492,Unbelievable (2019),4.5,4.639501234228306
rw4184689,The Lost Viking (2018),2.0,1.9923579407864231
rw2234152,The Time Traveler's Wife (2009),3.5,3.7252530116549227
rw2010183,Secrets (1924),5.0,4.1098778338780395
rw2771597,Battleship (2012),1.0,1.6132919267382926
rw1682851,Eragon (2006),0.5,1.6483713552297594
rw3631309,The Lost World: Jurassic Park (1997),4.5,3.904705731535348
rw0879788,RFK (2002 TV Movie),4.0,4.069718030924966
rw5735469,Uncut Gems (2019),0.5,1.5200942053490385
rw5010230,Crawl (I) (2019),3.5,3.8640424115514933
rw0902156,Eternal Sunshine of the Spotless Mind (2004),4.5,4.035935792658322
rw2159644,J.T. (1969 TV Movie),4.5,4.472765345932271
rw6273157,Gunjan Saxena: The Kargil Girl (2020),0.5,1.8652882957372108
rw4271350,Fanney Khan (2018),2.0,2.6842986926397128
rw1412935,L'année des méduses (1984),4.0,3.777147189316196
rw5836347,The Tiger (2015),4.0,4.16847450865812
rw4838556,Maharshi (2019),5.0,4.302183775722703
rw4007652,The Road Is Jericho: Epic Stories & Rare Matches from Y2J (2015 Video),5.0,3.7842119959315244
rw2344470,Orange (2010),3.5,3.5875899360135457
rw1526082,Arabesque (1966),0.5,0.6983990579162995
rw2503233,False Innocence (2009 TV Movie),3.5,3.6689621996805637
rw4289001,Til Death Do Us Part (II) (2017),0.5,1.1595492953306041
rw0983539,Gypsy 83 (2001),5.0,4.0358066653907425
rw4245819,Skyscraper (2018),3.0,2.914042592501423
rw1875375,Barbie Diaries (2006 Video),3.0,3.8518872380603812
rw4561312,The Bold and the Beautiful (1987– ),1.5,1.8468172314325442
rw2025904,Pygmalion (1938),3.5,3.4321959703362492
rw6013597,The Patriot (2000),5.0,4.532288769848311
rw5619757,Basic (2003),3.5,3.2576984774741504
rw6311339,Broadway Melody of 1940 (1940),4.5,4.495826801188924
rw4864291,Pirates of the Caribbean: At World's End (2007),5.0,4.144296238526811
rw3253253,Interstellar (2014),4.0,4.196311372529279
rw1713282,A Few Good Men (1992),3.0,2.881383555939207
rw0063021,The Unearthly (1957),1.0,1.9615862392658157
rw3544810,Birdman or (The Unexpected Virtue of Ignorance) (2014),4.0,3.970569410783911
rw1343179,In the Mouth of Madness (1995),4.0,3.509828384960874
rw4584483,The Blacklist (2013– ),3.0,2.916686024197515
rw3377664,The Ridiculous 6 (2015),3.5,3.7046173018585846
rw0297712,Oscar (1991),4.5,3.848778576544119
rw2600181,A Separation (2011),5.0,4.669506045138364
rw6017273,Flesh (2020),5.0,4.676779121338401
rw0065721,She Demons (1958),1.5,2.331648774367048
rw1304418,Women in Revolt (1971),5.0,4.510107718564737
rw0755321,Panic Room (2002),4.0,4.05200138414898
rw4736962,The Order (2019–2020),4.5,3.9225658320601084
rw4063799,Get Out (I) (2017),4.5,3.8725936216758234
rw0675304,A.I. Artificial Intelligence (2001),2.0,2.566599712888084
rw6381093,The Godfather (1972),5.0,4.474623638617687
rw4911948,Chernobyl (2019),5.0,4.540776785043665
rw3781509,Van Helsing (2016– ),2.5,3.066804218637125
rw0321180,Falling Down (1993),4.0,4.126725958641521
rw3080224,Lone Survivor (2013),1.5,2.4812821170489316
rw3034597,The Devil's Backbone (2001),5.0,4.286340509809251
rw2030346,Our Daily Bread (2005),0.5,1.17603371789121
rw1829421,The Sopranos (1999–2007),4.5,4.240670430824685
rw1636471,Kaw (2007),2.5,2.7580029418065735
rw2200449,Shkola (2010),5.0,4.452036524948849
rw3816972,The Godfather (1972),5.0,4.435822741658011
rw2452695,The Experiment (2010),3.0,2.8571821417354943
rw3079487,A Disney Christmas Gift (1983 TV Special),4.5,4.4819369137595375
rw0627350,The Blair Witch Project (1999),3.5,3.5028830585170456
rw1364586,Stinger (2005),0.5,1.320992673817319
rw1536833,Siegfried & Roy: The Magic Box (1999),3.0,2.8242685879590126
rw3863538,The Punisher (2017–2019),4.0,3.933813244746768
rw1947711,Righteous Kill (2008),1.5,2.4377135022725347
rw3832112,Justice (II) (2017),0.5,1.3754277137456516
rw1074745,The Funhouse (1981),3.5,3.364654459788805
rw1680693,The Lake House (2006),1.0,2.0930255386079244
rw3354008,The Stanford Prison Experiment (2015),4.0,3.4241806992954253
rw3765551,A Date for Mad Mary (2016),4.0,4.169090139402312
rw5307677,鋒迴路轉 (2019),3.5,3.655967953831508
rw5743958,Life (I) (2017),2.5,2.687215528428614
rw5453089,Get Hard (2015),5.0,4.188484310306805
rw4524220,Zero (III) (2018),2.0,2.764880321329411
rw3103031,The Purge: Anarchy (2014),4.0,4.062895402557328
rw1867942,Spy Kids 3: Game Over (2003),2.5,2.7720516134668167
rw4061690,Your Move (2017),4.5,4.527592836469279
rw1932593,Welcome to the Jungle (2007 Video),1.5,1.9509676971496077
rw4593404,Glass (2019),5.0,3.602019943698711
rw6279967,Mum Bhai (2020– ),5.0,4.480106462466745
rw0086533,"One Potato, Two Potato (1964)",5.0,4.322886256349458
rw1329154,Experiment (2005),4.0,4.25042674392551
rw3806823,Snowden (2016),3.5,3.845608305102692
rw0458954,The Lord of the Rings: The Fellowship of the Ring (2001),5.0,4.003124241403938
rw0779063,Thirteen Conversations About One Thing (2001),4.5,4.25393856651556
rw3644886,The Founder (2016),3.5,3.6383325688830706
rw5448991,John Henry (2020),3.5,3.14572682354342
rw4673701,Mary Queen of Scots (2018),0.5,1.514525925731047
rw1545854,Clash by Night (1952),3.0,3.3553704908160435
rw4850398,Matriarch (I) (2018),2.5,2.6007561396891186
rw6172688,Murder Mystery (2019),4.0,3.780122283098297
rw5506067,Dungeon ni Deai wo Motomeru no wa Machigatteiru Darou ka (2015– ),5.0,4.715784603013279
rw0179358,Resurrection (1980),4.5,3.9874953695755186
rw6171520,Bob the Builder: Mega Machines (2017),5.0,4.662745743123364
rw5231774,Fun with Dick and Jane (2005),0.5,1.8022621118773188
rw2909548,Too Perfect (2011),1.5,1.5016041986706228
rw5805846,Deep Impact (1998),3.0,2.564116609803733
rw4996939,Dark (2017–2020),4.0,3.315036805369987
rw1951765,The Thing (1982),5.0,4.798118961393664
rw1085936,Revelation (2001),2.0,1.6982955909429744
rw5746340,John Henry (2020),0.5,1.8391992114770668
rw5717853,Hold the Dark (2018),1.5,1.5274843279733619
rw3724423,The Prophecy II (1998 Video),2.0,2.5069674678018257
rw0165011,1941 (1979),4.5,4.260809667252632
rw1545829,Motel Hell (1980),5.0,4.6016581690081395
rw5704447,Manifest (2018– ),0.5,1.3014437983450469
rw0363285,Halloween: The Curse of Michael Myers (1995),3.5,3.5684980317280104
rw5352540,Hand of God (2014–2017),4.5,3.7383847335629365
rw3814017,Bushwick (2017),3.5,3.3074642499927163
rw2792903,Prometheus (I) (2012),2.5,2.546090021699077
rw4512320,Destination Wedding (2018),1.0,1.5921389532831465
rw3098329,Catch-22 (1970),3.5,4.052960390719641
rw2864870,The Home Front (1943),3.5,3.4803786700560426
rw5373451,Messiah (2020),4.5,4.776167652012806
rw1171748,Star Trek: Voyager (1995–2001),4.0,4.11826683201951
rw3585574,Mothers and Daughters (2016),3.0,3.173006907933456
rw2734674,金剛 (1933),5.0,4.104619172602319
rw3352704,Love the Coopers (2015),1.0,2.040623469737085
rw0326155,The Nightmare Before Christmas (1993),5.0,4.641351553991486
rw0867668,Bruce Almighty (2003),5.0,4.5197972745988695
rw4104082,Blade Runner (1982),5.0,4.9430859205148945
rw3548353,Actor in Law (2016),4.0,4.416972310777523
rw1648579,Boys' Night Out (1962),1.5,2.1969953828320974
rw2766636,The Last Exorcism 2 (2013),3.0,2.9724494798340517
rw5972882,Love Is Blind (2020– ),2.5,2.9331082111035918
rw0969418,The Godfather (1972),5.0,4.95573310223492
rw5456160,John Wick: Chapter 3 - Parabellum (2019),1.0,2.437205109976299
rw2794982,Gippi (2013),2.5,3.1415538692913003
rw2246584,Cannery Woe (1961),4.0,3.839785153560861
rw5724105,Satellite Shankar (2019),5.0,4.416368074140426
rw5979149,Out of Sight (1998),2.5,2.6956726994978055
rw6138996,Star Trek First Frontier (2020),4.0,2.70419994703027
rw5916126,Kal Ho Naa Ho (2003),5.0,3.872941373574851
rw1004736,Sergeant York (1941),5.0,4.82443626409704
rw2451243,Transformers: Dark of the Moon (2011),3.5,3.8644112398825015
rw5304264,De Palma (2015),5.0,4.183683082800994
rw4181159,Sara's Notebook (2018),5.0,4.293649186945473
rw5193244,God Friended Me (2018–2020),5.0,4.439448784342476
rw4185902,Bella and the Bulldogs (2015–2016),0.5,1.9304008359754212
rw3233296,House of Cards (2013–2018),5.0,4.549384249374609
rw2423890,The Brute Man (1946),2.0,2.7276290529176963
rw4410478,Halloween (I) (2018),5.0,4.976670385341128
rw1340441,Drunken Master (1978),2.5,2.4974176483124424
rw0328331,Schindler's List (1993),0.5,2.3796910213514475
rw2352828,La faute à Fidel! (2006),3.5,3.5670440526791407
rw6332110,Black Christmas (2019),1.0,2.2726526495946553
rw4357787,Christopher Robin (2018),3.0,2.716130210096915
rw3276374,Black Swan (2010),4.0,3.9431245915370647
rw1628228,Barbary Coast (1935),3.5,3.229557093938377
rw5547753,Aquaman (2018),4.0,3.601166025248668
rw2705809,Katalin Varga (2009),3.5,3.2588306452043017
rw5461471,Burn Notice (2007–2013),5.0,4.892061652984353
rw0965941,National Treasure (2004),4.0,4.008283611793158
rw0750688,Possession (2002),2.0,1.9132542554395466
rw1587402,Evil Dead II (1987),4.0,3.615482740033149
rw2338596,The Odd Couple (1968),4.5,4.1873210421405895
rw3462560,Bourek (2015),5.0,4.74215340374946
rw1497701,We Who Are About to Die (1937),4.0,3.3370781025560077
rw0048475,Ambush at Tomahawk Gap (1953),3.5,3.1538056895610387
rw2081366,Riding Alone for Thousands of Miles (2005),5.0,4.709356783162972
rw6435044,Speed (1994),4.0,3.599188947352218
rw5604720,Meet the Parents (2000),5.0,3.9637201069736276
rw6283912,One of Our Aircraft Is Missing (1942),3.5,3.5671971779911322
rw5596669,Jay and Silent Bob Reboot (2019),3.5,3.655694172928797
rw0950776,Clueless (1995),4.0,3.805752655707648
rw5905524,Goodfellas (1990),5.0,4.130445515140821
rw3785572,The Defenders (2017),3.0,2.8466584700353983
rw5864115,Marco Polo (2014–2016),5.0,3.9650272077614708
rw4573080,The Sopranos (1999–2007),5.0,4.517841330533249
rw5918128,The Other Lamb (2019),1.5,2.6630965299005736
rw1755183,The Phantom of the Opera (1925),5.0,4.3361543392362
rw1861259,A Night Out (I) (1915),3.0,3.121675764390204
rw6156263,Daniel Sloss: X (2019 TV Special),5.0,4.383089303332994
rw0792631,Dogville (2003),5.0,4.215949548057557
rw0666537,The Mummy Returns (2001),4.0,3.374931734906603
rw4615549,Spider-Man: Into the Spider-Verse (2018),4.5,4.220236725968465
rw6019842,The Gone Game (2020),4.0,3.9047866594783924
rw3122717,Il mio viaggio in Italia (1999),2.0,2.7263677567350695
rw5102645,Northern Pursuit (1943),1.5,2.181677674620414
rw3456783,Everybody Wants Some!! (2016),4.5,4.467209014478117
rw3026448,A Million Ways to Die in the West (2014),3.0,3.441439998732217
rw4249086,Operazione Goldman (1966),3.5,3.2917975163746642
rw4430195,Nicotine (II) (2016),4.0,4.057477094854168
rw5857724,Freaks (2018),4.0,3.9718017941164954
rw2080376,Me and You and Everyone We Know (2005),1.0,2.0638303809617558
rw5875754,Fantastic Beasts and Where to Find Them (2016),0.5,1.5962464450755938
rw6131918,Bala (2019),3.5,4.139563545442746
rw4857881,Home (II) (2015),5.0,4.679215822985676
rw5403003,A Killing in a Small Town (1990 TV Movie),3.5,3.436272338642869
rw3869285,Shut Eye (2016–2017),4.0,3.2109255899762807
rw2176182,阿凡達 (2009),5.0,5.0
rw2958170,Drishyam (2013),4.5,4.392000708542231
rw2607816,The Rose (1979),3.5,3.5400610690471384
rw6272702,The Trial of the Chicago 7 (2020),4.0,3.583172939180842
rw4554522,Annihilation (2018),4.5,4.541843000820794
rw2588584,The Hunger Games (2012),2.0,2.121325762933711
rw2448241,Entourage (2004–2011),5.0,4.134577107295845
rw2069712,Skippy (1931),4.0,4.171842392428906
rw2123381,National Lampoon's Animal House (1978),4.0,3.8830416586163734
rw0575468,Stuart Little (1999),0.5,1.3236814149615386
rw5139559,"Hello, Privilege. It's Me, Chelsea (2019 TV Movie)",0.5,1.8560249452151003
rw6289761,Northern Exposure (1990–1995),5.0,4.873148323519737
rw1477226,When a Stranger Calls (2006),5.0,3.871945886928004
rw1544313,Waterloo Bridge (1931),4.0,3.901152915810779
rw3296144,Taxi Driver (1976),5.0,4.185982159094289
rw4600150,United 93 (2006),3.5,3.371961774098861
rw2045351,Role Models (2008),4.0,3.495615281799752
rw4299382,The Sea of Trees (2015),2.0,2.7075966004755183
rw3789949,Killing Ground (2016),3.0,3.736535319685013
rw4094328,The Thirteenth Chair (1929),1.0,1.3609738065000911
rw4256946,Ready Player One (2018),2.5,3.0117032570459794
rw2943290,Star Wars: Episode IV - A New Hope (1977),2.5,2.4095333743878076
rw1228683,Harry Potter and the Goblet of Fire (2005),4.0,3.1918069153561377
rw5692042,Normal People (2020),4.5,3.8202654329709262
rw2497653,"The Good, the Bad and the Ugly (1966)",4.5,3.692776321641533
rw6204304,Books of Blood (2020),1.0,2.1448848494004316
rw1376479,X-Men: The Last Stand (2006),2.5,1.8118121761181298
rw1794141,Love Actually (2003),2.5,1.976419277636872
rw5219607,Fractured (I) (2019),5.0,3.7161786601866393
rw1900279,The Last Big Thing (1996),0.5,1.7807712539837177
rw5261677,See (2019– ),3.0,2.4774741814137338
rw2855147,Blue Jasmine (2013),5.0,4.739121600665124
rw6092662,The Way I See It (2020),4.5,4.745242739351097
rw0093392,Finders Keepers (1966),2.5,2.9502300008423314
rw1835651,Hot Dog (II) (1930),1.5,2.4778985799612463
rw3401796,The Outlaw Michael Howe (2013 TV Movie),1.5,2.5136113292352356
rw4379061,The Disaster Artist (2017),4.5,4.168314370442344
rw5328925,Le notti bianche (1957),5.0,4.515119274867561
rw0656824,Spiders (2000),3.0,2.3639434497580027
rw4996126,The InBetween (2019),0.5,0.7131256105582406
rw4578767,Joysticks (1983),2.0,1.240484013663076
rw3044046,Kill List (2011),0.5,1.9727475328351691
rw6210851,The Whittler (2020),1.0,1.748388649260565
rw4590981,Nocturnal Animals (2016),4.0,4.190446896295077
rw5037115,Gangs of Wasseypur (2012),5.0,4.004647622013131
rw2920399,The Parallax View (1974),3.5,3.40739227059762
rw1123813,Charlie and the Chocolate Factory (2005),4.0,3.991311346941927
rw4041772,The Tradesmen (2011),4.0,4.011910441903735
rw1381504,Bad Education (2004),5.0,4.645898902462241
rw2064583,Star Trek (2009),2.5,2.2845365921755345
rw1030978,Mark of the Devil (1970),2.0,2.992216034114039
rw2308443,Nikita (2010–2013),1.5,2.2426632218557607
rw1074665,The Thing About My Folks (2005),5.0,4.411245387219631
rw2153401,The Men Who Stare at Goats (2009),4.0,3.6701306438186942
rw2055285,American Violet (2008),2.5,2.201206265238115
rw5920198,Love Life (2020– ),5.0,4.699170801135942
rw3554195,Operation Mekong (2016),5.0,3.953836692311505
rw0065766,Some Came Running (1958),4.0,3.778137412329728
rw4830136,The Blackcoat's Daughter (I) (2015),3.5,2.8884057984500644
rw4702138,Captain Marvel (2019),5.0,4.129411071913858
rw1578195,The Covenant (2006),3.0,3.487045350706447
rw4080699,The Greatest Showman (2017),4.5,3.7950412665809936
rw4344184,Game of Thrones (2011–2019),5.0,4.635155602320806
rw1451112,The Apostle (1997),5.0,4.398904657428699
rw0077264,Gigot (1962),5.0,4.890706273124913
rw6168068,Interreflections (2020),5.0,4.504688818114875
rw0986620,Highlander (1986),4.5,4.241506808446561
rw4425078,Shimmer Lake (2017),4.5,3.8096985004042114
rw3100421,Haider (2014),4.5,4.1643186057665575
rw4298139,Inbred (2011),0.5,1.524537341354701
rw0913694,De-Lovely (2004),5.0,4.900646156332496
rw3024252,The Tingler (1959),3.5,3.8008624706807623
rw4910745,Absolutely Anything (2015),3.5,3.681026124558084
rw3611545,Knight of Cups (2015),1.0,2.4000069047395183
rw5583578,The Amazing Mr. Williams (1939),4.0,3.889398663949282
rw0202324,Liquid Sky (1982),4.5,4.89668303792757
rw1169663,Kansen (2004),3.0,2.9483629336171036
rw1533869,American Dreamz (2006),4.0,3.8958677130681325
rw1475931,The Seven Year Itch (1955),5.0,4.9047170046793
rw5987174,Super Monsters (2017– ),5.0,4.321959113498543
rw0046321,Above and Beyond (1952),4.5,3.9223778077727998
rw2246823,The Deer Hunter (1978),4.0,3.0982357508061162
rw5514732,Intelligence (2020– ),0.5,1.1579722372681278
rw5880860,Daredevil (2015–2018),5.0,4.890888379720359
rw1659614,Children of Men (2006),3.0,3.3719370154307535
rw0108754,Popi (1969),5.0,4.655767661584851
rw0786393,L'adversaire (2002),4.0,3.461897687145023
rw3293215,Star Wars: Episode II - Attack of the Clones (2002),3.5,3.4715524109848994
rw4063037,The Lincoln Lawyer (2011),2.0,1.6723101270386032
rw1171790,I Am Dina (2002),5.0,4.562333187419339
rw1112051,Fullmetal Alchemist (2003–2004),4.5,4.649366918165561
rw6385910,Four Weddings and a Funeral (2019),4.0,4.044632824189214
rw3559247,The Siege of Jadotville (2016),3.0,3.434283347773408
rw5192123,I Spit on Your Grave (2010),1.0,2.180674106815891
rw2996291,Delivery Man (2013),5.0,4.321930085237927
rw2208123,Fast & Furious (2009),4.0,3.7214490082048926
rw0746462,The Pianist (2002),4.5,4.03054834860913
rw5880924,The Rookie (1990),3.5,3.469027880345697
rw1419562,The Shawshank Redemption (1994),4.5,4.667304540765603
rw5228312,John Wick (2014),3.0,3.4604036756394883
rw1077041,Tarnation (2003),4.0,3.6643819368714574
rw1394388,The Devil's Rejects (2005),5.0,4.452975550316211
rw1384107,Four Brothers (2005),4.0,3.789443809951523
rw6245533,Paranormal (2020– ),3.0,2.754306594575106
rw1401790,End Game (2006),2.5,1.8590718533642336
rw4336871,If Beale Street Could Talk (2018),4.5,4.520957943801506
rw4407290,The Haunting of Hill House (2018),5.0,4.358606051082693
rw0993127,Super Fuzz (1980),1.0,2.0360810188964535
rw0693326,Mistress Madeleine (1986),2.0,3.1234240605304193
rw3411985,The Imitation Game (2014),3.0,3.631693124272378
rw0512230,Planet of the Apes (2001),1.5,2.8299016285395173
rw2690618,Wrong Turn 5: Bloodlines (2012 Video),0.5,0.6280629290137969
rw3455897,The Pyramid (2014),3.0,2.7195768475970756
rw1715845,Family Guy (1999– ),3.0,2.8645834241473382
rw4771989,The Code (2019– ),1.5,2.6545525311698435
rw6128338,Enola Holmes (2020),4.5,4.4662834514270315
rw5884219,Sufiyum Sujatayum (2020),5.0,4.7323595813111785
rw2484026,The Book of Eli (2010),0.5,1.3856688940136033
rw5910231,The Invisible Man (I) (2020),4.0,3.679454876103579
rw2537067,The Adventures of Tintin (2011),5.0,4.822375164783669
rw5063930,Parey Hut Love (2019),1.0,1.6950945451722794
rw5486173,High Fidelity (2020),5.0,5.0
rw1918631,The Swimmer (1968),4.5,4.60641612678439
rw2879674,East of Shanghai (1931),3.5,3.586668090331298
rw3465543,Locke (2013),5.0,4.446410050448023
rw3818305,Baby Driver (2017),4.0,3.9680062798590385
rw2623838,One More River (1934),5.0,4.048216040873968
rw0599069,Gladiator (2000),5.0,4.607965403800443
rw5483577,The Goop Lab (2020– ),3.5,3.394602810290765
rw4930415,Good Girls (2018– ),4.5,3.951646844169648
rw1958577,The Zombie Diaries (2006),5.0,4.599213114271676
rw2338791,Morning Glory (2010),4.0,3.6421933433446863
rw1795114,16 Blocks (2006),2.5,2.9358761624645546
rw2533992,Sout-e payan (2011),3.5,3.5071871100596113
rw3745101,Amore tra le rovine (2015),2.5,2.8286074315793566
rw2898839,Seven Years in Tibet (1997),4.0,3.9965985895773306
rw1401493,Nuvvostanante Nenoddantana (2005),4.0,4.028217749666836
rw3195286,Maps to the Stars (2014),0.5,1.5348372343149903
rw1031835,All That Jazz (1979),4.5,4.748503219961198
rw0461372,The Lord of the Rings: The Fellowship of the Ring (2001),4.0,4.446555157533265
rw5467026,Parasite (2019),5.0,4.83509434837633
rw2435157,The Taint (2011),4.5,3.213404926612836
rw3663043,The Student (2016),4.0,3.636603483935319
rw5010326,Lewis Black: Black to the Future (2016 TV Special),0.5,1.895098109832537
rw1030929,Inseminoid (1981),3.0,3.0117239954201067
rw2143842,Where the Wild Things Are (2009),5.0,4.61947837262336
rw4073315,Star Wars: Episode VIII - The Last Jedi (2017),0.5,1.2482612748966013
rw0595866,The Haunting (1999),0.5,1.9309307049567754
rw1965675,Octopus (2000 Video),2.0,2.4739653911565926
rw1291037,Æon Flux (2005),1.5,2.3829093100423075
rw3466811,Theri (2016),5.0,4.997439435088756
rw4290991,Blade Runner 2049 (2017),4.5,4.419935485548013
rw3449402,The Lady from Shanghai (1947),3.5,3.1680403648913766
rw3414190,Fury (2014),2.0,1.682718587983731
rw1310638,Saw II (2005),1.5,2.4003089210441457
rw0431204,Scream 2 (1997),5.0,4.342190749798638
rw1913337,The Dark Knight (2008),5.0,5.0
rw0701043,The Fast and the Furious (2001),2.5,2.5115396942157826
rw2692023,Trash Humpers (2009),0.5,1.7840511450840428
rw4952616,Zombieland (2009),4.5,4.333210265668484
rw2320925,Madrasapattinam (2010),4.0,3.9094017502211984
rw6450385,Chasing the Rain (2020),0.5,1.6907383837532874
rw5632916,Resident Evil (2002),3.0,3.3662699720339013
rw1339322,The Benchwarmers (2006),0.5,1.1447637600297895
rw3013408,Omar (2013),3.0,2.8761515953233188
rw5139515,A Slight Case of Larceny (1953),3.0,2.881939113293936
rw1179775,Funny Man (1994),4.5,4.22276672825025
rw4012909,The Shape of Water (2017),5.0,4.9003576485522204
rw0310179,Memoirs of an Invisible Man (1992),4.0,4.143838353068627
rw3703514,3 Generations (2015),2.5,2.718647639998479
rw5256669,Maleficent: Mistress of Evil (2019),4.5,3.941019531146514
rw5446863,Clerks (1994),2.0,2.8333743422282343
rw3812477,Baby Driver (2017),4.0,3.4660236371961
rw2916195,Krrish 3 (2013),5.0,4.722802722739979
rw5765722,Fantasy Island (2020),1.0,1.0515691365894595
rw2970432,Dallas Buyers Club (2013),4.0,3.7001096106158595
rw1852086,Little Women (1933),3.5,3.2286753685549425
rw3842791,Kingsman: The Golden Circle (2017),0.5,1.487243655945486
rw1107418,Les petits fils (2004),5.0,4.741670430742969
rw0348502,The Shawshank Redemption (1994),5.0,4.748269505927719
rw4615103,Charmed (2018– ),0.5,1.5535915023539182
rw1280968,Plankton (1994 Video),3.0,2.7073188134650223
rw2937947,The Portal (I) (2010),0.5,1.4245757920506503
rw1085851,American Beauty (1999),5.0,4.809985238773368
rw0658819,Dr. T & the Women (2000),1.5,1.9123002334695314
rw1075774,Kingdom of Heaven (2005),3.5,3.2910324555737387
rw3194901,Kingsman: The Secret Service (2014),4.5,4.181487340135881
rw4521272,The 12th Man (2017),4.0,3.863256551034949
rw2208178,Ninja (2009),3.0,3.74827221555564
rw0237339,White Slave (1985),3.0,2.81098109850431
rw3066491,Kissing Darkness (2014),0.5,0.9933695758842904
rw2803221,Star Trek Into Darkness (2013),1.0,1.647275610916642
rw0656681,One Night at McCool's (2001),3.5,3.551151113325042
rw3101519,Time Out of Mind (2014),0.5,1.2582570533120045
rw4992211,El hombre de al lado (2009),4.5,4.0183102541699265
rw4684412,Bodyguard (2018),4.5,4.407015454036429
rw1636728,Panic in the Streets (1950),3.5,4.056756647793801
rw0981940,And Justice for All (1979),4.0,3.865740236461049
rw2563560,The Tree of Life (2011),1.0,2.1312658172875807
rw0553053,Jawbreaker (1999),2.5,2.4525777596514087
rw2672160,The Man Who Knew Too Much (1934),4.0,3.859722023825917
rw5776149,Public Enemies (2009),4.0,3.917106287238834
rw3771586,Girlfriend Killer (2017 TV Movie),2.5,2.9091307904813726
rw2101708,Transformers: Revenge of the Fallen (2009),1.5,1.802788944009574
rw4290612,Heathers (2018),5.0,4.2097488701194825
rw4230878,The First Purge (2018),4.0,4.415652310656503
rw1049570,What I Want My Words to Do to You: Voices from Inside a Women's Maximum Security Prison (2003),5.0,4.474149085829588
rw1789285,The Thing (1982),5.0,4.216074261501358
rw4803945,Shazam! (2019),0.5,2.122007838218377
rw3524731,The Get Down (2016–2017),4.5,3.995471819612074
rw0247978,No Way Out (1987),5.0,4.722996475842079
rw6226003,Endless Corridor (2014),5.0,4.427702744638591
rw5735954,The Shawshank Redemption (1994),5.0,4.6801621248000815
rw5501774,The Last Man on Earth (1964),3.0,3.693163633622973
rw1932675,Two Thousand Maniacs! (1964),3.0,3.0341446026557066
rw1913802,Hopalong Cassidy Returns (1936),5.0,4.253391812483416
rw5053252,The Giant Gila Monster (1959),2.0,2.5780795365935707
rw1477934,I Am a Sex Addict (2005),0.5,1.552791307523572
rw1675965,Army Wives (2007–2013),5.0,3.7539571567190437
rw4299340,Suburban Commando (1991),3.5,3.267012116020779
rw4125479,Murder on the Orient Express (2017),2.5,2.764090452892672
rw6403807,Godmothered (2020),2.0,2.308300796296363
rw0752716,Road to Perdition (2002),4.0,4.0124595800155936
rw4095525,Brimstone (2016),4.0,4.194993247363742
rw1138973,Charlie and the Chocolate Factory (2005),5.0,4.681063786931829
rw2425686,The Love Parade (1929),3.5,3.697911758237452
rw6302103,Cinema Paradiso (1988),5.0,4.876713124851288
rw1529741,That's Carry On! (1977),2.5,1.9773423802510188
rw0848064,Barbershop (2002),2.5,2.480194033274806
rw1779110,The Love Letter (1999),3.5,3.701098294803219
rw3662008,Logan (2017),3.0,3.504554538541723
rw0599875,Gladiator (2000),4.0,3.934859588961356
rw1139581,Sky High (2005),4.0,4.2533674942040305
rw4685612,Suppose They Gave a War and Nobody Came (1970),2.5,2.6572148575400965
rw3176709,Holiday: A Soldier is Never Off Duty (2014),5.0,4.5049717188984175
rw0265830,The 'Burbs (1989),5.0,4.669964626778973
rw3123171,The Dorm That Dripped Blood (1982),3.5,3.837872317639604
rw2184324,Bad Reputation (2005),1.0,1.282725329652679
rw2349105,The Extra Man (2010),2.5,2.8167189211812316
rw0679026,Pearl Harbor (2001),0.5,2.2329194081040633
rw6004446,The Tax Collector (2020),3.0,2.659683691140014
rw4731850,Battlestar Galactica (2004–2009),5.0,4.292555894928713
rw2784578,Adventures in Babysitting (1987),4.0,4.068766501496897
rw2767351,S. Darko (2009),5.0,4.244215203603143
rw4202790,BrainDead (2016),3.5,2.7194612628457793
rw2736792,Blood and Lace (1971),1.5,1.859288900075758
rw5600382,The Guilty (2018),3.5,3.832678065836035
rw5943199,Arbitrage (2012),3.0,3.758500770550926
rw0495664,Shrek (2001),5.0,4.365888529725906
rw4611100,Polar (I) (2019),5.0,3.848694780465807
rw1669343,Catch and Release (II) (2006),2.5,3.314114217575541
rw3451925,Star Wars: Episode VII - The Force Awakens (2015),3.5,2.583286081151151
rw6090734,Constantine (2005),3.0,3.0950945362938818
rw3679372,Looking for Ms. Locklear (2008),4.5,4.382982633337062
rw3715249,The Americans (2013–2018),2.5,2.8663037797141424
rw2105016,The Farmer Takes a Wife (1935),3.0,3.3882880554390105
rw0606727,Galaxy Quest (1999),2.0,2.5748374313964746
rw6325664,The Christmas Chronicles: Part Two (2020),5.0,4.612750102970103
rw3518657,An American Rhapsody (2001),1.0,1.4983896393343588
rw1706782,Jesus Camp (2006),4.5,3.7921614918427933
rw1016406,A Man for All Seasons (1966),4.5,4.687481321775585
rw1113343,The Jerk (1979),3.0,3.218800574710293
rw3408802,Shoah (1985),2.0,2.598527369304756
rw2086813,Transformers: Revenge of the Fallen (2009),0.5,1.0735483555808454
rw1081790,Chaplin (1992),5.0,5.0
rw1427765,Relative Strangers (2006),4.0,4.303168139866467
rw5200994,Primal (2019– ),5.0,4.74368838602984
rw5210126,Arctic (2018),0.5,1.3671126129144624
rw0864346,Runaway Jury (2003),1.0,2.0629577362361164
rw4043947,Step Sisters (2018),4.0,4.313530466892257
rw3556016,True Blood (2008–2014),5.0,4.715175531095802
rw5454110,It Chapter Two (2019),0.5,2.0108474553257167
rw2568445,Beginners (2010),1.5,2.3186120606788054
rw5682799,Brazil (1985),5.0,4.3255578540579185
rw4173001,Carter & June (2017),4.5,4.146001585307688
rw3726045,The Mummy (2017),3.0,2.8924217340356297
rw5525869,A Wakefield Project (2019),0.5,1.0771701005655019
rw6180435,Affenkönig (2016),3.0,3.166117840945948
rw3302264,Straight Outta Compton (2015),5.0,4.470451412510885
rw4720177,Stratton (2017),4.0,2.9252247592805958
rw6394089,The Midnight Sky (2020),4.0,4.605522279699612
rw3720752,Forsaken (I) (2015),3.0,3.1748507274340874
rw3116422,Starry Eyes (2014),3.5,3.741836723064065
rw4599211,What the Bleep!?: Down the Rabbit Hole (2006),1.5,1.8081870221449425
rw2250665,Transformers: Revenge of the Fallen (2009),1.0,1.1257244090180967
rw6272372,Bloody Ballet (2018),2.0,2.1165782214705895
rw3226823,The Cabin in the Woods (2011),3.0,2.7569607193187564
rw3102740,Meet the Mormons (2014),5.0,5.0
rw2082641,Transformers (2007),4.0,3.6591053778424745
rw4227449,Justin Bieber: Never Say Never (2011),5.0,4.699080003499564
rw3365532,8 Million Ways to Die (1986),3.0,3.560645108957045
rw5147231,Bard of Blood (2019– ),5.0,4.195658827938283
rw3857761,Murder on the Orient Express (2017),3.0,3.060037226734797
rw4110928,The Titan (2018),2.0,1.6659921854932926
rw4321195,Star Wars: Episode III - Revenge of the Sith (2005),4.0,4.454879828966847
rw5671042,Extraction (2020),0.5,2.261736069390799
rw0722553,The Man Who Wasn't There (2001),3.5,4.3319734377092525
rw6430060,Paurashpur (2020– ),5.0,4.347823977655622
rw0825348,X-Men 2 (2003),4.5,3.770788773744292
rw1916395,Airplane II: The Sequel (1982),3.0,2.9319057526959194
rw5011250,Ardaas Karaan (2019),5.0,4.245718437281514
rw3552192,Mr. Church (2016),5.0,4.903155486153104
rw5499705,Patriot (II) (2015–2018),5.0,4.75667307743762
rw0869935,Spider-Man 2 (2004),5.0,4.601165082426481
rw4838830,iMurders (2008),2.5,2.512382141813444
rw3736679,Bo Burnham: Make Happy (2016 TV Special),0.5,1.2575467326196046
rw5888474,Two Lovers (2008),5.0,4.602468342247437
rw4431254,A Star Is Born (2018),2.5,2.995051525928837
rw2406003,Wallander (2008–2016),4.0,4.484861497913521
rw1308953,Hackers (1995),0.5,2.445492345389488
rw4796730,Destined to Be Ingested (2008),1.5,1.875507921991375
rw1809376,The Art of Travel (2008),4.5,4.207578709301414
rw4427843,Smoke (2018–2019),4.0,5.0
rw1541138,Pulp Fiction (1994),5.0,4.391703619108863
rw0038742,Portrait of Jennie (1948),5.0,5.0
rw0673841,Tully (2000),5.0,4.259525774896331
rw2598964,The Glass Key (1942),4.5,4.164159045293304
rw3201786,Exodus: Gods and Kings (2014),0.5,1.6191237563360146
rw3377816,In the Heart of the Sea (2015),3.5,3.7882391341519677
rw4202873,The Last Guest (2017),3.0,3.411180322047647
rw2161891,破碎的擁抱 (2009),3.5,3.2402997550623027
rw0032935,The Picture of Dorian Gray (1945),3.5,3.5185119406208334
rw0427454,Nightwatch (1997),4.0,3.9733688903311086
rw4324464,The Nun (2018),0.5,1.725195419606048
rw6063540,Infidelity in Suburbia (2017 TV Movie),1.0,2.18089685556691
rw3621020,The Legend of Tarzan (2016),4.0,4.4535797270981945
rw4259731,The Hangover (2009),0.5,2.132294250171509
rw0677891,Pearl Harbor (2001),5.0,4.191031481233058
rw1527964,Guest House Paradiso (1999),3.0,1.9110390787245057
rw3523802,You Only Live Twice (1967),4.0,3.7943771784265676
rw3856586,Death on the Diamond (1934),4.5,4.290106933471945
rw5566159,One Way (IV) (2016),1.0,1.2008773590412023
rw0565722,Cast Away (2000),2.5,2.6395003215293165
rw6297984,Run (I) (2020),3.5,3.3502451407648612
rw0179341,Raise the Titanic (1980),0.5,1.7081161744829725
rw1735247,The Bourne Ultimatum (2007),1.0,1.6127757921905979
rw6222432,Christine (1983),4.0,4.457310072126923
rw5992272,Gunjan Saxena: The Kargil Girl (2020),4.5,4.105891364493049
rw3800720,It (I) (2017),4.0,3.8001340406018516
rw0727829,Windtalkers (2002),0.5,0.5
rw6104404,Dolly Kitty and Those Twinkling Stars (2019),5.0,4.828847641472129
rw4380824,The Best Exotic Marigold Hotel (2011),4.0,3.552749804483751
rw5548468,Spenser Confidential (2020),0.5,0.8473558865866582
rw0843009,Hero (2002),2.5,3.4675688275410637
rw1566944,Boy-Next-Door (2004),5.0,4.1999094951192575
rw2373555,Nowhere Boy (2009),3.5,3.2580074181807164
rw0153028,Exorcist II: The Heretic (1977),2.5,2.5195919022243674
rw3527008,Little Devils: The Birth (1993),3.0,3.1787275466182856
rw0978931,Close Your Eyes (2002),1.5,2.3680990315318438
rw3836107,Baby Driver (2017),4.0,3.592663595005786
rw3192644,Drive In Massacre (1976),1.0,0.8982678138953286
rw4311680,Mamma Mia! Here We Go Again (2018),2.0,2.6220853217372717
rw3869971,Coco (I) (2017),5.0,4.408370201444457
rw1335214,Oldboy (2003),0.5,2.148580944893479
rw5853675,Rurouni Kenshin Part I: Origins (2012),4.5,4.246096155983921
rw3402765,Ti guan (1979),5.0,4.385068428462992
rw5719602,Crossroads (1986),3.5,3.703465716094404
rw4132009,Jumanji: Welcome to the Jungle (2017),3.5,3.7051278081596206
rw4417817,The Haunting of Hill House (2018),4.5,3.58600014253589
rw3000831,The Amazing Spider-Man 2 (2014),0.5,1.6714192364142064
rw0545078,The Legend of Bagger Vance (2000),0.5,1.541595529510754
rw2624133,Skew (2011),0.5,0.9103376480543295
rw3831404,Insidious (I) (2010),3.0,2.905434933308785
rw5450769,Anveshanam (2020),4.0,3.817640335787777
rw5458820,Registe (2014),5.0,4.113052838030365
rw3290560,Tag (2015),4.0,3.677995341560978
rw3078831,The Prince (I) (2014),4.5,3.3924957562914164
rw1201353,Finding Nemo (2003),1.0,2.1388717485193514
rw3444377,The Hateful Eight (2015),2.5,2.4245427664182135
rw4408998,Gone (I) (2012),2.5,2.8579326978779425
rw4405866,Titans (I) (2018– ),0.5,1.5359917536022663
rw0393931,The Rock (1996),5.0,4.626727968033199
rw1464565,Mountain Patrol (2004),5.0,4.411841307073274
rw5658224,Over the Hedge (2006),2.0,2.491735213197012
rw5381109,Tõde ja õigus (2019),5.0,4.776483457144176
rw4257527,The Shawshank Redemption (1994),3.5,3.5666192752185433
rw4480994,Ralph Breaks the Internet (2018),2.5,2.4539919927601326
rw5120592,Dream Girl (III) (2019),4.5,4.204436337227418
rw2966782,Wreckage (I) (2010),3.5,3.3861540087529587
rw1783205,Transformers (2007),1.5,2.1592302029075343
rw6018679,The Perfect Storm (2000),4.0,3.731105843623435
rw5491619,Adults in the Room (2019),5.0,3.89893485085174
rw6271363,Knock Knock (I) (2015),4.0,3.1105697210358447
rw3666892,The Blood Is at the Doorstep (2017),5.0,4.751228040166586
rw5585472,Sling Blade (1996),4.0,3.953149870214199
rw4717513,Captain Marvel (2019),3.0,2.6726635319174856
rw1912745,The Dark Knight (2008),5.0,4.254713694248803
rw2269190,Accepted (2006),4.0,3.5275424151726584
rw2246249,Iron Man 2 (2010),4.0,4.246319471437827
rw0162704,Night Cries (1978 TV Movie),5.0,4.189211602045875
rw1128401,War of the Worlds (2005),3.5,3.4318927832020782
rw0654845,Moulin Rouge! (2001),5.0,4.351633017527482
rw2908779,Steamboy (2004),2.0,2.7190445287234635
rw2009415,Life Is Beautiful (1997),4.0,3.9013229990401035
rw1150239,Four Brothers (2005),5.0,4.7438959351443915
rw3331145,Money Train (1995),3.5,2.636878958106976
rw4940737,All Roads Lead (2013),1.0,2.424275302752104
rw3344136,Steve Jobs (2015),2.5,2.7731666651806175
rw3232699,Black or White (2014),4.0,3.604011830605861
rw5936040,Dil Bechara (2020),5.0,4.488193229104825
rw3340087,The Purge (I) (2013),2.5,3.159938796220041
rw5409403,Bumblebee (I) (2018),3.0,3.5853986310983768
rw1653006,FTV (1985– ),5.0,4.373733884914392
rw2547621,Catwoman (2004),0.5,1.6552096875427258
rw2135419,Eraserhead (1977),2.5,2.7999023634122953
rw1456590,Mulholland Dr. (2001),3.5,3.776242370011687
rw6083425,Away (2020),0.5,1.636180214658131
rw2644412,黑店狂想曲 (1991),4.5,4.175282200054133
rw5220057,The War of the Worlds (2019),1.5,1.858706452825274
rw1913062,The Cradle (2007),2.5,2.3785812757851947
rw1889921,The Searchers (1956),5.0,4.866840993912173
rw0856192,Honogurai mizu no soko kara (2002),2.0,2.8088779980709484
rw3239821,Project Almanac (2015),1.0,1.2985628844948407
rw3673835,Criminal Minds (2005–2020),1.0,2.237323380167034
rw6116956,The Invisible Man (I) (2020),3.5,3.7564524100351733
rw4497454,The Fear Footage (2018),1.0,1.9939984717316794
rw0080840,Charade (1963),4.5,4.040238482135913
rw0046337,Against All Flags (1952),3.0,3.008462157937171
rw2748424,福爾摩斯與華生 (2012–2019),2.5,2.8334080534177817
rw5450605,Midsommar (2019),0.5,1.9218932143438774
rw3528429,Tracks (I) (2013),3.5,3.517623022427775
rw5464414,Monster-in-Law (2005),3.5,3.738734352587348
rw0103406,Night of the Living Dead (1968),5.0,4.324380915903132
rw3748129,The Red Turtle (2016),4.5,3.921364164495015
rw4507645,NXT TakeOver: Brooklyn IV (2018 TV Special),3.5,3.619400156905333
rw1692308,Opposite Sex (2000),5.0,4.592752306788501
rw1487550,Heat Wave (1990 TV Movie),4.0,3.939879180266361
rw4197971,Shooter (2016–2018),3.0,3.4768375047496947
rw4738312,Beauty and the Beast (1991),5.0,4.367052066674244
rw6339600,The Highwaymen (2019),4.5,4.589073533263575
rw2332177,"The Chronicles of Narnia: The Lion, the Witch and the Wardrobe (2005)",4.5,4.310338097626016
rw0897586,Lost in Translation (2003),3.5,3.3976864801077054
rw2451333,Hugs and Mugs (1950),3.5,3.4237365791943684
rw1029985,Girl Fever (2002),3.5,3.362908988789622
rw2909649,Intolerance: Love's Struggle Throughout the Ages (1916),4.0,3.6637065431370037
rw2239248,No Impact Man: The Documentary (2009),4.0,3.8241897041212862
rw1110664,Land of the Dead (2005),5.0,3.7141738805427407
rw3015080,The Flight of Dragons (1982 Video),4.5,3.6026538039646323
rw4210590,Goliath (2016– ),4.5,4.598347476791615
rw3871900,The Viking Queen (1967),2.5,2.4772399443524753
rw6130057,Tenet (2020),4.5,4.355181654381189
rw3355066,Mr. and Mrs. North (1942),3.0,3.282520265300091
rw0469386,Safe Men (1998),5.0,4.385869438481072
rw4258456,Mission: Impossible - Fallout (2018),4.0,4.06230508246788
rw4155125,Deception (2018),2.5,2.5345806512661944
rw3483580,X-Men: Apocalypse (2016),3.5,3.494270560499125
rw3756003,Song of Scheherazade (1947),4.0,3.983563257645327
rw5596257,Star Wars: Episode VII - The Force Awakens (2015),0.5,1.6465454818908758
rw3450473,The Death of Superman Lives: What Happened? (2015),4.0,4.050146327235698
rw5435673,Harley Street (2008– ),0.5,2.0095380880660327
rw5502597,The Pale Horse (2020),0.5,1.5213084303957887
rw2839730,Spring Breakers (2012),0.5,0.9966940041614039
rw0430001,Passion's Way (1999 TV Movie),3.0,2.7041793460211396
rw5658393,Triple Frontier (2019),4.5,4.181027872576166
rw1211273,Natural Born Killers (1994),5.0,3.6665647715357284
rw5278854,A Beautiful Day in the Neighborhood (2019),2.5,2.8816124417024027
rw3771923,Son of Bigfoot (2017),5.0,4.741993045343921
rw4419373,The Killing of a Sacred Deer (2017),2.0,1.6408617519800641
rw4444928,Batman (1989),4.0,3.956025609997229
rw5154379,Emergence (2019–2020),4.5,3.9777701964919006
rw0897072,Lost in Translation (2003),4.5,4.142264931486771
rw2478693,Jonathan Livingston Seagull (1973),2.0,2.5750134698388574
rw4805927,Avengers: Endgame (2019),3.0,3.0739054183298498
rw0874169,Angels in America (2003),4.0,4.036208320032313
rw5620644,Shikara (2020),4.5,3.9530395155799445
rw2000882,Batman (1989),4.0,4.4331920897240416
rw1466258,Cellular (2004),3.5,3.9648091724387453
rw4368412,God Friended Me (2018–2020),5.0,4.486152849638467
rw2972913,X-15 (1961),2.5,3.1515898205046557
rw4237348,How It Ends (2018),4.5,3.701502164303252
rw1049324,Internal Affairs (1990),3.0,2.644289235907719
rw5503960,Sanditon (2019),2.0,2.341045015846767
rw1895553,Hollywood Steps Out (1941),5.0,4.125753547826659
rw1679010,Mr. Brooks (2007),4.5,4.255144842274223
rw5246788,Jojo Rabbit (2019),4.5,4.2886723107014655
rw3211019,It Follows (2014),3.5,3.002595393350101
rw2056589,The Adventures of Mark Twain (1944),3.5,3.7842157151231217
rw4199765,The Lesson (2015),1.5,2.1778541251463333
rw4203075,Incredibles 2 (2018),5.0,4.31563336325583
rw5895619,The Berlin Bride (2020),5.0,3.8869676699405504
rw4658115,Exorcist II: The Heretic (1977),3.0,2.6395890355896636
rw4101577,Life After Manson (2014),3.0,3.1998277290868358
rw4098924,Jason Bourne (I) (2016),0.5,1.4022192530633997
rw5529282,Sonic the Hedgehog (2020),5.0,4.533323029957795
rw3694611,The Penthouse (1967),3.5,3.386572897955468
rw0424575,Ma vie en rose (1997),5.0,4.27591210419008
rw1825406,I Met the Walrus (2007),3.0,3.1943183475948422
rw5840177,The Last of Us: Part II (2020 Video Game),2.5,2.9558118401772435
rw4610271,Suicide Squad (2016),0.5,1.4085063099557535
rw2614903,Department (2012),0.5,1.4478661974743294
rw2773369,Money Movers (1978),3.5,3.771764941459727
rw2963090,Sirens (1994),4.0,3.861576171273722
rw3499405,The Admiral: Roaring Currents (2014),3.5,3.203369699206983
rw0576772,Detroit Rock City (1999),4.0,3.718978849058399
rw1768338,Thompson (1988),5.0,4.272971195647106
rw1781780,Merry Christmas Mr. Lawrence (1983),5.0,4.318468388083484
rw4810530,Dumbo (2019),2.0,2.676199752653583
rw1566407,Windtalkers (2002),1.0,1.4549677055143146
rw1344585,Riki Riki (2005),4.0,3.962636423327881
rw5067786,The Rebound (2009),5.0,4.661265560569785
rw0148479,La marge (1976),5.0,3.824461115655951
rw2063744,Star Trek (2009),4.0,3.415191303555366
rw6183002,Hot Mess (2018),5.0,4.886011187802227
rw3377634,The Cape Town Affair (1967),2.5,2.941993050497136
rw1011833,Coward of the County (1981 TV Movie),2.5,3.2383976656269287
rw1686003,The Adventures of Buckaroo Banzai Across the 8th Dimension (1984),4.0,3.5756610683816357
rw1615401,內陸帝國 (2006),4.5,3.9505782742770377
rw3576900,The Hateful Eight (2015),0.5,1.5766898451260942
rw2565976,The Children (2008),3.5,3.495752870459671
rw1312196,The Women of Charmed (2000 TV Movie),4.5,4.046212733251951
rw1339160,Fahrenheit 9/11 (2004),4.0,4.125108968620371
rw4982564,Midsommar (2019),3.0,3.732569631304006
rw5984837,Three Colors: Red (1994),3.5,3.096632773903774
rw4039774,Iron Sky (2012),4.0,3.4151862789180756
rw3769011,Sylvia Scarlett (1935),2.0,2.5912939863925857
rw0200773,Eddie and the Cruisers (1983),5.0,4.193631306113782
rw1971156,The List (I) (2007),0.5,1.055066360720328
rw0950476,Anything But Love (2002),4.5,4.893494840902771
rw5815699,Godzilla: King of the Monsters (2019),2.5,2.86647631475122
rw0707438,Better Than Sex (2000),2.0,2.794323438716932
rw5410786,Resident Evil: Extinction (2007),3.5,3.457655696898748
rw4629015,Polar (I) (2019),4.0,3.969915853646728
rw4127555,The Good Fight (I) (2017– ),4.0,3.814305609763837
rw2640144,The Hill (1965),5.0,4.257177109140264
rw3202761,Interstellar (2014),4.0,3.311637526258188
rw5927777,Ad Astra (2019),5.0,4.641313163046056
rw5817000,The Victims' Game (2020– ),4.5,4.248797426567788
rw5220738,Gummo (1997),0.5,0.8565535170032699
rw4898832,Spider-Man: Into the Spider-Verse (2018),5.0,4.291267224745797
rw6226606,Endless Corridor (2014),5.0,4.090289231015559
rw1699668,1408 (2007),5.0,4.321424693754446
rw6104152,The Cabin in the Woods (2011),4.0,4.127685436108649
rw1563722,Guilty by Association (2003 Video),0.5,1.5581200417055876
rw1162226,Titanic (1997),5.0,4.327636785950838
rw0203125,Never Say Never Again (1983),3.0,3.1322039691923957
rw2549246,Brideshead Revisited (2008),1.5,2.0358322058395713
rw4794558,Forrest Gump (1994),5.0,4.167591665394971
rw3030409,Edge of Tomorrow (2014),4.0,3.8071662603143803
rw4575071,Uri: The Surgical Strike (2018),4.0,4.073373317102414
rw1386378,Molokai (1999),3.5,3.593066705190748
rw4608394,Unbreakable (2000),4.0,3.324857666414942
rw1772357,High School Musical (2006 TV Movie),0.5,1.3379516859676386
rw3496527,De Palma (2015),5.0,4.5588325780546075
rw5622239,Black Sabbath (1963),3.5,3.484326901276491
rw6200781,Lady Bird (2017),3.5,3.447846589990955
rw3231694,The Good Wife (2009–2016),5.0,4.563733423508827
rw2803804,Gregory Go Boom (2013),5.0,4.572091148328387
rw6012049,Sputnik (2020),3.5,3.693137961441821
rw5665503,The Willoughbys (2020),5.0,4.177174042872716
rw1502416,The Cat in the Hat (2003),3.0,3.0393729227549624
rw4534933,Holmes & Watson (2018),0.5,2.0675159601184365
rw3069658,Kick-Ass 2 (2013),2.5,3.217817063340055
rw4355045,A Simple Favor (2018),0.5,1.555754443254116
rw2806106,Father and Daughter (2000),3.5,3.8744124683468764
rw4447585,"Like, la leyenda (2018– )",0.5,1.50445333210594
rw3677492,The Walking Dead (2010– ),5.0,4.416388218346819
rw1615542,危機四伏 (2000),1.5,1.7086316047685828
rw5984036,Anelka: Misunderstood (2020),0.5,2.419399163383787
rw0011687,The World Changes (1933),3.0,3.6296876017278725
rw4993277,13 Graves (2019),4.0,4.015835885794987
rw5945346,Mrs. Serial Killer (2020),5.0,4.555704338635303
rw2116667,The Mean Season (1985),3.5,3.3337816672516674
rw5978223,Mortal (I) (2020),3.5,3.425459020210586
rw0663729,Çalikusu (1966),5.0,4.427381123784035
rw4306117,Slender Man (2018),5.0,3.884231446956481
rw1783340,1408 (2007),2.5,2.8070750604126635
rw4370257,Halloween (1978),5.0,4.23975553186035
rw5557114,C Kkompany (2008),3.5,3.1686003811399437
rw2243006,A Nightmare on Elm Street (2010),1.5,1.833157030744775
rw2393668,The Big Trail (1930),3.5,3.0311973153536753
rw6218729,Strangerland (2015),4.0,4.641535573840852
rw2833163,Crossing Lines (2013–2015),3.5,2.73175824421466
rw1244917,King Kong (2005),4.0,4.4657021812049615
rw1592060,The Messengers (2007),2.0,2.4742980348867074
rw6047601,Blow the Man Down (2019),4.0,3.9393318364652776
rw5742703,The Farewell (I) (2019),3.0,2.655584265863844
rw3524267,Grimm (2011–2017),2.0,3.3934930906968446
rw2246826,The Perfect Game (2009),4.5,4.162593795567212
rw1162247,Sahara (2005),3.5,3.3256955293968815
rw2850672,Law Abiding Citizen (2009),2.5,2.585403036188021
rw5607841,Resident Evil 6 (2012 Video Game),4.0,3.451841804054969
rw5017918,Another Life (2019– ),0.5,0.8941371840385242
rw1842331,Carver (2008 Video),3.5,3.0800255235158964
rw4758989,Ambulance (2016– ),5.0,4.588603557859585
rw3794198,Shot Caller (2017),2.5,3.3517709830967095
rw4716672,Bad Lieutenant (1992),5.0,4.103503375692111
rw1245816,A Christmas Carol (1984 TV Movie),5.0,4.74948714090888
rw5092572,The Dead Don't Die (2019),4.5,4.368950955938768
rw5535347,Rebro Adama (1991),4.5,4.16305068917121
rw4712073,Captain Marvel (2019),5.0,4.317453853976559
rw2591887,Wrath of the Titans (2012),3.5,3.2543669509627455
rw3005381,Elf (2003),4.0,4.46480785494404
rw2967313,Filth (I) (2013),4.0,3.472384185846926
rw0659480,The Dish (2000),5.0,4.432095115009297
rw6354012,The Invisible Guardian (2017),4.5,4.372978358801369
rw3437920,Bennie Stout (2011),5.0,4.593871335725587
rw4483200,The Big Short (2015),5.0,4.111589274534795
rw2475871,Reservation (2011),2.5,3.481675832967187
rw4173762,Maps to the Stars (2014),4.5,4.189656646024734
rw4563771,Ricochet (1991),0.5,1.8150625921973682
rw1564354,Happily N'Ever After (2006),2.5,2.946968712711924
rw1505119,Torchwood (2006–2011),2.5,2.9302567825353196
rw4894768,Fail Safe (1964),4.5,3.9741322210833143
rw3413994,The Revenant (2015),0.5,2.011513541153242
rw2297999,No Country for Old Men (2007),3.5,3.1660721515373433
rw4159878,Not Suitable for Children (2012),4.0,3.942462296960273
rw4170059,Cargo (I) (2017),3.0,2.841560304663934
rw1888023,Guess Who's Coming to Dinner (1967),4.5,4.527325579622235
rw3440234,Batman v Superman: Dawn of Justice (2016),4.5,4.3818179560714245
rw3479693,Take Back Your Power (2013),3.0,3.0716841767516314
rw5084535,Aliens (1986),5.0,3.974949097985511
rw4689208,Char Man (2019),0.5,1.1663258049115388
rw1397049,Livelihood (2005),4.5,4.050473611282792
rw4902236,The Angry Video Game Nerd (2004– ),5.0,4.222327322092064
rw4807536,The Orville (2017– ),4.5,3.9807247341878798
rw5480229,Edge of the Axe (1988),1.0,1.5464702466983502
rw0278969,Awakenings (1990),5.0,4.530063149377981
rw3030019,Phantoms (1998),3.0,3.108924224293416
rw5772346,Jason X (2001),0.5,1.0945788399278285
rw3458522,Where to Invade Next (2015),5.0,4.285909175712489
rw0460812,The Lord of the Rings: The Fellowship of the Ring (2001),1.0,2.342616538405652
rw4228118,Deceived (1991),3.5,2.926351828714817
rw4547283,Santa Claus Conquers the Martians (1964),3.0,3.044051750689939
rw6424909,The Orville (2017– ),5.0,4.092030820926612
rw1170450,Kelly's Heroes (1970),4.5,3.9726973148843254
rw0160375,Halloween (1978),5.0,3.949202905413849
rw1640087,Long Way Round (2004–2010),1.0,1.9540897815385991
rw3676478,RoboCop (1988),4.0,3.269395672346418
rw1495321,The Evil of Frankenstein (1964),3.0,3.0836510177578726
rw4626603,Green Book (2018),4.5,5.0
rw4307500,Pieces (1982),3.5,3.4297323447163786
rw5702216,Wonderwall (1968),1.5,2.568601628094986
rw3514880,Arnold (1973),1.0,1.9655431839620865
rw5839191,Detective Byomkesh Bakshy! (2015),5.0,4.852659531228781
rw5190383,Love Is Not Enough (I) (2019),5.0,4.332535407466425
rw0455703,Halloween H20: 20 Years Later (1998),2.0,2.5361085129420236
rw2968131,Cloverfield (2008),0.5,1.3778792264070991
rw5890359,Fantasy Island (2020),0.5,1.409657107967928
rw2247797,Simón del desierto (1965),4.0,3.695545828375533
rw5775746,Grant (2020),4.0,4.253801727833035
rw5742117,Scoob! (2020),0.5,1.6424926494853145
rw4610480,Silenced (2011),5.0,4.4674510959621685
rw2307612,Once a Thief (1965),3.5,3.8175652881674598
rw4228504,Marcella (2016– ),4.5,3.982557379452586
rw4056220,The Last Man on Earth (2015–2018),4.5,4.386734602531676
rw6332982,The Big Lebowski (1998),5.0,4.2789683653848885
rw1613759,The Return of Doctor X (1939),3.0,3.3381594763203037
rw0511165,The Matrix (1999),5.0,4.410719883205927
rw2918846,Turner & Hooch (1989),1.0,1.7190931168090644
rw3237396,Teenage Mutant Ninja Turtles (2014),2.5,2.69518720593586
rw1528920,Curse of the Demon (1957),4.5,3.8754028601490274
rw6390103,Jett (2019– ),5.0,3.9640207462219914
rw4915276,Repossessed (1990),0.5,1.1303469810348261
rw4178130,A Quiet Place (2018),1.5,1.0404702116316162
rw2815005,Full Metal Jacket (1987),4.5,4.001881793880114
rw1451145,Snakes on a Plane (2006),3.0,3.0105284613407717
rw5827064,The Family (I) (2013),2.5,3.0101369699545333
rw6018630,The Babadook (2014),0.5,1.7564325688961715
rw4591592,Glass (2019),5.0,4.037128274560793
rw6224287,Endless Corridor (2014),0.5,1.8173197252491613
rw5699360,2 Guns (2013),5.0,4.673079507007022
rw2988640,The Green Mile (1999),4.5,3.710481772059274
rw0656981,Animal Factory (2000),4.0,3.6626197768244366
rw1143873,The Chumscrubber (2005),0.5,1.262128134478946
rw4718922,What Lies Ahead (2019),4.5,4.156750409569609
rw1366999,Curb Your Enthusiasm (2000– ),5.0,4.066314046448028
rw2072512,Meet the Spartans (2008),1.0,1.2979534465016596
rw5203210,The Haunting of Hill House (2018),5.0,4.3520274625095725
rw4713172,Valerian and the City of a Thousand Planets (2017),5.0,4.127647206413837
rw3030808,About Last Night (2014),2.5,3.287352257801035
rw1843923,Hardcore (1979),3.5,3.783637090185125
rw4094131,Flower (I) (2017),0.5,1.8349848231377328
rw2408098,True Heart Susie (1919),3.0,3.299972069411599
rw5315404,Playmobil: The Movie (2019),3.0,3.042226338666621
rw4042921,Mountain (I) (2017),1.5,2.3996385661954966
rw1990734,You Only Live Twice (1967),3.5,3.934038322915291
rw0424032,L.A. Without a Map (1998),3.5,3.0596679700203757
rw3538543,Star Wars: Episode VII - The Force Awakens (2015),3.5,3.3008689972721834
rw2399103,Four Lions (2010),1.5,1.8214741881297958
rw4278208,Fist of Fury (1972),5.0,4.452981391756353
rw3203352,The Pyramid (2014),4.0,4.1254229767146455
rw4165076,Monster Family (2017),0.5,1.2040985496457215
rw5011697,Shazam! (2019),0.5,1.003426522470225
rw6420657,Wonder Woman 1984 (2020),0.5,0.9742350651621607
rw1558208,The Masque of the Red Death (1964),3.0,3.4525505212368275
rw2826794,Furious 6 (2013),3.0,2.9548176805784814
rw1796645,One Hour Photo (2002),4.0,4.149019138026979
rw4515166,The Brass Teapot (2012),3.5,3.9291000922113506
rw0667047,The Mummy Returns (2001),0.5,1.364420431071093
rw2295472,Eat Pray Love (2010),3.5,4.114349305575528
rw6351361,Ava (IV) (2020),1.0,1.4069985649703831
rw5920934,WingMen (2016–2020),4.5,4.4387886741904445
rw1690889,Harry Potter and the Order of the Phoenix (2007),3.0,3.2115427319906593
rw2614295,The Dictator (2012),4.0,3.126337898113658
rw4364570,Another Perfect Stranger (2007),5.0,4.4038808645778005
rw4110186,Brawl in Cell Block 99 (2017),1.5,2.742996495522156
rw2619823,Best Friends Forever (2012),5.0,3.8328883242618543
rw4757305,The Man from Earth: Holocene (2017),0.5,2.179269019023245
rw6129282,The Leftovers (2014–2017),0.5,3.108972317023622
rw2731672,Project: Metalbeast (1995),2.5,2.646165350163228
rw3033458,Absolute Zero (2006 TV Movie),0.5,1.7361128201150644
rw5577371,I Dream of Jeannie (1965–1970),5.0,3.8378811541637354
rw0950525,The Hard Way (1980 TV Movie),4.5,4.019533164832427
rw1379938,Gunga Din (1939),2.5,2.5838544737728055
rw1262059,Jungle Assault (1989),0.5,1.9720814173043735
rw4135419,Lost in Space (2018– ),3.0,2.9442197477455245
rw2902764,The Clinic (I) (2003–2009),5.0,4.020222896217262
rw1596224,The Last King of Scotland (2006),3.5,3.9361566962530183
rw2255901,Inferno (II) (1999),2.0,2.5633991185525518
rw2224037,This Is the Army (1943),4.0,3.7335594435861865
rw1964909,The Happening (2008),1.0,0.8599735276118445
rw1347079,A Chorus Line (1985),3.0,2.63689496338884
rw3021724,Philomena (2013),4.0,3.9071225385262123
rw0040276,The Hidden Room (1949),4.5,3.770222947440225
rw1264626,It Came from Outer Space (1953),4.0,4.360482467231533
rw5567278,Amateur Night (2016),0.5,0.5224194709427104
rw1940680,The Dark Knight (2008),5.0,4.724608209786748
rw6228269,Guillermo Villas: Settling the Score (2020),2.5,3.057347867362515
rw5256241,Alvin and the Chipmunks: The Road Chip (2015),5.0,4.697464669344232
rw0480360,Star Wars: Episode I - The Phantom Menace (1999),3.5,3.7152915725873936
rw6294359,Interstellar (2014),0.5,0.5958145434969215
rw3134196,State of Affairs (2014–2015),5.0,4.516998797367974
rw5390734,Demon Slayer: Kimetsu No Yaiba (2019– ),4.5,4.578441875430079
rw2899067,Free Birds (2013),3.0,3.625055103274617
rw6223904,Endless Corridor (2014),0.5,2.555711323475274
rw1941093,Yateem (1988),4.0,4.435643165209132
rw2172525,As Time Goes By (1992–2005),5.0,4.7133077012128854
rw1301993,The Eavesdropper (2004),5.0,4.215930300154168
rw5915662,The Stendhal Syndrome (1996),3.0,2.472145169963062
rw2889536,Twice Born (2012),2.0,2.381639976598897
rw6125366,Mrs. Serial Killer (2020),5.0,4.842197450208058
rw3237989,The Burning Dead (2015),0.5,0.9767442829185429
rw3255185,Scary Movie V (2013),2.5,2.583879813899764
rw4749911,Stepfather III (1992 TV Movie),2.5,3.3015744789813133
rw5236902,A Wrinkle in Time (2018),4.0,3.1785962329379465
rw2779897,Shopping (1994),5.0,4.548064729237321
rw2325312,Desire (1936),4.0,3.959122167234767
rw2140614,Camp Blood (2000 Video),2.0,2.424421043039617
rw5875655,A Midsummer Night's Dream (I) (2019),5.0,4.7635772952966695
rw1352622,Scary Movie 4 (2006),1.0,1.1818909964663447
rw0699563,The Others (2001),4.0,4.226874853859386
rw2077330,Violent Saturday (1955),4.0,3.4847636129289508
rw1784547,Sweeney Todd: The Demon Barber of Fleet Street (2007),2.0,2.8225232826671185
rw4168514,Black Panther (2018),2.5,2.8486254794923123
rw3305163,Wolf Hall (2015),3.5,3.328988552622215
rw3757427,Free to Choose (1980– ),5.0,4.015054820909152
rw2523245,Scalpel (1977),3.5,3.5132551728324573
rw4772337,Iron Man (2008),5.0,4.240360168775308
rw2413979,Deathrow Gameshow (1987),1.5,1.9195676927200964
rw0010613,Ever in My Heart (1933),5.0,4.122166072216157
rw0988768,Pink Narcissus (1971),4.5,4.292288616386601
rw1275179,Hostel (2005),4.0,3.390825820968155
rw0885642,Mystic River (2003),3.0,3.5958390631859625
rw2334981,Monsters (2010),0.5,1.269165803918991
rw6362510,Transsiberian (2008),3.0,3.3118157577057947
rw1801400,Jackass Number Two (2006),2.0,2.3837662369131136
rw2153761,Mercury Rising (1998),1.5,1.9516110226075547
rw5440225,Hell on Wheels (2011–2016),5.0,4.272859058314413
rw4544461,The Oath (2018),3.0,3.05195266086326
rw0089669,The Human Duplicators (1965),1.5,2.3255570991511614
rw1685128,Aap Kaa Surroor: The Moviee - The Real Luv Story (2007),0.5,0.8429399927126533
rw6423647,Black Widows (2020– ),5.0,4.06015037102742
rw3579419,The Exorcist (2016–2018),4.5,4.329917432717764
rw4852992,Let the Right One In (2008),3.5,3.8241507256865335
rw0176673,The Gods Must Be Crazy (1980),4.5,4.358158529798864
rw1982632,Twilight (I) (2008),0.5,1.0032089402184226
rw2560315,Cars 2 (2011),4.5,4.061001511585708
rw1563558,The Eddy Duchin Story (1956),4.0,3.856039446855349
rw6146921,Serious Men (2020),5.0,5.0
rw1415554,Pirates of the Caribbean: Dead Man's Chest (2006),1.0,2.2383744577170845
rw4013646,The Hitter (1978),4.0,4.098961567209454
rw1508890,Werewolf in a Girls' Dormitory (1961),2.0,2.4270630731122416
rw4895115,Viral Beauty (2018),4.5,4.464804927692805
rw5964205,Whiplash (2014),4.5,4.4464150567068685
rw3099666,Scream (1996),5.0,4.434581782550945
rw4713377,Captain Marvel (2019),3.0,3.0100458420138985
rw2824662,Fires Were Started (1943),2.5,3.035047178697643
rw4993468,Super 30 (2019),5.0,4.84299863934724
rw0791590,Amores Possíveis (2001),4.0,3.8871543776044577
rw1550961,Elf (2003),3.0,3.289500365311559
rw2964523,Lawrence of Arabia (1962),5.0,4.423582905901926
rw0161084,The Hobbit (1977 TV Movie),5.0,4.7381262953597805
rw5844464,Wasp Network (2019),3.5,2.8226696258703536
rw1200216,Wallace & Gromit: The Curse of the Were-Rabbit (2005),4.0,3.947972023017777
rw2808128,After Earth (2013),1.0,1.648232839159207
rw1602258,Thirtysomething (1987–1991),5.0,4.497894113915434
rw2383331,MacGruber (2010),0.5,0.7735819476939971
rw5019390,K.G.F: Chapter 1 (2018),5.0,4.223031884107257
rw3776639,It Came from Outer Space (1953),2.0,2.600952420670276
rw2101701,Drag Me to Hell (2009),3.0,3.099162577922728
rw0322485,Groundhog Day (1993),4.5,4.2716793114252125
rw2460871,The Undefeated (2011),5.0,4.350078853856478
rw5157070,Sierra Burgess Is a Loser (2018),1.0,1.7850055264169065
rw3285213,Wolf Warrior (2015),1.5,2.1005107623262207
rw4541610,Rapurasu no majo (2018),1.0,2.046995059348234
rw0980842,Bridget Jones: The Edge of Reason (2004),3.5,3.7113362581394345
rw4505090,Hold the Dark (2018),3.5,3.390229472427488
rw1539110,Rio Bravo (1959),4.0,3.6877437284052967
rw0010202,Alice in Wonderland (1933),3.5,3.1835209698606146
rw2765799,Night Drive (1977 TV Movie),4.0,3.736829929709472
rw0244008,Friendship's Death (1987),4.0,3.4993477119593224
rw1287250,Dirty Dancing: Havana Nights (2004),5.0,4.94116480531077
rw4801547,Happy Anniversary (I) (2018),2.5,2.7303243090617393
rw4779726,The Twilight Zone (2019– ),0.5,1.7540781080415522
rw1035430,On the Riviera (1951),2.5,2.885501833475184
rw5678670,Coco (I) (2017),4.0,4.023324480592812
rw1636619,The Assassination of Richard Nixon (2004),1.5,1.5045702661969174
rw6060715,Abhay (2019– ),5.0,4.507851328106245
rw3696791,Eloise (2016),0.5,1.822865646784768
rw1639360,One Way (II) (2006),4.5,4.441087467244333
rw5147636,Un amour impossible (2018),5.0,4.751390113553327
rw2897251,The Mortal Instruments: City of Bones (2013),2.5,2.564989737569463
rw5663092,Ice Princess (2005),3.5,3.121431777114427
rw1297815,The Seventh Stream (2001 TV Movie),3.5,3.577220410182372
rw4752852,Unplanned (I) (2019),5.0,3.7091562517073933
rw1340981,Jackass: The Movie (2002),5.0,3.828342741514513
rw4825711,Vikings (2013–2020),5.0,4.5826007712707
rw4556922,The Invitation (I) (2015),5.0,3.9737407491480474
rw4043660,Padmaavat (2018),1.5,2.177684733068501
rw2539036,La donna del lago (1992 TV Movie),3.5,3.3917504548896344
rw1792494,Species (1995),3.0,3.043111881303258
rw5790648,Clemency (2019),2.5,3.4563096517350504
rw2379572,One Flew Over the Cuckoo's Nest (1975),4.5,4.257256753277316
rw6306363,One for the Money (2012),0.5,1.8647256868651805
rw5441775,Judy (II) (2019),5.0,4.6616548016757156
rw0992341,Riders of the Rio Grande (1943),3.5,3.2923357506788324
rw3724834,The Hunter (IV) (2011),4.0,3.8447447701635538
rw0237413,Sherman's March (1985),0.5,1.7923805162403632
rw6120797,Enola Holmes (2020),4.5,3.452019007189074
rw3756340,Arrival (II) (2016),2.0,2.3129578024961095
rw3497507,Hillbillys in a Haunted House (1967),1.5,1.8321073151498322
rw2400783,Hereafter (2010),2.5,2.247039558226315
rw1842616,The Deaths of Ian Stone (2007),4.5,3.4775350658318973
rw5270068,After the Wedding (2019),4.5,4.431942922798115
rw3600987,London Has Fallen (2016),2.0,2.475064312854882
rw3385071,Star Wars: Episode VII - The Force Awakens (2015),4.0,3.9344512320555864
rw6273609,Come Next Spring (1956),3.0,3.2925153792445285
rw4915002,PM Narendra Modi (2019),5.0,4.736614734090158
rw4306483,Neon Genesis Evangelion: The End of Evangelion (1997),0.5,1.7557623135586196
rw2859993,The Old Curiosity Shop (2007 TV Movie),3.5,3.280831969697865
rw2995241,The Lorax (2012),3.0,3.675714241528383
rw1454858,The Comeback (2005–2014),5.0,4.2599240302481345
rw1586354,Apocalypto (2006),1.5,2.312328171906346
rw2546082,L'important c'est d'aimer (1975),0.5,1.607273798636358
rw3253932,Hercules (I) (2014),4.0,3.8412172181294433
rw4207130,Picnic at Hanging Rock (2018),4.0,3.9447422018778466
rw5243447,Jack Ryan (2018– ),3.0,3.042212140572991
rw1119764,Dr. No (1962),2.5,2.715747325513033
rw5375584,Men in Black: International (2019),4.5,3.3065031403101934
rw5920739,Dark (2017–2020),5.0,4.3689453179085955
rw5253349,Now You See Me 2 (2016),5.0,4.262338894449037
rw2489551,City by the Sea (2002),4.0,4.433040066990114
rw6279009,His House (2020),3.0,2.930799050500893
rw0890415,Seabiscuit (2003),4.0,3.983305494407734
rw3063502,Delirium (2014 TV Movie),1.0,2.04871047455904
rw4418110,An Hour to Kill (2018),5.0,4.591192272158182
rw0171914,The Warriors (1979),4.5,3.5507276513060484
rw4007329,Star Wars: Episode VIII - The Last Jedi (2017),3.0,2.8137489547203662
rw2016966,The President Is Coming (2009),1.0,1.4146245348850008
rw6268146,Twilight (I) (2008),1.5,1.766707229239836
rw2549420,Rasputin (2011),1.5,2.1429651788605666
rw1748309,Veronica Mars (2004–2019),4.5,3.992283342166185
rw2458640,Koyaanisqatsi (1982),5.0,4.510665095964093
rw1699132,Running with Scissors (2006),2.5,2.7233051027003508
rw4133138,For The People (2018–2019),4.0,4.191777937991175
rw3335579,The Jokesters (2015),3.5,3.842868468000534
rw3034917,Hara-Kiri (1962),4.0,3.9401363269194163
rw4211984,Lost in Space (2018– ),0.5,2.163583722369853
rw1563786,Batman (1989),5.0,3.8802504802748414
rw5112965,Brightburn (2019),5.0,4.608888813391873
rw3405002,Surviving Christmas (2004),3.0,3.242046621456984
rw5262158,Serenity (2019),4.5,4.151002914423361
rw6076699,Advokaten (2018– ),5.0,4.237337396395823
rw4745921,Rampage (2018),3.5,4.017014351107152
rw4532640,Bird Box (2018),2.0,1.9889604042299218
rw5980860,Indiana Jones and the Temple of Doom (1984),4.5,4.01672107064038
rw3212458,Arrow (2012–2020),4.5,3.8561463095583237
rw2499415,Transformers: Dark of the Moon (2011),0.5,1.8728482684371954
rw2321273,Kangaroo Jack (2003),0.5,0.6842615701954924
rw5325579,L'homme qui voulait vivre sa vie (2010),3.5,3.814520796680697
rw2426320,Annie Hall (1977),4.0,3.1244199692366426
rw6269373,The Cake General (2018),5.0,4.37857461150745
rw1611612,Toward the Unknown (1956),4.0,3.732130314374969
rw4386712,Eghantham (2018),5.0,4.1495297093407695
rw3317378,Harry Potter and the Sorcerer's Stone (2001),5.0,5.0
rw1310377,Blunder Boys (1955),4.5,3.96390403284985
rw4036559,Regression (I) (2015),4.0,4.029573323461336
rw4729196,The Widow (I) (2019),2.5,2.3026304227597802
rw4768213,Star Wars: Episode II - Attack of the Clones (2002),2.5,2.9201689329435525
rw6188632,The Handmaid's Tale (2017– ),4.5,4.223881093837274
rw3812697,Zero Kelvin (1995),3.0,3.395819376206277
rw3551711,ARQ (2016),4.5,3.984657615170888
rw3071914,Carlos (2010),5.0,4.051963948844508
rw4860273,Union Pacific (1939),2.5,2.430744652894033
rw6448461,Coolie No. 1 (2020),0.5,1.3746081683569091
rw6349431,The Christmas Chronicles: Part Two (2020),4.0,4.086899751463152
rw2717968,Mattie (2011),3.5,3.192808628926935
rw0804137,The Good Thief (2002),3.5,3.149676914878596
rw2203525,Broom-Stick Bunny (1956),5.0,4.702289682658989
rw3813121,Bad Company (1995),2.5,3.097564587802867
rw0276592,Uncle Buck (1989),5.0,4.731659796515397
rw3445109,Milk Money (1994),2.0,1.7661580079630284
rw1967076,Angel Face (1953),4.0,3.9052423105203036
rw3372383,Black Christmas (1974),4.5,3.727513617501456
rw5984175,Another Woman (1988),3.0,2.958172409332281
rw3522258,Daylight's End (2016),4.5,4.215450696275868
rw2293647,Night Comes Too Soon (1948),3.0,2.9346329111379834
rw3420991,Penance (I) (2009),1.0,2.0223501911037163
rw0663620,Nuremberg (2000),2.0,2.376362272957335
rw2935276,The Godfather: Part II (1974),4.5,4.225144597650302
rw3375801,Supergirl (2015–2021),5.0,4.664296997559209
rw4144581,The Week Of (2018),0.5,1.94646453467531
rw1726515,Eragon (2006),2.5,2.4110210529221696
rw1370635,Shane (1953),4.0,3.763139603637637
rw2254231,The House on Sorority Row (1982),1.5,2.567849581301809
rw2691722,Fast Girls (2012),2.5,2.9469106565936856
rw3198767,Gone Girl (2014),4.0,3.8038578041074316
rw3010110,Transcendence (I) (2014),5.0,4.259150746714948
rw4082619,Spirited Away (2001),5.0,4.472490207282988
rw3199058,Man on the Moon (1999),5.0,4.992259930034534
rw1666328,Sahara (2005),3.5,3.539173288098919
rw4760020,The Decks Ran Red (1958),2.0,2.5593337472391355
rw2598946,Titanic (2012),2.5,2.660144765290813
rw4090796,Winter Kills (1979),1.0,1.3498740127373925
rw1480440,The Monster of Piedras Blancas (1959),3.5,2.7823223105875234
rw0253800,Akira (1988),5.0,4.700814272696672
rw1555888,The Return of the Living Dead (1985),4.5,4.078698826063272
rw4031421,Side Effects (I) (2013),3.5,3.070904757647437
rw1686040,The Flying Scotsman (2006),4.5,3.9765235062645727
rw6355149,Durgamati: The Myth (2020),0.5,2.0726357472319563
rw1483365,V for Vendetta (2005),5.0,4.404565671610864
rw3321546,Limitless (2015–2016),2.5,2.7232863268606224
rw0485829,Star Wars: Episode II - Attack of the Clones (2002),4.0,3.9783510683112566
rw3398568,Dickson Experimental Sound Film (1894),3.5,3.1879643073024173
rw5311116,BoBoiBoy Movie 2 (2019),2.5,2.7708865284596182
rw3104894,Haider (2014),3.5,3.8626981641748417
rw1354068,Broken Flowers (2005),0.5,1.2440207576372746
rw6368977,In Time (2011),3.5,2.8817742703639393
rw1286984,Private Lessons (1981),3.5,3.2142631722367083
rw2191499,神鬼尖兵 (1999),4.5,4.288744271194145
rw2310928,Drag Me to Hell (2009),4.0,3.5846959715999414
rw0959388,Saw (2004),5.0,4.279590030940083
rw5780023,The House of Violent Desire (2018),0.5,2.2262688683888525
rw1108975,Young Winston (1972),3.0,3.3330900853819365
rw2076240,Pride and Glory (2008),3.0,2.7519407508744624
rw1431356,Easter Parade (1948),4.5,4.120996142172748
rw4169335,Chevalier (2015),3.0,3.3312577133830708
rw5610383,Katha Sangama (2019),4.0,3.489410670295449
rw3056663,Hachi (2009),5.0,4.346681944263515
rw2139277,The Chronicles of Narnia: Prince Caspian (2008),5.0,4.618305621244659
rw4372808,Live (IV) (2018),3.0,2.9346365517926603
rw1522476,Harsh Times (2005),0.5,1.2971102974912165
rw3635877,Mr. Church (2016),5.0,4.93567742735271
rw5465607,El Camino: A Breaking Bad Movie (2019),3.5,2.8130155378813626
rw1985316,Che: Part Two (2008),5.0,4.293071742630385
rw4136223,Riverdale (2017– ),4.0,4.337531064637814
rw3556523,Shamitabh (2015),2.5,3.2371804384615475
rw6394630,The Midnight Sky (2020),4.5,4.251600402015322
rw6323184,The Simpsons Movie (2007),4.5,3.715727054877077
rw1773574,The Golden Compass (2007),1.5,1.5400480648792079
rw3641615,The Americans (2013–2018),1.0,1.9216945931097797
rw2168411,Reign of the Gargoyles (2007 TV Movie),1.5,2.269822579990959
rw2738723,Tôshô Daimos (1978–1979),5.0,4.500134747606055
rw3868625,The Illusionist (2006),4.0,4.12719854378331
rw1691052,Battle Beyond the Stars (1980),5.0,4.271550649833426
rw2456984,The Company Men (2010),4.0,4.474930141609215
rw4403253,My Life as a Zucchini (2016),4.5,4.144443562206686
rw1042353,Ice Princess (2005),4.0,3.5078968562187276
rw2889784,Waar (2013),4.5,4.487272192221054
rw2705402,暮光之城：破曉2 (2012),5.0,4.4515020828938034
rw3595307,La La Land (2016),3.0,3.2147043671388578
rw1311301,House II: The Second Story (1987),3.5,3.4188217888492094
rw2174693,The Younger Generation (1929),3.0,3.4265151455234206
rw2023217,BloodRayne: Deliverance (2007 Video),0.5,1.8194099823679195
rw6342468,Intezaar (2020),4.5,4.203298637792502
rw6073022,After We Collided (2020),4.0,3.298367850219267
rw0184804,Excalibur (1981),5.0,4.903075073144182
rw0406217,In the Mood for Love (2000),4.0,4.51158430855852
rw3381894,Paper Towns (2015),4.0,4.110879427061508
rw6446874,La llorona (2019),3.5,3.3132407909687163
rw4808290,Avengers: Endgame (2019),5.0,4.131385568472975
rw3374308,Star Wars: Episode VII - The Force Awakens (2015),3.0,3.84192754590999
rw1083203,Unleashed (2005),3.5,3.4864778591049634
rw3275999,"It's the Easter Beagle, Charlie Brown! (1974 TV Movie)",2.0,2.082751601272876
rw3487478,Ace Ventura: When Nature Calls (1995),4.0,3.604264857150721
rw2377421,The Traveler (I) (2010),0.5,0.9921708205308635
rw1691377,Die Hard 4.0 (2007),0.5,1.5279548487774555
rw6104963,The Devil All the Time (2020),5.0,4.678294261692474
rw3360149,Gran Torino (2008),2.5,2.500984740909084
rw1104674,Hitch (I) (2005),1.0,1.7310820177312742
rw0797097,Elling (2001),4.0,4.5225395743090875
rw6021189,Stalker (1979),1.0,1.8557038124208114
rw5242751,Parasite (2019),4.0,4.522606855369261
rw0599743,Gladiator (2000),4.0,3.6771772640239755
rw1782569,Aaja Nachle (2007),4.5,4.330499002190485
rw1332116,Kidon (2005),4.5,3.6881876848697948
rw0690602,Halloween: Resurrection (2002),0.5,1.4383066167366005
rw1674469,Mr. Brooks (2007),4.0,3.477777329358281
rw2338074,Unstoppable (2010),2.0,2.6202197312020363
rw4129122,Phantom Thread (2017),4.5,4.271115920363507
rw2526589,The Baby (1973),4.0,3.84348390062185
rw5643154,Take Point (2018),4.0,3.733095736353013
rw4343707,Fallen Angel (1945),4.5,3.8211294128943476
rw0999874,The Last Emperor (1987),5.0,4.685496038027541
rw2904641,2 Guns (2013),3.0,3.0488239944557978
rw4068260,Money Heist (2017– ),1.0,2.033197961576904
rw1025845,Bride & Prejudice (2004),5.0,4.330492636922225
rw0548103,Children of the Corn V: Fields of Terror (1998 Video),1.5,1.9045933601857679
rw3459202,Star Wars: Episode VII - The Force Awakens (2015),2.0,1.6653613326329029
rw3479161,Ender's Game (2013),3.0,3.056995388053214
rw3658446,Canvas of Death (2016),0.5,1.0136462097797918
rw1360715,Star Trek: Insurrection (1998),3.0,3.129844551203913
rw2762434,Barb Wire (1996),1.5,1.9951706608584217
rw2406391,Se7en (1995),4.5,3.92731914140309
rw5059574,The Banana Splits Movie (2019),4.5,4.272192986561685
rw1881939,The Andromeda Strain (2008),0.5,1.8244162317589072
rw3147619,The Loved One (1965),5.0,4.4856759697890185
rw1370517,Dangerous Assignment (1952– ),4.0,4.105505356457085
rw1163024,Roller Boogie (1979),0.5,1.9624772935108437
rw3409350,Chhota Bheem Himalayan Adventure (2016),5.0,4.514900394287981
rw1502596,Jarhead (2005),1.5,1.787926665114706
rw6019933,2gether (2020),5.0,4.360101167962079
rw6276892,Soorarai Pottru (2020),5.0,4.412578785151629
rw0484334,Star Wars: Episode II - Attack of the Clones (2002),4.0,4.081999685682231
rw0354996,American Job (1996),2.0,2.136424962711641
rw5492409,Sanditon (2019),5.0,4.449151647365692
rw1157021,Supercross (2005),3.0,3.1716502916193874
rw2397284,Battle Los Angeles (2011),0.5,1.7215777752488932
rw0019618,Gone with the Wind (1939),5.0,4.973594228940833
rw2090015,Moon (2009),5.0,4.634614814574933
rw5643497,Paris est à nous (2019),4.5,3.936187662073639
rw2828286,Knick Knack (1989),4.0,3.574542055025627
rw1189600,Moog (2004),3.0,2.711521002892656
rw4788310,Escape Room (I) (2019),4.5,4.622037632954999
rw5303031,安眠醫生 (2019),5.0,3.7459380247727916
rw4276365,2nd class (2018),3.5,4.084282936644605
rw1453634,Night Stalker (2005– ),2.5,2.913346777753199
rw6146025,Apocalypse of Ice (2020),0.5,1.2167704277868965
rw1713027,Cidade de Deus (2002),4.5,4.041076164364627
rw4144738,The Walking Dead (2010– ),1.0,1.9627442825606185
rw2593859,First Knight (1995),1.0,1.2712583388501888
rw2158014,海盜電台 (2009),0.5,1.055549496701711
rw0878370,Freaky Friday (2003),4.5,4.441063736268328
rw3102109,End of the Line (II) (2007),4.5,4.198212839602968
rw1344092,Four Sided Triangle (1953),3.0,3.465743994110836
rw4270235,Raazi (2018),1.0,2.284182497495522
rw1101658,Saint Ange (2004),0.5,0.8140318854360649
rw2376396,The Tourist (I) (2010),4.5,3.8647058498027183
rw0336046,Clerks (1994),5.0,4.149340929838486
rw1789139,Atonement (2007),1.0,2.20319652623314
rw5401610,Psycho Pike (1992 Video),3.0,2.5927937566402335
rw0637469,"Crouching Tiger, Hidden Dragon (2000)",4.5,4.2381796129023215
rw0880365,Terror Toons (2002 Video),0.5,1.5042566949274487
rw4607458,Polar (I) (2019),4.0,4.054696262278659
rw2432462,Game of Thrones (2011–2019),0.5,1.6533675298532242
rw6408536,Coolie No. 1 (2020),0.5,1.657813535711202
rw2556992,The Mask (1994),3.5,3.320365721223946
rw1984859,Night of the Flesh Eaters (2008 Video),5.0,3.507990343974778
rw5958464,The Town That Dreaded Sundown (2014),4.0,4.133575393716348
rw5072902,Parivar (1956),5.0,4.949155118806741
rw0741357,Unfaithful (2002),5.0,4.883302074435182
rw1755815,Phantom of the Paradise (1974),4.0,4.113445752359893
rw2011559,Friday Foster (1975),4.5,4.214566174185915
rw4223425,Hounds of Love (2016),4.5,4.123109688621511
rw5669956,Hustle (2004–2012),3.0,3.309783044044487
rw5467619,The Exterminating Angel (1962),1.5,2.1254446215112224
rw3793062,Adam Had Four Sons (1941),2.0,2.573062261125754
rw2557362,Bad Teacher (2011),2.0,2.3820695438533614
rw4147821,Rampage (2018),5.0,4.5755280132849006
rw0652346,Secrets (1992),2.0,2.676374560120399
rw5053261,My Fair Lady (1964),4.0,3.5061859367814936
rw2207311,Transmorphers: Fall of Man (2009 Video),1.0,1.901293253860727
rw1129018,Fantastic Four (I) (2005),3.5,3.1814399923646044
rw1665852,Pirates of the Caribbean: At World's End (2007),5.0,4.809152558535732
rw4808789,Brave (2012),3.0,3.523331801514005
rw3618529,A Series of Unfortunate Events (2017–2019),4.5,4.534628599580813
rw2301536,L'appât (1995),3.5,3.5931307597790596
rw4555241,Bird Box (2018),3.5,3.246863756163504
rw1395295,Just Friends (I) (2005),3.0,3.268587794059728
rw5380406,You (2018– ),5.0,4.843328467800638
rw1717496,Lilies of the Field (1963),5.0,4.429431821979529
rw1700133,The Core (2003),3.0,3.333403713588847
rw1909447,The Shawshank Redemption (1994),5.0,4.591013584804738
rw0413984,Almost Heroes (1998),5.0,4.291015995057413
rw5764158,Snowpiercer (2013),4.0,3.4778146752687564
rw4929666,Electrick Children (2012),3.0,3.250835034711454
rw0874711,Big Fish (2003),5.0,4.135104246014963
rw5646923,Sweet Sunshine (2020),4.5,4.2821454438368995
rw6076531,Insomnia (2002),4.5,4.364568846199901
rw4612383,Bird Box (2018),2.0,2.996998255960087
rw3685316,Major Grom (2017),4.0,3.6885996455595484
rw1709771,Pee-wee's Big Adventure (1985),5.0,4.507418977407907
rw0055258,The Ladykillers (1955),4.5,3.663392361061518
rw3011331,Freeway (1996),5.0,4.315657028869261
rw2812266,Ringers: Lord of the Fans (2005),3.0,2.8724078866296905
rw5983156,The Boys (2019– ),5.0,4.563892376188684
rw1071225,Sasori in U.S.A. (1997),1.5,2.5095643340499505
rw4676252,Hirugao (2017),0.5,1.7680547210737103
rw1072847,Megalodon (2002 Video),0.5,1.4624133126811405
rw1765107,Enough (I) (2002),3.0,2.509200267536605
rw3870273,Back to School (1986),3.5,3.7351513081933208
rw1548795,Blood of a Champion (2005 Video),1.5,2.2517468487091863
rw5200859,El Camino: A Breaking Bad Movie (2019),5.0,4.8538521987156775
rw4264742,Skin Creepers (2018),3.5,3.7323350036218574
rw0582302,The Lord of the Rings: The Return of the King (2003),5.0,4.619173970582651
rw2227453,The Devil on Horseback (1936),3.0,3.2391809174941906
rw5425344,Mother! (2017),0.5,1.1994653248668454
rw6396829,The Midnight Sky (2020),2.5,2.673628057138669
rw3045072,22 Jump Street (2014),4.5,3.8188730405654385
rw1839515,Faded Dreams (2007),4.0,3.9316720275055728
rw3161186,魔法黑森林 (2014),4.5,3.923283091830868
rw4932058,X-Men: Dark Phoenix (2019),3.5,3.904412386156375
rw0246167,Leif (1987),5.0,4.171898368011874
rw1829289,Day of the Dead (2008 Video),4.0,3.540074368407403
rw4591888,A Star Is Born (2018),3.0,2.459146529292033
rw2060241,Se7en (1995),4.0,3.87118184712962
rw5255309,Batwoman (2019– ),3.0,3.334011265187332
rw2174034,屍樂園 (2009),4.0,3.751322338706795
rw4618301,Felix in Hollywood (1923),4.0,3.6621626846163013
rw2871853,Oz the Great and Powerful (2013),1.5,2.4221909682589096
rw6371946,Home Alone (1990),4.0,4.065065099002622
rw4917680,Kesari (2019),4.5,4.136219108564266
rw3375227,Bajirao Mastani (2015),5.0,4.596039376932588
rw2919615,Sooper Se Ooper (2013),2.5,2.384151041398437
rw0309269,The Last of the Mohicans (1992),5.0,5.0
rw4780176,"Ruben Brandt, Collector (2018)",5.0,4.528773382687178
rw0468487,Resident Evil (2002),2.5,2.5896710314246696
rw0203161,Never Say Never Again (1983),5.0,4.489139869469084
rw2898808,Captain Phillips (2013),4.5,3.2566451773606158
rw0003310,Hot Water (1924),3.5,3.808269492927783
rw3352875,With These Hands (1950),2.5,3.059171020011573
rw4438692,Rings (2017),1.0,2.3056704719047216
rw1916751,The Palm Beach Story (1942),5.0,4.8641155261614015
rw6015076,Pareeksha (2020),5.0,4.589884431538416
rw5607342,Danny Roane: First Time Director (2006),4.0,3.5189870506180694
rw4126886,The Last O.G. (2018– ),1.0,1.5311987283871022
rw1018136,Safe House (1998),5.0,5.0
rw5237883,The Game Changers (2018),5.0,3.914600641277328
rw2785734,The Lords of Salem (2012),4.0,3.458813949735565
rw3737171,Forrest Gump (1994),5.0,4.627988676763415
rw5212397,Parasite (2019),5.0,4.362539682912106
rw3614518,Burying the Ex (2014),3.0,2.8479946630536244
rw3694497,The Patience Stone (2012),3.5,2.968206026921609
rw2035128,American Drug War: The Last White Hope (2007),3.5,2.965333016555779
rw1005104,The Village (2004),5.0,4.556808953478566
rw1445412,South Park (1997– ),5.0,4.295584949673946
rw0536452,Nutty Professor II: The Klumps (2000),2.0,2.3179913755537584
rw3644033,The Great Wall (I) (2016),5.0,4.612460352772144
rw0113352,Quiet Days in Clichy (1970),0.5,2.156428459669269
rw5983272,The Butterfly Effect (2004),5.0,4.663965796256271
rw1706870,Run Ronnie Run (2002),1.5,2.238211107414277
rw4356914,The Good Cop (2018),5.0,4.458225500865785
rw1922812,Dad's Army (1971),5.0,4.764723732957803
rw1707654,Hobgoblins (1988),1.0,1.3491942577625766
rw1283905,Brokeback Mountain (2005),5.0,4.897182589668805
rw1764312,Vampire Hunter D (1985),4.0,3.9742995078337175
rw5807394,An Interview with God (2018),2.5,2.8098130751199393
rw1348851,Silent Hill (2006),4.0,3.8152296897443003
rw5788711,Knights of the Zodiac: Saint Seiya (2019– ),5.0,3.9640941848074474
rw2792475,Grave Encounters 2 (2012),1.5,1.8326714600201122
rw3507623,Frankenstein's Castle of Freaks (1974),3.0,3.090853550881799
rw5119722,Code of the Wild (2019– ),0.5,1.7774256130086379
rw4574949,Master of Arms (2018– ),5.0,5.0
rw3192342,"Two Days, One Night (2014)",5.0,4.321240450512674
rw3063224,Get on Up (2014),4.5,3.7784067654045863
rw4081288,Out of the Shadows (I) (2017),1.0,1.1564033180725715
rw2926874,House of Good and Evil (2013),0.5,1.5686683140775313
rw5357570,Masum (2017),4.0,3.835961657803107
rw5220303,I'm Not There (2007),2.5,2.3401125711442403
rw4233535,Moonlight (I) (2016),3.5,3.386722476416506
rw2327836,Despicable Me (2010),4.0,3.80726954048318
rw2931078,Frozen (I) (2013),5.0,4.640606104566528
rw3036060,Borgman (2013),3.5,3.234869578097002
rw2824363,The Lone Ranger (2013),2.5,3.1630816188595205
rw2347918,The Matrix Revolutions (2003),1.5,1.975838221994932
rw1419022,Syriana (2005),4.0,3.3224565853817163
rw3307833,Home (II) (2015),5.0,4.8378648296724975
rw1804247,Cloverfield (2008),0.5,1.360040881026431
rw6089971,Rent-A-Pal (2020),4.5,4.282332816188748
rw3849941,Singularity (I) (2017),0.5,1.1916006205067369
rw1199699,Elizabethtown (2005),4.0,3.995475598519863
rw4960342,Wonderful World (2009),3.0,3.424270828111971
rw4057716,Eye in the Sky (2015),2.0,1.8072064558230716
rw1528841,Dhoom 2 (2006),4.5,4.119176754199304
rw2011169,Slumdog Millionaire (2008),0.5,0.8632279272062542
rw5419978,Hero (III) (2019),2.5,2.553767596047365
rw3625663,The Walking Dead (2010– ),5.0,4.956436742271936
rw2789025,Iron Man Three (2013),3.5,3.456317683289432
rw3109848,The Last Will and Testament of Rosalind Leigh (2012),1.0,1.0252088489293674
rw0474693,U.S. Marshals (1998),3.5,3.2333403147763766
rw0329016,Sins of Desire (1993),3.5,3.238604205748744
rw0922421,Finding John Christmas (2003 TV Movie),4.0,3.805654612365303
rw4685447,Vikingane (2016– ),5.0,4.987480822738154
rw2495592,Gnomeo & Juliet (2011),4.5,3.796586031467886
rw2976496,300: Rise of an Empire (2014),4.5,3.9967742298484255
rw0454949,The Green Mile (1999),5.0,4.464247136494685
rw3747531,Baby Driver (2017),3.5,3.856796257745019
rw2516956,J. Edgar (2011),4.0,4.383828829950294
rw2137177,Scaramouche (1952),4.0,3.9321369496888763
rw3345958,The Man from U.N.C.L.E. (2015),4.5,3.6667995059926994
rw5660829,The Turning (2020),0.5,1.2489461096250185
rw0044454,The Day the Earth Stood Still (1951),5.0,4.870212274773725
rw2654468,Living with Wolves (2005 TV Movie),4.5,4.16111134824248
rw0228245,Weird Science (1985),3.5,3.752398904095719
rw3606078,Assassin's Creed (2016),2.5,3.2529534631488852
rw2039122,The Rocking Horse Winner (1949),3.5,3.289453055052607
rw3644439,Ransom (2017–2019),5.0,4.806499406326299
rw5981766,Bad Boys (1995),3.5,2.6327027142952226
rw0431067,Scream 2 (1997),5.0,3.0240182204295376
rw4991437,Spider-Man: Far from Home (2019),3.0,3.532783939075657
rw6426816,Jojo Rabbit (2019),4.5,3.922204800199047
rw0214773,Romancing the Stone (1984),4.0,3.7606365824078574
rw4523973,Zero (III) (2018),5.0,4.778010714891771
rw3596367,Spectral (2016),2.5,2.5492912426738963
rw4357837,The Gifted (2017–2019),5.0,4.952086027896464
rw1640932,Criminal Minds (2005–2020),5.0,4.003727125042341
rw3495081,Independence Day: Resurgence (2016),2.0,1.8643448838302337
rw2833413,The Grifters (1990),3.0,3.2735022288016213
rw6286361,Barbie Fairytopia: Mermaidia (2006 Video),4.5,3.9922149099578714
rw5031946,Rustum (2019),2.5,2.6955738487176344
rw3785181,Final Fantasy XV (2016 Video Game),4.5,4.31366962194498
rw4790107,Drunk Parents (2019),0.5,1.111983529525049
rw3341059,Dante's Peak (1997),4.5,3.8816358801289765
rw6437941,Suits (2011–2019),4.0,4.41968243380321
rw0156535,Suspiria (1977),5.0,4.652334139423027
rw5222604,A.I. Artificial Intelligence (2001),3.5,3.801388124220072
rw2181593,阿凡達 (2009),4.0,4.473033489466481
rw3191594,Code Name: K.O.Z. (2015),0.5,0.5774745461921533
rw0778780,Ice Age (2002),5.0,4.687429291180104
rw0740286,Life with Judy Garland: Me and My Shadows (2001),4.5,3.9658363640021097
rw5280631,Ready or Not (I) (2019),5.0,4.167307326768507
rw1044227,Kiki's Delivery Service (1989),5.0,4.1939609443685155
rw1764562,Let's Get Tough! (1942),2.5,2.9789930187498106
rw4107855,Black Panther (2018),5.0,4.150838108176333
rw6333377,Hillbilly Elegy (2020),3.5,3.7249447309887747
rw2602461,Smiling Along (I) (1938),3.0,3.051151283236198
rw3611793,Magpie (2014),3.5,3.3516957422482885
rw2180650,迷幻公園 (2007),3.5,3.344627803544602
rw4993907,Skyscraper (2018),3.0,3.001638172142936
rw3372423,Frontier (1935),2.5,2.4003546962571516
rw3383514,Before We Go (I) (2014),1.5,1.7498391043837163
rw5517321,Color Out of Space (2019),1.5,2.170071378385929
rw4520023,Travelers (2016–2018),5.0,5.0
rw5974436,Brave New World (2020),5.0,4.388927533704355
rw3427851,Zootopia (2016),4.5,4.3367426981596005
rw2363248,The Town (2010),4.0,3.9708004277756794
rw2509530,The Missouri Breaks (1976),2.5,2.6969979773880004
rw3033295,Only the Brave (2006),3.5,3.3031919467228734
rw2080468,He's Just Not That Into You (2009),2.5,2.716317325335673
rw2461685,Cyberbully (2011 TV Movie),4.5,4.379828446306419
rw1424061,What's Eating Gilbert Grape (1993),5.0,4.271567534557848
rw2741345,普羅米修斯 (I) (2012),3.0,2.722216341781988
rw4506818,Four Hands Menu (2018– ),4.5,3.875514475485211
rw2221742,Inuyasha (2000–2004),4.0,3.6842946862080024
rw3245265,Tomorrowland (2015),5.0,4.042172241059987
rw0790162,Wendigo (2001),5.0,4.071799530688225
rw3228799,Der ewige Jude (1940),0.5,1.7015832173006018
rw3680710,Rendition (2007),2.0,1.4653557429806021
rw4429334,Bravetown (I) (2015),1.0,1.8312599340760511
rw5581961,Paytakht (2011– ),4.5,4.817436443035052
rw5156526,小丑 (2019),5.0,4.1982242084254064
rw4972801,Agent Sai Srinivasa Athreya (2019),5.0,4.252806108418131
rw5483010,Blazing Saddles (1974),5.0,4.719560120651588
rw5311371,My Christmas Love (2016 TV Movie),2.5,2.6528760923471704
rw6248469,Planet of the Apes (1968),4.0,3.5936435421105166
rw2120855,Drag Me to Hell (2009),5.0,3.418403440368764
rw5053391,Spirited Away (2001),4.5,4.6325356086095075
rw4968568,Out of Blue (2018),1.0,1.747535407211787
rw3698683,The Space Between Us (I) (2017),3.0,3.322008393743717
rw3679098,Beauty and the Beast (I) (2017),4.5,4.359568332696412
rw0425714,Metroland (1997),5.0,4.623147355432579
rw0522523,Shakespeare in Love (1998),5.0,5.0
rw0304138,The Bikini Carwash Company (1992),5.0,4.38316356659532
rw4467231,God Friended Me (2018–2020),5.0,5.0
rw1261247,Vanishing Point (1971),5.0,4.32601340568207
rw3567372,The Girl on the Train (2016),3.5,3.7866424280428364
rw5220684,31 (2016),2.0,2.714258170871911
rw1742323,Time Out (2001),2.5,2.3843624665938843
rw3701225,Forrest Gump (1994),5.0,4.466922083470759
rw2031123,Almost Blue (2000),4.0,3.7263305854716626
rw2895874,Kick-Ass 2 (2013),3.5,2.8554728289945754
rw3179802,Project Almanac (2015),3.0,2.703934424425924
rw0482657,Star Wars: Episode I - The Phantom Menace (1999),4.5,3.742726111182588
rw3007790,Mothra (1961),3.0,3.067671782151212
rw1949145,The Best Years (2007– ),5.0,5.0
rw5845195,Floor is Lava (2020– ),4.5,3.604187839778759
rw3221087,The Voices (2014),5.0,4.254986420177575
rw6051655,Agramon's Gate (2019),5.0,4.617843645317583
rw0878868,Jackass: The Movie (2002),5.0,4.707247201210014
rw3510649,Kuroko's Basketball (2012–2015),4.5,5.0
rw3361320,Inside (2007),4.0,3.6676317183302727
rw5932335,Dil Bechara (2020),5.0,4.640394956409617
rw0545128,The Legend of Bagger Vance (2000),4.5,4.083177299447209
rw4542685,Simmba (2018),0.5,2.0731977523548797
rw0201063,Geek Maggot Bingo or The Freak from Suckweasel Mountain (1983),0.5,1.5227686097840178
rw1497115,The Texas Chainsaw Massacre: The Beginning (2006),1.0,1.778776922954201
rw5463892,Mr. Robot (2015–2019),5.0,4.531868307309127
rw1443630,For Love of the Game (1999),5.0,4.819436884387563
rw6341157,The Undoing (2020),2.0,2.6687212250016916
rw3069238,Hoe Tem Je Een Draak 2 (2014),5.0,4.662948713926905
rw0496334,Shrek (2001),4.0,3.8285740286312624
rw5654092,The Final Project (2016),1.0,1.4938860942183871
rw4331535,John Wick (2014),5.0,4.15480105284085
rw5072972,The Snowman (2017),4.0,3.501515621620277
rw1750186,Why Did I Get Married? (2007),5.0,4.7179484307213055
rw3001200,Bears (I) (2014),4.0,3.400117008494901
rw2792225,Hider in the House (1989),3.5,3.767533884146217
rw2934914,Judge Dredd (1995),3.5,3.57693851313017
rw3475825,Knock Knock (I) (2015),3.5,3.821334120650667
rw1404446,Superman Returns (2006),5.0,4.712121850547264
rw0455053,The Green Mile (1999),4.0,4.2355193339014505
rw4995092,Keeping Up with the Joneses (2016),2.5,3.132956659026381
rw5538577,The Rat (II) (2019),5.0,4.584020532194516
rw2042264,Taboo (1999),4.0,3.9870490675628245
rw2228408,Scoop (2006),3.5,2.8495409513004715
rw4698421,Gone with the Wind (1939),5.0,3.9927379413345574
rw4303929,Frankenweenie (1984),3.5,3.2879307428496287
rw5557262,The Day After Tomorrow (2004),5.0,4.159515343955093
rw0186026,Halloween II (1981),2.5,3.2922102188237083
rw2228979,How to Train Your Dragon (2010),5.0,4.2107694758817065
rw2499542,Inception (2010),1.5,2.484704031143422
rw5701528,City of Dreams (2019– ),3.0,3.0648077881750453
rw1791047,The Murder Game (2003– ),3.5,3.5978721987785454
rw6244654,Hangman (II) (2015),0.5,1.9823478947407442
rw4235919,The Outpost (2018– ),5.0,4.095775445255017
rw5591515,Big Town After Dark (1947),2.5,2.6914908016339085
rw0909024,"I, Robot (2004)",4.0,3.9748861400475164
rw5518239,Columbus (I) (2017),1.5,1.9295379893751534
rw1336969,House of the Dead 2 (2005 TV Movie),1.5,2.2665795045695294
rw5750059,White Lines (2020),3.0,2.6547056439606918
rw1443069,They Live (1988),5.0,4.307567215879874
rw2359448,Jim Jefferies: I Swear to God (2009 TV Special),5.0,4.30877121662764
rw1835978,Stay Alive (2006),1.0,0.532615531585932
rw1623596,Mystery Science Theater 3000: The Movie (1996),3.0,2.7898941078404014
rw3223636,Transformers (2007),2.0,2.1288779763051027
rw5238092,Gamer (2009),3.5,3.963046788339481
rw5763782,Shaka Laka Boom Boom (2000–2004),4.0,4.058999653826551
rw3105013,Godzilla (I) (1998),1.5,1.6569925572866635
rw4575726,Kickboxer: Retaliation (2018),3.0,3.336537011924655
rw3417655,Vinyl (2016),1.5,1.7822831767433909
rw2932938,Dredd (2012),3.0,3.3140097416209295
rw6005347,Tiny Creatures (2020– ),0.5,2.09340775478276
rw5428470,Talladega Nights: The Ballad of Ricky Bobby (2006),4.5,4.011488893024219
rw1235257,"The Chronicles of Narnia: The Lion, the Witch and the Wardrobe (2005)",5.0,4.8635958264315144
rw1280862,The Last of the Blonde Bombshells (2000 TV Movie),5.0,4.510467871152599
rw3324877,The Strain (2014–2017),1.5,1.7586804948760995
rw4706578,Cleaning Up (2019– ),4.0,3.735630000968438
rw4318747,Geetha Govindam (2018),0.5,0.9718216368182562
rw1531562,Mystic India (2005),3.5,4.07605046755012
rw6426201,Battles Without Honor and Humanity: The Complete Saga (1980),4.0,4.18646775334825
rw0148558,The Message (1976),5.0,4.369733593060638
rw2780386,Jack Reacher (2012),0.5,1.1998193956804628
rw5746955,S.W.A.T.: Under Siege (2017),3.5,3.936969922581711
rw3178797,Jupiter Ascending (2015),3.5,3.714420874112839
rw4664665,The Imitation Game (2014),5.0,4.662152199281871
rw5962846,Holy Hell (2016),3.5,3.3195363445787374
rw2309083,The Other Guys (2010),3.0,3.4652049188555454
rw2942250,White Collar (2009–2014),5.0,4.588046148974579
rw3762232,The One I Love (2014),3.0,2.943509032033226
rw0641019,Get Over It (2001),4.5,3.6013100541049505
rw1728301,Blades of Glory (2007),3.5,3.147560759793927
rw0867006,Battlestar Galactica (2003),5.0,4.202036084615011
rw3662797,47 Meters Down (2017),5.0,4.406271262881291
rw4548638,Aquaman (2018),5.0,4.781733050805144
rw4345886,Solo: A Star Wars Story (2018),4.5,4.221086884149344
rw0891036,Hollywood Homicide (2003),2.5,2.546258299591595
rw5429438,Aliens (1986),4.5,4.111869521738421
rw2755974,Rajneeti (2010),4.0,3.644999446633339
rw3807134,Incendies (2010),4.5,4.5142421861960305
rw6257015,A Very Charming Christmas Town (2020 TV Movie),4.0,4.152955626313552
rw2935691,Paranormal Activity: The Marked Ones (2014),4.0,3.4445988762205397
rw0508744,The Matrix (1999),5.0,4.1267593237675015
rw1309819,Jarhead (2005),3.0,3.170506893322834
rw2602349,Shoot the Moon (1982),4.5,4.523692176541267
rw4717091,Baywatch (2017),3.5,3.069392345512243
rw3094140,Outlander (2014– ),5.0,4.995767761581785
rw5921917,Greyhound (2020),4.5,4.228411538006723
rw4033339,Jim Jefferies: Freedumb (2016 TV Special),4.5,4.041731728602315
rw5809422,Ad Astra (2019),1.0,1.8316925336546197
rw1244916,Unknown World (1951),1.0,1.0971653462883308
rw5410388,His Dark Materials (2019– ),3.5,3.672815257862849
rw3324607,Get Rich or Die Tryin' (2005),3.0,3.417110241608079
rw6122523,London Confidental (2020),5.0,4.291994675801273
rw4584125,Star Wars: Episode VIII - The Last Jedi (2017),4.5,4.4066723582469125
rw0964832,Crooklyn (1994),2.5,2.097440765580019
rw1966950,What a Girl Wants (2003),3.5,3.586852411002794
rw5700915,The Dirty Dozen (1967),3.0,3.1784569544858017
rw4090576,The Lady Is Willing (1934),2.5,2.832534514548312
rw0871157,Cidade de Deus (2002),4.5,4.529134770897105
rw4350715,Jurassic World: Fallen Kingdom (2018),3.5,3.8236037968683743
rw3379229,The Revenant (2015),5.0,4.829679746214728
rw0097718,The Graduate (1967),5.0,4.338745950999802
rw4426429,Hunter Killer (2018),0.5,2.2252262288985163
rw0279959,Cry-Baby (1990),1.5,1.6579629356309702
rw2480547,La casa muda (2010),3.0,2.792822626628484
rw5116417,9/11 (2017),2.0,2.343507597896086
rw3641196,Zootopia (2016),2.5,3.083057916952275
rw1909956,Room 36 (2005),4.0,4.218026549243831
rw2355074,Burlesque (I) (2010),4.5,3.9524375121288062
rw5377672,The Pianist (2002),5.0,4.704245368081263
rw2424305,I Am Number Four (2011),1.0,1.624937573565788
rw0514151,The Siege (1998),3.5,3.6456097075118077
rw6346094,The Crown (2016– ),3.5,2.82833821293771
rw3185716,The Karate Kid (2010),4.5,3.889947147533278
rw2301838,Charlie Chan in Shanghai (1935),3.5,3.244871781517947
rw0663856,The Contender (2000),3.5,3.10657017438323
rw5588468,The Usual Suspects (1995),2.0,2.105173790781018
rw1773777,Lou Grant (1977–1982),2.0,2.467197575683742
rw1921202,Tout va bien (1972),4.0,3.7974832452900613
rw5729590,Weathering with You (2019),3.5,3.654787768905993
rw2118526,V for Vendetta (2005),2.5,2.6245341894015968
rw3397163,Brave (2012),5.0,4.527927727130705
rw2246652,The Last Thakur (2008),2.5,2.8675665397241494
rw4009255,A Shadow World (2015),0.5,2.0580357567187963
rw5844033,Dead of Winter (1987),2.0,2.1516533667074365
rw2699857,Extinction: The G.M.O. Chronicles (2011),2.0,1.7860131291836638
rw4163859,The Greatest Showman (2017),4.0,3.997781311713835
rw2282363,Blood Cult (1985 Video),3.0,2.9130393572167144
rw2729678,Brute Force (1947),4.0,3.7751344331059076
rw4701853,Leaving Neverland (2019),0.5,1.489690296487216
rw1205008,Team America: World Police (2004),4.5,4.035391094795868
rw6374127,Justice League (2017),2.5,2.598136602871984
rw4655741,In Like Flynn (2018),3.0,2.908771330061902
rw5913065,2001: A Space Odyssey (1968),4.5,4.092262410638707
rw5472789,Insatiable (2018–2019),5.0,4.88860340769296
rw1439063,The Brave (1997),1.5,2.443130413879935
rw2347697,The Room (2003),2.5,3.3176215208019695
rw0533540,The World Is Not Enough (1999),4.0,3.6350462158253354
rw6439065,It's a Wonderful Life (1946),5.0,4.451759279144023
rw0730223,Die Another Day (2002),4.5,3.9564276336764657
rw5746869,Guardians of the Galaxy (2015–2019),4.5,3.822617008705822
rw0861273,Hitters (2002),5.0,4.46374425801838
rw0135391,The Front Page (1974),3.0,3.281361556502647
rw3116302,Teenage Mutant Ninja Turtles (2014),2.5,2.5891614139245434
rw6331870,Bob Lazar: Area 51 & Flying Saucers (2018),1.0,1.8104657326521523
rw3401855,The Ten Commandments (1956),4.5,3.9298545290689235
rw6175302,Wedding Crashers (2005),4.0,3.631906558282138
rw4306329,Call Me by Your Name (2017),5.0,4.433369082947606
rw4604161,Suits (2011–2019),5.0,4.4755942619707945
rw6262227,Paranormal (2020– ),3.5,3.576373177911701
rw1565692,"Hamlet, Prince of Denmark (1980 TV Movie)",3.0,3.216832915180881
rw5900735,Greyhound (2020),2.0,2.3287330516791855
rw3406194,R'ha (2013),2.0,2.1445570642515848
rw2056521,"Oh, Mr. Porter! (1937)",4.0,3.7604026635848617
rw6219961,The Queen's Gambit (2020),4.5,4.0318932541677945
rw1960941,Appaloosa (2008),3.5,3.433632088942863
rw0583294,The Lord of the Rings: The Return of the King (2003),5.0,4.812295264136083
rw0722997,Bridget Jones's Diary (2001),5.0,4.317345257000565
rw6323364,Sher Dil (2019),5.0,4.68580242510879
rw5424320,Hancock (2008),2.5,2.5795912451797802
rw3577269,Genius (2016),4.5,4.551912274232955
rw0404288,Apt Pupil (1998),5.0,4.596643780317479
rw4572742,Incredibles 2 (2018),4.0,3.913977253463231
rw2558292,Screamers: The Hunting (2009 Video),0.5,0.6980007022203298
rw3243249,Tanu Weds Manu Returns (2015),5.0,3.9473899636487233
rw0753219,Scary Movie 2 (2001),0.5,0.5499567211976877
rw5029622,Thor: The Dark World (2013),3.0,3.2927776726279943
rw4897033,Valerian and the City of a Thousand Planets (2017),1.5,2.4257379559748244
rw5753124,NCIS (2003– ),5.0,5.0
rw4137927,A Quiet Place (2018),2.5,2.989068264231739
rw1219964,The End of the Affair (1999),5.0,4.778644506364074
rw1383083,Conspiracy Theory: Did We Land on the Moon? (2001 TV Movie),5.0,4.18035165906247
rw6402590,The Midnight Sky (2020),1.5,2.111682212767737
rw4232319,Shooter (I) (2007),2.0,2.7679608236548185
rw1529754,Monster in a Box (1992),4.5,3.9201655692210067
rw6214135,Uncut Gems (2019),1.5,2.029059118110371
rw4731198,Thriller (1960–1962),5.0,4.174051628042616
rw0005199,The Cameraman (1928),5.0,4.601202205390503
rw1270890,High School Musical (2006 TV Movie),1.5,1.753760577387122
rw1339903,American Dreamz (2006),3.0,3.6132278251669705
rw4477110,The Christmas Chronicles (2018),5.0,4.869569748991397
rw0394723,Scream (1996),5.0,4.4293844043813815
rw1492607,The Big Lift (1950),4.5,4.360087099894577
rw1966965,War of the Worlds (2005),3.5,3.5418002572941614
rw5902517,The Old Guard (2020),4.0,3.91858490220232
rw5460372,The Da Vinci Code (2006),3.5,3.665030847693579
rw1349585,As Good as It Gets (1997),4.5,4.307919252106794
rw5484404,The Will (2020),5.0,4.5098508943350195
rw2581002,The Flying Squirrel (1954),4.0,3.5695354350236252
rw3628443,The Fall (I) (2013–2016),4.0,4.040650280161791
rw4364860,Tag (I) (2018),4.5,3.872809818613045
rw1442642,Pirates of the Caribbean: Dead Man's Chest (2006),1.5,1.4939173021163903
rw6126600,500 Days of Summer (2009),4.5,4.802418421890416
rw1627993,Severance (2006),3.0,3.0378564036831537
rw4892276,Stronger (I) (2017),2.5,3.389348475566679
rw5666293,Rosemary's Baby (1968),4.5,4.231312972818497
rw3049609,Dawn of the Planet of the Apes (2014),4.5,3.941180079729567
rw3350992,Spectre (I) (2015),2.0,2.6658723057414555
rw4839131,Captain Marvel (2019),3.0,3.131109166302522
rw3594764,Santo in the Hotel of Death (1963),2.0,2.5428085637620077
rw6197894,Strangers at the Door (2017),0.5,1.2065631297835266
rw3146393,Santa Claus (1959),4.0,3.920669767629926
rw5702832,Mrs. Serial Killer (2020),5.0,4.600389132351232
rw0448310,"A Cool, Dry Place (1998)",2.5,3.0023723898127486
rw4970695,The Man Who Killed Don Quixote (2018),0.5,1.6616029419993035
rw1464894,Tank Girl (1995),4.0,4.581987266690314
rw2210508,All About Eve (1950),4.5,4.299242803996181
rw2049052,Cry-Baby (1990),2.5,2.6397187649503255
rw5114542,The Man from Earth (2007),0.5,1.6527419201011582
rw1708980,The House Without a Christmas Tree (1972 TV Movie),5.0,4.038458983427202
rw0478413,X-Men (2000),4.5,4.229006122532548
rw2813904,This Is the End (2013),0.5,0.8165656867861304
rw5132358,Rambo: Last Blood (2019),1.0,0.5
rw2788477,Dredd (2012),2.0,2.7509413136613303
rw0793438,The Scorpion King (2002),4.0,3.7594476896342743
rw4948170,Jinn (2019– ),4.5,3.70763723456325
rw2052675,The Fast and the Furious: Tokyo Drift (2006),1.0,1.829429732115427
rw1089360,The Big Stuffed Dog (1981 TV Movie),3.5,3.6250552862223184
rw3265517,Lava (2014),1.0,2.242817344994919
rw3688562,Entertainment (2015),2.5,2.5968712481616407
rw5903821,The Old Guard (2020),5.0,4.552004102665082
rw1133797,November (I) (2004),3.5,3.6830977090412524
rw0985630,Swades (2004),5.0,4.8696919818904005
rw0153576,The Mighty Peking Man (1977),4.5,3.4648343795176038
rw2610407,The Graduate (1967),4.0,4.327560891437168
rw2858510,Lucky Night (1939),5.0,4.379725062100768
rw0174564,The Day After Trinity (1981),3.5,3.653003258237744
rw6163766,Abhay (2019– ),5.0,4.23821189756902
rw2470077,Cowboys & Aliens (2011),4.0,3.3816330591117145
rw0370402,Se7en (1995),5.0,5.0
rw1661004,Apocalypto (2006),2.0,1.3928803594159682
rw2958999,The Wolf of Wall Street (2013),4.5,3.833109196976727
rw1675292,American Nightmare (2002 Video),4.5,3.651453310306716
rw3187163,Fifty Shades of Grey (2015),3.5,3.529769827569459
rw1100030,Mr. & Mrs. Smith (1941),2.5,2.9406438359582125
rw5958154,Deep Blue Sea 2 (2018 Video),1.0,2.2323201217299458
rw5835681,Inspector Gadget (1999),3.5,3.718756605972047
rw5525111,Wonderland (2013–2015),5.0,4.9648599305554315
rw2381502,Attack on Darfur (2009),1.0,2.13938399145138
rw5414626,Giri/Haji (2019),2.0,2.0020947903066295
rw2934175,The Hobbit: The Desolation of Smaug (2013),1.0,2.125379208013503
rw4823126,The Wandering Earth (2019),2.0,2.7557291975440403
rw0088601,A Charlie Brown Christmas (1965 TV Movie),5.0,4.835185728022872
rw6212093,The Little Vampire 3D (2017),5.0,3.795284351898239
rw1406431,Entourage (2004–2011),5.0,4.1355248315759265
rw0574393,The Sum of All Fears (2002),4.0,4.153952607750684
rw0879254,Laws of Attraction (2004),2.5,2.5076531826804107
rw2251298,Vicky Cristina Barcelona (2008),3.5,3.1338917897128864
rw1295734,Final Destination 2 (2003),4.0,3.10470829172797
rw1599325,毀滅戰士 (2005),1.0,1.8786481885453494
rw0304794,Braindead (1992),3.5,3.379667748286681
rw3577954,Scars of Dracula (1970),3.5,2.7901477670643375
rw2048630,Baghead (2008),1.0,1.63808482687245
rw1320306,L'enfant secret (1979),5.0,4.942452766959436
rw4561255,Shanghai Surprise (1986),1.0,2.3455616854756265
rw0904156,Two Brothers (2004),0.5,1.7140737920276867
rw4296986,Dinosaur (2000),5.0,3.939092278223314
rw6273327,Soorarai Pottru (2020),5.0,4.469587445867192
rw1855644,De erfgename (1949),4.5,3.8230474982562894
rw6017578,Flesh (2020),5.0,4.1980531852239125
rw1549080,Sideways (2004),1.0,1.86647312063783
rw5210666,Tales of Found Footage (2019),0.5,1.8443301688125808
rw2382671,Mumbai Diaries (2010),4.5,4.327529968775451
rw1729208,The Broken Hearts Club: A Romantic Comedy (2000),3.0,2.9813353194670142
rw4486371,Reunited at Christmas (2018 TV Movie),0.5,0.927176810734359
rw3412391,The Comedians (1967),4.5,3.632619436113965
rw0639181,"O Brother, Where Art Thou? (2000)",4.5,4.104486854850906
rw5857185,Eurovision Song Contest: The Story of Fire Saga (2020),3.5,3.720084624371346
rw4183514,The Graduate (1967),4.0,3.8826292195230288
rw5250346,The Fighter (I) (2010),4.0,3.643824309156583
rw4481049,Mirzapur (2018– ),4.5,4.327687388844572
rw4099840,Death Wish (2018),1.5,2.5812584509628937
rw2042065,In Bruges (2008),5.0,4.467802437718534
rw0247445,Moonstruck (1987),5.0,4.713110321808113
rw3354662,500 Days of Summer (2009),5.0,4.802408829363809
rw6450812,Sherlock (2010–2017),4.5,4.22947361997119
rw2785081,The Croods (2013),3.5,3.9720803651589325
rw1822727,Lilly Turner (1933),3.5,3.9607120265287894
rw1977786,Anaconda 3: Offspring (2008 TV Movie),0.5,1.2890395370850998
rw2378098,Plan B (I) (2009),5.0,3.9960640450879645
rw4691837,ImMATURE (2019– ),5.0,4.604254171399355
rw5033711,Quarries (2016),3.5,3.2572668146885206
rw5107286,Blade Runner 2049 (2017),3.5,3.5468632327883043
rw2221976,Green Zone (2010),3.5,3.1134550606848928
rw4117331,The Terror (2018– ),4.5,4.030670473462773
rw0738876,Asterix & Obelix: Mission Cleopatra (2002),4.0,4.059143405441826
rw1497728,Titanic (1997),2.0,2.4597080058708567
rw3600931,REC (2007),3.0,2.4997734063875114
rw3664302,Chasing Leprechauns (2012 TV Movie),4.5,4.9544087362635
rw5797267,Collision Earth (2020),0.5,1.8613391850016638
rw4201102,Nancy (2018),3.5,2.7421836730790874
rw4179136,The Leftovers (2014–2017),5.0,4.304795972918193
rw1361318,Final Fantasy VII: Advent Children (2005),2.0,2.3343199839032374
rw3395802,Seventh Son (I) (2014),0.5,1.6591439733497693
rw2462113,Mal día para pescar (2009),3.5,3.183571223478502
rw1985733,The Happening (2008),1.0,1.1724353757615438
rw0802543,My Little Eye (2002),3.5,3.7949303981623297
rw0764913,Basic (2003),3.5,3.57473964439419
rw4936411,Jinn (2019– ),3.0,2.972009627610351
rw4835696,The Dark Side of the Sun (1988),3.0,3.435372216374785
rw1315836,Tutti i colori del buio (1972),4.5,4.160129554631366
rw2878923,This Is the End (2013),1.0,1.205866976115359
rw6264094,Poison (2019– ),5.0,3.940155516756173
rw0444310,Being John Malkovich (1999),5.0,3.872698846386791
rw0075498,Something Wild (1961),4.5,4.0983903371692945
rw4440848,Bohemian Rhapsody (2018),5.0,4.853210991033246
rw0538680,Spider-Man (2002),4.0,3.770594287999694
rw5305867,國王 (I) (2019),2.5,2.875138001084952
rw4724373,Triple Frontier (2019),3.0,2.944022484640686
rw5811035,BlacKkKlansman (2018),4.0,3.802127757726206
rw3849561,13 Minutes (2015),2.5,2.8381180078172275
rw3465991,The Avengers (2012),5.0,4.438976617955679
rw6078171,Train to Busan (2016),4.5,3.968586808406984
rw3014308,The Bag Man (I) (2014),4.0,3.5058573859926323
rw5093245,Heat (1995),5.0,4.513916964901762
rw0163352,Shalimar (1978),5.0,3.9441027375700592
rw0529659,Mind Games (1998 TV Movie),1.5,2.3805817246311385
rw4301098,Mission: Impossible - Fallout (2018),4.5,4.448320471023974
rw0059959,12 Angry Men (1957),5.0,4.945050520050122
rw3035894,The Client (2011),3.5,3.514329051019068
rw0103463,Night of the Living Dead (1968),4.5,3.9068461300115582
rw1254983,King Kong (2005),3.0,3.0034598459920865
rw3803839,War for the Planet of the Apes (2017),4.5,4.125976162659606
rw6101014,Pets United (2019),0.5,1.673881976658913
rw3772798,Valerian and the City of a Thousand Planets (2017),4.0,3.9800612358074643
rw1825791,Mou gaan dou II (2003),3.5,3.514065576388316
rw2136849,Observe and Report (2009),2.0,2.6164120275368408
rw5834711,Space Force (2020– ),5.0,5.0
rw5236645,Sunset Blvd. (1950),5.0,3.7907845390248234
rw0554038,Screwed (2000),4.0,3.2714056595664367
rw2550483,The Adventures of Tintin (2011),4.0,3.8961085169429883
rw6084952,Uncle Tom (2020),5.0,4.800184393601471
rw4144407,Avengers: Infinity War (2018),5.0,4.023545748918575
rw6332787,Vikings (2013–2020),5.0,4.665024556911547
rw0767235,Murder by Numbers (2002),3.0,3.2035337749549235
rw0326888,The Piano (1993),3.5,3.501438512463189
rw2088434,The Freakmaker (1974),2.0,2.567578377618622
rw4774244,Dexter (2006–2021),4.0,3.7141390449709895
rw3460669,Nina (I) (2016),4.0,4.170849823711235
rw2536810,Mission: Impossible - Ghost Protocol (2011),2.0,2.5823132498214414
rw3264622,Slap Shot 3: The Junior League (2008 Video),1.5,1.8196866289790479
rw2764314,Sound City (2013),5.0,4.291978500459478
rw6203260,Prison Break (2005–2017),1.0,2.35945635113278
rw5759148,Giri/Haji (2019),2.0,2.06515931711339
rw5724109,Monsters (2017 Video),4.0,3.3724683915407416
rw5211178,The Lighthouse (I) (2019),5.0,4.350597769273501
rw1769347,Beowulf (2007),3.0,3.1624229105178934
rw4014896,Mother! (2017),5.0,4.052245197917036
rw5698242,Hollywood (2020),4.0,3.338266880584838
rw4191878,Shadowhunters (2016–2019),5.0,4.629690791734471
rw1011587,Thirteen Days (2000),2.5,3.282435398271171
rw6031338,Flesh (2020),5.0,4.595197546144478
rw5422720,Soundtrack (2019),5.0,4.3752504593410215
rw4375197,In the Heart of the Sea (2015),4.0,3.662435212371639
rw3747517,Ghost in the Shell (2017),1.0,1.8553408190994038
rw0075663,The Two Little Bears (1961),1.5,2.643271903205526
rw3630657,K-Shop (2016),3.5,3.357630592338945
rw0287827,Rosencrantz & Guildenstern Are Dead (1990),5.0,4.657846495380902
rw5221139,Sleeping with the Enemy (1991),5.0,3.8304317086199893
rw3059509,Wow! Wow! Wubbzy! (2006–2010),1.5,0.7335559784399517
rw4480918,The Dark Knight Rises (2012),3.5,3.052087700206486
rw3229189,The Count of Monte Cristo (1934),3.0,3.40756867525208
rw3868200,Nails (I) (2017),3.0,3.179149895627533
rw3596359,Office Christmas Party (2016),4.5,4.168461336961789
rw0071933,Never on Sunday (1960),3.0,3.3316486628332678
rw5259050,Love Is Blind (I) (2019),1.5,2.091921486812411
rw6221826,The Long Hair of Death (1965),4.5,3.768952433742743
rw0258201,Grave of the Fireflies (1988),5.0,3.943981515254148
rw4227906,The Bad Sleep Well (1960),2.5,3.23077033617318
rw0212472,Satomi hakken-den (1983),5.0,3.939684289338232
rw0931777,Kill Bill: Vol. 2 (2004),5.0,4.37523903012059
rw1048257,Million Dollar Baby (2004),0.5,1.9490058264445185
rw2376852,Mumbai Diaries (2010),2.0,2.499056011607281
rw0071250,The Virgin Spring (1960),4.5,4.010734540078203
rw5000111,TRON: Legacy (2010),5.0,4.514425257948615
rw3063208,Get on Up (2014),3.5,3.4731213272222234
rw1483377,The Proud Ones (1956),4.5,3.8206875266533062
rw3168526,鳥人 (2014),3.0,3.5803975270724955
rw1851228,The Kite Runner (2007),3.0,3.1585782138528393
rw2978915,White Chicks (2004),4.0,3.1974987680760294
rw5959280,Un ticket pour l'espace (2006),3.5,3.5994084201325984
rw5849161,Eric Andre: Legalize Everything (2020 TV Special),2.5,2.6897475488103106
rw2556672,Jail (2007– ),4.0,4.130826209262488
rw2283448,The Book of Eli (2010),3.0,2.664198586713608
rw4147933,Riverdale (2017– ),4.0,3.87917211544695
rw5065214,The Hateful Eight (2015),2.0,2.4936790471236785
rw0894189,Troy (2004),3.0,3.4948793392367543
rw1645702,Gangs of New York (2002),4.5,4.514696355667055
rw6033945,Nocturnal Animals (2016),4.5,4.036792829556768
rw2268323,The Crazies (2010),1.0,1.1988685301551225
rw5484449,World Famous Lover (2020),4.0,3.2851619982335087
rw3650445,Moonlight (I) (2016),3.5,2.8501226604751744
rw5206999,The Hole in the Ground (2019),2.5,2.0246607249269015
rw2541083,A.N.T. Farm (2011–2014),0.5,0.7660283663252523
rw5897010,The Old Guard (2020),4.0,3.4383665163707686
rw3561692,Midnight in the Garden of Good and Evil (1997),3.5,3.5146699458983464
rw3081792,The Killing (2011–2014),3.5,3.529365972767653
rw5786530,Once Upon a Time... In Hollywood (2019),4.5,4.298714914473616
rw1742286,Dr. Giggles (1992),2.5,2.5451195016982533
rw0292132,Cape Fear (1991),3.5,3.5608857240861065
rw3048946,G.I. Joe: Retaliation (2013),0.5,1.6806215086702223
rw4375216,The Killing of a Sacred Deer (2017),1.0,2.43237797597267
rw1820965,The Truth About Cats & Dogs (1996),3.5,3.59013849518273
rw5669380,Parasite (2019),5.0,4.04121007475638
rw0863205,The Cat in the Hat (2003),3.5,3.7304855290260295
rw5616996,Jackson Durai (2016),5.0,4.10762026818465
rw0506309,Wing Commander (1999),2.0,2.0532330389799145
rw5602821,Sketchy Behaviour (2019 TV Movie),5.0,4.372873509991382
rw1782697,Enchanted (2007),4.0,3.9846952613995574
rw6165443,Firewood (2019),4.0,3.9021867056637847
rw5059875,Rocko's Modern Life: Static Cling (2019 TV Movie),1.0,1.9091770663046919
rw4641198,Wonder Woman (2017),3.0,2.9104172154441934
rw3198298,Warpaint (2012),1.0,2.2491538755377585
rw2288979,John Adams (2008),4.5,4.110772711095725
rw0475339,Velvet Goldmine (1998),5.0,4.988541821082392
rw0583732,The Lord of the Rings: The Return of the King (2003),4.5,3.838878192292327
rw5196114,Steel Country (2018),4.0,4.230386157144103
rw6228570,Nicole (2019),5.0,4.164104551225753
rw2267845,Boot Camp (2008),5.0,3.9082960483460276
rw5401391,Klaus (2019),1.5,2.3190554776320975
rw0812652,Once Upon a Time in Mexico (2003),5.0,4.414333680919186
rw3805691,Slightly Daffy (1944),3.5,3.482510205803092
rw3689269,iBoy (2017),3.0,2.1791244204101905
rw6355981,The Reagans (2020– ),0.5,1.9137166302016877
rw4458942,The Price of Everything (2018),3.0,3.361213544268652
rw4041360,Freak Show (2017),4.0,3.3663397000216437
rw5968584,Black Is King (2020),5.0,4.5984195425754235
rw2774575,Big Fish (2003),1.0,2.5290786588708447
rw6328783,Tesla (I) (2020),0.5,1.7917948310462466
rw4346942,American Made (2017),5.0,4.097952978358804
rw4255847,The Dark Tower (2017),4.0,3.5234609213128563
rw6070290,Children of Men (2006),5.0,4.9521173077945635
rw1681748,Ladies in Retirement (1941),3.0,2.76836397334519
rw5376887,Pirate Radio (2009),2.5,3.0022334500167487
rw0245265,Wings of Desire (1987),5.0,3.911082734679398
rw2760649,Huang jia shi jie (1985),4.0,3.854917547348205
rw5717133,Swallow (I) (2019),1.0,1.9734741430848546
rw1261174,Conflict (1945),3.5,3.1852125718473405
rw3150966,White Collar (2009–2014),5.0,3.605461353204168
rw4188151,Mike and Dave Need Wedding Dates (2016),3.0,3.0745666841283628
rw5540650,Miss Congeniality (2000),3.5,3.203476126582987
rw6155284,Star Wars: Episode VIII - The Last Jedi (2017),2.0,2.3867948879385525
rw5085172,Blade Runner 2049 (2017),4.5,4.243170434980814
rw2674212,Somewhere (2010),0.5,1.3078875908248855
rw4457866,Leningrad (2009),0.5,2.3947552597568196
rw6190325,The Visit (I) (2015),4.5,4.504814998292707
rw2358065,TRON: Legacy (2010),3.5,2.760763790035621
rw1157931,Bloody Wednesday (1988),2.0,2.9922520530179346
rw3304980,Pixels (2015),4.0,4.036423943185049
rw0732257,Donnie Darko (2001),4.5,3.5648172776171037
rw3325134,Pan (2015),2.5,2.9265888132726987
rw1513327,Should Men Walk Home? (1927),3.0,3.321337753293284
rw0334678,Ava's Magical Adventure (1994),1.5,1.9872870138248384
rw5444562,Kissed (1996),2.5,2.375275487205035
rw5384837,The Grudge (2020),3.5,3.119008811894839
rw5653388,Changeling (2008),2.5,2.4624430554500965
rw1814602,Undersea Kingdom (1936),4.0,3.694237197604268
rw4973143,The Dark Tower (2017),4.5,3.6644476653765787
rw4138887,The Death of Stalin (2017),4.5,4.172132078447876
rw4801828,Dragonheart 3: The Sorcerer's Curse (2015 Video),3.0,3.191938533926244
rw2308146,Tobacco Road (1941),4.0,3.1365066446224437
rw2190209,十誡 (1956),2.5,3.032291159165542
rw4775394,A Quiet Place (2018),4.5,4.052593096556181
rw6172661,Breakaway (2011),4.0,3.8434276559747107
rw2977767,Anchorman 2: The Legend Continues (2013),2.0,2.297453676621803
rw1589972,Murder-Set-Pieces (2004),2.0,2.7617436151281374
rw0813406,Signs (2002),5.0,4.33527374112985
rw4727303,Furious 6 (2013),2.5,2.7826214869191364
rw6172232,Red Sonja (1985),4.0,3.7772143183947664
rw0687910,Original Sin (2001),2.0,1.706292467401647
rw5532909,Villain (I) (2020),5.0,5.0
rw4584144,Sex Education (2019– ),3.5,2.780354607680356
rw4331195,Filmworker (2017),1.0,2.0335151578457626
rw1095056,Cinderella Man (2005),5.0,4.593658986651386
rw6001769,La dernière vague (2019– ),3.0,3.4319350876829287
rw5376044,Cats (2019),1.0,1.3106785718668275
rw4943257,Monster (VIII) (2019),4.0,4.660760487525577
rw4716621,After the Thin Man (1936),3.5,3.152805900574211
rw1782828,Behind Enemy Lines (2001),3.0,3.06155255790793
rw1721234,Akutoreizâ (1990 Video Game),5.0,4.032051870721487
rw1873078,A Esteticista (2005),4.0,3.55630272734701
rw6219540,I'm Thinking of Ending Things (2020),0.5,0.9748346723296892
rw2713767,The Way (I) (2010),4.0,4.467357791991874
rw4086628,Love Per Square Foot (2018),3.0,2.8140970552951536
rw6014561,Bandish Bandits (2020– ),1.0,2.1783379533119183
rw2412064,Blindness (2008),4.5,4.288210046969429
rw4222760,Incredibles 2 (2018),4.5,3.8914986785121015
rw3198678,Parallels (I) (2015),4.5,4.108018214004236
rw4298278,Last Man Standing (2011– ),5.0,5.0
rw5373853,Gordon Lightfoot: If You Could Read My Mind (2019),3.5,3.268330149780915
rw3878617,Possession (1981),0.5,1.0024329633453055
rw3003197,The Tomorrow People (2013–2014),5.0,4.54562510316738
rw1099948,Song of the South (1946),4.0,3.5414194841276037
rw1901699,L: Change the World (2008),1.0,1.9457283693935126
rw5668567,Another Life (2019– ),1.5,2.397537494809187
rw3006369,Let's Kill Uncle (1966),3.0,3.1105037572404055
rw3452006,Desk Set (1957),3.5,3.4035186049461568
rw0450638,Eye of the Beholder (1999),4.5,4.096014053458297
rw3055204,The Monuments Men (2014),3.0,3.064918997945565
rw4244997,Suburban Commando (1991),3.5,3.790870192652544
rw2602549,Captain America: The First Avenger (2011),0.5,1.1186392650581007
rw1219883,Derailed (I) (2005),0.5,1.3259406000094454
rw2162435,The Most Wonderful Time of the Year (2008 TV Movie),2.5,2.7393274814711064
rw0459198,The Lord of the Rings: The Fellowship of the Ring (2001),0.5,1.1316841005090033
rw4218187,Avengers: Infinity War (2018),3.5,3.475257941312769
rw3656094,Moonlight (I) (2016),4.0,3.9490530506447743
rw2142162,Diary of a Madman (1963),4.0,3.92867910369581
rw0282496,Goodfellas (1990),5.0,4.26220442575802
rw3592958,Frost/Nixon (2008),5.0,4.490435187163728
rw1373798,Arabela (1979– ),5.0,4.405645528839095
rw4513525,My Christmas Prince (2017 TV Movie),0.5,0.8566213676101908
rw0228472,Year of the Dragon (1985),5.0,4.299928775332413
rw1973210,It's a Wonderful Life (1946),5.0,4.38712789104498
rw3340403,Dudes & Dragons (2015),5.0,4.548861936744131
rw2454799,Gallipoli (1981),3.5,3.0598957794847363
rw3877068,He Walked by Night (1948),4.0,3.9926722738356393
rw4627058,If Beale Street Could Talk (2018),0.5,2.4459931411351166
rw1213597,Azumi (2003),4.0,3.3706244227015034
rw2340046,Chairman of the Board (1998),2.5,2.697364700359223
rw3629411,Lion (2016),4.5,4.481426564993825
rw5915776,Given (2019– ),4.5,4.549270016134943
rw3010392,The Amazing Spider-Man 2 (2014),4.0,3.9370258732038135
rw3111893,Rango (2011),1.0,1.769467148821081
rw2729153,Shira: The Vampire Samurai (2005 Video),4.0,2.906335947953812
rw5392050,Messiah (2020),5.0,4.147845133285452
rw3078290,Mad Money (2008),3.5,3.4947756761767956
rw1918024,The Dark Knight (2008),1.0,2.4997451839071196
rw1634368,Baron Prásil (1962),5.0,4.440678443053454
rw1647590,Vacancy (2007),2.5,2.275808070939536
rw5414367,Haunt (I) (2019),5.0,4.731552668161168
rw1983713,Mumbai Meri Jaan (2008),4.5,4.382652379042262
rw2487374,Setup (I) (2011),0.5,1.194126441396234
rw4338305,Bleach (2018),5.0,4.457833570553306
rw2388653,Dalaw (II) (2010),2.0,2.4270210408020905
rw1477311,Analyze This (1999),4.0,3.7350337909560687
rw5410389,Tanhaji: The Unsung Warrior (2020),4.0,3.6524916589978687
rw5091552,Trollied (2011–2018),4.0,3.678591463171176
rw0141555,Hester Street (1975),5.0,4.569870060910695
rw2296711,Into the Blue 2: The Reef (2009 Video),1.0,2.315551300910735
rw2169389,Tiger Bay (1959),4.5,4.495259323475768
rw3735282,Hollywood Homicide (2003),2.0,1.695289690628251
rw5987660,Gunjan Saxena: The Kargil Girl (2020),0.5,1.396960202695197
rw0800512,Mr. Deeds (2002),0.5,1.0348083530848937
rw5665042,The Willoughbys (2020),2.0,2.846820775737624
rw1948298,The Sound of Music (1965),3.5,3.350488844903094
rw4642630,The Final Wish (2018),5.0,4.158957609690257
rw3649334,Complete Unknown (2016),3.5,3.2733231851563955
rw0201612,The Hunger (1983),4.5,3.987349755335294
rw3737668,The Last Man on Earth (2015–2018),5.0,4.145323769966046
rw3323185,The Primary Instinct (2015),4.0,3.435927664105329
rw4706532,Absentia (2017– ),3.5,3.896316953848685
rw0736722,Ali (2001),5.0,4.794727246288929
rw1093244,Tae Guk Gi: The Brotherhood of War (2004),4.5,4.236011165331497
rw5422680,Bad Boys for Life (2020),5.0,4.41098159323937
rw4981944,Toy Story 4 (2019),4.0,3.807364460863885
rw4545629,Cargo (2013),3.0,3.1749327377018983
rw6419059,Coolie No. 1 (2020),0.5,1.9065319401560432
rw1808317,Lost in Beijing (2007),2.5,2.459024707202037
rw1896347,I Am Legend (2007),2.5,2.931498180487681
rw5378288,Messiah (2020),1.5,2.3578058854736748
rw4435031,Venom (2018),4.5,4.500634112834508
rw1207011,Saw II (2005),4.0,3.505415621866038
rw4385472,Await Further Instructions (2018),2.0,1.6547715682656745
rw2287819,Trust (1990),5.0,4.680126390844429
rw4784266,The Killer Next Door (2018),0.5,1.8264856256581175
rw6097584,Kilink: Strip and Kill (1967),3.5,3.194607399074942
rw0084859,Dr. Devil and Mr. Hare (1964),4.0,3.772536965709529
rw5652200,Seed of Chucky (2004),5.0,4.699334655498919
rw5382266,Fractured (I) (2019),4.0,3.9180393560344555
rw1489039,Call of Duty 2 (2005 Video Game),4.5,4.0112407702307245
rw0070581,Can-Can (1960),2.5,2.599753538976609
rw0633827,Birthday Girl (2001),4.5,4.796514871392212
rw3476293,Attack the Block (2011),4.0,3.671932111967096
rw2220296,American Radical: The Trials of Norman Finkelstein (2009),4.5,4.0224026897661025
rw5416874,Grave of the Fireflies (1988),4.5,4.758160904742819
rw4549373,The Quake (2018),2.5,2.376358786622121
rw2413043,Return from the Ashes (1965),2.5,2.65588395809381
rw4256205,The Kissing Booth (2018),1.5,1.9066727945607438
rw2641570,Un homme qui crie (2010),3.0,2.9638095286090334
rw2381436,Blue Valentine (2010),2.0,2.351270056662686
rw1197262,Nudity Required (2003),4.0,4.113341841767955
rw2318202,Machete (2010),4.5,3.5675465853817228
rw0103004,"Live a Little, Love a Little (1968)",4.0,3.758391288939654
rw3828313,"Just, Melvin: Just Evil (2000)",5.0,4.531391391767523
rw5475295,The Upside (2017),4.5,4.502885279522202
rw4298757,Hereditary (2018),0.5,0.8650036911924719
rw5433156,The Dead Lands (2020– ),4.5,4.254725303332079
rw5459331,NBA 2k19 (2018 Video Game),3.5,4.205672972919686
rw2146157,Defying Gravity (2009),5.0,4.311790744663033
rw0410185,"Crna macka, beli macor (1998)",4.5,4.363487913316769
rw6117983,Messiah (2020),5.0,4.508146092323022
rw2359778,True Grit (2010),3.5,3.5858123675463274
rw3271590,I'm Not Racist... Am I? (2014),1.0,2.3671806493574072
rw4517007,"Le ventre, notre deuxième cerveau (2014 TV Movie)",4.0,4.091923689724797
rw3302668,Hot Pursuit (2015),1.0,1.6717739978840438
rw5806550,Friday the 13th Part III (1982),3.5,3.083184893106276
rw3747195,Rocktober Blood (1984),4.0,3.5581465564113923
rw2911266,RamLeela (2013),2.5,3.563516358281568
rw1961734,Indiana Jones and the Kingdom of the Crystal Skull (2008),1.0,1.8042066215167873
rw3760115,The Children's Hour (1961),5.0,4.529763831377785
rw1662652,Bug (2006),2.5,2.514344355163094
rw4773926,Il venditore di morte (1971),2.5,2.971086583876959
rw1050290,Closer (I) (2004),5.0,4.115235070108512
rw2954896,Gravity (2013),4.5,3.908783038845165
rw2456434,The Devil Diamond (1937),2.5,2.7186324671292996
rw5470826,Rogue One: A Star Wars Story (2016),4.0,3.678338827359248
rw3374164,Star Wars: Episode VII - The Force Awakens (2015),3.0,2.6802705098573316
rw0956059,The Motorcycle Diaries (2004),4.5,4.542167806868079
rw3426263,Emelie (2015),2.5,3.462735571034031
rw5948488,You Me Her (2016– ),4.5,4.0831718572752935
rw0984398,The Rundown (2003),5.0,4.528763225723762
rw2411638,Your Highness (2011),3.5,3.590884866928656
rw1760264,Frostbitten (2006),2.0,1.9768449050600907
rw1596571,Who's Minding the Store? (1963),5.0,4.756779293796829
rw0539822,Stigmata (1999),5.0,4.235245853895096
rw2601540,Skeleton Man (2004 TV Movie),3.0,3.220201025328501
rw3525329,Luminarias (1999),1.5,2.349537790063696
rw0453749,Godzilla (I) (1998),0.5,1.6605463042846667
rw0123973,High Plains Drifter (1973),5.0,4.112491660778287
rw1526001,Blind Beast (1969),3.0,3.2973260768497537
rw0797684,The Good Girl (2002),5.0,4.23426051195827
rw5929305,Cursed (2020– ),1.0,1.2767640431518146
rw1234423,Trainspotting (1996),4.5,4.179686269404424
rw1716833,Woodstock (1970),5.0,4.548448486659105
rw2029273,The End of Poverty? (2008),5.0,4.192934131796926
rw0272377,Listen to Me (1989),0.5,1.1931548460187726
rw0195291,My Favorite Year (1982),0.5,2.044729080969548
rw5003913,Spider-Man: Far from Home (2019),2.5,2.4547634787204924
rw5735110,Beastie Boys Story (2020),4.5,4.068622598571667
rw2995443,Andre (1994),1.0,2.603340114829502
rw2549028,Ghostbusters (1984),4.0,4.256502610132084
rw1575228,Black Christmas (2006),2.0,1.1162582355610509
rw5316010,Kedi (2016),3.5,3.7940260113826536
rw5582338,The Platform (2019),4.0,3.821799022783641
rw1323352,River's Edge (1986),4.0,3.5307861741986306
rw4067383,The Hunted (I) (2015),1.0,2.1209265116842615
rw4053275,My Secret Valentine (2018 TV Movie),4.0,4.5598812451694295
rw0662961,Snatch (2000),1.0,2.377539671633627
rw5513006,My Hero Academia: Heroes Rising (2019),5.0,4.739228609850017
rw1991432,The Seven Little Foys (1955),3.5,3.751518453221017
rw4781595,Black Summer (2019– ),5.0,4.44989916820421
rw1574007,Perfume: The Story of a Murderer (2006),3.5,3.4391718238584907
rw1723854,Wrong Turn 2: Dead End (2007 Video),5.0,4.210921598914899
rw5629822,Frozen II (2019),4.0,3.990870399065173
rw1783900,The Golden Compass (2007),0.5,0.9925416352161789
rw4309444,The Kissing Booth (2018),0.5,1.1424573156122744
rw5921791,Saigon (1947),2.0,2.608886829176676
rw0648951,Kikujiro (1999),4.0,3.719806767836812
rw6375141,Aquaman (2018),0.5,1.804319126747262
rw4533774,Downsizing (2017),2.0,2.5036658919691037
rw3127593,Noah (2014),4.5,3.80966059200843
rw4574250,Let's Be Evil (2016),3.0,3.1964382613367373
rw4196985,Bates Motel (2013–2017),4.0,3.8721735180035157
rw0167359,The Great American Girl Robbery (1979),5.0,3.6503221650877546
rw2810814,House of Dark Shadows (1970),5.0,4.559392541078481
rw0099901,You Only Live Twice (1967),2.5,2.6660091124402845
rw4188967,Veere Di Wedding (2018),5.0,3.6341765347149284
rw2799251,Star Trek Into Darkness (2013),0.5,1.5524734695519415
rw4388469,Taking Earth (2017),4.0,3.737122611069745
rw1495481,Link (1986),4.0,3.382785567297686
rw6399142,Teen Spirit (2018),0.5,0.6976156866179251
rw5797322,Crocodile Dundee (1986),4.0,3.9863158104126004
rw5564505,The Lady Vanishes (1979),2.5,2.6453055135004724
rw0910846,Avellaneda's Moon (2004),3.5,3.825950741940349
rw0340880,Immortal Beloved (1994),3.0,3.2203082979840585
rw5093060,Murder on the Orient Express (2017),2.0,2.329956641694119
rw4629884,Purl (2018),0.5,1.756025947835065
rw2841987,Fullmetal Alchemist: Brotherhood (2009–2012),5.0,4.971967740656188
rw4263320,A Sniper's War (2018),0.5,1.8505169739385114
rw2366922,Irresistible (2006),1.0,1.7907797862752557
rw5490962,Avenging Angel (1985),3.0,3.3732785159230314
rw0681568,Enemy at the Gates (2001),4.5,3.5800646398259683
rw5094070,Emelie (2015),0.5,1.5505320937026774
rw5732687,Uri: The Surgical Strike (2018),5.0,4.936098484412115
rw3294325,Cinderella (I) (2015),0.5,1.2844408232680902
rw5579291,Shrek 2 (2004),3.0,2.7580511332370805
rw0931357,Kill Bill: Vol. 2 (2004),4.5,3.471053914631417
rw3206285,A Million Ways to Die in the West (2014),5.0,4.7162178222440225
rw6072132,Mulan (2020),4.0,3.577944653594485
rw3713214,The Fate of the Furious (2017),3.5,4.231010706663352
rw5625007,Freaks (2018),3.5,3.2907548681854126
rw2079099,The Many Faces of Zorro (2000 Video),5.0,3.9581686279800192
rw1355145,Indecent Proposal (1993),0.5,1.004423785447624
rw0548816,Show Me Love (1998),5.0,5.0
rw2478402,Chained for Life (1952),3.5,3.257617827451545
rw6164666,Mr. Church (2016),5.0,4.8505929440863795
rw4071776,Umberto D. (1952),4.0,3.704862106700509
rw1529808,Going Overboard (1989),2.0,2.5529614655502937
rw3070823,Bears (I) (2014),3.0,2.9288786764630896
rw5589177,Love in the Afternoon (1957),0.5,1.31946867128224
rw4669704,Nobody's Fool (2018),4.0,3.7766890356214065
rw2942816,The Bunglers (2012),5.0,4.165146275580391
rw6042633,Love Leads the Way: A True Story (1984 TV Movie),4.5,4.749773990062276
rw4981147,Texicanas (2019– ),5.0,5.0
rw4131414,Black Panther (2018),5.0,4.64461394882597
rw1890039,À l'intérieur (2007),4.5,4.124184163143158
rw1976893,Election (1999),4.0,4.044901986235302
rw1294715,Fingersmith (2005),4.5,4.05249872999668
rw5115518,Mission Over Mars (2019– ),5.0,4.006531860208968
rw6374681,Holidate (2020),4.0,4.397969997184524
rw5662768,For the Weekend (2020),4.0,4.505770335822511
rw2580841,Black Magic (1992 TV Movie),4.0,3.772435340707673
rw3124852,Corpse Bride (2005),4.0,3.6762337176143034
rw0185049,First Monday in October (1981),5.0,4.370665998461762
rw3467961,24 (I) (2016),5.0,4.81047646133938
rw6043882,Parasite (2019),5.0,4.588607682468792
rw1300509,Dante's Peak (1997),2.5,3.3727371193746625
rw0347215,Texas Chainsaw Massacre: The Next Generation (1994),5.0,3.9164600517596524
rw6057508,Goodfellas (1990),5.0,5.0
rw4742320,The Invisible Guest (2016),5.0,4.60274956285713
rw4479742,"Paul, Apostle of Christ (2018)",4.5,4.308354772289025
rw4776170,Black Summer (2019– ),3.5,3.364379650564189
rw3572929,Lost Treasure (2003),2.0,2.6901021990938894
rw1934516,The Hunting Party (2007),3.5,3.3853516874919674
rw1314960,Fright Night (1985),4.0,3.938152059036046
rw1817014,The Savages (2007),4.5,4.001668313983416
rw1143709,Charlie and the Chocolate Factory (2005),4.0,3.7154536928191213
rw6248582,The Queen's Gambit (2020),4.5,4.371676922814316
rw4548524,Star Trek II: The Wrath of Khan (1982),2.0,2.0791473291365374
rw1806885,In the Woods (1999),0.5,1.219975682281051
rw6175272,Banshee (2013–2016),5.0,3.5124368677893485
rw4576212,Red Sparrow (2018),4.0,3.875265602243213
rw5888703,Eyes Wide Shut (1999),2.0,2.0796842850441104
rw6294627,Mud (2012),3.5,3.210187678899634
rw0267266,Bill & Ted's Excellent Adventure (1989),4.0,3.8402892645329527
rw1589765,The Texas Chainsaw Massacre: The Beginning (2006),2.5,2.9830968434885476
rw0943869,He Knows You're Alone (1980),4.5,4.098263920392077
rw4387897,Tian sheng chang ge (2018),4.5,3.9823872682170354
rw3076084,City of Ember (2008),3.0,3.3669452304770857
rw2422167,Sapho (1917),2.5,3.524577269860922
rw2072770,Bridge to Terabithia (2007),4.0,3.934740386741492
rw4933955,Killing Eve (2018– ),4.5,4.644221110702183
rw3532088,Pandemic (2016),2.5,3.1262745976112467
rw2350263,Due Date (2010),3.0,3.442266788604002
rw4629879,The LEGO Movie 2: The Second Part (2019),5.0,4.662970878431462
rw0284412,Jetsons: The Movie (1990),5.0,3.9945707899773355
rw6385185,Braven (2018),0.5,1.4977135955237029
rw4342767,The Guardian (2001–2004),2.5,3.200824234910621
rw2347419,Fatal (2010),4.5,4.147472563579592
rw1425336,Pandora Machine (2004 Video),3.5,3.023199553628417
rw1784072,Taare Zameen Par (2007),4.0,4.102593624175541
rw3169395,鳥人 (2014),4.0,3.732187394266187
rw4414753,The Super (2017),0.5,1.1431561739838596
rw2098004,Ice Age: Dawn of the Dinosaurs (2009),3.0,3.1775588593173514
rw4500556,Scorched Earth (2018),2.5,3.1924398146326265
rw5810333,Dumplings (2004),4.0,3.7403243947944698
rw1760658,The Stuff (1985),3.0,3.274593986210985
rw4300482,Ex Libris: New York Public Library (2017),3.0,3.5315809969729908
rw2940435,Silent But Deadly (2011),0.5,0.8734104258572915
rw4071718,Shakespeare in Love (1998),2.5,3.02365833317039
rw2620692,Running Free (1999),3.0,3.4568617645799176
rw2981295,Diamonds Are Forever (1971),3.5,3.443080522408034
rw2815261,Flame & Citron (2008),4.0,3.6750638204368915
rw0550801,Office Space (1999),4.0,3.6743351235638446
rw0623673,All About My Mother (1999),5.0,4.5566716584393685
rw4335848,Grizzly Man (2005),3.5,3.264297096651084
rw4658738,Alita: Battle Angel (2019),5.0,4.0835867459969375
rw2859193,Longmire (2012–2017),5.0,4.282503907673352
rw4004411,Spliced (2009– ),5.0,4.24982109021836
rw0817766,Now You Know (2002),4.5,4.2593883705053655
rw4679147,The World's Best (2019),2.0,2.9355391511647286
rw4002858,Star Wars: Episode VIII - The Last Jedi (2017),4.0,3.8339466793349892
rw2631031,The Ghost Writer (2010),4.0,3.5815486583370775
rw1278674,Lifeboat (1944),4.0,3.7859987725103927
rw0121465,Cabaret (1972),5.0,4.398206289969052
rw5308023,Shootout at Wadala (2013),4.5,3.974217245856554
rw5768817,Uncivilized (2020),5.0,4.833246522149522
rw5426875,The Mandalorian (2019– ),5.0,3.9545184353874534
rw5881018,Bloodshot (2020),2.5,2.5856902080644417
rw2395154,The Wages of Fear (1953),4.0,3.252722703053186
rw4991270,The Lion King (2019),5.0,4.582652996097805
rw6283645,"Love, Simon (2018)",5.0,4.629103932740759
rw5332962,The Barbarians (1987),2.5,2.981848502079134
rw6435857,The Minimalists: Less Is Now (2021),2.5,3.4240568550034194
rw4717161,Alita: Battle Angel (2019),4.5,4.309264076685569
rw1552120,The Monroes (1966–1967),3.0,2.981982095841946
rw1565642,Night at the Museum (2006),4.5,4.099821045480209
rw4594099,The Beautician and the Beast (1997),5.0,4.307834927071356
rw5497278,Ghostbusters: Answer the Call (2016),0.5,1.9144130682345966
rw4671847,First Reformed (2017),5.0,4.300037396404251
rw5647996,Leprechaun (1993),1.5,2.933229875375962
rw2840697,Memento (2000),5.0,4.775361408182989
rw6324541,Paths of Glory (1957),5.0,4.670474534769374
rw3874906,The Good Doctor (2017– ),3.0,2.930778253786194
rw5682683,The Chosen (2017– ),5.0,4.464325152860319
rw4753842,Us (II) (2019),1.0,1.9972577848804316
rw1862023,Blood Simple (1984),4.0,3.91060260413974
rw3636340,Singam 3 (2017),5.0,4.511966123437649
rw3263629,Strange Magic (2015),5.0,5.0
rw4243566,High School 911 (2016),4.5,4.4771339899181335
rw6012910,The Pearl of Death (1944),2.5,2.788410537565478
rw4631923,Everlasting (2016),4.5,4.04350068289176
rw5220991,Psycho (1960),4.5,4.132493115515836
rw2616264,Film socialisme (2010),0.5,1.755773461256687
rw5219568,Watchmen (2019),1.5,1.8781023532317622
rw0533481,The World Is Not Enough (1999),0.5,1.2609746447240586
rw3439408,Batman v Superman: Dawn of Justice (2016),3.5,3.590384217067359
rw1805453,Is Everybody Happy? (1943),2.5,2.7077649131212174
rw3352630,Oz the Great and Powerful (2013),4.0,3.3055695019892553
rw0272080,Lethal Weapon 2 (1989),3.0,3.778976880151033
rw2243253,Clash of the Titans (2010),3.0,2.8428058442262976
rw5056775,Shi ba ban wu yi (1982),4.5,4.14808279929686
rw4428862,The Hobbit: An Unexpected Journey (2012),2.5,2.4560190551663696
rw0391442,Mojave Moon (1996),1.5,2.5828144173962526
rw2514094,Simon Boccanegra (1998 TV Movie),3.0,3.104751606497631
rw2260713,Avatar (2009),4.5,4.224877304122699
rw1901422,Wanted (2008),2.5,3.038447314706975
rw5409718,Chhapaak (2020),0.5,1.0702029221275078
rw5953794,Frontier(s) (2007),3.5,3.691635138812356
rw5275655,Frozen II (2019),5.0,4.9677868958332345
rw3350189,Goldfinger (1964),4.5,4.1066801055806765
rw1038165,The Ladykillers (2004),0.5,2.005728840686942
rw0851501,Anger Management (2003),0.5,1.0246000647205507
rw2772322,Ghostbusters II (1989),4.0,4.133823593608818
rw2673839,Pure Country 2: The Gift (2010),0.5,1.5547161339039084
rw1704425,Harry Potter and the Order of the Phoenix (2007),3.0,3.579326890178551
rw3313931,Mountains of the Moon (1990),5.0,4.458134264172751
rw0023272,Blondie in Society (1941),4.5,4.153309954409561
rw6425117,The Last Narc (2020– ),5.0,4.462500931890824
rw3268228,Incendies (2010),3.5,3.7836156356163784
rw6098394,The Watermelon Woman (1996),1.5,2.9531763489652274
rw0913856,"Martha, Inc.: The Story of Martha Stewart (2003 TV Movie)",4.0,3.514463409588521
rw0116391,Duel (1971 TV Movie),4.5,3.7064367762041672
rw2727255,Terror Train (1980),4.0,3.9806578942563506
rw3776148,Jezebel (1938),3.5,3.5960485659644172
rw1671595,Love at First Bite (1979),4.0,3.451158306455643
rw0267716,Casualties of War (1989),3.5,3.1906506634381997
rw3555680,Bananas (1971),3.5,3.520410684994744
rw5421409,Britannia (2017– ),4.0,3.7741585566955047
rw6420754,Pose (2018– ),3.0,2.9949048644881797
rw2569178,Band of Outsiders (1964),4.0,3.5077040641787334
rw4303853,Margarita 2 (2018),5.0,3.058761068665162
rw6075426,Raised by Wolves (2020– ),4.5,4.214568249519874
rw0005489,Plane Crazy (1928),4.0,3.7916707220141377
rw6129554,Once Upon a Time in Anatolia (2011),0.5,1.0464747341216087
rw2345019,Prince of Players (1955),3.5,3.4797364266112227
rw0027460,Saboteur (1942),3.5,3.596222033940008
rw3416859,In Absentia (2000),2.0,2.9021876035645384
rw5627837,Genius at Work (1946),5.0,4.328094679392515
rw1213389,Strange Days (1995),4.0,4.445913619551748
rw0049502,Jeopardy (1953),4.5,4.194873998586604
rw5853496,The Expanse (2015– ),1.0,1.23175397226419
rw4701693,Eighth Grade (2018),4.0,4.079429753201786
rw0525454,Cruel Intentions (1999),0.5,1.4220312877555048
rw4194633,Mulan (1998),4.5,3.963465257933749
rw1569920,Six Feet Under (2001–2005),1.5,2.507648918527686
rw1244813,Lone Wolf McQuade (1983),2.5,2.454591926872875
rw5697073,I.Q. (1994),3.0,3.0975100440279713
rw0378127,Bad Moon (1996),4.5,3.84885628341185
rw4560411,Mary Poppins Returns (2018),4.0,4.212897950249994
rw2531412,Hugo (2011),0.5,1.0772766032046461
rw4150058,The Stepford Wives (1975),3.5,3.0987554936650388
rw3072514,Captain America: The Winter Soldier (2014),2.5,2.8239475140764783
rw4786974,Van Helsing (2016– ),2.5,2.341408928843452
rw1762679,The Protector (I) (1998),2.0,2.801198778734108
rw3545318,The Peanuts Movie (2015),4.0,3.7950549586991413
rw1587058,Rocky Balboa (2006),5.0,4.5698429388909325
rw3595406,Vegucated (2011),4.0,3.7544663343481237
rw5070057,Blood and Bone (2009),5.0,4.755650216964232
rw2148398,The Last Resort (I) (2009),0.5,1.7082484054891838
rw0957718,The Incredibles (2004),5.0,3.6948087666854716
rw4436449,Under The Wire (2018),5.0,4.094618297617939
rw1562842,The Devil's Rejects (2005),0.5,1.344688441509898
rw5245565,The Tick (2016–2019),5.0,4.092278062564446
rw3768628,The Witch's Curse (1962),2.5,2.7265991642096363
rw3218780,Locke (2013),2.5,3.2339593526171435
rw4197970,Lost River (2014),1.0,2.0732355827656983
rw1320700,Fingersmith (2005),4.5,3.6891075988922704
rw1138931,Zombiez (2005 Video),0.5,1.2840198224997237
rw4601203,Smallville (2001–2011),5.0,4.40629574220596
rw5001343,Thru the Mirror (1936),4.5,4.109675625006058
rw2551839,Killer Elite (2011),1.0,2.3311508543547177
rw2092850,Midnight Caller (1988–1991),3.5,3.125615862098659
rw0134214,Busting (1974),2.5,2.72243001694269
rw5139221,The Dead Files (2011– ),0.5,1.9401425994929382
rw3397451,The Hateful Eight (2015),4.0,4.249122732641778
rw1045582,Thelma & Louise (1991),4.5,4.2144568778876055
rw1009427,The Rocky Horror Picture Show (1975),5.0,4.491394573257749
rw5101555,Pain and Glory (2019),3.5,3.942395330233312
rw5129466,One Cut of the Dead (2017),4.5,3.5588747613462197
rw4521705,The Olympic Champ (1942),3.0,3.281198843517749
rw2752706,3D食人魚 (2010),3.0,2.85881842208852
rw5257447,Lady and the Tramp (2019),4.0,3.5074686582029386
rw1955853,An American Carol (2008),5.0,4.241291570761073
rw4179386,Get Shorty (2017– ),3.5,3.9681043198901795
rw5739830,Crawl (I) (2019),4.5,4.964060278498733
rw6064113,Abhay (2019– ),5.0,3.7322248479997913
rw6358627,A Christmas Movie Christmas (2019 TV Movie),1.0,1.3674829898179304
rw4844141,Student of the Year 2 (2019),0.5,1.8056268647452587
rw2982006,Fresh Ham (1933),2.5,2.984249534467516
rw2091543,Fun with Dick and Jane (1977),4.0,3.3347687838745528
rw1399823,Blank Check (1994),3.5,3.1937680066387526
rw6445491,Coolie No. 1 (2020),0.5,1.5877316726502733
rw5995297,Gunjan Saxena: The Kargil Girl (2020),5.0,4.469835854167169
rw4240828,Delhi Belly (2011),5.0,4.511387197285288
rw3630428,The Bucket List (2007),4.0,4.078814056370692
rw5238638,See (2019– ),1.0,1.9422409149277502
rw3527861,Panama Patrol (1939),2.0,2.7799025611116046
rw4882070,Love & Other Drugs (2010),3.5,3.7608525744250185
rw0538071,Spider-Man (2002),5.0,3.8292263517774314
rw5645312,Just Mercy (2019),4.5,3.96694212893674
rw6229348,An American Pickle (2020),0.5,1.9967028271723442
rw2049267,Dragonball Evolution (2009),5.0,4.329173299217466
rw5592548,The Letter for the King (2020– ),1.0,2.507523539024561
rw6288767,Four Weddings and a Funeral (1994),5.0,4.261620519090564
rw5810883,Peaky Blinders (2013– ),2.0,1.894080707881762
rw2564674,Certified Copy (2010),1.0,2.0991776305134833
rw5063474,Hellboy (2019),3.5,3.261503965233715
rw1700571,Perfume: The Story of a Murderer (2006),4.5,3.949004982357721
rw4807556,Avengers: Endgame (2019),5.0,4.524322344776602
rw1041004,Constantine (2005),4.0,3.735416191544347
rw2441449,The Battle of Algiers (1966),3.5,3.1767868213395447
rw4934750,Paranormal Investigation (2018),5.0,3.8751184366901668
rw5889747,Breaking Glass (1980),5.0,4.741719502879308
rw0156403,Sturmtruppen (1976),3.0,3.2640117326939357
rw1712832,Steambath (1973 TV Movie),5.0,4.499512619449116
rw2915318,Dom Hemingway (2013),2.5,2.6674520072533126
rw2101275,Stepsisters (1974),0.5,1.7612578797520106
rw4566614,Venom (2018),2.5,2.7666224615507544
rw2961762,Speed (1994),5.0,4.618907524684584
rw3820114,Quackerz (2016),2.0,2.7100082943511294
rw6105405,Violation (2020),5.0,4.4495321599202615
rw4980001,Thoroughbreds (2017),2.0,2.941702101397348
rw5940515,Double World (2020),3.5,3.1557575143418264
rw5610450,I Am Not an Easy Man (2018),5.0,4.258785799961998
rw4914220,Killing Ground (2016),3.5,2.4350924429695704
rw1983352,Beneath the Planet of the Apes (1970),5.0,4.075085646742797
rw4286028,Erased (2012),2.0,2.2826183779307385
rw1600026,Schröders wunderbare Welt (2006),5.0,4.31424361147684
rw3762030,"Caltiki, the Immortal Monster (1959)",4.0,3.879270971593667
rw2975163,Ender's Game (2013),2.5,2.1877502396269897
rw1505671,Broken News (2005– ),4.5,3.5413066567234703
rw5436181,Game of Thrones (2011–2019),4.0,3.182738531954133
rw1079637,All Fall Down (1962),3.0,2.839658187190479
rw6032084,The 100 (2014–2020),5.0,4.735448621314492
rw2109572,Public Enemies (2009),3.0,4.380403462004679
rw4789191,Jawbreaker (1999),4.0,3.509333324771438
rw5971426,Child's Play (2019),0.5,1.0985714070391883
rw5792095,Up the Academy (1980),1.5,1.809905334678383
rw4598466,Zipi y Zape y el club de la canica (2013),0.5,1.224518962677259
rw5698106,Jennifer's Body (2009),4.0,3.8235637674033467
rw4049946,Soul Kitchen (2009),3.5,3.3388843147020326
rw5254010,The Mandalorian (2019– ),5.0,4.23498111764601
rw3347790,Winter on Fire: Ukraine's Fight for Freedom (2015),5.0,4.528925492863555
rw2251320,Pressure (1976),3.5,3.6238854471315745
rw5370070,Tokyo Vampire Hotel (2017),4.5,4.198219517506216
rw0023410,Citizen Kane (1941),5.0,4.771098546068299
rw1546061,Knight Rider 2010 (1994 TV Movie),4.0,3.552267084189384
rw4519331,Blackmail (I) (2018),5.0,4.763932037760367
rw0350557,The Stöned Age (1994),5.0,4.428970090825169
rw4207194,Film Stars Don't Die in Liverpool (2017),4.5,3.837681134215803
rw1973141,The Greatest Story Ever Told (1965),2.0,2.8191603139213344
rw4708147,Senna (2010),4.0,4.184196930034275
rw4024077,"With Love, Christmas (2017 TV Movie)",2.5,2.831308854630022
rw6000053,Khuda Haafiz (2020),4.5,4.291838760473917
rw4841660,Pokémon Detective Pikachu (2019),3.5,3.2425120548225768
rw5788578,WrestleMania XIV (1998 TV Special),4.0,3.7889847709889284
rw6447601,The Hand That Rocks the Cradle (1992),5.0,4.334531033316146
rw0345388,The Phoenix and the Magic Carpet (1995),5.0,4.121477791005958
rw4943388,The Next Hit (2008),0.5,1.2536260400013752
rw6064550,Bad Genius (2020),4.5,3.879223412887822
rw2536756,Downfall (2004),5.0,4.497530065184186
rw4415083,New Amsterdam (2018– ),5.0,4.348539292445871
rw2326271,The New World (2005),3.0,4.189904275106993
rw0210718,Friday the 13th: The Final Chapter (1984),5.0,3.7592043388119305
rw6438464,History's Greatest Mysteries (2020– ),5.0,4.262329836525939
rw3074080,Afflicted (2013),1.5,2.1452912132157484
rw5789614,Snatchers (2019),5.0,4.637444510078002
rw1881587,Space Jam (1996),4.5,3.5964547556635744
rw2556444,Titanic II (2010 Video),0.5,2.2137859455430435
rw1593835,The Veteran (2006 TV Movie),3.5,3.448103913171384
rw1716627,Communion (1976),4.5,3.7984260447428437
rw1535894,A History of Violence (2005),4.5,3.848427840032636
rw4053772,Chasing the Dragon (2017),4.0,4.024972351802761
rw2727368,Student of the Year (2012),3.0,3.0986908330490888
rw1770963,Thelma & Louise (1991),3.0,2.4711443757429894
rw2531452,The Wild Party (1929),2.0,2.61055780305709
rw5222749,Hazbin Hotel (2019– ),5.0,4.271408530647008
rw5988934,Gunjan Saxena: The Kargil Girl (2020),4.5,4.11284516400534
rw0815072,Shaolin Soccer (2001),5.0,3.6792535759408094
rw0676424,Groove (2000),5.0,4.92400028360011
rw1262774,The Breakfast Club (1985),4.5,4.222199135237046
rw6290280,The Homesman (2014),2.0,2.5016794430197624
rw5931605,Dil Bechara (2020),5.0,3.292338959254199
rw3109444,Fury (2014),2.0,2.555187314576649
rw2076966,Slow Burn (1986 TV Movie),3.5,3.719552060721451
rw5216772,Wounds (2019),2.0,2.5521677861783125
rw1704447,The Adventures of Ichabod and Mr. Toad (1949),3.5,3.5579846975153875
rw0815810,Bend It Like Beckham (2002),5.0,4.209891961756499
rw3715643,Raw (2016),5.0,4.834410381993822
rw3420177,Miruthan (2016),5.0,4.55154027712648
rw3349962,A Matter of WHO (1961),4.0,4.081959357513086
rw1005353,"Bertha, the Sewing Machine Girl (1926)",3.0,3.0398436574289023
rw2863888,Phantasm II (1988),2.0,2.8512969296748625
rw6021509,Mother's Child (2020),5.0,4.788697330183529
rw4688689,Chicago Syndicate (1955),3.0,3.2526967258076747
rw6133076,Archaon: The Halloween Summoning (2020),1.0,1.928889291584
rw4959918,Forest Man (2013),3.0,3.1200740974235197
rw4788086,The Starving Games (2013),1.0,2.358501257243901
rw3303147,Aloha (I) (2015),2.5,2.6327258316250015
rw2135424,Lolita (1997),5.0,4.569297659392996
rw1433205,Monkey Business (1931),3.0,3.6852782272312674
rw5714134,Human Zoo (2020),4.0,3.585832683743508
rw1696481,Le vélo de Ghislain Lambert (2001),2.5,2.4046966737184494
rw1171670,The Phantom of the Opera (2004),5.0,4.8808478854991515
rw2358771,The King's Speech (2010),4.5,4.323257522906568
rw1756323,Critters (1986),3.0,3.1036533181437687
rw2031037,The Line (I) (2009– ),4.0,4.053907424969144
rw1873056,Bound (1996),3.5,3.5812023822826693
rw2062405,The Passion of Ayn Rand (1999 TV Movie),3.5,3.1690922714288927
rw4471164,Smoke (2018–2019),5.0,4.205859531255584
rw0441710,54 (1998),5.0,4.785385790791346
rw1806726,Grease 2 (1982),1.0,1.738578991101613
rw0681211,Wives and Daughters (1999– ),4.5,4.680455909727577
rw1685550,Village of the Damned (1960),3.5,3.824371644334015
rw5072944,The Lion King (2019),4.5,4.110547631433319
rw0075873,West Side Story (1961),4.0,4.387136148492835
rw1077545,Summer City (1977),1.5,2.4965976616379213
rw2007106,The Punisher (2004),3.5,3.598855727255525
rw5808594,Knights of the Damned (2017),5.0,3.63369026220074
rw3066662,Guardians of the Galaxy (2014),5.0,4.60061483803231
rw2898699,The To Do List (2013),3.0,3.1369778372602
rw2080568,Gran Torino (2008),4.0,3.9125371886098184
rw2424715,Hoodwinked Too! Hood vs. Evil (2011),3.0,2.920437338632202
rw1662192,The Tingler (1959),5.0,4.30145772196877
rw3346966,RoboCop (2014),4.5,4.240657596040787
rw6360280,Park Na-rae: Glamour Warning (2019 TV Special),4.0,3.3498409134211213
rw5526315,Steel (I) (2015),2.5,2.791117167689995
rw2463275,Serenity (2005),3.5,3.3011508211312455
rw1411970,Eliza's Horoscope (1975),1.0,1.5745024513499188
rw4019603,Star Wars: Episode VIII - The Last Jedi (2017),4.5,3.9993674930752627
rw3520930,Mad Money (2008),3.5,3.824315860406105
rw2020743,Mildred Pierce (1945),2.5,2.257717774241992
rw3194413,The Wedding Ringer (2015),2.0,1.8781518758411235
rw1887619,A Nightmare on Elm Street (1984),4.5,3.561515762927376
rw3065925,Infamous (2006),4.5,3.8069130223681906
rw3220283,The Children's Hour (1961),4.0,4.092507908204744
rw3678125,Ghost in the Shell (2017),4.0,4.096077222532292
rw5978261,Suspect (1987),3.5,3.8157186020587384
rw4880397,A Dog's Way Home (2019),1.0,1.9100965399713403
rw0034822,My Darling Clementine (1946),5.0,4.717634206455531
rw1421420,Pirates of the Caribbean: Dead Man's Chest (2006),3.5,3.3053279713796533
rw5918445,The Exorcist (1973),5.0,4.116892713916371
rw3431450,Manipulation (1991),2.0,2.629369848894793
rw5475052,The Way Way Back (2013),4.0,4.153053785153774
rw2496362,50/50 (2011),4.0,4.624653174424423
rw3233539,Fear No Fruit (2015),5.0,4.494687372014458
rw4723382,Kim Possible (2019 TV Movie),5.0,5.0
rw4525873,1987: When the Day Comes (2017),5.0,4.093489791507686
rw6450157,The Mandalorian (2019– ),5.0,4.991308124781921
rw4074202,Discovering Bigfoot (2017 Video),3.0,3.019143537975081
rw0059998,12 Angry Men (1957),5.0,4.252376737476782
rw1661694,Epic Movie (2007),1.0,1.5838697549946352
rw2396305,Earthwork (2009),4.0,4.117218350476607
rw3087443,The Intouchables (2011),5.0,4.971377139984839
rw4179963,La La Land (2016),2.5,2.907624189084002
rw5988319,Gunjan Saxena: The Kargil Girl (2020),4.5,4.133245918317724
rw1106137,Eu Matei Lúcio Flávio (1979),2.0,2.4494376721025914
rw2024987,The Wrestler (2008),3.5,3.1891565333268694
rw3693053,Wolves at the Door (2016),1.0,1.9803745390726812
rw1400471,X-Men (2000),5.0,4.693833739448742
rw3726253,Guardians of the Galaxy Vol. 2 (2017),1.0,2.008411625169935
rw1973502,Stargate: Atlantis (2004–2009),4.5,4.269800348604842
rw4118714,Eternal Sunshine of the Spotless Mind (2004),3.5,2.7941898972127417
rw0979557,Conquest of Space (1955),2.5,3.0798172809429905
rw2328426,Inception (2010),5.0,4.287687199383356
rw4584687,The Conspirators (1944),3.5,3.558033405474164
rw4441695,The Haunting of Hill House (2018),3.5,3.8492849377330742
rw4980777,Mission: Impossible - Fallout (2018),3.0,3.152635957346474
rw5280979,Door in the Woods (2019),1.5,2.7565813718818477
rw6325104,Johnny English Strikes Again (2018),3.5,3.9559877915977393
rw0810932,Boat Trip (2002),1.0,2.569876974074429
rw5092145,Angel Has Fallen (2019),2.5,2.466178916139455
rw2305023,Koyaanisqatsi (1982),5.0,4.289811026370363
rw4047143,Gangsta (2018),5.0,4.993892617264059
rw2091954,Bedtime Stories (2008),4.5,3.5696591436511484
rw0187272,Cannibal Ferox (1981),2.5,2.602972351144349
rw1348829,Silent Hill (2006),2.5,2.8127322665093386
rw2690184,Jewel Robbery (1932),4.5,3.8250193883590358
rw4377219,The Houses October Built 2 (2017),0.5,1.269323505283972
rw5629538,Two Against the World (1936),3.0,3.277757473843515
rw3762896,Antboy 3 (2016),2.0,2.477024430204074
rw4931754,X-Men: Dark Phoenix (2019),4.0,3.727217274358718
rw5279405,Vanishing on 7th Street (2010),4.5,3.7874728852137203
rw0793134,I Am Sam (2001),4.0,3.877695609881853
rw5485176,Jojo Rabbit (2019),4.5,4.30082854536137
rw1932176,Antônia (2006),4.5,4.0694217760518505
rw5492557,Forrest Gump (1994),5.0,4.7563891127886215
rw2403404,Hot Fuzz (2007),4.5,4.397759001197537
rw5478170,March for Freedom (2019),5.0,4.218691470056228
rw4815336,Avengers: Endgame (2019),5.0,4.542389676409217
rw5909069,Breathe (2018– ),4.0,3.672328694594081
rw4818045,Avengers: Endgame (2019),3.5,2.7189895202256507
rw2785590,The Hunger Games (2012),0.5,1.6966487034390743
rw3705323,Ghost in the Shell (2017),4.5,3.761817105366448
rw2831502,Accidents Happen (2009),0.5,1.7709671856810714
rw2745760,Vishwaroopam (2013),4.5,4.085343380562631
rw4710100,Captain Marvel (2019),3.0,2.828032615783697
rw1507835,The Nightmare Before Christmas (1993),4.5,3.976737335952744
rw2900868,Babylon (1980),3.5,3.802625249307586
rw4230231,Jurassic World: Fallen Kingdom (2018),2.5,2.272093864896515
rw4513351,Aquaman (2018),5.0,4.434913117833654
rw5650283,High Society (2017),4.5,4.391834379515451
rw2094186,Shortkut - The Con Is On (2009),2.0,2.362273430353013
rw5579642,Beach Road Chetan (2019),5.0,4.654471860710346
rw2933763,Det gælder din frihed (1946),3.5,3.6294537030665626
rw0248058,Pathfinder (1987),5.0,3.857305647629297
rw2984732,Dr. Jekyll and Mr. Hyde (I) (1920),1.5,2.551202296112614
rw5217549,Terminator: Dark Fate (2019),5.0,3.9762698189072494
rw1425223,Midnight Run (1988),4.0,3.7064644439284784
rw3666012,Face/Off (1997),5.0,4.2391073180286165
rw3780423,Life (I) (2017),4.5,3.9495335639084264
rw4661267,In Harm's Way (2017),5.0,4.142903300001518
rw4357117,I Am Not Your Negro (2016),4.5,4.297088348786663
rw2893926,The East (2013),0.5,1.9046302012821401
rw2731021,Rok Sako To Rok Lo (2004),5.0,4.542177753753766
rw3640158,"20,000 Years in Sing Sing (1932)",3.5,3.3195117497530364
rw6327165,Vulcania (2015),3.0,3.3494867393733516
rw3740507,Transformers: The Last Knight (2017),4.0,3.5075227751118954
rw3235893,Bully (2001),5.0,4.90505921790748
rw2294351,Yes Man (2008),1.5,2.8032706311578295
rw1918751,The Dark Knight (2008),4.5,4.126260999568008
rw5840152,Winterherz: Tod in einer kalten Nacht (2018 TV Movie),2.0,2.4334872493369923
rw5954960,Shakuntala Devi (2020),5.0,4.68527949641862
rw5584796,Once Upon a Time... In Hollywood (2019),5.0,4.372371929103696
rw5688500,Money Heist (2017– ),4.0,3.937941224917743
rw4358856,College Romance (2018– ),5.0,4.889550839728056
rw6265922,Fifty Shades of Grey (2015),5.0,4.719635278400414
rw2215059,Happy Feet (2006),1.0,1.9112089549676587
rw0896142,Dil Vil Pyar Vyar (2002),4.0,3.8412611554668215
rw2927856,Closed Circuit (2013),2.5,1.9623542206126303
rw3114784,Dawn of the Planet of the Apes (2014),4.5,4.158817585472116
rw2985360,Divergent (2014),2.5,2.467431803188836
rw3543195,Extraction (II) (2015),0.5,1.4701709587206537
rw6199855,Rebecca (I) (2020),2.0,2.2144445697576076
rw0078220,The Longest Day (1962),4.0,4.369760589914505
rw1398988,Zardoz (1974),0.5,2.652673218823017
rw0901067,He Sees You When You're Sleeping (2002 TV Movie),2.5,2.4273287933191576
rw5756833,Chernobyl (2019),5.0,4.520676133605214
rw4223627,Bees Make Honey (2017),3.5,3.2487517774136228
rw3026998,Keep It Up Downstairs (1976),2.0,2.738780366275756
rw2178757,西線無戰事 (1930),3.5,3.2753660201457215
rw4256846,Sherlock (2010–2017),5.0,4.56264358449004
rw1627643,太陽浩劫 (2007),1.0,2.1879591970702092
rw0668721,Could Be Worse! (2000),1.0,1.9446791681429634
rw0173905,Caddyshack (1980),5.0,4.437925271190277
rw5880250,Slumdog Millionaire (2008),3.5,3.8589507737895477
rw4091531,Annihilation (2018),4.5,3.766781812483556
rw2329073,Polizischt Wäckerli (1955),5.0,3.851970272833351
rw1981733,Familiar Strangers (2008),0.5,1.1127789831298531
rw4679675,The Bye Bye Man (2017),1.0,1.919438613828122
rw3397033,Shadowhunters (2016–2019),1.0,1.4755487811573982
rw1408742,The Devil Wears Prada (2006),5.0,3.997035755472508
rw4582261,The Return of Superfly (1990),2.5,2.728554645777184
rw4679891,Spider-Man: Into the Spider-Verse (2018),5.0,4.599024618985884
rw6412444,Wonder Woman 1984 (2020),3.0,2.1105542361841034
rw0084822,Devil Doll (1964),0.5,1.6661982909056523
rw2596210,Bad Ass (2012),1.5,1.9018609379646927
rw0158655,Dawn of the Dead (1978),5.0,4.800935353240518
rw2784055,Iron Man Three (2013),3.5,3.791358424571505
rw3107756,Under the Skin (1997),3.5,3.7638063042833334
rw1514600,Psycho II (1983),3.5,3.707282446988381
rw5350503,維多利亞壹號 (2010),3.5,3.418608238638892
rw1953619,Death of a Ghost Hunter (2007),3.5,3.5732954297907105
rw3545754,Dark City (1998),4.5,4.709284170940669
rw4786937,White Chamber (2018),1.5,2.004400356842379
rw5759718,Money Heist (2017– ),2.0,2.6907376354489676
rw1817452,Pumpkinhead II: Blood Wings (1993 Video),3.0,3.280199026156197
rw5814376,The Secret Place (1957),3.0,3.5496866956992985
rw2204916,Inglourious Basterds (2009),2.0,2.717611212064491
rw2676191,Slovenka (2009),0.5,2.499593282848183
rw3467307,Batman v Superman: Dawn of Justice (2016),3.5,2.9688588294589544
rw1610268,The Goddess (1958),5.0,4.528947240361129
rw1662485,Shrek the Third (2007),2.5,2.7301522331588997
rw2105683,Satan's Baby Doll (1982),3.0,3.470955620083008
rw1017018,Sinful Deeds (2003 Video),2.0,2.0822090114479392
rw3471264,Dracula Untold (2014),4.0,3.7397985289558244
rw4454529,A Man Called Ahok (2018),4.0,3.052143051826093
rw0492658,The Cider House Rules (1999),4.5,3.7609365027246566
rw4268029,Rogue One: A Star Wars Story (2016),0.5,1.605179268149324
rw5511741,We Have Always Lived in the Castle (2018),1.0,1.6472392935387463
rw2233164,Team America: World Police (2004),4.0,3.908505891111165
rw0946203,Another Man's Poison (1951),2.5,2.9731958067180604
rw0806526,Bloom (I) (2003),0.5,1.91331753572487
rw2199601,爛兄爛弟 (2008),1.5,1.7820942092937397
rw5764598,Baptiste (2019– ),5.0,3.8637935791414235
rw5247579,Poaching (2019),5.0,4.2735370421977
rw3496482,Independence Day: Resurgence (2016),1.5,2.3322957160810045
rw1960441,Mame (1974),3.5,4.111611350854505
rw0675330,A.I. Artificial Intelligence (2001),2.0,1.59771628511796
rw1520316,The Lather Effect (2006),4.5,4.409624922298354
rw0867551,Bruce Almighty (2003),0.5,1.3828205130623175
rw4132796,Redwood (2017),4.5,4.160824840978094
rw2074399,Driven to Kill (2009 Video),3.0,3.5475283773784776
rw3178449,Seventh Son (I) (2014),2.0,2.3199337882286213
rw3016245,Nurse 3D (2013),1.5,2.2260092964139426
rw3316963,The Exorcism of Emily Rose (2005),2.0,2.2912426061589817
rw6403106,Wonder Woman 1984 (2020),0.5,1.9589085967536626
rw5903264,Merlin (2008–2012),4.5,3.625426174137354
rw2897378,Spookies (1986),5.0,4.300170571722198
rw2618511,The Avengers (2012),4.0,3.610628431764924
rw2961493,Troy (2004),3.5,3.786655204135166
rw4546842,You (2018– ),2.5,2.929825081186128
rw5784772,Life with Lucy (1986),5.0,3.750411082384088
rw0142187,Jaws (1975),4.5,3.7037574011180094
rw0345990,Pulp Fiction (1994),4.5,4.058616813585537
rw3810221,Legend (1995),4.0,3.605293578273667
rw1423053,Funeral in Berlin (1966),3.5,3.739692404658397
rw1389197,Azumi (2003),3.0,2.688818029529432
rw1839835,Alien³ (1992),0.5,2.230662910917422
rw6099228,Dorojka (2019),5.0,3.96438760457554
rw6384968,Tin Star (2017–2020),2.0,2.0665322289688843
rw4475541,Equals (2015),2.0,2.6499348399879317
rw2509977,The Forgiveness of Blood (2011),3.5,3.4856422181637465
rw4965286,Scanners (1981),3.5,3.591200544839123
rw1635786,太陽浩劫 (2007),3.5,3.3595766921994117
rw0432808,Spawn (1997),2.0,2.373049705661258
rw2173610,Reckless Kelly (1993),2.5,2.9415902979081476
rw6267355,I Am Greta (2020),5.0,4.21235631431062
rw1603228,The Covenant (2006),0.5,1.593699752733202
rw5267914,Mother! (2017),1.5,1.9581435065117938
rw1639730,Asphalt jungle (1950),4.5,4.30341811380964
rw5414732,Uncut Gems (2019),5.0,4.351186043744033
rw1794487,The Day After (1983 TV Movie),5.0,4.450506352976066
rw2619096,Prometheus (I) (2012),0.5,2.2252316541044417
rw0836041,Garcea si oltenii (2001),0.5,1.0576734002855832
rw4787432,Interstellar (2014),5.0,4.923361098433142
rw1178623,The Killing (1956),4.5,4.201030970267351
rw2379102,Mad Men (2007–2015),0.5,1.4529444397836937
rw6008016,The Darkness (I) (2016),2.0,2.087204517839671
rw2590020,Fog Island (1945),0.5,1.3199554095996557
rw1229623,The Black Cat (1934),4.0,3.683075718889913
rw4503072,2.0 (2018),4.5,2.7808508709000006
rw5095376,Occupation (2018),1.0,2.06574959999139
rw0545525,Happiness (1998),5.0,4.486113921510935
rw1097293,Bye Bye Braverman (1968),4.5,3.6162127571481006
rw3502118,Red Heat (1988),3.5,2.990403556675348
rw3402135,Kyaa Kool Hain Hum 3 (2016),0.5,0.662247098719857
rw4277029,Hostiles (2017),3.5,2.420349996575695
rw0716893,Harry Potter and the Sorcerer's Stone (2001),5.0,3.6630232015709687
rw3516284,The Inspector General (1949),3.5,3.1951160005181056
rw4717627,Ben Is Back (2018),3.5,3.7748150570693557
rw1820267,Dead Man's Shoes (2004),0.5,1.2643339463814613
rw1293692,The Boondock Saints (1999),1.0,2.202396776946584
rw5526105,Sonic the Hedgehog (2020),3.0,3.048642854977472
rw1173380,Shades of Gray (2005),4.5,3.8048494159531625
rw3523175,Allegiant (2016),3.5,2.9037860556567296
rw0128797,The Exorcist (1973),5.0,4.652076662725124
rw6433949,Archive (2020),3.5,3.726676004021014
rw0043251,Self Made Maids (1950),5.0,4.445868489693391
rw2212933,The Devil's Tomb (2009),3.5,3.390041838809593
rw2857828,Cruising (1980),5.0,4.339718169767155
rw1463878,Lurkers (1988),1.5,1.7266100292151834
rw1033301,The Last Run (1971),4.5,4.147351787854501
rw2773081,Alice Doesn't Live Here Anymore (1974),3.5,3.5363019566316916
rw5652773,#BlackAF (2020– ),2.5,2.5748182046028734
rw0859048,A Mighty Wind (2003),3.5,3.811675190452158
rw5465143,The Expanse (2015– ),5.0,4.28043688132814
rw6052921,I See You (II) (2019),3.5,3.2929196969549355
rw5111349,It Chapter Two (2019),3.0,2.4717371492323776
rw3378882,Creed (II) (2015),3.5,3.8385598987580227
rw1043824,Avanim (2004),5.0,4.517791067436856
rw4101896,Midnight Sun (2018),3.5,3.2747154780717667
rw5056934,Eerie (2018),3.5,3.752563695711604
rw0638754,"O Brother, Where Art Thou? (2000)",4.0,3.629242294593332
rw2356405,Nostalgia (1983),3.5,3.126530390722274
rw2596859,Scream 4 (2011),2.0,2.2668555175492755
rw2134083,À Nos Amours (1983),4.0,4.613217929588242
rw3735033,Iqaluit (2016),4.0,3.69498226312384
rw3353599,Conspiracy (2001 TV Movie),3.5,3.7234015001972334
